issue,date,hundreds,tens,ones,number,raw
2002001,2002-01-01,0,7,3,073,"0 7 3 5 2 6 2 2 0 0 0 0 0 0 0"
2002002,2002-01-02,2,3,7,237,"2 3 7 2 0 3 1 1 0 0 0 0 0 0 0"
2002003,2002-01-03,0,7,1,071,"0 7 1 1 0 2 2 2 0 0 0 0 0 0 0"
2002004,2002-01-04,2,0,4,204,"2 0 4 3 0 9 1 1 0 0 0 0 0 0 0"
2002005,2002-01-05,3,7,4,374,"3 7 4 6 3 4 1 1 0 0 0 0 0 0 0"
2002006,2002-01-06,1,2,8,128,"1 2 8 0 3 3 1 1 0 0 0 0 0 0 0"
2002007,2002-01-07,8,4,9,849,"8 4 9 3 4 5 1 2 0 0 0 0 0 0 0"
2002008,2002-01-08,8,5,2,852,"8 5 2 0 1 9 2 2 0 0 0 0 0 0 0"
2002009,2002-01-09,1,5,5,155,"1 5 5 0 3 4 1 2 0 0 0 0 0 0 0"
2002010,2002-01-10,7,9,5,795,"7 9 5 1 1 5 1 2 0 0 0 0 0 0 0"
2002011,2002-01-11,2,1,7,217,"2 1 7 5 3 0 2 1 0 0 0 0 0 0 0"
2002012,2002-01-12,4,8,2,482,"4 8 2 3 3 9 2 1 0 0 0 0 0 0 0"
2002013,2002-01-13,9,8,6,986,"9 8 6 8 6 8 1 2 0 0 0 0 0 0 0"
2002014,2002-01-14,2,3,2,232,"2 3 2 3 7 4 2 2 0 0 0 0 0 0 0"
2002015,2002-01-15,8,7,1,871,"8 7 1 5 5 8 2 1 0 0 0 0 0 0 0"
2002016,2002-01-16,1,7,1,171,"1 7 1 9 2 5 1 2 0 0 0 0 0 0 0"
2002017,2002-01-17,1,0,2,102,"1 0 2 3 0 3 1 1 0 0 0 0 0 0 0"
2002018,2002-01-18,1,7,8,178,"1 7 8 8 5 5 2 2 0 0 0 0 0 0 0"
2002019,2002-01-19,4,4,6,446,"4 4 6 8 6 7 2 2 0 0 0 0 0 0 0"
2002020,2002-01-20,7,3,7,737,"7 3 7 5 1 7 1 1 0 0 0 0 0 0 0"
2002021,2002-01-21,8,5,9,859,"8 5 9 2 8 3 1 2 0 0 0 0 0 0 0"
2002022,2002-01-22,9,4,7,947,"9 4 7 0 4 7 2 2 0 0 0 0 0 0 0"
2002023,2002-01-23,6,8,1,681,"6 8 1 5 6 2 1 2 0 0 0 0 0 0 0"
2002024,2002-01-24,1,9,7,197,"1 9 7 6 8 7 1 1 0 0 0 0 0 0 0"
2002025,2002-01-25,5,1,3,513,"5 1 3 9 6 2 2 1 0 0 0 0 0 0 0"
2002026,2002-01-26,7,8,0,780,"7 8 0 7 9 9 1 1 0 0 0 0 0 0 0"
2002027,2002-01-27,2,4,8,248,"2 4 8 0 1 7 2 1 0 0 0 0 0 0 0"
2002028,2002-01-28,8,1,0,810,"8 1 0 7 8 4 2 1 0 0 0 0 0 0 0"
2002029,2002-01-29,9,5,3,953,"9 5 3 9 6 0 2 2 0 0 0 0 0 0 0"
2002030,2002-01-30,5,2,5,525,"5 2 5 0 2 8 1 2 0 0 0 0 0 0 0"
2002031,2002-01-31,5,1,1,511,"5 1 1 2 9 3 1 1 0 0 0 0 0 0 0"
2002032,2002-02-01,1,3,3,133,"1 3 3 8 8 0 2 2 0 0 0 0 0 0 0"
2002033,2002-02-02,9,6,4,964,"9 6 4 2 0 5 2 2 0 0 0 0 0 0 0"
2002034,2002-02-03,7,3,4,734,"7 3 4 2 7 1 2 2 0 0 0 0 0 0 0"
2002035,2002-02-04,9,1,2,912,"9 1 2 9 8 9 1 1 0 0 0 0 0 0 0"
2002036,2002-02-05,3,3,4,334,"3 3 4 9 3 9 1 1 0 0 0 0 0 0 0"
2002037,2002-02-06,7,0,6,706,"7 0 6 4 2 8 2 2 0 0 0 0 0 0 0"
2002038,2002-02-07,5,1,6,516,"5 1 6 9 7 2 2 1 0 0 0 0 0 0 0"
2002039,2002-02-08,6,2,2,622,"6 2 2 2 9 9 2 2 0 0 0 0 0 0 0"
2002040,2002-02-09,3,0,5,305,"3 0 5 7 4 0 2 1 0 0 0 0 0 0 0"
2002041,2002-02-10,4,3,6,436,"4 3 6 7 0 6 2 1 0 0 0 0 0 0 0"
2002042,2002-02-11,1,1,6,116,"1 1 6 5 2 2 2 1 0 0 0 0 0 0 0"
2002043,2002-02-19,1,9,0,190,"1 9 0 3 6 7 1 2 0 0 0 0 0 0 0"
2002044,2002-02-20,0,8,2,082,"0 8 2 2 8 1 2 2 0 0 0 0 0 0 0"
2002045,2002-02-21,0,9,8,098,"0 9 8 0 6 7 1 2 0 0 0 0 0 0 0"
2002046,2002-02-22,6,4,6,646,"6 4 6 7 4 4 1 1 0 0 0 0 0 0 0"
2002047,2002-02-23,1,1,8,118,"1 1 8 0 3 1 2 2 0 0 0 0 0 0 0"
2002048,2002-02-24,4,0,9,409,"4 0 9 1 2 1 2 2 0 0 0 0 0 0 0"
2002049,2002-02-25,8,3,0,830,"8 3 0 6 0 8 2 2 0 0 0 0 0 0 0"
2002050,2002-02-26,3,5,2,352,"3 5 2 0 7 3 2 2 0 0 0 0 0 0 0"
2002051,2002-02-27,4,7,6,476,"4 7 6 8 2 3 1 1 0 0 0 0 0 0 0"
2002052,2002-02-28,5,6,5,565,"5 6 5 7 2 2 1 2 0 0 0 0 0 0 0"
2002053,2002-03-01,3,5,2,352,"3 5 2 6 4 9 1 1 0 0 0 0 0 0 0"
2002054,2002-03-02,4,5,7,457,"4 5 7 1 7 2 1 1 0 0 0 0 0 0 0"
2002055,2002-03-03,0,3,7,037,"0 3 7 8 2 1 1 1 0 0 0 0 0 0 0"
2002056,2002-03-04,7,3,3,733,"7 3 3 5 2 7 2 1 0 0 0 0 0 0 0"
2002057,2002-03-05,7,6,3,763,"7 6 3 8 8 8 2 1 0 0 0 0 0 0 0"
2002058,2002-03-06,8,0,0,800,"8 0 0 4 6 4 2 1 0 0 0 0 0 0 0"
2002059,2002-03-07,8,1,8,818,"8 1 8 1 6 8 1 1 0 0 0 0 0 0 0"
2002060,2002-03-08,6,9,2,692,"6 9 2 3 7 4 2 1 0 0 0 0 0 0 0"
2002061,2002-03-09,8,7,8,878,"8 7 8 9 6 5 1 2 0 0 0 0 0 0 0"
2002062,2002-03-10,3,4,1,341,"3 4 1 1 0 4 2 1 0 0 0 0 0 0 0"
2002063,2002-03-11,4,0,8,408,"4 0 8 5 2 2 1 2 0 0 0 0 0 0 0"
2002064,2002-03-12,7,7,9,779,"7 7 9 6 5 7 2 2 0 0 0 0 0 0 0"
2002065,2002-03-13,8,5,2,852,"8 5 2 6 4 3 2 2 0 0 0 0 0 0 0"
2002066,2002-03-14,1,2,1,121,"1 2 1 4 1 2 1 2 0 0 0 0 0 0 0"
2002067,2002-03-15,6,5,7,657,"6 5 7 2 5 2 2 2 0 0 0 0 0 0 0"
2002068,2002-03-16,4,8,2,482,"4 8 2 5 9 8 2 2 0 0 0 0 0 0 0"
2002069,2002-03-17,8,7,4,874,"8 7 4 5 2 6 1 1 0 0 0 0 0 0 0"
2002070,2002-03-18,9,3,3,933,"9 3 3 0 6 0 2 1 0 0 0 0 0 0 0"
2002071,2002-03-19,8,3,0,830,"8 3 0 1 9 2 1 2 0 0 0 0 0 0 0"
2002072,2002-03-20,2,2,2,222,"2 2 2 2 2 6 1 1 0 0 0 0 0 0 0"
2002073,2002-03-21,7,0,8,708,"7 0 8 7 5 5 1 2 0 0 0 0 0 0 0"
2002074,2002-03-22,3,1,9,319,"3 1 9 7 6 9 1 2 0 0 0 0 0 0 0"
2002075,2002-03-23,2,7,6,276,"2 7 6 9 9 0 1 2 0 0 0 0 0 0 0"
2002076,2002-03-24,8,6,7,867,"8 6 7 7 5 1 1 2 0 0 0 0 0 0 0"
2002077,2002-03-25,2,3,9,239,"2 3 9 9 8 0 1 2 0 0 0 0 0 0 0"
2002078,2002-03-26,2,7,3,273,"2 7 3 5 4 7 1 2 0 0 0 0 0 0 0"
2002079,2002-03-27,1,3,2,132,"1 3 2 6 1 6 1 2 0 0 0 0 0 0 0"
2002080,2002-03-28,4,4,3,443,"4 4 3 2 6 2 1 1 0 0 0 0 0 0 0"
2002081,2002-03-29,5,5,6,556,"5 5 6 1 0 6 1 1 0 0 0 0 0 0 0"
2002082,2002-03-30,4,6,0,460,"4 6 0 3 8 5 1 1 0 0 0 0 0 0 0"
2002083,2002-03-31,3,1,5,315,"3 1 5 8 0 9 1 1 0 0 0 0 0 0 0"
2002084,2002-04-01,0,8,3,083,"0 8 3 2 5 6 1 1 0 0 0 0 0 0 0"
2002085,2002-04-02,1,0,6,106,"1 0 6 0 4 4 2 2 0 0 0 0 0 0 0"
2002086,2002-04-03,2,9,9,299,"2 9 9 7 5 8 2 2 0 0 0 0 0 0 0"
2002087,2002-04-04,2,8,3,283,"2 8 3 5 7 0 1 1 0 0 0 0 0 0 0"
2002088,2002-04-05,7,7,5,775,"7 7 5 6 5 4 1 1 0 0 0 0 0 0 0"
2002089,2002-04-06,9,5,6,956,"9 5 6 9 6 3 1 2 0 0 0 0 0 0 0"
2002090,2002-04-07,5,5,3,553,"5 5 3 4 8 1 2 2 0 0 0 0 0 0 0"
2002091,2002-04-08,3,6,0,360,"3 6 0 3 2 9 2 1 0 0 0 0 0 0 0"
2002092,2002-04-09,4,3,5,435,"4 3 5 4 0 7 2 2 0 0 0 0 0 0 0"
2002093,2002-04-10,2,1,8,218,"2 1 8 8 7 5 2 1 0 0 0 0 0 0 0"
2002094,2002-04-11,2,8,3,283,"2 8 3 1 4 1 2 1 0 0 0 0 0 0 0"
2002095,2002-04-12,7,8,6,786,"7 8 6 9 3 3 2 1 0 0 0 0 0 0 0"
2002096,2002-04-13,4,2,7,427,"4 2 7 5 6 2 2 1 0 0 0 0 0 0 0"
2002097,2002-04-14,1,5,5,155,"1 5 5 8 3 4 2 1 0 0 0 0 0 0 0"
2002098,2002-04-15,1,5,9,159,"1 5 9 5 6 9 2 1 0 0 0 0 0 0 0"
2002099,2002-04-16,9,1,3,913,"9 1 3 7 1 9 2 1 0 0 0 0 0 0 0"
2002100,2002-04-17,6,3,5,635,"6 3 5 0 0 4 1 1 0 0 0 0 0 0 0"
2002101,2002-04-18,2,2,4,224,"2 2 4 3 1 2 2 1 0 0 0 0 0 0 0"
2002102,2002-04-19,0,1,2,012,"0 1 2 2 7 5 1 1 0 0 0 0 0 0 0"
2002103,2002-04-20,0,8,8,088,"0 8 8 3 8 0 2 1 0 0 0 0 0 0 0"
2002104,2002-04-21,8,1,8,818,"8 1 8 7 4 8 1 2 0 0 0 0 0 0 0"
2002105,2002-04-22,9,3,3,933,"9 3 3 1 8 9 2 2 0 0 0 0 0 0 0"
2002106,2002-04-23,2,8,7,287,"2 8 7 4 0 7 2 2 0 0 0 0 0 0 0"
2002107,2002-04-24,3,1,4,314,"3 1 4 3 0 4 2 1 0 0 0 0 0 0 0"
2002108,2002-04-25,5,8,4,584,"5 8 4 3 9 9 2 2 0 0 0 0 0 0 0"
2002109,2002-04-26,6,2,5,625,"6 2 5 0 1 8 1 1 0 0 0 0 0 0 0"
2002110,2002-04-27,3,4,4,344,"3 4 4 5 2 6 1 2 0 0 0 0 0 0 0"
2002111,2002-04-28,0,9,1,091,"0 9 1 2 3 0 1 1 0 0 0 0 0 0 0"
2002112,2002-04-29,9,9,0,990,"9 9 0 1 0 2 1 1 0 0 0 0 0 0 0"
2002113,2002-04-30,2,1,1,211,"2 1 1 3 0 9 1 1 0 0 0 0 0 0 0"
2002114,2002-05-01,4,9,3,493,"4 9 3 6 3 4 2 1 0 0 0 0 0 0 0"
2002115,2002-05-02,0,3,2,032,"0 3 2 0 3 3 2 1 0 0 0 0 0 0 0"
2002116,2002-05-03,8,8,8,888,"8 8 8 3 4 5 2 1 0 0 0 0 0 0 0"
2002117,2002-05-04,8,4,2,842,"8 4 2 0 1 9 1 1 0 0 0 0 0 0 0"
2002118,2002-05-05,4,4,8,448,"4 4 8 0 3 4 2 2 0 0 0 0 0 0 0"
2002119,2002-05-06,0,7,5,075,"0 7 5 1 1 5 2 2 0 0 0 0 0 0 0"
2002120,2002-05-07,7,7,0,770,"7 7 0 5 3 0 2 1 0 0 0 0 0 0 0"
2002121,2002-05-08,3,8,1,381,"3 8 1 3 9 7 1 2 0 0 0 0 0 0 0"
2002122,2002-05-09,4,9,4,494,"4 9 4 8 6 8 2 1 0 0 0 0 0 0 0"
2002123,2002-05-10,2,6,5,265,"2 6 5 3 7 4 1 2 0 0 0 0 0 0 0"
2002124,2002-05-11,0,4,2,042,"0 4 2 5 5 8 1 2 0 0 0 0 0 0 0"
2002125,2002-05-12,5,3,3,533,"5 3 3 9 2 5 2 2 0 0 0 0 0 0 0"
2002126,2002-05-13,0,0,5,005,"0 0 5 3 0 3 1 2 0 0 0 0 0 0 0"
2002127,2002-05-14,4,2,4,424,"4 2 4 8 5 5 2 2 0 0 0 0 0 0 0"
2002128,2002-05-15,8,1,3,813,"8 1 3 8 6 7 2 2 0 0 0 0 0 0 0"
2002129,2002-05-16,7,2,7,727,"7 2 7 5 1 7 1 1 0 0 0 0 0 0 0"
2002130,2002-05-17,3,2,8,328,"3 2 8 7 6 2 2 2 0 0 0 0 0 0 0"
2002131,2002-05-18,3,8,7,387,"3 8 7 0 4 7 1 2 0 0 0 0 0 0 0"
2002132,2002-05-19,7,7,3,773,"7 7 3 5 6 2 1 1 0 0 0 0 0 0 0"
2002133,2002-05-20,5,7,4,574,"5 7 4 6 8 7 2 2 0 0 0 0 0 0 0"
2002134,2002-05-21,8,4,1,841,"8 4 1 9 6 2 2 1 0 0 0 0 0 0 0"
2002135,2002-05-22,0,7,8,078,"0 7 8 7 9 9 1 1 0 0 0 0 0 0 0"
2002136,2002-05-23,2,0,6,206,"2 0 6 0 1 7 2 1 0 0 0 0 0 0 0"
2002137,2002-05-24,8,6,0,860,"8 6 0 7 8 4 1 1 0 0 0 0 0 0 0"
2002138,2002-05-25,4,9,3,493,"4 9 3 9 0 6 1 2 0 0 0 0 0 0 0"
2002139,2002-05-26,1,8,4,184,"1 8 4 0 2 8 1 1 0 0 0 0 0 0 0"
2002140,2002-05-27,6,5,1,651,"6 5 1 2 9 3 2 2 0 0 0 0 0 0 0"
2002141,2002-05-28,4,6,1,461,"4 6 1 8 8 0 1 2 0 0 0 0 0 0 0"
2002142,2002-05-29,2,4,7,247,"2 4 7 2 0 5 1 1 0 0 0 0 0 0 0"
2002143,2002-05-30,3,5,7,357,"3 5 7 2 7 1 2 1 0 0 0 0 0 0 0"
2002144,2002-05-31,3,2,3,323,"3 2 3 9 8 9 1 2 0 0 0 0 0 0 0"
2002145,2002-06-01,2,1,3,213,"2 1 3 9 3 9 2 2 0 0 0 0 0 0 0"
2002146,2002-06-02,2,0,8,208,"2 0 8 4 2 8 1 1 0 0 0 0 0 0 0"
2002147,2002-06-03,6,8,3,683,"6 8 3 9 7 2 2 1 0 0 0 0 0 0 0"
2002148,2002-06-04,7,9,3,793,"7 9 3 2 9 9 1 2 0 0 0 0 0 0 0"
2002149,2002-06-05,0,9,4,094,"0 9 4 7 4 0 2 2 0 0 0 0 0 0 0"
2002150,2002-06-06,4,9,0,490,"4 9 0 7 0 6 1 2 0 0 0 0 0 0 0"
2002151,2002-06-07,3,9,6,396,"3 9 6 5 2 2 1 2 0 0 0 0 0 0 0"
2002152,2002-06-08,9,9,2,992,"9 9 2 3 6 7 2 2 0 0 0 0 0 0 0"
2002153,2002-06-09,9,0,9,909,"9 0 9 2 8 1 2 2 0 0 0 0 0 0 0"
2002154,2002-06-10,8,3,5,835,"8 3 5 0 6 7 2 1 0 0 0 0 0 0 0"
2002155,2002-06-11,5,5,7,557,"5 5 7 7 4 4 1 2 0 0 0 0 0 0 0"
2002156,2002-06-12,1,8,9,189,"1 8 9 0 3 1 1 2 0 0 0 0 0 0 0"
2002157,2002-06-13,5,9,9,599,"5 9 9 1 2 1 2 1 0 0 0 0 0 0 0"
2002158,2002-06-14,7,5,4,754,"7 5 4 6 0 8 2 1 0 0 0 0 0 0 0"
2002159,2002-06-15,1,1,6,116,"1 1 6 0 7 3 2 2 0 0 0 0 0 0 0"
2002160,2002-06-16,3,2,2,322,"3 2 2 8 2 3 2 1 0 0 0 0 0 0 0"
2002161,2002-06-17,8,4,0,840,"8 4 0 7 2 2 2 1 0 0 0 0 0 0 0"
2002162,2002-06-18,1,8,0,180,"1 8 0 6 4 9 2 1 0 0 0 0 0 0 0"
2002163,2002-06-19,8,0,9,809,"8 0 9 1 7 2 1 2 0 0 0 0 0 0 0"
2002164,2002-06-20,3,4,1,341,"3 4 1 8 3 1 2 2 0 0 0 0 0 0 0"
2002165,2002-06-21,3,2,2,322,"3 2 2 5 2 7 2 1 0 0 0 0 0 0 0"
2002166,2002-06-22,4,1,3,413,"4 1 3 8 8 8 1 2 0 0 0 0 0 0 0"
2002167,2002-06-23,5,4,3,543,"5 4 3 4 6 4 1 2 0 0 0 0 0 0 0"
2002168,2002-06-24,6,2,0,620,"6 2 0 8 8 8 2 2 0 0 0 0 0 0 0"
2002169,2002-06-25,4,0,5,405,"4 0 5 3 7 4 1 2 0 0 0 0 0 0 0"
2002170,2002-06-26,1,5,6,156,"1 5 6 9 6 5 1 2 0 0 0 0 0 0 0"
2002171,2002-06-27,2,3,3,233,"2 3 3 1 0 4 2 1 0 0 0 0 0 0 0"
2002172,2002-06-28,8,2,7,827,"8 2 7 5 2 2 1 2 0 0 0 0 0 0 0"
2002173,2002-06-29,3,9,2,392,"3 9 2 6 5 7 2 2 0 0 0 0 0 0 0"
2002174,2002-06-30,3,5,1,351,"3 5 1 6 4 3 1 1 0 0 0 0 0 0 0"
2002175,2002-07-01,1,3,9,139,"1 3 9 4 1 2 1 1 0 0 0 0 0 0 0"
2002176,2002-07-02,5,1,9,519,"5 1 9 2 5 2 2 1 0 0 0 0 0 0 0"
2002177,2002-07-03,2,4,2,242,"2 4 2 5 4 8 2 2 0 0 0 0 0 0 0"
2002178,2002-07-04,3,4,5,345,"3 4 5 5 2 6 1 2 0 0 0 0 0 0 0"
2002179,2002-07-05,8,6,1,861,"8 6 1 0 6 0 1 1 0 0 0 0 0 0 0"
2002180,2002-07-06,5,5,1,551,"5 5 1 9 8 5 2 1 0 0 0 0 0 0 0"
2002181,2002-07-07,9,8,3,983,"9 8 3 8 8 2 2 1 0 0 0 0 0 0 0"
2002182,2002-07-08,0,9,2,092,"0 9 2 5 6 2 1 2 0 0 0 0 0 0 0"
2002183,2002-07-09,6,7,4,674,"6 7 4 8 0 4 1 2 0 0 0 0 0 0 0"
2002184,2002-07-10,6,0,5,605,"6 0 5 2 7 9 1 2 0 0 0 0 0 0 0"
2002185,2002-07-11,2,2,3,223,"2 2 3 4 3 8 2 2 0 0 0 0 0 0 0"
2002186,2002-07-12,3,9,6,396,"3 9 6 7 5 3 2 1 0 0 0 0 0 0 0"
2002187,2002-07-13,9,6,6,966,"9 6 6 3 1 4 2 1 0 0 0 0 0 0 0"
2002188,2002-07-14,6,3,0,630,"6 3 0 4 5 9 2 1 0 0 0 0 0 0 0"
2002189,2002-07-15,1,4,0,140,"1 4 0 9 8 3 2 1 0 0 0 0 0 0 0"
2002190,2002-07-16,1,7,1,171,"1 7 1 5 4 7 1 1 0 0 0 0 0 0 0"
2002191,2002-07-17,8,9,3,893,"8 9 3 9 0 7 1 2 0 0 0 0 0 0 0"
2002192,2002-07-18,0,6,8,068,"0 6 8 8 7 4 2 1 0 0 0 0 0 0 0"
2002193,2002-07-19,0,7,5,075,"0 7 5 3 0 1 2 1 0 0 0 0 0 0 0"
2002194,2002-07-20,3,1,8,318,"3 1 8 5 6 5 1 2 0 0 0 0 0 0 0"
2002195,2002-07-21,6,5,7,657,"6 5 7 8 0 2 1 2 0 0 0 0 0 0 0"
2002196,2002-07-22,4,2,8,428,"4 2 8 1 2 6 1 2 0 0 0 0 0 0 0"
2002197,2002-07-23,9,0,5,905,"9 0 5 4 2 7 1 1 0 0 0 0 0 0 0"
2002198,2002-07-24,6,5,6,656,"6 5 6 2 4 8 2 1 0 0 0 0 0 0 0"
2002199,2002-07-25,9,2,0,920,"9 2 0 0 0 4 2 1 0 0 0 0 0 0 0"
2002200,2002-07-26,0,7,6,076,"0 7 6 5 3 1 2 1 0 0 0 0 0 0 0"
2002201,2002-07-27,5,8,1,581,"5 8 1 4 5 6 1 2 0 0 0 0 0 0 0"
2002202,2002-07-28,5,8,8,588,"5 8 8 4 3 3 2 1 0 0 0 0 0 0 0"
2002203,2002-07-29,3,8,7,387,"3 8 7 6 2 0 2 1 0 0 0 0 0 0 0"
2002204,2002-07-30,1,7,9,179,"1 7 9 3 0 7 2 2 0 0 0 0 0 0 0"
2002205,2002-07-31,6,2,5,625,"6 2 5 7 6 5 1 2 0 0 0 0 0 0 0"
2002206,2002-08-01,2,9,7,297,"2 9 7 4 9 5 1 1 0 0 0 0 0 0 0"
2002207,2002-08-02,6,3,2,632,"6 3 2 7 2 1 1 2 0 0 0 0 0 0 0"
2002208,2002-08-03,4,7,4,474,"4 7 4 8 3 0 2 1 0 0 0 0 0 0 0"
2002209,2002-08-04,9,8,4,984,"9 8 4 5 7 5 2 1 0 0 0 0 0 0 0"
2002210,2002-08-05,0,8,6,086,"0 8 6 4 7 5 2 1 0 0 0 0 0 0 0"
2002211,2002-08-06,0,7,1,071,"0 7 1 7 2 9 1 2 0 0 0 0 0 0 0"
2002212,2002-08-07,5,6,5,565,"5 6 5 6 9 6 1 1 0 0 0 0 0 0 0"
2002213,2002-08-08,4,6,0,460,"4 6 0 1 7 8 1 2 0 0 0 0 0 0 0"
2002214,2002-08-09,5,4,6,546,"5 4 6 1 3 2 1 1 0 0 0 0 0 0 0"
2002215,2002-08-10,8,5,3,853,"8 5 3 1 9 7 1 1 0 0 0 0 0 0 0"
2002216,2002-08-11,5,9,6,596,"5 9 6 8 9 7 1 2 0 0 0 0 0 0 0"
2002217,2002-08-12,7,9,1,791,"7 9 1 2 6 8 2 2 0 0 0 0 0 0 0"
2002218,2002-08-13,5,6,4,564,"5 6 4 8 3 3 2 1 0 0 0 0 0 0 0"
2002219,2002-08-14,1,1,2,112,"1 1 2 6 6 3 2 1 0 0 0 0 0 0 0"
2002220,2002-08-15,3,0,2,302,"3 0 2 6 6 0 1 1 0 0 0 0 0 0 0"
2002221,2002-08-16,8,7,6,876,"8 7 6 5 0 6 1 1 0 0 0 0 0 0 0"
2002222,2002-08-17,3,4,1,341,"3 4 1 0 8 4 2 2 0 0 0 0 0 0 0"
2002223,2002-08-18,7,9,0,790,"7 9 0 4 8 5 1 1 0 0 0 0 0 0 0"
2002224,2002-08-19,3,7,7,377,"3 7 7 1 7 2 1 2 0 0 0 0 0 0 0"
2002225,2002-08-20,9,0,3,903,"9 0 3 3 1 8 2 2 0 0 0 0 0 0 0"
2002226,2002-08-21,6,8,4,684,"6 8 4 1 8 8 2 2 0 0 0 0 0 0 0"
2002227,2002-08-22,5,4,9,549,"5 4 9 2 5 9 1 1 0 0 0 0 0 0 0"
2002228,2002-08-23,5,7,6,576,"5 7 6 8 3 6 1 2 0 0 0 0 0 0 0"
2002229,2002-08-24,4,7,7,477,"4 7 7 0 9 4 1 1 0 0 0 0 0 0 0"
2002230,2002-08-25,6,1,1,611,"6 1 1 3 2 7 1 1 0 0 0 0 0 0 0"
2002231,2002-08-26,2,5,3,253,"2 5 3 7 8 9 2 1 0 0 0 0 0 0 0"
2002232,2002-08-27,0,4,0,040,"0 4 0 2 6 2 2 2 0 0 0 0 0 0 0"
2002233,2002-08-28,1,7,1,171,"1 7 1 3 5 1 2 2 0 0 0 0 0 0 0"
2002234,2002-08-29,4,5,2,452,"4 5 2 7 4 9 2 1 0 0 0 0 0 0 0"
2002235,2002-08-30,1,6,3,163,"1 6 3 3 2 7 2 2 0 0 0 0 0 0 0"
2002236,2002-08-31,4,1,8,418,"4 1 8 4 9 8 2 1 0 0 0 0 0 0 0"
2002237,2002-09-01,6,6,2,662,"6 6 2 6 8 4 1 2 0 0 0 0 0 0 0"
2002238,2002-09-02,8,1,7,817,"8 1 7 1 9 2 1 1 0 0 0 0 0 0 0"
2002239,2002-09-03,6,0,2,602,"6 0 2 1 9 9 1 1 0 0 0 0 0 0 0"
2002240,2002-09-04,7,1,1,711,"7 1 1 9 8 8 2 2 0 0 0 0 0 0 0"
2002241,2002-09-05,7,5,2,752,"7 5 2 8 1 0 2 2 0 0 0 0 0 0 0"
2002242,2002-09-06,5,2,0,520,"5 2 0 2 7 1 2 1 0 0 0 0 0 0 0"
2002243,2002-09-07,0,7,3,073,"0 7 3 9 1 2 1 2 0 0 0 0 0 0 0"
2002244,2002-09-08,0,6,4,064,"0 6 4 2 7 5 1 2 0 0 0 0 0 0 0"
2002245,2002-09-09,4,6,8,468,"4 6 8 9 7 1 1 2 0 0 0 0 0 0 0"
2002246,2002-09-10,8,8,4,884,"8 8 4 0 0 9 2 2 0 0 0 0 0 0 0"
2002247,2002-09-11,2,6,5,265,"2 6 5 5 1 6 1 1 0 0 0 0 0 0 0"
2002248,2002-09-12,2,5,1,251,"2 5 1 0 0 3 2 1 0 0 0 0 0 0 0"
2002249,2002-09-13,0,0,0,000,"0 0 0 7 7 2 1 1 0 0 0 0 0 0 0"
2002250,2002-09-14,2,7,1,271,"2 7 1 1 6 1 1 1 0 0 0 0 0 0 0"
2002251,2002-09-15,0,8,2,082,"0 8 2 0 3 1 2 2 0 0 0 0 0 0 0"
2002252,2002-09-16,9,9,1,991,"9 9 1 6 6 7 2 1 0 0 0 0 0 0 0"
2002253,2002-09-17,2,0,0,200,"2 0 0 9 8 7 2 1 0 0 0 0 0 0 0"
2002254,2002-09-18,4,4,4,444,"4 4 4 4 0 3 1 2 0 0 0 0 0 0 0"
2002255,2002-09-19,6,8,7,687,"6 8 7 9 0 0 1 2 0 0 0 0 0 0 0"
2002256,2002-09-20,6,2,4,624,"6 2 4 2 4 6 1 1 0 0 0 0 0 0 0"
2002257,2002-09-21,3,9,5,395,"3 9 5 9 0 4 1 1 0 0 0 0 0 0 0"
2002258,2002-09-22,0,9,9,099,"0 9 9 9 2 2 1 2 0 0 0 0 0 0 0"
2002259,2002-09-23,9,8,1,981,"9 8 1 3 5 3 1 2 0 0 0 0 0 0 0"
2002260,2002-09-24,1,4,3,143,"1 4 3 9 7 3 2 2 0 0 0 0 0 0 0"
2002261,2002-09-25,2,2,7,227,"2 2 7 7 9 1 2 2 0 0 0 0 0 0 0"
2002262,2002-09-26,7,1,4,714,"7 1 4 5 0 9 2 2 0 0 0 0 0 0 0"
2002263,2002-09-27,8,5,7,857,"8 5 7 5 6 7 1 1 0 0 0 0 0 0 0"
2002264,2002-09-28,8,7,6,876,"8 7 6 1 1 3 1 1 0 0 0 0 0 0 0"
2002265,2002-09-29,9,1,2,912,"9 1 2 3 1 1 2 1 0 0 0 0 0 0 0"
2002266,2002-09-30,8,0,5,805,"8 0 5 7 5 8 1 2 0 0 0 0 0 0 0"
2002267,2002-10-01,7,5,4,754,"7 5 4 5 2 1 1 1 0 0 0 0 0 0 0"
2002268,2002-10-02,9,7,5,975,"9 7 5 2 6 3 2 2 0 0 0 0 0 0 0"
2002269,2002-10-03,5,1,1,511,"5 1 1 1 6 6 2 2 0 0 0 0 0 0 0"
2002270,2002-10-04,7,9,1,791,"7 9 1 8 4 0 1 1 0 0 0 0 0 0 0"
2002271,2002-10-05,0,9,0,090,"0 9 0 0 4 0 2 1 0 0 0 0 0 0 0"
2002272,2002-10-06,7,6,8,768,"7 6 8 6 6 4 2 2 0 0 0 0 0 0 0"
2002273,2002-10-07,3,0,1,301,"3 0 1 3 3 0 1 1 0 0 0 0 0 0 0"
2002274,2002-10-08,5,5,6,556,"5 5 6 8 2 1 2 2 0 0 0 0 0 0 0"
2002275,2002-10-09,7,0,5,705,"7 0 5 8 8 4 1 2 0 0 0 0 0 0 0"
2002276,2002-10-10,7,8,7,787,"7 8 7 4 7 3 1 1 0 0 0 0 0 0 0"
2002277,2002-10-11,7,4,3,743,"7 4 3 4 3 7 2 2 0 0 0 0 0 0 0"
2002278,2002-10-12,3,2,1,321,"3 2 1 6 8 2 1 2 0 0 0 0 0 0 0"
2002279,2002-10-13,7,7,6,776,"7 7 6 1 9 0 2 2 0 0 0 0 0 0 0"
2002280,2002-10-14,3,0,0,300,"3 0 0 9 8 2 2 1 0 0 0 0 0 0 0"
2002281,2002-10-15,8,4,3,843,"8 4 3 2 3 7 2 1 0 0 0 0 0 0 0"
2002282,2002-10-16,5,3,0,530,"5 3 0 9 6 8 1 1 0 0 0 0 0 0 0"
2002283,2002-10-17,8,5,4,854,"8 5 4 3 9 0 2 1 0 0 0 0 0 0 0"
2002284,2002-10-18,8,8,6,886,"8 8 6 3 2 6 2 2 0 0 0 0 0 0 0"
2002285,2002-10-19,7,6,1,761,"7 6 1 5 5 2 1 1 0 0 0 0 0 0 0"
2002286,2002-10-20,3,4,7,347,"3 4 7 4 2 0 1 2 0 0 0 0 0 0 0"
2002287,2002-10-21,1,0,2,102,"1 0 2 4 6 6 2 2 0 0 0 0 0 0 0"
2002288,2002-10-22,3,6,0,360,"3 6 0 6 8 9 1 2 0 0 0 0 0 0 0"
2002289,2002-10-23,7,8,1,781,"7 8 1 4 6 6 1 2 0 0 0 0 0 0 0"
2002290,2002-10-24,0,4,7,047,"0 4 7 3 8 0 1 1 0 0 0 0 0 0 0"
2002291,2002-10-25,0,4,5,045,"0 4 5 5 9 5 2 2 0 0 0 0 0 0 0"
2002292,2002-10-26,8,2,3,823,"8 2 3 8 4 8 2 1 0 0 0 0 0 0 0"
2002293,2002-10-27,9,3,0,930,"9 3 0 5 0 8 2 1 0 0 0 0 0 0 0"
2002294,2002-10-28,0,8,0,080,"0 8 0 4 8 9 1 1 0 0 0 0 0 0 0"
2002295,2002-10-29,9,6,7,967,"9 6 7 4 5 1 1 1 0 0 0 0 0 0 0"
2002296,2002-10-30,7,3,0,730,"7 3 0 0 4 5 1 2 0 0 0 0 0 0 0"
2002297,2002-10-31,6,4,3,643,"6 4 3 5 4 9 2 1 0 0 0 0 0 0 0"
2002298,2002-11-01,1,9,1,191,"1 9 1 6 9 7 1 2 0 0 0 0 0 0 0"
2002299,2002-11-02,3,6,8,368,"3 6 8 3 2 2 1 1 0 0 0 0 0 0 0"
2002300,2002-11-03,7,2,8,728,"7 2 8 5 8 2 2 1 0 0 0 0 0 0 0"
2002301,2002-11-04,8,2,6,826,"8 2 6 4 2 4 1 1 0 0 0 0 0 0 0"
2002302,2002-11-05,8,4,0,840,"8 4 0 3 2 8 1 1 0 0 0 0 0 0 0"
2002303,2002-11-06,5,8,5,585,"5 8 5 2 1 2 2 2 0 0 0 0 0 0 0"
2002304,2002-11-07,9,7,6,976,"9 7 6 1 4 2 1 1 0 0 0 0 0 0 0"
2002305,2002-11-08,7,6,6,766,"7 6 6 1 6 8 2 2 0 0 0 0 0 0 0"
2002306,2002-11-09,4,7,3,473,"4 7 3 6 9 6 1 1 0 0 0 0 0 0 0"
2002307,2002-11-10,3,5,5,355,"3 5 5 5 3 1 1 1 0 0 0 0 0 0 0"
2002308,2002-11-11,2,3,5,235,"2 3 5 8 8 9 1 1 0 0 0 0 0 0 0"
2002309,2002-11-12,6,1,9,619,"6 1 9 5 4 6 2 1 0 0 0 0 0 0 0"
2002310,2002-11-13,2,5,8,258,"2 5 8 2 3 0 2 2 0 0 0 0 0 0 0"
2002311,2002-11-14,8,1,5,815,"8 1 5 5 1 3 2 2 0 0 0 0 0 0 0"
2002312,2002-11-15,8,8,2,882,"8 8 2 2 5 3 1 2 0 0 0 0 0 0 0"
2002313,2002-11-16,5,0,8,508,"5 0 8 3 0 8 2 1 0 0 0 0 0 0 0"
2002314,2002-11-17,7,6,4,764,"7 6 4 9 6 6 2 1 0 0 0 0 0 0 0"
2002315,2002-11-18,8,5,2,852,"8 5 2 1 5 0 1 2 0 0 0 0 0 0 0"
2002316,2002-11-19,8,8,2,882,"8 8 2 7 6 7 2 1 0 0 0 0 0 0 0"
2002317,2002-11-20,1,6,7,167,"1 6 7 4 7 2 2 1 0 0 0 0 0 0 0"
2002318,2002-11-21,2,2,8,228,"2 2 8 3 6 5 2 2 0 0 0 0 0 0 0"
2002319,2002-11-22,1,1,5,115,"1 1 5 7 4 1 1 1 0 0 0 0 0 0 0"
2002320,2002-11-23,0,1,3,013,"0 1 3 5 1 8 2 1 0 0 0 0 0 0 0"
2002321,2002-11-24,3,8,9,389,"3 8 9 3 6 8 2 2 0 0 0 0 0 0 0"
2002322,2002-11-25,7,4,7,747,"7 4 7 9 0 4 1 2 0 0 0 0 0 0 0"
2002323,2002-11-26,1,7,2,172,"1 7 2 2 7 3 2 1 0 0 0 0 0 0 0"
2002324,2002-11-27,3,8,9,389,"3 8 9 2 1 6 2 1 0 0 0 0 0 0 0"
2002325,2002-11-28,5,5,3,553,"5 5 3 9 8 4 1 1 0 0 0 0 0 0 0"
2002326,2002-11-29,9,6,3,963,"9 6 3 9 8 6 2 1 0 0 0 0 0 0 0"
2002327,2002-11-30,8,0,4,804,"8 0 4 2 5 8 1 2 0 0 0 0 0 0 0"
2002328,2002-12-01,7,5,0,750,"7 5 0 9 0 1 1 2 0 0 0 0 0 0 0"
2002329,2002-12-02,9,8,0,980,"9 8 0 4 4 4 1 1 0 0 0 0 0 0 0"
2002330,2002-12-03,5,4,2,542,"5 4 2 4 7 0 1 2 0 0 0 0 0 0 0"
2002331,2002-12-04,4,9,3,493,"4 9 3 2 4 4 1 1 0 0 0 0 0 0 0"
2002332,2002-12-05,3,0,6,306,"3 0 6 6 2 2 1 2 0 0 0 0 0 0 0"
2002333,2002-12-06,8,4,5,845,"8 4 5 2 4 7 2 2 0 0 0 0 0 0 0"
2002334,2002-12-07,4,5,5,455,"4 5 5 8 8 4 2 2 0 0 0 0 0 0 0"
2002335,2002-12-08,1,6,8,168,"1 6 8 4 9 0 2 2 0 0 0 0 0 0 0"
2002336,2002-12-09,2,2,6,226,"2 2 6 2 9 1 1 2 0 0 0 0 0 0 0"
2002337,2002-12-10,9,5,3,953,"9 5 3 3 5 9 1 1 0 0 0 0 0 0 0"
2002338,2002-12-11,5,2,6,526,"5 2 6 1 9 5 2 1 0 0 0 0 0 0 0"
2002339,2002-12-12,4,7,2,472,"4 7 2 7 0 5 1 1 0 0 0 0 0 0 0"
2002340,2002-12-13,6,1,0,610,"6 1 0 6 8 7 2 1 0 0 0 0 0 0 0"
2002341,2002-12-14,4,4,1,441,"4 4 1 1 2 5 1 2 0 0 0 0 0 0 0"
2002342,2002-12-15,6,3,2,632,"6 3 2 7 1 9 1 2 0 0 0 0 0 0 0"
2002343,2002-12-16,6,3,9,639,"6 3 9 7 3 5 1 1 0 0 0 0 0 0 0"
2002344,2002-12-17,0,7,0,070,"0 7 0 0 8 9 1 1 0 0 0 0 0 0 0"
2002345,2002-12-18,1,8,7,187,"1 8 7 1 8 2 1 1 0 0 0 0 0 0 0"
2002346,2002-12-19,0,3,1,031,"0 3 1 0 8 6 2 1 0 0 0 0 0 0 0"
2002347,2002-12-20,9,4,2,942,"9 4 2 9 1 1 1 2 0 0 0 0 0 0 0"
2002348,2002-12-21,2,7,0,270,"2 7 0 0 4 9 1 1 0 0 0 0 0 0 0"
2002349,2002-12-22,9,8,5,985,"9 8 5 8 8 5 2 2 0 0 0 0 0 0 0"
2002350,2002-12-23,2,6,1,261,"2 6 1 1 6 0 1 1 0 0 0 0 0 0 0"
2002351,2002-12-24,5,9,8,598,"5 9 8 5 3 4 1 2 0 0 0 0 0 0 0"
2002352,2002-12-25,1,5,9,159,"1 5 9 7 1 0 1 1 0 0 0 0 0 0 0"
2002353,2002-12-26,0,0,8,008,"0 0 8 4 6 2 1 1 0 0 0 0 0 0 0"
2002354,2002-12-27,8,0,7,807,"8 0 7 0 6 8 2 2 0 0 0 0 0 0 0"
2002355,2002-12-28,6,1,5,615,"6 1 5 3 7 0 1 1 0 0 0 0 0 0 0"
2002356,2002-12-29,5,9,6,596,"5 9 6 1 5 9 1 1 0 0 0 0 0 0 0"
2002357,2002-12-30,9,3,8,938,"9 3 8 8 3 4 2 2 0 0 0 0 0 0 0"
2002358,2002-12-31,6,2,8,628,"6 2 8 3 7 2 1 1 0 0 0 0 0 0 0"
2003001,2003-01-01,0,4,0,040,"0 4 0 0 1 1 1 1 0 0 0 0 0 0 0"
2003002,2003-01-02,0,3,8,038,"0 3 8 0 3 7 2 2 0 0 0 0 0 0 0"
2003003,2003-01-03,0,5,3,053,"0 5 3 6 7 4 2 2 0 0 0 0 0 0 0"
2003004,2003-01-04,4,7,5,475,"4 7 5 2 7 6 1 2 0 0 0 0 0 0 0"
2003005,2003-01-05,0,9,0,090,"0 9 0 4 1 1 2 1 0 0 0 0 0 0 0"
2003006,2003-01-06,1,4,3,143,"1 4 3 3 9 8 2 1 0 0 0 0 0 0 0"
2003007,2003-01-07,3,9,6,396,"3 9 6 0 3 7 2 1 0 0 0 0 0 0 0"
2003008,2003-01-08,6,6,8,668,"6 6 8 8 0 4 1 1 0 0 0 0 0 0 0"
2003009,2003-01-09,9,0,8,908,"9 0 8 7 7 2 2 2 0 0 0 0 0 0 0"
2003010,2003-01-10,1,7,1,171,"1 7 1 4 7 6 1 1 0 0 0 0 0 0 0"
2003011,2003-01-11,9,8,9,989,"9 8 9 5 1 0 1 1 0 0 0 0 0 0 0"
2003012,2003-01-12,5,1,8,518,"5 1 8 6 3 6 1 2 0 0 0 0 0 0 0"
2003013,2003-01-13,0,7,9,079,"0 7 9 8 7 8 1 1 0 0 0 0 0 0 0"
2003014,2003-01-14,8,3,2,832,"8 3 2 9 6 1 2 1 0 0 0 0 0 0 0"
2003015,2003-01-15,1,9,6,196,"1 9 6 9 5 1 1 2 0 0 0 0 0 0 0"
2003016,2003-01-16,0,5,4,054,"0 5 4 9 8 7 2 2 0 0 0 0 0 0 0"
2003017,2003-01-17,1,6,1,161,"1 6 1 0 9 2 1 2 0 0 0 0 0 0 0"
2003018,2003-01-18,8,3,8,838,"8 3 8 9 9 3 2 2 0 0 0 0 0 0 0"
2003019,2003-01-19,5,6,6,566,"5 6 6 3 1 7 2 1 0 0 0 0 0 0 0"
2003020,2003-01-20,3,8,7,387,"3 8 7 7 0 9 1 2 0 0 0 0 0 0 0"
2003021,2003-01-21,0,3,1,031,"0 3 1 0 5 2 2 2 0 0 0 0 0 0 0"
2003022,2003-01-22,3,9,1,391,"3 9 1 9 5 6 2 1 0 0 0 0 0 0 0"
2003023,2003-01-23,4,4,1,441,"4 4 1 9 5 1 2 1 0 0 0 0 0 0 0"
2003024,2003-01-24,8,3,8,838,"8 3 8 3 2 1 2 1 0 0 0 0 0 0 0"
2003025,2003-01-25,4,1,5,415,"4 1 5 8 7 0 2 2 0 0 0 0 0 0 0"
2003026,2003-01-26,3,3,9,339,"3 3 9 7 2 3 2 1 0 0 0 0 0 0 0"
2003027,2003-01-27,3,7,8,378,"3 7 8 3 8 7 2 2 0 0 0 0 0 0 0"
2003028,2003-01-28,5,9,3,593,"5 9 3 5 4 3 2 1 0 0 0 0 0 0 0"
2003029,2003-01-29,0,2,2,022,"0 2 2 5 5 3 2 2 0 0 0 0 0 0 0"
2003030,2003-01-30,6,2,9,629,"6 2 9 9 0 6 1 1 0 0 0 0 0 0 0"
2003031,2003-01-31,0,0,8,008,"0 0 8 6 1 4 1 1 0 0 0 0 0 0 0"
2003032,2003-02-07,8,9,8,898,"8 9 8 9 8 9 2 2 0 0 0 0 0 0 0"
2003033,2003-02-08,2,9,1,291,"2 9 1 8 8 2 2 2 0 0 0 0 0 0 0"
2003034,2003-02-09,6,6,8,668,"6 6 8 7 1 8 1 1 0 0 0 0 0 0 0"
2003035,2003-02-10,2,3,5,235,"2 3 5 7 8 5 2 1 0 0 0 0 0 0 0"
2003036,2003-02-11,7,9,1,791,"7 9 1 9 8 6 2 2 0 0 0 0 0 0 0"
2003037,2003-02-12,8,1,4,814,"8 1 4 0 4 3 2 2 0 0 0 0 0 0 0"
2003038,2003-02-13,0,1,1,011,"0 1 1 8 1 6 1 2 0 0 0 0 0 0 0"
2003039,2003-02-14,8,4,2,842,"8 4 2 8 6 1 1 1 0 0 0 0 0 0 0"
2003040,2003-02-15,3,3,9,339,"3 3 9 5 0 3 2 2 0 0 0 0 0 0 0"
2003041,2003-02-16,2,6,9,269,"2 6 9 1 9 8 1 1 0 0 0 0 0 0 0"
2003042,2003-02-17,9,9,3,993,"9 9 3 6 5 4 1 1 0 0 0 0 0 0 0"
2003043,2003-02-18,2,5,9,259,"2 5 9 0 7 3 2 2 0 0 0 0 0 0 0"
2003044,2003-02-19,5,6,4,564,"5 6 4 8 2 5 2 2 0 0 0 0 0 0 0"
2003045,2003-02-20,9,2,4,924,"9 2 4 7 5 8 2 1 0 0 0 0 0 0 0"
2003046,2003-02-21,4,6,3,463,"4 6 3 9 2 3 1 2 0 0 0 0 0 0 0"
2003047,2003-02-22,8,1,4,814,"8 1 4 0 3 1 2 2 0 0 0 0 0 0 0"
2003048,2003-02-23,8,3,3,833,"8 3 3 8 5 4 1 2 0 0 0 0 0 0 0"
2003049,2003-02-24,1,3,5,135,"1 3 5 9 8 9 1 2 0 0 0 0 0 0 0"
2003050,2003-02-25,4,1,6,416,"4 1 6 3 0 8 2 2 0 0 0 0 0 0 0"
2003051,2003-02-26,3,1,4,314,"3 1 4 8 2 4 2 2 0 0 0 0 0 0 0"
2003052,2003-02-27,0,1,4,014,"0 1 4 9 7 2 1 1 0 0 0 0 0 0 0"
2003053,2003-02-28,5,8,0,580,"5 8 0 2 6 2 1 1 0 0 0 0 0 0 0"
2003054,2003-03-01,8,9,7,897,"8 9 7 5 3 3 2 2 0 0 0 0 0 0 0"
2003055,2003-03-02,7,9,5,795,"7 9 5 8 2 1 1 1 0 0 0 0 0 0 0"
2003056,2003-03-03,7,2,7,727,"7 2 7 6 6 3 2 2 0 0 0 0 0 0 0"
2003057,2003-03-04,7,0,6,706,"7 0 6 9 6 9 1 1 0 0 0 0 0 0 0"
2003058,2003-03-05,6,5,8,658,"6 5 8 4 1 1 1 1 0 0 0 0 0 0 0"
2003059,2003-03-06,3,6,3,363,"3 6 3 1 1 6 2 2 0 0 0 0 0 0 0"
2003060,2003-03-07,8,6,6,866,"8 6 6 3 0 7 1 2 0 0 0 0 0 0 0"
2003061,2003-03-08,9,0,1,901,"9 0 1 4 9 6 2 1 0 0 0 0 0 0 0"
2003062,2003-03-09,6,9,9,699,"6 9 9 4 4 2 2 1 0 0 0 0 0 0 0"
2003063,2003-03-10,9,4,9,949,"9 4 9 5 1 2 2 2 0 0 1000 0 320 0 160"
2003064,2003-03-11,7,2,1,721,"7 2 1 5 5 7 2 1 0 0 0 0 0 0 0"
2003065,2003-03-12,7,2,4,724,"7 2 4 9 9 4 1 1 0 0 0 0 0 0 0"
2003066,2003-03-13,6,5,0,650,"6 5 0 0 9 0 1 2 0 0 0 0 0 0 0"
2003067,2003-03-14,7,2,0,720,"7 2 0 2 5 0 1 1 0 0 0 0 0 0 0"
2003068,2003-03-15,2,1,1,211,"2 1 1 0 9 4 1 1 0 0 0 0 0 0 0"
2003069,2003-03-16,2,7,9,279,"2 7 9 2 2 6 2 1 0 0 0 0 0 0 0"
2003070,2003-03-17,4,6,6,466,"4 6 6 4 8 9 1 2 0 0 0 0 0 0 0"
2003071,2003-03-18,8,3,6,836,"8 3 6 3 9 6 1 1 0 0 0 0 0 0 0"
2003072,2003-03-19,2,1,1,211,"2 1 1 0 9 5 1 2 0 0 0 0 0 0 0"
2003073,2003-03-20,8,6,2,862,"8 6 2 0 4 2 1 2 0 0 0 0 0 0 0"
2003074,2003-03-21,7,2,5,725,"7 2 5 3 8 4 2 1 0 0 0 0 0 0 0"
2003075,2003-03-22,1,7,4,174,"1 7 4 5 2 6 1 1 0 0 0 0 0 0 0"
2003076,2003-03-23,2,3,8,238,"2 3 8 8 4 4 1 1 0 0 0 0 0 0 0"
2003077,2003-03-24,9,1,5,915,"9 1 5 9 3 0 1 1 0 0 0 0 0 0 0"
2003078,2003-03-25,0,1,6,016,"0 1 6 8 7 0 2 2 0 0 0 0 0 0 0"
2003079,2003-03-26,2,0,7,207,"2 0 7 8 5 2 2 2 0 0 0 0 0 0 0"
2003080,2003-03-27,7,7,4,774,"7 7 4 1 8 9 1 2 0 0 0 0 0 0 0"
2003081,2003-03-28,3,8,9,389,"3 8 9 0 2 3 2 1 0 0 0 0 0 0 0"
2003082,2003-03-29,7,3,2,732,"7 3 2 5 9 3 2 2 0 0 0 0 0 0 0"
2003083,2003-03-30,2,3,8,238,"2 3 8 4 5 5 2 2 0 0 0 0 0 0 0"
2003084,2003-03-31,7,6,3,763,"7 6 3 7 2 4 1 2 0 0 0 0 0 0 0"
2003085,2003-04-01,5,1,9,519,"5 1 9 9 7 0 2 2 0 0 0 0 0 0 0"
2003086,2003-04-02,8,1,2,812,"8 1 2 8 1 7 1 1 0 0 0 0 0 0 0"
2003087,2003-04-03,5,5,0,550,"5 5 0 5 2 7 1 1 0 0 0 0 0 0 0"
2003088,2003-04-04,1,6,8,168,"1 6 8 7 6 1 1 1 0 0 0 0 0 0 0"
2003089,2003-04-05,5,1,6,516,"5 1 6 0 8 2 1 2 0 0 0 0 0 0 0"
2003090,2003-04-06,8,2,2,822,"8 2 2 2 6 8 1 2 0 0 0 0 0 0 0"
2003091,2003-04-07,5,5,7,557,"5 5 7 8 2 3 1 1 0 0 0 0 0 0 0"
2003092,2003-04-08,3,4,8,348,"3 4 8 7 6 2 1 2 0 0 0 0 0 0 0"
2003093,2003-04-09,5,3,6,536,"5 3 6 4 2 2 2 1 0 0 0 0 0 0 0"
2003094,2003-04-10,8,9,0,890,"8 9 0 8 4 6 1 2 0 0 0 0 0 0 0"
2003095,2003-04-11,4,9,6,496,"4 9 6 1 0 6 1 2 0 0 0 0 0 0 0"
2003096,2003-04-12,8,6,0,860,"8 6 0 7 5 5 2 2 0 0 0 0 0 0 0"
2003097,2003-04-13,7,0,9,709,"7 0 9 2 7 6 1 1 0 0 0 0 0 0 0"
2003098,2003-04-14,9,9,7,997,"9 9 7 1 3 7 1 1 0 0 0 0 0 0 0"
2003099,2003-04-15,5,4,7,547,"5 4 7 5 3 8 1 1 0 0 0 0 0 0 0"
2003100,2003-04-16,3,0,6,306,"3 0 6 6 6 4 1 1 0 0 0 0 0 0 0"
2003101,2003-04-17,1,6,5,165,"1 6 5 6 6 4 1 1 0 0 0 0 0 0 0"
2003102,2003-04-18,8,0,4,804,"8 0 4 0 1 9 1 1 0 0 0 0 0 0 0"
2003103,2003-04-19,3,4,0,340,"3 4 0 1 2 3 1 1 0 0 0 0 0 0 0"
2003104,2003-04-20,5,2,6,526,"5 2 6 9 3 5 1 1 0 0 0 0 0 0 0"
2003105,2003-04-21,2,3,6,236,"2 3 6 2 6 3 2 1 0 0 0 0 0 0 0"
2003106,2003-04-22,7,8,5,785,"7 8 5 9 7 0 2 1 0 0 0 0 0 0 0"
2003107,2003-04-23,5,1,8,518,"5 1 8 9 8 9 1 1 0 0 0 0 0 0 0"
2003108,2003-04-24,9,7,5,975,"9 7 5 2 0 7 2 1 0 0 0 0 0 0 0"
2003109,2003-04-25,6,7,8,678,"6 7 8 1 7 2 2 1 0 0 0 0 0 0 0"
2003110,2003-04-26,8,8,4,884,"8 8 4 0 0 5 2 1 0 0 0 0 0 0 0"
2003111,2003-04-27,8,0,3,803,"8 0 3 3 1 2 1 2 0 0 0 0 0 0 0"
2003112,2003-04-28,2,8,6,286,"2 8 6 6 0 8 2 2 0 0 0 0 0 0 0"
2003113,2003-04-29,8,6,5,865,"8 6 5 5 8 0 2 2 0 0 0 0 0 0 0"
2003114,2003-04-30,7,0,5,705,"7 0 5 6 4 8 1 1 0 0 0 0 0 0 0"
2003115,2003-05-01,7,0,5,705,"7 0 5 9 9 8 1 1 0 0 0 0 0 0 0"
2003116,2003-05-02,7,5,8,758,"7 5 8 6 9 6 1 1 0 0 0 0 0 0 0"
2003117,2003-05-03,3,7,8,378,"3 7 8 1 4 1 2 1 0 0 0 0 0 0 0"
2003118,2003-05-04,8,9,1,891,"8 9 1 2 8 4 2 2 0 0 0 0 0 0 0"
2003119,2003-05-05,1,0,6,106,"1 0 6 6 3 6 2 2 0 0 0 0 0 0 0"
2003120,2003-05-06,8,9,1,891,"8 9 1 8 0 1 1 1 0 0 0 0 0 0 0"
2003121,2003-05-07,8,2,5,825,"8 2 5 9 8 6 1 1 0 0 0 0 0 0 0"
2003122,2003-05-08,0,9,6,096,"0 9 6 6 3 4 2 1 0 0 0 0 0 0 0"
2003123,2003-05-09,8,6,1,861,"8 6 1 3 9 5 1 2 0 0 0 0 0 0 0"
2003124,2003-05-10,6,7,4,674,"6 7 4 0 4 2 1 1 0 0 0 0 0 0 0"
2003125,2003-05-11,6,6,7,667,"6 6 7 5 9 8 2 1 0 0 0 0 0 0 0"
2003126,2003-05-12,3,9,3,393,"3 9 3 6 4 5 2 2 0 0 0 0 0 0 0"
2003127,2003-05-13,9,9,4,994,"9 9 4 8 4 1 2 1 0 0 0 0 0 0 0"
2003128,2003-05-14,4,1,3,413,"4 1 3 1 7 1 2 2 0 0 0 0 0 0 0"
2003129,2003-05-15,7,3,5,735,"7 3 5 1 4 8 2 1 0 0 0 0 0 0 0"
2003130,2003-05-16,2,0,2,202,"2 0 2 2 8 1 2 1 0 0 0 0 0 0 0"
2003131,2003-05-17,7,5,3,753,"7 5 3 3 0 6 1 1 0 0 0 0 0 0 0"
2003132,2003-05-18,8,2,8,828,"8 2 8 4 9 7 2 2 0 0 0 0 0 0 0"
2003133,2003-05-19,9,0,9,909,"9 0 9 0 5 4 2 1 0 0 0 0 0 0 0"
2003134,2003-05-20,3,2,4,324,"3 2 4 3 6 5 1 2 0 0 0 0 0 0 0"
2003135,2003-05-21,7,7,9,779,"7 7 9 2 2 7 1 2 0 0 0 0 0 0 0"
2003136,2003-05-22,9,7,6,976,"9 7 6 6 6 9 2 2 0 0 0 0 0 0 0"
2003137,2003-05-23,7,6,8,768,"7 6 8 3 4 2 2 2 0 0 0 0 0 0 0"
2003138,2003-05-24,5,3,7,537,"5 3 7 8 4 5 2 2 0 0 0 0 0 0 0"
2003139,2003-05-25,6,6,1,661,"6 6 1 0 4 8 2 1 0 0 0 0 0 0 0"
2003140,2003-05-26,9,1,5,915,"9 1 5 3 2 7 2 1 0 0 0 0 0 0 0"
2003141,2003-05-27,7,8,0,780,"7 8 0 9 8 1 1 1 0 0 0 0 0 0 0"
2003142,2003-05-28,5,1,4,514,"5 1 4 3 1 6 2 2 0 0 0 0 0 0 0"
2003143,2003-05-29,8,2,6,826,"8 2 6 6 8 5 2 2 0 0 0 0 0 0 0"
2003144,2003-05-30,4,4,5,445,"4 4 5 6 8 8 1 1 0 0 0 0 0 0 0"
2003145,2003-05-31,4,6,5,465,"4 6 5 3 3 1 2 1 0 0 0 0 0 0 0"
2003146,2003-06-01,4,6,4,464,"4 6 4 7 7 4 2 1 0 0 0 0 0 0 0"
2003147,2003-06-02,8,7,0,870,"8 7 0 4 2 9 1 1 0 0 0 0 0 0 0"
2003148,2003-06-03,4,9,1,491,"4 9 1 3 5 8 2 2 0 0 0 0 0 0 0"
2003149,2003-06-04,1,8,2,182,"1 8 2 3 1 3 2 1 0 0 0 0 0 0 0"
2003150,2003-06-05,7,6,0,760,"7 6 0 7 0 4 2 1 0 0 0 0 0 0 0"
2003151,2003-06-06,1,2,5,125,"1 2 5 9 8 6 2 2 0 0 0 0 0 0 0"
2003152,2003-06-07,2,9,7,297,"2 9 7 7 7 8 1 1 0 0 0 0 0 0 0"
2003153,2003-06-08,4,6,8,468,"4 6 8 6 3 3 2 1 0 0 0 0 0 0 0"
2003154,2003-06-09,7,5,6,756,"7 5 6 2 0 5 1 2 0 0 0 0 0 0 0"
2003155,2003-06-10,8,8,2,882,"8 8 2 4 5 3 1 2 0 0 0 0 0 0 0"
2003156,2003-06-11,7,5,7,757,"7 5 7 4 8 8 2 1 0 0 0 0 0 0 0"
2003157,2003-06-12,2,1,7,217,"2 1 7 9 7 9 1 1 0 0 0 0 0 0 0"
2003158,2003-06-13,7,3,5,735,"7 3 5 7 9 2 1 1 0 0 0 0 0 0 0"
2003159,2003-06-14,5,5,1,551,"5 5 1 1 8 7 2 2 0 0 0 0 0 0 0"
2003160,2003-06-15,3,1,9,319,"3 1 9 7 2 7 1 2 0 0 0 0 0 0 0"
2003161,2003-06-16,0,0,1,001,"0 0 1 9 8 4 2 2 0 0 0 0 0 0 0"
2003162,2003-06-17,7,9,4,794,"7 9 4 1 5 0 2 1 0 0 0 0 0 0 0"
2003163,2003-06-18,7,3,8,738,"7 3 8 9 5 1 2 2 0 0 0 0 0 0 0"
2003164,2003-06-19,1,0,4,104,"1 0 4 8 2 1 2 2 0 0 0 0 0 0 0"
2003165,2003-06-20,8,3,6,836,"8 3 6 7 2 7 2 2 0 0 0 0 0 0 0"
2003166,2003-06-21,2,8,9,289,"2 8 9 6 5 0 1 1 0 0 0 0 0 0 0"
2003167,2003-06-22,3,2,3,323,"3 2 3 7 6 9 2 2 0 0 0 0 0 0 0"
2003168,2003-06-23,1,2,7,127,"1 2 7 0 4 3 1 1 0 0 0 0 0 0 0"
2003169,2003-06-24,9,7,4,974,"9 7 4 6 5 8 1 1 0 0 0 0 0 0 0"
2003170,2003-06-25,6,4,8,648,"6 4 8 1 3 9 2 1 0 0 0 0 0 0 0"
2003171,2003-06-26,6,2,8,628,"6 2 8 1 7 8 2 2 0 0 0 0 0 0 0"
2003172,2003-06-27,0,1,5,015,"0 1 5 4 2 0 1 2 0 0 0 0 0 0 0"
2003173,2003-06-28,1,4,6,146,"1 4 6 5 7 6 2 1 0 0 0 0 0 0 0"
2003174,2003-06-29,4,3,5,435,"4 3 5 1 3 3 1 2 0 0 0 0 0 0 0"
2003175,2003-06-30,5,2,6,526,"5 2 6 3 9 9 1 1 0 0 0 0 0 0 0"
2003176,2003-07-01,9,5,1,951,"9 5 1 4 3 8 1 1 0 0 0 0 0 0 0"
2003177,2003-07-02,2,1,4,214,"2 1 4 2 2 4 2 2 0 0 1000 0 320 0 160"
2003178,2003-07-03,5,6,4,564,"5 6 4 0 6 0 2 1 0 0 0 0 0 0 0"
2003179,2003-07-04,8,5,6,856,"8 5 6 6 1 9 2 2 0 0 0 0 0 0 0"
2003180,2003-07-05,0,7,7,077,"0 7 7 9 4 7 1 1 0 0 0 0 0 0 0"
2003181,2003-07-06,4,1,9,419,"4 1 9 7 1 5 1 1 0 0 0 0 0 0 0"
2003182,2003-07-07,9,3,8,938,"9 3 8 2 9 0 1 2 0 0 0 0 0 0 0"
2003183,2003-07-08,2,0,1,201,"2 0 1 0 7 5 1 2 0 0 0 0 0 0 0"
2003184,2003-07-09,1,5,6,156,"1 5 6 5 9 0 2 1 0 0 0 0 0 0 0"
2003185,2003-07-10,3,5,8,358,"3 5 8 9 9 2 1 1 0 0 0 0 0 0 0"
2003186,2003-07-11,7,8,5,785,"7 8 5 5 0 2 2 2 0 0 0 0 0 0 0"
2003187,2003-07-12,2,9,1,291,"2 9 1 8 6 0 2 2 0 0 0 0 0 0 0"
2003188,2003-07-13,3,5,5,355,"3 5 5 9 5 6 2 1 0 0 0 0 0 0 0"
2003189,2003-07-14,7,1,6,716,"7 1 6 6 8 7 2 2 0 0 0 0 0 0 0"
2003190,2003-07-15,6,1,9,619,"6 1 9 6 4 2 1 2 0 0 0 0 0 0 0"
2003191,2003-07-16,8,0,2,802,"8 0 2 8 6 8 1 1 0 0 0 0 0 0 0"
2003192,2003-07-17,7,2,0,720,"7 2 0 0 7 6 2 1 0 0 0 0 0 0 0"
2003193,2003-07-18,8,6,9,869,"8 6 9 9 7 2 2 1 0 0 0 0 0 0 0"
2003194,2003-07-19,2,4,3,243,"2 4 3 0 3 0 2 2 0 0 0 0 0 0 0"
2003195,2003-07-20,5,9,5,595,"5 9 5 6 5 7 2 2 0 0 0 0 0 0 0"
2003196,2003-07-21,5,9,1,591,"5 9 1 9 0 3 1 2 0 0 0 0 0 0 0"
2003197,2003-07-22,7,0,9,709,"7 0 9 3 6 5 1 1 0 0 0 0 0 0 0"
2003198,2003-07-23,3,4,0,340,"3 4 0 4 9 8 2 1 0 0 0 0 0 0 0"
2003199,2003-07-24,2,6,6,266,"2 6 6 2 9 5 1 1 0 0 0 0 0 0 0"
2003200,2003-07-25,3,3,5,335,"3 3 5 4 1 9 1 1 0 0 0 0 0 0 0"
2003201,2003-07-26,7,9,4,794,"7 9 4 0 3 1 1 1 0 0 0 0 0 0 0"
2003202,2003-07-27,8,1,0,810,"8 1 0 0 0 8 1 2 0 0 0 0 0 0 0"
2003203,2003-07-28,3,0,6,306,"3 0 6 9 4 0 2 1 0 0 0 0 0 0 0"
2003204,2003-07-29,9,8,2,982,"9 8 2 7 0 0 2 2 0 0 0 0 0 0 0"
2003205,2003-07-30,4,7,9,479,"4 7 9 0 2 8 1 2 0 0 0 0 0 0 0"
2003206,2003-07-31,3,9,0,390,"3 9 0 5 7 8 2 2 0 0 0 0 0 0 0"
2003207,2003-08-01,6,6,1,661,"6 6 1 4 6 8 2 2 0 0 0 0 0 0 0"
2003208,2003-08-02,6,4,4,644,"6 4 4 0 0 7 1 1 0 0 0 0 0 0 0"
2003209,2003-08-03,4,7,9,479,"4 7 9 7 0 7 2 1 0 0 0 0 0 0 0"
2003210,2003-08-04,5,8,0,580,"5 8 0 4 1 1 2 2 0 0 0 0 0 0 0"
2003211,2003-08-05,6,4,5,645,"6 4 5 8 6 2 1 2 0 0 0 0 0 0 0"
2003212,2003-08-06,8,5,7,857,"8 5 7 5 7 5 1 1 0 0 0 0 0 0 0"
2003213,2003-08-07,0,4,1,041,"0 4 1 7 0 9 2 1 0 0 0 0 0 0 0"
2003214,2003-08-08,5,9,7,597,"5 9 7 2 2 5 1 1 0 0 0 0 0 0 0"
2003215,2003-08-09,6,6,4,664,"6 6 4 4 4 4 1 1 0 0 0 0 0 0 0"
2003216,2003-08-10,9,7,5,975,"9 7 5 7 2 2 1 2 0 0 0 0 0 0 0"
2003217,2003-08-11,1,9,5,195,"1 9 5 4 0 1 1 1 0 0 0 0 0 0 0"
2003218,2003-08-12,3,4,6,346,"3 4 6 2 9 8 2 2 0 0 0 0 0 0 0"
2003219,2003-08-13,1,5,9,159,"1 5 9 6 0 3 2 2 0 0 0 0 0 0 0"
2003220,2003-08-14,4,2,5,425,"4 2 5 8 4 0 2 2 0 0 0 0 0 0 0"
2003221,2003-08-15,1,5,5,155,"1 5 5 3 9 7 1 2 0 0 0 0 0 0 0"
2003222,2003-08-16,3,8,6,386,"3 8 6 8 8 7 2 1 0 0 0 0 0 0 0"
2003223,2003-08-17,5,9,5,595,"5 9 5 1 4 9 1 1 0 0 0 0 0 0 0"
2003224,2003-08-18,5,3,7,537,"5 3 7 1 0 4 1 1 0 0 0 0 0 0 0"
2003225,2003-08-19,0,5,8,058,"0 5 8 5 4 4 1 2 0 0 0 0 0 0 0"
2003226,2003-08-20,9,2,8,928,"9 2 8 1 5 5 1 1 0 0 0 0 0 0 0"
2003227,2003-08-21,3,5,9,359,"3 5 9 8 0 7 1 2 0 0 0 0 0 0 0"
2003228,2003-08-22,2,0,5,205,"2 0 5 6 5 0 2 1 0 0 0 0 0 0 0"
2003229,2003-08-23,3,6,0,360,"3 6 0 7 0 5 1 1 0 0 0 0 0 0 0"
2003230,2003-08-24,6,7,0,670,"6 7 0 6 9 0 1 1 0 0 0 0 0 0 0"
2003231,2003-08-25,1,0,3,103,"1 0 3 7 6 4 1 1 0 0 0 0 0 0 0"
2003232,2003-08-26,1,1,4,114,"1 1 4 2 7 6 2 2 0 0 0 0 0 0 0"
2003233,2003-08-27,3,8,1,381,"3 8 1 3 1 5 1 1 0 0 0 0 0 0 0"
2003234,2003-08-28,1,4,0,140,"1 4 0 1 4 8 2 1 0 0 0 0 0 0 0"
2003235,2003-08-29,5,9,8,598,"5 9 8 6 8 1 2 1 0 0 0 0 0 0 0"
2003236,2003-08-30,8,8,4,884,"8 8 4 3 2 8 2 1 0 0 0 0 0 0 0"
2003237,2003-08-31,3,9,1,391,"3 9 1 6 8 0 1 2 0 0 0 0 0 0 0"
2003238,2003-09-01,9,3,1,931,"9 3 1 1 8 9 2 2 0 0 0 0 0 0 0"
2003239,2003-09-02,3,9,6,396,"3 9 6 4 6 4 1 1 0 0 0 0 0 0 0"
2003240,2003-09-03,2,0,0,200,"2 0 0 2 6 8 2 1 0 0 0 0 0 0 0"
2003241,2003-09-04,8,7,8,878,"8 7 8 5 9 4 1 2 0 0 0 0 0 0 0"
2003242,2003-09-05,5,4,6,546,"5 4 6 4 8 2 1 2 0 0 0 0 0 0 0"
2003243,2003-09-06,6,3,3,633,"6 3 3 2 0 2 1 1 0 0 0 0 0 0 0"
2003244,2003-09-07,0,4,8,048,"0 4 8 1 8 8 1 2 0 0 0 0 0 0 0"
2003245,2003-09-08,4,1,5,415,"4 1 5 7 0 1 1 2 0 0 0 0 0 0 0"
2003246,2003-09-09,4,1,4,414,"4 1 4 6 8 2 2 1 0 0 0 0 0 0 0"
2003247,2003-09-10,5,7,5,575,"5 7 5 6 0 6 2 2 0 0 0 0 0 0 0"
2003248,2003-09-11,5,9,3,593,"5 9 3 3 4 4 2 1 0 0 0 0 0 0 0"
2003249,2003-09-12,9,7,5,975,"9 7 5 3 5 5 2 1 0 0 0 0 0 0 0"
2003250,2003-09-13,7,4,0,740,"7 4 0 5 0 7 1 1 0 0 0 0 0 0 0"
2003251,2003-09-14,0,0,2,002,"0 0 2 7 7 2 2 2 0 0 0 0 0 0 0"
2003252,2003-09-15,4,1,7,417,"4 1 7 0 6 6 2 1 0 0 0 0 0 0 0"
2003253,2003-09-16,5,5,5,555,"5 5 5 1 8 3 2 2 0 0 0 0 0 0 0"
2003254,2003-09-17,5,1,5,515,"5 1 5 3 7 1 1 1 0 0 0 0 0 0 0"
2003255,2003-09-18,1,3,1,131,"1 3 1 5 5 2 1 1 0 0 0 0 0 0 0"
2003256,2003-09-19,3,0,4,304,"3 0 4 7 3 1 1 2 0 0 0 0 0 0 0"
2003257,2003-09-20,2,6,9,269,"2 6 9 3 9 7 1 1 0 0 0 0 0 0 0"
2003258,2003-09-21,5,0,6,506,"5 0 6 1 3 3 1 2 0 0 0 0 0 0 0"
2003259,2003-09-22,1,5,0,150,"1 5 0 9 1 1 2 1 0 0 0 0 0 0 0"
2003260,2003-09-23,5,3,4,534,"5 3 4 3 5 9 1 1 0 0 0 0 0 0 0"
2003261,2003-09-24,6,5,7,657,"6 5 7 8 6 3 1 1 0 0 0 0 0 0 0"
2003262,2003-09-25,8,7,1,871,"8 7 1 9 5 5 1 2 0 0 0 0 0 0 0"
2003263,2003-09-26,9,4,3,943,"9 4 3 3 7 8 2 2 0 0 0 0 0 0 0"
2003264,2003-09-27,6,1,3,613,"6 1 3 9 0 8 1 2 0 0 0 0 0 0 0"
2003265,2003-09-28,1,7,5,175,"1 7 5 7 7 4 2 1 0 0 0 0 0 0 0"
2003266,2003-09-29,2,2,5,225,"2 2 5 7 3 7 1 2 0 0 0 0 0 0 0"
2003267,2003-09-30,1,9,5,195,"1 9 5 3 5 7 1 1 0 0 0 0 0 0 0"
2003268,2003-10-01,3,6,4,364,"3 6 4 8 3 2 1 1 0 0 0 0 0 0 0"
2003269,2003-10-02,8,9,7,897,"8 9 7 8 2 8 1 1 0 0 0 0 0 0 0"
2003270,2003-10-03,2,9,8,298,"2 9 8 6 9 3 2 1 0 0 0 0 0 0 0"
2003271,2003-10-04,4,0,1,401,"4 0 1 6 5 0 1 1 0 0 0 0 0 0 0"
2003272,2003-10-05,0,5,9,059,"0 5 9 5 4 6 1 1 0 0 0 0 0 0 0"
2003273,2003-10-06,4,3,2,432,"4 3 2 8 4 5 1 2 0 0 0 0 0 0 0"
2003274,2003-10-07,6,1,1,611,"6 1 1 3 9 4 2 2 0 0 0 0 0 0 0"
2003275,2003-10-08,7,0,0,700,"7 0 0 4 1 0 2 1 0 0 0 0 0 0 0"
2003276,2003-10-09,3,9,9,399,"3 9 9 6 4 6 2 2 0 0 0 0 0 0 0"
2003277,2003-10-10,6,5,0,650,"6 5 0 7 9 5 1 2 0 0 0 0 0 0 0"
2003278,2003-10-11,3,6,6,366,"3 6 6 2 9 6 1 1 0 0 0 0 0 0 0"
2003279,2003-10-12,6,1,1,611,"6 1 1 9 1 1 1 2 0 0 0 0 0 0 0"
2003280,2003-10-13,2,2,4,224,"2 2 4 9 4 6 2 2 0 0 0 0 0 0 0"
2003281,2003-10-14,1,3,1,131,"1 3 1 0 1 5 1 1 0 0 0 0 0 0 0"
2003282,2003-10-15,5,8,9,589,"5 8 9 5 5 7 2 1 0 0 0 0 0 0 0"
2003283,2003-10-16,4,8,2,482,"4 8 2 2 9 2 1 1 0 0 0 0 0 0 0"
2003284,2003-10-17,3,0,5,305,"3 0 5 6 1 2 1 1 0 0 0 0 0 0 0"
2003285,2003-10-18,5,7,7,577,"5 7 7 3 9 0 2 2 0 0 0 0 0 0 0"
2003286,2003-10-19,5,2,6,526,"5 2 6 7 6 5 1 1 0 0 0 0 0 0 0"
2003287,2003-10-20,2,8,3,283,"2 8 3 3 7 4 2 1 0 0 0 0 0 0 0"
2003288,2003-10-21,6,9,0,690,"6 9 0 0 4 3 2 2 0 0 0 0 0 0 0"
2003289,2003-10-22,6,6,8,668,"6 6 8 1 2 7 2 2 0 0 0 0 0 0 0"
2003290,2003-10-23,6,7,3,673,"6 7 3 3 3 6 2 2 0 0 0 0 0 0 0"
2003291,2003-10-24,7,3,5,735,"7 3 5 5 7 4 1 1 0 0 0 0 0 0 0"
2003292,2003-10-25,8,7,4,874,"8 7 4 3 5 3 1 2 0 0 0 0 0 0 0"
2003293,2003-10-26,2,1,8,218,"2 1 8 1 6 3 2 2 0 0 0 0 0 0 0"
2003294,2003-10-27,2,4,4,244,"2 4 4 0 8 2 1 2 0 0 0 0 0 0 0"
2003295,2003-10-28,2,4,5,245,"2 4 5 3 5 7 2 2 0 0 0 0 0 0 0"
2003296,2003-10-29,7,2,8,728,"7 2 8 2 7 4 1 1 0 0 0 0 0 0 0"
2003297,2003-10-30,0,9,0,090,"0 9 0 5 0 7 1 1 0 0 0 0 0 0 0"
2003298,2003-10-31,0,6,2,062,"0 6 2 7 6 8 1 1 0 0 0 0 0 0 0"
2003299,2003-11-01,8,8,1,881,"8 8 1 7 6 8 2 1 0 0 0 0 0 0 0"
2003300,2003-11-02,8,6,8,868,"8 6 8 6 3 7 1 2 0 0 0 0 0 0 0"
2003301,2003-11-03,3,2,3,323,"3 2 3 8 8 6 2 1 0 0 0 0 0 0 0"
2003302,2003-11-04,1,6,2,162,"1 6 2 4 6 1 1 1 0 0 0 0 0 0 0"
2003303,2003-11-05,8,3,7,837,"8 3 7 5 0 1 1 1 0 0 0 0 0 0 0"
2003304,2003-11-06,4,2,8,428,"4 2 8 7 9 7 2 2 0 0 0 0 0 0 0"
2003305,2003-11-07,3,1,1,311,"3 1 1 0 4 5 1 2 0 0 0 0 0 0 0"
2003306,2003-11-08,0,3,8,038,"0 3 8 2 4 0 2 2 0 0 0 0 0 0 0"
2003307,2003-11-09,1,3,2,132,"1 3 2 5 0 1 2 1 0 0 0 0 0 0 0"
2003308,2003-11-10,1,4,4,144,"1 4 4 2 5 0 1 2 0 0 0 0 0 0 0"
2003309,2003-11-11,0,0,0,000,"0 0 0 8 2 2 1 1 0 0 0 0 0 0 0"
2003310,2003-11-12,0,9,0,090,"0 9 0 9 9 0 2 2 0 0 0 0 0 0 0"
2003311,2003-11-13,6,1,5,615,"6 1 5 8 5 5 2 1 0 0 0 0 0 0 0"
2003312,2003-11-14,3,9,2,392,"3 9 2 0 8 7 2 2 0 0 0 0 0 0 0"
2003313,2003-11-15,9,3,2,932,"9 3 2 7 9 5 1 1 0 0 0 0 0 0 0"
2003314,2003-11-16,8,8,4,884,"8 8 4 4 7 4 2 1 0 0 0 0 0 0 0"
2003315,2003-11-17,7,4,3,743,"7 4 3 9 6 6 2 2 0 0 0 0 0 0 0"
2003316,2003-11-18,9,8,1,981,"9 8 1 0 7 0 2 2 0 0 0 0 0 0 0"
2003317,2003-11-19,2,0,1,201,"2 0 1 6 1 7 1 1 0 0 0 0 0 0 0"
2003318,2003-11-20,0,2,3,023,"0 2 3 1 9 7 1 1 0 0 0 0 0 0 0"
2003319,2003-11-21,3,5,4,354,"3 5 4 3 7 6 1 1 0 0 0 0 0 0 0"
2003320,2003-11-22,9,9,8,998,"9 9 8 2 3 2 2 1 0 0 0 0 0 0 0"
2003321,2003-11-23,2,8,8,288,"2 8 8 3 7 1 2 2 0 0 0 0 0 0 0"
2003322,2003-11-24,5,4,5,545,"5 4 5 8 3 2 1 1 0 0 0 0 0 0 0"
2003323,2003-11-25,7,7,8,778,"7 7 8 5 7 3 2 1 0 0 0 0 0 0 0"
2003324,2003-11-26,0,6,0,060,"0 6 0 6 7 3 2 2 0 0 0 0 0 0 0"
2003325,2003-11-27,1,0,8,108,"1 0 8 3 2 8 2 2 0 0 0 0 0 0 0"
2003326,2003-11-28,8,2,1,821,"8 2 1 0 6 1 2 2 0 0 0 0 0 0 0"
2003327,2003-11-29,9,9,2,992,"9 9 2 5 8 1 1 1 0 0 0 0 0 0 0"
2003328,2003-11-30,0,5,3,053,"0 5 3 6 3 5 2 2 0 0 0 0 0 0 0"
2003329,2003-12-01,4,5,3,453,"4 5 3 9 3 2 1 2 0 0 0 0 0 0 0"
2003330,2003-12-02,5,4,8,548,"5 4 8 6 1 6 1 2 0 0 0 0 0 0 0"
2003331,2003-12-03,6,7,9,679,"6 7 9 6 9 4 1 1 0 0 0 0 0 0 0"
2003332,2003-12-04,8,9,5,895,"8 9 5 3 6 6 2 2 0 0 0 0 0 0 0"
2003333,2003-12-05,1,9,6,196,"1 9 6 6 9 3 1 2 0 0 0 0 0 0 0"
2003334,2003-12-06,5,6,3,563,"5 6 3 0 8 0 2 2 0 0 0 0 0 0 0"
2003335,2003-12-07,4,4,3,443,"4 4 3 6 8 5 1 2 0 0 0 0 0 0 0"
2003336,2003-12-08,5,1,5,515,"5 1 5 7 7 6 1 1 0 0 0 0 0 0 0"
2003337,2003-12-09,7,4,4,744,"7 4 4 7 0 1 1 1 0 0 0 0 0 0 0"
2003338,2003-12-10,0,2,1,021,"0 2 1 4 4 3 2 2 0 0 0 0 0 0 0"
2003339,2003-12-11,3,5,8,358,"3 5 8 9 0 4 2 2 0 0 0 0 0 0 0"
2003340,2003-12-12,2,7,6,276,"2 7 6 9 0 5 2 1 0 0 0 0 0 0 0"
2003341,2003-12-13,0,9,4,094,"0 9 4 4 8 6 1 2 0 0 0 0 0 0 0"
2003342,2003-12-14,1,9,7,197,"1 9 7 0 3 0 2 1 0 0 0 0 0 0 0"
2003343,2003-12-15,5,4,6,546,"5 4 6 4 4 2 1 1 0 0 0 0 0 0 0"
2003344,2003-12-16,4,0,4,404,"4 0 4 7 0 0 1 2 0 0 0 0 0 0 0"
2003345,2003-12-17,1,0,0,100,"1 0 0 6 7 9 1 1 0 0 0 0 0 0 0"
2003346,2003-12-18,1,5,4,154,"1 5 4 9 7 9 1 2 0 0 0 0 0 0 0"
2003347,2003-12-19,6,4,5,645,"6 4 5 4 8 1 2 1 0 0 0 0 0 0 0"
2003348,2003-12-20,0,3,5,035,"0 3 5 4 3 2 1 1 0 0 0 0 0 0 0"
2003349,2003-12-21,9,0,3,903,"9 0 3 5 5 8 1 1 0 0 0 0 0 0 0"
2003350,2003-12-22,3,0,1,301,"3 0 1 4 1 8 2 1 0 0 0 0 0 0 0"
2003351,2003-12-23,0,5,0,050,"0 5 0 0 3 1 1 1 0 0 0 0 0 0 0"
2003352,2003-12-24,3,8,9,389,"3 8 9 5 7 9 1 2 0 0 0 0 0 0 0"
2003353,2003-12-25,2,9,5,295,"2 9 5 6 1 7 2 2 0 0 0 0 0 0 0"
2003354,2003-12-26,6,8,9,689,"6 8 9 9 3 0 2 2 0 0 0 0 0 0 0"
2003355,2003-12-27,3,2,7,327,"3 2 7 5 4 6 1 2 0 0 0 0 0 0 0"
2003356,2003-12-28,1,8,5,185,"1 8 5 4 1 8 2 2 0 0 0 0 0 0 0"
2003357,2003-12-29,6,7,1,671,"6 7 1 3 8 9 1 1 0 0 0 0 0 0 0"
2003358,2003-12-30,6,4,3,643,"6 4 3 4 3 3 1 2 0 0 0 0 0 0 0"
2003359,2003-12-31,4,0,1,401,"4 0 1 7 9 3 2 2 0 0 0 0 0 0 0"
2004001,2004-01-01,1,0,1,101,"1 0 1 1 8 8 2 2 1372894 688 0 1543 0 0 0"
2004002,2004-01-02,0,2,1,021,"0 2 1 3 5 6 1 2 1340442 315 0 0 0 1545 0"
2004003,2004-01-03,6,7,0,670,"6 7 0 8 8 3 1 2 1361362 108 0 0 0 470 0"
2004004,2004-01-04,2,7,9,279,"2 7 9 3 6 9 1 2 0 0 0 0 0 0 0"
2004005,2004-01-05,3,9,2,392,"3 9 2 7 8 0 2 2 0 0 0 0 0 0 0"
2004006,2004-01-06,8,3,7,837,"8 3 7 5 9 7 1 2 0 0 0 0 0 0 0"
2004007,2004-01-07,1,3,2,132,"1 3 2 4 8 9 1 2 0 0 0 0 0 0 0"
2004008,2004-01-08,5,5,2,552,"5 5 2 5 7 3 1 2 0 0 0 0 0 0 0"
2004009,2004-01-09,0,8,7,087,"0 8 7 7 8 3 2 1 0 0 0 0 0 0 0"
2004010,2004-01-10,7,7,6,776,"7 7 6 3 4 1 1 2 0 0 0 0 0 0 0"
2004011,2004-01-11,2,1,2,212,"2 1 2 0 0 0 2 2 0 0 0 0 0 0 0"
2004012,2004-01-12,5,8,1,581,"5 8 1 4 9 8 2 1 0 0 0 0 0 0 0"
2004013,2004-01-13,7,3,8,738,"7 3 8 0 7 4 1 1 0 0 0 0 0 0 0"
2004014,2004-01-14,0,2,1,021,"0 2 1 6 2 2 2 1 0 0 0 0 0 0 0"
2004015,2004-01-15,1,3,5,135,"1 3 5 5 9 3 1 2 0 0 0 0 0 0 0"
2004016,2004-01-16,5,7,9,579,"5 7 9 3 2 9 2 1 0 0 0 0 0 0 0"
2004017,2004-01-17,6,4,0,640,"6 4 0 6 6 7 1 2 0 0 0 0 0 0 0"
2004018,2004-01-18,7,3,4,734,"7 3 4 5 7 0 1 2 0 0 0 0 0 0 0"
2004019,2004-01-19,7,6,1,761,"7 6 1 2 8 8 2 2 0 0 0 0 0 0 0"
2004020,2004-01-20,8,0,2,802,"8 0 2 5 7 1 1 1 0 0 0 0 0 0 0"
2004021,2004-01-21,0,8,4,084,"0 8 4 8 3 2 2 1 0 0 0 0 0 0 0"
2004022,2004-01-29,6,6,5,665,"6 6 5 2 0 4 2 2 0 0 0 0 0 0 0"
2004023,2004-01-30,6,4,2,642,"6 4 2 4 2 3 2 1 0 0 0 0 0 0 0"
2004024,2004-01-31,5,8,4,584,"5 8 4 0 3 1 1 1 0 0 0 0 0 0 0"
2004025,2004-02-01,9,8,5,985,"9 8 5 6 9 1 2 2 0 0 0 0 0 0 0"
2004026,2004-02-02,4,2,6,426,"4 2 6 6 6 8 1 2 0 0 0 0 0 0 0"
2004027,2004-02-03,5,4,1,541,"5 4 1 7 0 8 2 1 0 0 0 0 0 0 0"
2004028,2004-02-04,4,3,5,435,"4 3 5 9 4 3 1 2 0 0 0 0 0 0 0"
2004029,2004-02-05,9,7,4,974,"9 7 4 4 7 3 2 2 0 0 0 0 0 0 0"
2004030,2004-02-06,3,5,0,350,"3 5 0 6 4 0 1 1 0 0 0 0 0 0 0"
2004031,2004-02-07,6,8,9,689,"6 8 9 7 9 7 2 1 0 0 0 0 0 0 0"
2004032,2004-02-08,9,9,1,991,"9 9 1 8 2 9 2 1 0 0 0 0 0 0 0"
2004033,2004-02-09,0,2,8,028,"0 2 8 4 6 9 2 1 0 0 0 0 0 0 0"
2004034,2004-02-10,2,1,9,219,"2 1 9 7 4 6 2 1 0 0 0 0 0 0 0"
2004035,2004-02-11,0,6,7,067,"0 6 7 3 7 0 1 1 0 0 0 0 0 0 0"
2004036,2004-02-12,4,3,5,435,"4 3 5 5 5 0 1 1 0 0 0 0 0 0 0"
2004037,2004-02-13,7,9,2,792,"7 9 2 6 7 9 1 1 0 0 0 0 0 0 0"
2004038,2004-02-14,4,3,7,437,"4 3 7 8 9 3 1 2 0 0 0 0 0 0 0"
2004039,2004-02-15,0,7,2,072,"0 7 2 9 7 0 2 1 0 0 0 0 0 0 0"
2004040,2004-02-16,1,5,3,153,"1 5 3 7 8 8 1 2 0 0 0 0 0 0 0"
2004041,2004-02-17,8,3,1,831,"8 3 1 1 9 4 1 2 0 0 0 0 0 0 0"
2004042,2004-02-18,9,6,6,966,"9 6 6 0 7 3 2 1 0 0 0 0 0 0 0"
2004043,2004-02-19,7,4,0,740,"7 4 0 6 5 1 2 1 0 0 0 0 0 0 0"
2004044,2004-02-20,3,2,5,325,"3 2 5 6 4 1 1 2 0 0 0 0 0 0 0"
2004045,2004-02-21,1,7,3,173,"1 7 3 0 0 4 2 1 0 0 0 0 0 0 0"
2004046,2004-02-22,1,5,7,157,"1 5 7 1 8 8 1 1 0 0 0 0 0 0 0"
2004047,2004-02-23,2,1,3,213,"2 1 3 7 6 7 1 1 0 0 0 0 0 0 0"
2004048,2004-02-24,6,4,6,646,"6 4 6 7 9 1 2 1 0 0 0 0 0 0 0"
2004049,2004-02-25,9,9,9,999,"9 9 9 8 7 7 1 1 0 0 0 0 0 0 0"
2004050,2004-02-26,8,5,6,856,"8 5 6 7 3 7 2 1 0 0 0 0 0 0 0"
2004051,2004-02-27,3,0,2,302,"3 0 2 4 7 8 1 1 0 0 0 0 0 0 0"
2004052,2004-02-28,1,1,0,110,"1 1 0 8 0 8 2 2 0 0 0 0 0 0 0"
2004053,2004-02-29,8,3,4,834,"8 3 4 5 3 1 1 2 0 0 0 0 0 0 0"
2004054,2004-03-01,8,4,8,848,"8 4 8 1 3 0 1 2 0 0 0 0 0 0 0"
2004055,2004-03-02,1,6,2,162,"1 6 2 7 5 1 2 2 0 0 0 0 0 0 0"
2004056,2004-03-03,7,4,4,744,"7 4 4 9 6 5 2 2 0 0 0 0 0 0 0"
2004057,2004-03-04,2,0,9,209,"2 0 9 7 2 6 2 2 0 0 0 0 0 0 0"
2004058,2004-03-05,4,3,4,434,"4 3 4 3 6 7 2 1 0 0 0 0 0 0 0"
2004059,2004-03-06,8,3,9,839,"8 3 9 7 1 1 1 1 0 0 0 0 0 0 0"
2004060,2004-03-07,5,3,2,532,"5 3 2 6 4 2 2 1 0 0 0 0 0 0 0"
2004061,2004-03-08,4,5,9,459,"4 5 9 9 1 5 1 2 0 0 0 0 0 0 0"
2004062,2004-03-09,0,4,1,041,"0 4 1 4 2 7 1 2 0 0 0 0 0 0 0"
2004063,2004-03-10,7,2,3,723,"7 2 3 4 5 3 1 1 0 0 0 0 0 0 0"
2004064,2004-03-11,8,2,9,829,"8 2 9 4 1 5 1 1 0 0 0 0 0 0 0"
2004065,2004-03-12,6,0,8,608,"6 0 8 7 2 7 1 1 0 0 0 0 0 0 0"
2004066,2004-03-13,3,6,6,366,"3 6 6 0 0 3 2 1 0 0 0 0 0 0 0"
2004067,2004-03-14,4,1,4,414,"4 1 4 3 9 6 1 2 0 0 0 0 0 0 0"
2004068,2004-03-15,0,1,2,012,"0 1 2 2 3 0 1 2 0 0 0 0 0 0 0"
2004069,2004-03-16,4,9,2,492,"4 9 2 5 3 5 2 2 0 0 0 0 0 0 0"
2004070,2004-03-17,6,0,5,605,"6 0 5 4 8 5 2 1 0 0 0 0 0 0 0"
2004071,2004-03-18,5,7,0,570,"5 7 0 4 9 2 2 2 0 0 0 0 0 0 0"
2004072,2004-03-19,3,2,3,323,"3 2 3 1 2 5 1 1 0 0 0 0 0 0 0"
2004073,2004-03-20,6,0,8,608,"6 0 8 2 6 3 1 2 0 0 0 0 0 0 0"
2004074,2004-03-21,3,2,7,327,"3 2 7 6 7 0 2 1 0 0 0 0 0 0 0"
2004075,2004-03-22,6,8,2,682,"6 8 2 5 0 7 2 1 0 0 0 0 0 0 0"
2004076,2004-03-23,9,0,5,905,"9 0 5 0 7 9 1 1 0 0 0 0 0 0 0"
2004077,2004-03-24,9,3,6,936,"9 3 6 1 6 5 2 2 0 0 0 0 0 0 0"
2004078,2004-03-25,8,6,0,860,"8 6 0 7 3 5 1 2 0 0 0 0 0 0 0"
2004079,2004-03-26,8,7,9,879,"8 7 9 5 5 2 1 1 0 0 0 0 0 0 0"
2004080,2004-03-27,0,9,3,093,"0 9 3 9 3 4 1 1 0 0 0 0 0 0 0"
2004081,2004-03-28,9,8,4,984,"9 8 4 7 1 7 2 2 0 0 0 0 0 0 0"
2004082,2004-03-29,1,6,5,165,"1 6 5 7 0 3 1 2 0 0 0 0 0 0 0"
2004083,2004-03-30,0,4,4,044,"0 4 4 8 3 1 2 2 0 0 0 0 0 0 0"
2004084,2004-03-31,1,7,0,170,"1 7 0 6 0 5 2 2 0 0 0 0 0 0 0"
2004085,2004-04-01,2,6,9,269,"2 6 9 9 0 6 1 1 0 1339 980 0 320 1559 160"
2004086,2004-04-02,7,3,7,737,"7 3 7 8 4 0 1 1 0 792 980 810 320 0 160"
2004087,2004-04-03,1,6,3,163,"1 6 3 1 0 5 1 2 0 304 980 0 320 1346 160"
2004088,2004-04-04,2,1,7,217,"2 1 7 3 4 4 2 2 0 556 980 0 320 1547 160"
2004089,2004-04-05,1,9,1,191,"1 9 1 5 2 6 2 1 0 349 980 763 320 0 160"
2004090,2004-04-06,2,6,3,263,"2 6 3 6 4 8 1 1 0 511 980 0 320 1553 160"
2004091,2004-04-07,0,1,8,018,"0 1 8 5 6 4 2 2 0 427 980 0 320 1556 160"
2004092,2004-04-08,0,3,3,033,"0 3 3 2 6 1 2 1 0 207 980 1033 320 0 160"
2004093,2004-04-09,7,3,3,733,"7 3 3 7 9 3 1 1 0 203 980 498 320 0 160"
2004094,2004-04-10,2,1,7,217,"2 1 7 6 9 0 2 2 0 217 980 0 320 872 160"
2004095,2004-04-11,8,1,9,819,"8 1 9 0 1 3 1 2 0 524 980 0 320 1541 160"
2004096,2004-04-12,9,6,4,964,"9 6 4 0 8 2 2 1 0 474 980 0 320 1589 160"
2004097,2004-04-13,3,7,5,375,"3 7 5 4 2 7 1 1 0 1558 980 0 320 1603 160"
2004098,2004-04-14,5,5,4,554,"5 5 4 3 9 9 2 1 0 1968 980 1529 320 0 160"
2004099,2004-04-15,9,2,0,920,"9 2 0 7 1 5 2 2 0 379 980 0 320 1552 160"
2004100,2004-04-16,6,9,9,699,"6 9 9 6 8 3 1 1 0 221 980 265 320 0 160"
2004101,2004-04-17,4,9,9,499,"4 9 9 0 6 3 2 1 0 547 980 754 320 0 160"
2004102,2004-04-18,1,2,5,125,"1 2 5 6 9 1 1 1 0 363 980 0 320 1571 160"
2004103,2004-04-19,2,2,3,223,"2 2 3 3 7 6 2 1 0 988 980 1583 320 0 160"
2004104,2004-04-20,0,6,9,069,"0 6 9 0 5 5 2 1 0 271 980 0 320 1322 160"
2004105,2004-04-21,3,1,0,310,"3 1 0 6 6 7 2 2 0 415 980 0 320 1619 160"
2004106,2004-04-22,6,1,9,619,"6 1 9 1 8 4 2 1 0 368 980 0 320 1540 160"
2004107,2004-04-23,2,5,1,251,"2 5 1 6 8 6 1 2 0 247 980 0 320 730 160"
2004108,2004-04-24,0,3,3,033,"0 3 3 7 7 3 1 1 0 233 980 655 320 0 160"
2004109,2004-04-25,5,5,0,550,"5 5 0 1 3 3 1 2 1413088 133 980 481 320 0 160"
2004110,2004-04-26,6,2,8,628,"6 2 8 9 6 3 1 2 1566424 516 980 0 320 1577 160"
2004111,2004-04-27,6,3,1,631,"6 3 1 7 2 7 2 2 1606846 112 980 0 320 1052 160"
2004112,2004-04-28,1,0,5,105,"1 0 5 3 6 7 2 1 1647112 963 980 0 320 1546 160"
2004113,2004-04-29,1,3,1,131,"1 3 1 8 5 0 2 1 1559562 329 980 1003 320 0 160"
2004114,2004-04-30,5,9,9,599,"5 9 9 3 1 0 1 1 1689278 159 980 364 320 0 160"
2004115,2004-05-01,6,9,8,698,"6 9 8 1 2 0 1 2 1641454 197 980 0 320 1100 160"
2004116,2004-05-02,3,3,8,338,"3 3 8 6 0 7 2 1 1721852 141 980 474 320 0 160"
2004117,2004-05-03,0,4,8,048,"0 4 8 9 7 9 2 2 0 194 980 0 320 1557 160"
2004118,2004-05-04,8,2,9,829,"8 2 9 5 9 2 1 1 1650406 167 980 0 320 707 160"
2004119,2004-05-05,1,7,3,173,"1 7 3 3 0 3 1 1 1714926 483 980 0 0 1589 160"
2004120,2004-05-06,9,8,2,982,"9 8 2 3 9 7 1 1 1682692 2192 980 0 0 599 160"
2004121,2004-05-07,3,9,3,393,"3 9 3 9 6 7 1 2 1379358 233 980 720 320 0 0"
2004122,2004-05-08,3,1,3,313,"3 1 3 9 3 6 2 1 1533780 296 980 863 320 0 160"
2004123,2004-05-09,9,5,0,950,"9 5 0 9 2 6 2 1 1582836 183 980 0 320 1329 160"
2004124,2004-05-10,5,7,9,579,"5 7 9 6 8 4 1 1 1643688 311 980 0 320 953 160"
2004125,2004-05-11,4,9,4,494,"4 9 4 1 1 6 2 2 1676768 272 980 523 320 0 160"
2004126,2004-05-12,0,6,2,062,"0 6 2 9 8 3 2 1 1605830 347 980 0 320 1559 160"
2004127,2004-05-13,7,5,3,753,"7 5 3 2 1 6 1 1 1608458 461 980 0 320 1548 160"
2004128,2004-05-14,1,0,5,105,"1 0 5 5 9 3 1 1 1652466 431 980 0 320 1028 160"
2004129,2004-05-15,2,7,5,275,"2 7 5 4 0 6 1 1 1604500 245 980 0 320 1136 160"
2004130,2004-05-16,1,8,5,185,"1 8 5 5 5 2 2 1 1544712 201 980 0 320 1031 160"
2004131,2004-05-17,9,7,1,971,"9 7 1 9 1 7 1 2 1618972 161 980 0 320 950 160"
2004132,2004-05-18,6,6,5,665,"6 6 5 3 2 1 2 2 1598982 352 980 821 320 0 160"
2004133,2004-05-19,3,0,2,302,"3 0 2 1 0 5 2 2 1579794 336 980 0 320 1597 160"
2004134,2004-05-20,5,4,3,543,"5 4 3 5 7 3 1 1 1512760 732 980 0 320 1594 160"
2004135,2004-05-21,9,9,2,992,"9 9 2 3 0 4 2 2 1448584 277 980 1015 320 0 160"
2004136,2004-05-22,3,2,7,327,"3 2 7 8 5 7 2 1 1327972 398 980 0 320 1367 160"
2004137,2004-05-23,5,7,3,573,"5 7 3 7 9 5 1 2 1363662 316 980 0 320 951 160"
2004138,2004-05-24,7,2,3,723,"7 2 3 2 0 8 1 1 1421640 109 980 0 320 416 160"
2004139,2004-05-25,5,6,2,562,"5 6 2 8 3 7 2 2 1394420 275 980 0 320 1577 160"
2004140,2004-05-26,1,1,6,116,"1 1 6 7 4 0 1 2 1321792 1596 980 1144 320 0 160"
2004141,2004-05-27,3,6,0,360,"3 6 0 4 2 6 1 2 1152312 253 980 0 320 1568 160"
2004142,2004-05-28,6,2,6,626,"6 2 6 3 8 5 2 2 1163440 230 980 459 320 0 160"
2004143,2004-05-29,9,1,9,919,"9 1 9 4 3 3 2 2 1096150 335 980 605 320 0 160"
2004144,2004-05-30,4,8,4,484,"4 8 4 1 7 6 1 1 1072466 279 980 456 320 0 160"
2004145,2004-05-31,4,4,5,445,"4 4 5 1 0 9 2 1 1128130 137 980 425 320 0 160"
2004146,2004-06-01,8,4,6,846,"8 4 6 1 0 9 2 1 1112336 446 980 0 320 1565 160"
2004147,2004-06-02,1,6,1,161,"1 6 1 1 3 4 1 2 1099528 182 980 394 320 0 160"
2004148,2004-06-03,9,1,6,916,"9 1 6 3 5 0 1 1 1115892 294 980 0 320 727 160"
2004149,2004-06-04,7,4,3,743,"7 4 3 5 3 7 2 1 1148430 279 980 0 320 1698 160"
2004150,2004-06-05,7,6,8,768,"7 6 8 8 7 6 2 1 1089148 217 980 0 320 1595 160"
2004151,2004-06-06,2,8,9,289,"2 8 9 9 6 3 1 1 1032440 529 980 0 320 1221 160"
2004152,2004-06-07,8,3,3,833,"8 3 3 4 3 2 1 2 1142678 433 980 757 320 0 160"
2004153,2004-06-08,8,5,0,850,"8 5 0 2 4 4 1 1 1126426 295 980 0 320 1259 160"
2004154,2004-06-09,3,1,3,313,"3 1 3 8 0 7 1 2 1095922 220 980 762 320 0 160"
2004155,2004-06-10,7,7,2,772,"7 7 2 4 7 0 2 2 1082848 191 980 722 320 0 160"
2004156,2004-06-11,2,8,6,286,"2 8 6 2 3 0 1 1 1069246 278 980 0 320 866 160"
2004157,2004-06-12,6,6,1,661,"6 6 1 9 4 7 1 2 1037996 381 980 841 320 0 160"
2004158,2004-06-13,5,2,9,529,"5 2 9 5 0 4 2 1 1091416 342 980 0 320 867 160"
2004159,2004-06-14,0,6,4,064,"0 6 4 2 9 9 1 2 1158732 536 980 0 320 1465 160"
2004160,2004-06-15,1,8,5,185,"1 8 5 1 0 1 1 1 1143898 397 980 0 320 1378 160"
2004161,2004-06-16,8,3,4,834,"8 3 4 0 5 7 1 2 1055686 520 980 0 320 1520 160"
2004162,2004-06-17,7,9,9,799,"7 9 9 3 9 7 1 1 1186310 168 980 550 320 0 160"
2004163,2004-06-18,5,0,9,509,"5 0 9 2 7 4 2 2 1069308 308 980 0 320 1044 160"
2004164,2004-06-19,2,4,8,248,"2 4 8 9 4 7 1 1 1093770 360 980 0 320 965 160"
2004165,2004-06-20,9,3,8,938,"9 3 8 8 2 2 1 2 1061856 184 980 0 320 948 160"
2004166,2004-06-21,6,4,4,644,"6 4 4 9 6 1 1 1 1140078 161 980 531 320 0 160"
2004167,2004-06-22,2,1,5,215,"2 1 5 0 7 3 2 2 1138814 428 980 0 320 1493 160"
2004168,2004-06-23,8,9,5,895,"8 9 5 5 6 9 2 2 1139744 144 980 0 320 927 160"
2004169,2004-06-24,2,6,2,262,"2 6 2 9 5 4 1 1 1075444 212 980 556 320 0 160"
2004170,2004-06-25,7,8,7,787,"7 8 7 7 6 6 2 1 1131756 456 980 563 320 0 160"
2004171,2004-06-26,9,8,6,986,"9 8 6 8 1 2 2 2 993570 169 980 0 320 750 160"
2004172,2004-06-27,5,4,9,549,"5 4 9 1 7 5 1 2 1011514 259 980 0 320 935 160"
2004173,2004-06-28,2,8,2,282,"2 8 2 3 1 4 1 2 1113532 202 980 534 320 0 160"
2004174,2004-06-29,6,6,6,666,"6 6 6 1 6 9 2 1 1127868 673 980 0 0 0 0"
2004175,2004-06-30,8,1,6,816,"8 1 6 3 5 1 2 1 1062568 389 980 0 320 1557 160"
2004176,2004-07-01,4,8,8,488,"4 8 8 6 3 5 2 2 1118800 417 980 446 320 0 160"
2004177,2004-07-02,8,4,5,845,"8 4 5 6 7 8 1 2 1057270 205 980 0 320 699 160"
2004178,2004-07-03,5,2,9,529,"5 2 9 5 0 3 2 2 1088488 359 980 0 320 1224 160"
2004179,2004-07-04,6,9,1,691,"6 9 1 5 4 5 1 2 1030028 164 980 0 320 837 160"
2004180,2004-07-05,7,4,3,743,"7 4 3 5 6 3 2 2 1167624 446 980 0 320 1699 160"
2004181,2004-07-06,8,7,6,876,"8 7 6 3 9 7 1 2 1244030 1036 980 0 320 1591 160"
2004182,2004-07-07,1,9,0,190,"1 9 0 8 3 2 1 2 1362048 412 980 0 320 1404 160"
2004183,2004-07-08,8,3,1,831,"8 3 1 8 1 1 1 1 1273516 242 980 0 320 1351 160"
2004184,2004-07-09,6,5,4,654,"6 5 4 5 9 8 2 1 1239482 627 980 0 320 1561 160"
2004185,2004-07-10,1,3,4,134,"1 3 4 9 8 0 2 1 1070826 125 980 0 320 1086 160"
2004186,2004-07-11,5,4,9,549,"5 4 9 2 2 9 2 1 1220324 271 980 0 320 796 160"
2004187,2004-07-12,0,3,9,039,"0 3 9 1 7 2 2 2 1265830 233 980 0 320 805 160"
2004188,2004-07-13,6,2,6,626,"6 2 6 1 0 0 1 2 1308242 486 980 997 320 0 160"
2004189,2004-07-14,9,5,9,959,"9 5 9 3 5 6 1 1 1267932 248 980 533 320 0 160"
2004190,2004-07-15,2,7,6,276,"2 7 6 0 5 8 1 1 1231392 245 980 0 320 1149 160"
2004191,2004-07-16,0,0,4,004,"0 0 4 5 2 3 2 1 1197580 210 980 354 320 0 160"
2004192,2004-07-17,8,3,4,834,"8 3 4 2 3 5 2 1 1097750 151 980 0 320 1060 160"
2004193,2004-07-18,6,6,8,668,"6 6 8 9 3 9 1 1 1151950 375 980 601 320 0 160"
2004194,2004-07-19,9,8,8,988,"9 8 8 0 2 1 2 2 1170184 150 980 558 320 0 160"
2004195,2004-07-20,4,5,2,452,"4 5 2 4 7 7 1 1 1155402 956 980 0 320 1551 160"
2004196,2004-07-21,7,1,3,713,"7 1 3 0 5 5 2 2 1118392 1633 980 0 320 1576 160"
2004197,2004-07-22,6,3,3,633,"6 3 3 0 4 9 2 2 1100642 233 980 891 320 0 160"
2004198,2004-07-23,5,8,9,589,"5 8 9 1 6 4 2 1 1118410 592 980 0 320 1342 160"
2004199,2004-07-24,3,1,4,314,"3 1 4 7 8 8 2 1 1087190 983 980 0 320 1186 160"
2004200,2004-07-25,1,6,9,169,"1 6 9 0 9 5 1 2 0 424 980 0 320 1544 160"
2004201,2004-07-26,8,8,4,884,"8 8 4 2 9 8 2 1 1071248 378 980 753 320 0 160"
2004202,2004-07-27,7,3,6,736,"7 3 6 1 3 2 2 1 552154 199 980 0 320 628 160"
2004203,2004-07-28,7,0,7,707,"7 0 7 0 6 8 1 1 1170398 450 980 921 320 0 160"
2004204,2004-07-29,0,1,4,014,"0 1 4 9 4 8 2 1 1058880 392 980 0 320 1081 160"
2004205,2004-07-30,6,6,2,662,"6 6 2 4 1 1 1 1 1109954 238 980 780 320 0 160"
2004206,2004-07-31,5,6,7,567,"5 6 7 9 1 3 1 2 1041726 305 980 0 320 1549 160"
2004207,2004-08-01,1,5,9,159,"1 5 9 5 9 0 2 1 1032508 574 980 0 320 1547 160"
2004208,2004-08-02,5,9,9,599,"5 9 9 9 0 9 2 2 1180690 210 980 653 320 0 160"
2004209,2004-08-03,1,4,9,149,"1 4 9 2 4 6 2 2 1163676 169 980 0 320 865 160"
2004210,2004-08-04,7,0,9,709,"7 0 9 5 6 6 2 2 1192208 87 980 0 320 375 160"
2004211,2004-08-05,6,2,8,628,"6 2 8 4 9 3 2 2 1158266 618 980 0 320 1562 160"
2004212,2004-08-06,9,0,2,902,"9 0 2 3 2 8 1 2 1239898 199 980 0 320 558 160"
2004213,2004-08-07,4,5,5,455,"4 5 5 3 5 1 1 2 1175132 1339 980 1040 320 0 160"
2004214,2004-08-08,9,7,8,978,"9 7 8 9 1 6 2 1 1038446 191 980 0 320 1217 160"
2004215,2004-08-09,9,0,5,905,"9 0 5 7 0 4 1 1 1102010 103 980 0 320 622 160"
2004216,2004-08-10,4,5,9,459,"4 5 9 9 8 1 2 2 1262888 336 980 0 320 1246 160"
2004217,2004-08-11,9,1,4,914,"9 1 4 5 4 4 1 2 1199036 142 980 0 320 696 160"
2004218,2004-08-12,9,2,4,924,"9 2 4 8 4 1 1 2 1211086 143 980 0 320 526 160"
2004219,2004-08-13,4,0,0,400,"4 0 0 4 4 9 2 2 1259584 348 980 473 320 0 160"
2004220,2004-08-14,8,0,5,805,"8 0 5 2 1 0 2 1 1113438 463 980 0 320 1490 160"
2004221,2004-08-15,0,2,6,026,"0 2 6 6 0 2 1 2 1111452 228 980 0 320 527 160"
2004222,2004-08-16,7,6,7,767,"7 6 7 0 8 9 1 1 1173000 816 980 495 320 0 160"
2004223,2004-08-17,0,5,2,052,"0 5 2 5 6 5 1 1 1187054 93 980 0 320 643 160"
2004224,2004-08-18,7,9,5,795,"7 9 5 5 3 4 1 1 1173868 166 980 0 320 840 160"
2004225,2004-08-19,6,5,1,651,"6 5 1 7 2 1 2 1 1223074 761 980 0 320 1390 160"
2004226,2004-08-20,5,3,1,531,"5 3 1 3 1 6 2 2 1214682 844 980 0 320 1356 160"
2004227,2004-08-21,9,6,3,963,"9 6 3 3 3 7 2 1 1100460 241 980 0 320 1192 160"
2004228,2004-08-22,1,7,1,171,"1 7 1 5 8 8 1 2 1096186 324 980 672 320 0 160"
2004229,2004-08-23,1,6,0,160,"1 6 0 6 5 6 2 1 1097228 148 980 0 320 955 160"
2004230,2004-08-24,9,9,9,999,"9 9 9 6 8 9 2 2 1098978 347 980 0 320 0 160"
2004231,2004-08-25,4,6,7,467,"4 6 7 6 5 3 1 2 1049462 570 980 0 320 1236 160"
2004232,2004-08-26,8,4,7,847,"8 4 7 7 5 9 1 2 1091666 258 980 0 320 1040 160"
2004233,2004-08-27,0,9,3,093,"0 9 3 9 9 9 2 1 1099818 156 980 0 320 1157 160"
2004234,2004-08-28,6,8,6,686,"6 8 6 4 2 0 1 1 1122930 1177 980 746 320 0 160"
2004235,2004-08-29,2,4,2,242,"2 4 2 0 3 6 1 1 1091084 1032 980 520 320 0 160"
2004236,2004-08-30,7,5,1,751,"7 5 1 9 1 8 2 1 983280 323 980 0 320 1544 160"
2004237,2004-08-31,7,7,1,771,"7 7 1 5 2 3 1 2 1045696 187 980 581 320 0 160"
2004238,2004-09-01,4,9,5,495,"4 9 5 1 8 6 1 1 1049592 407 980 0 320 1542 160"
2004239,2004-09-02,5,1,5,515,"5 1 5 1 2 5 2 2 1138280 362 980 850 320 0 160"
2004240,2004-09-03,7,5,5,755,"7 5 5 3 5 4 1 1 1154926 77 980 303 320 0 160"
2004241,2004-09-04,0,7,5,075,"0 7 5 3 3 4 1 1 1125894 113 980 0 320 646 160"
2004242,2004-09-05,2,5,0,250,"2 5 0 0 6 3 2 2 1159614 220 980 0 320 771 160"
2004243,2004-09-06,2,8,0,280,"2 8 0 6 7 4 2 2 1223894 195 980 0 320 1112 160"
2004244,2004-09-07,3,7,5,375,"3 7 5 3 9 8 1 2 1199388 1163 980 0 320 1023 160"
2004245,2004-09-08,5,6,7,567,"5 6 7 8 6 5 1 1 1089954 566 980 0 320 1546 160"
2004246,2004-09-09,6,4,2,642,"6 4 2 3 5 1 1 1 1126560 532 980 0 320 1538 160"
2004247,2004-09-10,1,1,5,115,"1 1 5 1 5 5 1 1 1172486 562 980 1206 320 0 160"
2004248,2004-09-11,3,8,3,383,"3 8 3 9 1 2 2 1 1073896 295 980 975 320 0 160"
2004249,2004-09-12,3,4,6,346,"3 4 6 5 8 3 2 2 1073346 341 980 0 320 1218 160"
2004250,2004-09-13,4,1,6,416,"4 1 6 0 3 0 1 1 1171524 317 980 0 320 795 160"
2004251,2004-09-14,0,7,0,070,"0 7 0 8 4 7 1 1 1055280 149 980 362 320 0 160"
2004252,2004-09-15,9,7,4,974,"9 7 4 4 0 6 1 2 1093082 338 980 0 320 1510 160"
2004253,2004-09-16,0,5,9,059,"0 5 9 4 2 7 1 2 1154392 225 980 0 320 1311 160"
2004254,2004-09-17,9,1,8,918,"9 1 8 8 7 6 2 2 1170518 935 980 0 320 1544 160"
2004255,2004-09-18,0,2,5,025,"0 2 5 5 2 2 1 2 1131340 154 980 0 320 654 160"
2004256,2004-09-19,4,6,4,464,"4 6 4 4 1 1 2 2 1138158 647 980 1375 320 0 160"
2004257,2004-09-20,1,4,1,141,"1 4 1 0 5 8 1 2 1195172 209 980 393 320 0 160"
2004258,2004-09-21,8,9,4,894,"8 9 4 2 7 4 2 1 1160416 429 980 0 320 854 160"
2004259,2004-09-22,1,0,2,102,"1 0 2 9 6 5 1 1 1232034 620 980 0 320 892 160"
2004260,2004-09-23,2,7,7,277,"2 7 7 6 9 8 2 1 1126560 497 980 1135 320 0 160"
2004261,2004-09-24,5,3,7,537,"5 3 7 4 4 9 1 2 1163690 1431 980 0 320 1550 160"
2004262,2004-09-25,6,2,0,620,"6 2 0 4 1 5 2 1 1053930 299 980 0 320 1124 160"
2004263,2004-09-26,9,6,7,967,"9 6 7 6 2 0 2 2 1126592 285 980 0 320 1088 160"
2004264,2004-09-27,9,6,4,964,"9 6 4 7 1 3 2 2 1152580 96 980 0 320 670 160"
2004265,2004-09-28,8,6,1,861,"8 6 1 5 1 2 2 1 1161684 224 980 0 320 1541 160"
2004266,2004-09-29,5,9,4,594,"5 9 4 2 7 0 1 1 1239736 324 980 0 320 1558 160"
2004267,2004-09-30,3,3,8,338,"3 3 8 0 5 0 1 1 1186424 519 980 1145 320 0 160"
2004268,2004-10-01,0,5,1,051,"0 5 1 6 2 2 2 2 1028364 199 980 0 320 1064 160"
2004269,2004-10-02,5,9,3,593,"5 9 3 2 4 3 1 1 1013928 186 980 0 320 1138 160"
2004270,2004-10-03,1,4,1,141,"1 4 1 9 3 6 1 1 1080218 164 980 305 320 0 160"
2004271,2004-10-04,2,7,3,273,"2 7 3 7 8 3 2 2 1122758 398 980 0 320 1554 160"
2004272,2004-10-05,3,9,9,399,"3 9 9 4 6 8 1 2 1120214 209 980 378 320 0 160"
2004273,2004-10-06,7,8,8,788,"7 8 8 5 3 0 2 2 1168642 518 980 504 320 0 160"
2004274,2004-10-07,8,0,5,805,"8 0 5 8 6 9 1 1 1108134 697 980 0 320 1304 160"
2004275,2004-10-08,0,7,9,079,"0 7 9 8 8 7 1 1 1190932 242 980 0 320 1538 160"
2004276,2004-10-09,0,8,5,085,"0 8 5 4 4 7 1 1 1185906 46 980 0 320 270 160"
2004277,2004-10-10,9,5,7,957,"9 5 7 1 0 2 1 1 1187998 291 980 0 320 1253 160"
2004278,2004-10-11,8,8,0,880,"8 8 0 0 5 2 1 2 1211164 202 980 650 320 0 160"
2004279,2004-10-12,4,6,0,460,"4 6 0 6 9 5 2 1 1122394 379 980 0 320 1539 160"
2004280,2004-10-13,2,8,3,283,"2 8 3 2 3 7 2 2 1165758 254 980 0 320 1140 160"
2004281,2004-10-14,0,0,6,006,"0 0 6 1 6 5 1 2 1174382 475 980 508 320 0 160"
2004282,2004-10-15,7,8,9,789,"7 8 9 4 2 8 1 2 1135536 524 980 0 320 1568 160"
2004283,2004-10-16,8,5,1,851,"8 5 1 6 4 6 2 1 851 340 980 0 320 1556 160"
2004284,2004-10-17,6,9,0,690,"6 9 0 2 3 8 2 1 1159564 510 980 0 320 969 160"
2004285,2004-10-18,0,7,0,070,"0 7 0 9 7 1 1 1 1255698 162 980 494 320 0 160"
2004286,2004-10-19,5,5,7,557,"5 5 7 7 0 4 2 2 1159102 349 980 588 320 0 160"
2004287,2004-10-20,9,8,6,986,"9 8 6 0 8 2 2 2 1227036 226 980 0 320 1171 160"
2004288,2004-10-21,7,9,1,791,"7 9 1 8 1 7 2 2 1261816 137 980 0 320 1288 160"
2004289,2004-10-22,9,4,1,941,"9 4 1 3 2 4 2 1 1286022 167 980 0 320 839 160"
2004290,2004-10-23,6,1,1,611,"6 1 1 3 8 9 1 1 1280428 1280 980 1216 320 0 160"
2004291,2004-10-24,1,4,4,144,"1 4 4 7 6 6 2 1 1098794 642 980 806 320 0 160"
2004292,2004-10-25,4,7,1,471,"4 7 1 8 1 5 2 1 1101614 198 980 0 320 984 160"
2004293,2004-10-26,5,0,5,505,"5 0 5 0 9 8 2 1 1109010 253 980 526 320 0 160"
2004294,2004-10-27,8,2,8,828,"8 2 8 7 8 8 1 2 3627126 0 980 0 320 0 160"
2004295,2004-10-28,6,0,7,607,"6 0 7 1 4 0 2 1 1192924 366 980 0 320 1542 160"
2004296,2004-10-29,8,7,8,878,"8 7 8 2 9 4 1 1 1274598 103 980 310 320 0 160"
2004297,2004-10-30,4,7,7,477,"4 7 7 6 0 7 1 2 1229312 85 980 465 320 0 160"
2004298,2004-10-31,4,7,6,476,"4 7 6 8 9 2 1 2 1288618 108 980 0 320 645 160"
2004299,2004-11-01,4,3,9,439,"4 3 9 9 4 2 1 2 1385482 327 980 0 320 1352 160"
2004300,2004-11-02,6,7,9,679,"6 7 9 1 4 9 1 2 1403140 212 980 0 320 806 160"
2004301,2004-11-03,6,8,8,688,"6 8 8 2 1 4 2 2 1500886 246 980 852 320 0 160"
2004302,2004-11-04,1,7,7,177,"1 7 7 3 5 6 1 1 1426156 241 980 909 320 0 160"
2004303,2004-11-05,2,6,4,264,"2 6 4 7 6 1 2 1 1391326 300 980 0 320 1263 160"
2004304,2004-11-06,5,9,7,597,"5 9 7 5 1 4 1 2 0 0 980 0 320 0 160"
2004305,2004-11-07,2,7,0,270,"2 7 0 1 5 7 2 1 0 0 980 0 320 0 160"
2004306,2004-11-08,0,8,6,086,"0 8 6 4 3 9 2 1 0 0 980 0 320 0 160"
2004307,2004-11-09,9,3,6,936,"9 3 6 8 0 5 1 2 1476638 298 980 0 320 1327 160"
2004308,2004-11-10,2,8,7,287,"2 8 7 4 4 6 1 2 1456018 260 980 0 320 1032 160"
2004309,2004-11-11,1,5,2,152,"1 5 2 6 0 6 2 2 1455140 1498 980 0 320 1071 160"
2004310,2004-11-12,2,4,7,247,"2 4 7 8 2 0 2 1 1243650 433 980 0 320 1352 160"
2004311,2004-11-13,7,9,8,798,"7 9 8 5 8 7 2 1 1171406 339 980 0 320 1279 160"
2004312,2004-11-14,8,0,1,801,"8 0 1 9 4 3 2 2 1160304 373 980 0 320 706 160"
2004313,2004-11-15,4,8,5,485,"4 8 5 6 4 8 1 1 1278220 229 980 0 320 758 160"
2004314,2004-11-16,2,0,5,205,"2 0 5 2 2 3 1 2 0 0 980 0 320 0 160"
2004315,2004-11-17,8,0,0,800,"8 0 0 4 4 6 1 2 0 0 980 0 320 0 160"
2004316,2004-11-18,1,5,1,151,"1 5 1 2 2 7 2 1 0 0 980 0 320 0 160"
2004317,2004-11-19,9,9,2,992,"9 9 2 7 9 7 1 1 1233788 517 980 983 320 0 160"
2004318,2004-11-20,2,5,3,253,"2 5 3 9 1 0 1 2 0 0 980 0 320 0 160"
2004319,2004-11-21,9,1,1,911,"9 1 1 8 1 5 1 2 1166960 396 980 1065 320 0 160"
2004320,2004-11-22,4,2,4,424,"4 2 4 2 6 2 2 2 0 0 980 0 320 0 160"
2004321,2004-11-23,8,2,8,828,"8 2 8 1 8 9 1 2 1291016 209 980 897 320 0 160"
2004322,2004-11-24,6,3,1,631,"6 3 1 9 5 3 2 2 0 0 980 0 320 0 160"
2004323,2004-11-25,3,3,9,339,"3 3 9 7 8 5 2 2 0 0 980 0 320 0 160"
2004324,2004-11-26,8,3,6,836,"8 3 6 6 1 1 2 1 1207620 340 980 0 320 1104 160"
2004325,2004-11-27,9,3,5,935,"9 3 5 5 4 1 2 1 0 0 980 0 320 0 160"
2004326,2004-11-28,3,0,3,303,"3 0 3 1 8 2 1 1 0 0 980 0 320 0 160"
2004327,2004-11-29,2,2,7,227,"2 2 7 0 3 7 1 1 0 0 980 0 320 0 160"
2004328,2004-11-30,0,9,2,092,"0 9 2 4 7 3 1 2 0 0 980 0 320 0 160"
2004329,2004-12-01,9,2,7,927,"9 2 7 2 2 4 1 1 0 0 980 0 320 0 160"
2004330,2004-12-02,8,2,1,821,"8 2 1 0 2 5 2 1 0 0 980 0 320 0 160"
2004331,2004-12-03,7,3,1,731,"7 3 1 5 8 6 1 1 0 0 980 0 320 0 160"
2004332,2004-12-04,2,8,4,284,"2 8 4 4 3 9 2 1 0 0 980 0 320 0 160"
2004333,2004-12-05,7,9,8,798,"7 9 8 3 3 1 2 2 0 0 980 0 320 0 160"
2004334,2004-12-06,9,3,3,933,"9 3 3 7 5 1 1 1 0 0 980 0 320 0 160"
2004335,2004-12-07,0,6,6,066,"0 6 6 3 2 8 1 1 0 0 980 0 320 0 160"
2004336,2004-12-08,1,6,7,167,"1 6 7 7 6 7 1 1 0 0 980 0 320 0 160"
2004337,2004-12-09,4,8,7,487,"4 8 7 8 0 9 1 1 0 0 980 0 320 0 160"
2004338,2004-12-10,0,0,8,008,"0 0 8 4 8 8 1 2 0 0 980 0 320 0 160"
2004339,2004-12-11,3,7,8,378,"3 7 8 9 9 7 2 2 0 0 980 0 320 0 160"
2004340,2004-12-12,4,0,9,409,"4 0 9 2 5 2 2 2 0 0 980 0 320 0 160"
2004341,2004-12-13,7,7,4,774,"7 7 4 2 3 1 1 2 0 0 980 0 320 0 160"
2004342,2004-12-14,7,2,2,722,"7 2 2 4 2 6 1 1 0 0 980 0 320 0 160"
2004343,2004-12-15,2,2,9,229,"2 2 9 2 1 4 2 1 0 0 980 0 320 0 160"
2004344,2004-12-16,3,6,9,369,"3 6 9 5 5 5 2 1 0 0 980 0 320 0 160"
2004345,2004-12-17,6,5,1,651,"6 5 1 3 8 4 1 1 0 0 980 0 320 0 160"
2004346,2004-12-18,6,4,9,649,"6 4 9 9 7 3 2 1 0 0 980 0 320 0 160"
2004347,2004-12-19,3,5,7,357,"3 5 7 3 2 8 2 2 0 0 980 0 320 0 160"
2004348,2004-12-20,2,6,3,263,"2 6 3 4 3 1 1 1 0 0 980 0 320 0 160"
2004349,2004-12-21,4,7,2,472,"4 7 2 2 3 8 1 1 0 0 980 0 320 0 160"
2004350,2004-12-22,7,8,7,787,"7 8 7 9 6 7 1 2 0 0 980 0 320 0 160"
2004351,2004-12-23,4,1,9,419,"4 1 9 3 9 2 1 2 0 0 980 0 320 0 160"
2004352,2004-12-24,1,8,7,187,"1 8 7 9 5 5 1 2 0 0 980 0 320 0 160"
2004353,2004-12-25,5,1,9,519,"5 1 9 3 0 2 1 2 1548354 1681 980 0 320 1547 160"
2004354,2004-12-26,6,1,9,619,"6 1 9 3 9 7 1 2 1311860 268 980 0 320 1114 160"
2004355,2004-12-27,1,0,7,107,"1 0 7 7 2 9 1 2 0 0 980 0 320 0 160"
2004356,2004-12-28,3,9,7,397,"3 9 7 4 9 0 1 1 0 0 980 0 320 0 160"
2004357,2004-12-29,2,2,9,229,"2 2 9 4 7 5 1 1 0 0 980 0 320 0 160"
2004358,2004-12-30,6,0,5,605,"6 0 5 6 0 4 1 1 0 0 980 0 320 0 160"
2004359,2004-12-31,3,2,1,321,"3 2 1 6 4 6 1 1 1413096 511 980 0 320 1599 160"
2005001,2005-01-01,0,1,9,019,"0 1 9 0 5 5 1 1 11640852 3112 980 0 320 9181 160"
2005002,2005-01-02,0,4,3,043,"0 4 3 7 7 4 1 2 11011520 972 980 0 320 7029 160"
2005003,2005-01-03,9,2,8,928,"9 2 8 2 2 5 1 1 11233116 3652 980 0 320 8151 160"
2005004,2005-01-04,0,5,2,052,"0 5 2 8 9 2 1 2 0 0 980 0 320 0 160"
2005005,2005-01-05,5,6,8,568,"5 6 8 3 0 0 1 1 1496660 348 980 0 320 934 160"
2005006,2005-01-06,8,6,4,864,"8 6 4 2 7 6 2 1 13119350 8151 980 0 320 9842 160"
2005007,2005-01-07,3,1,9,319,"3 1 9 6 4 5 1 2 13387300 6461 980 0 320 13033 160"
2005008,2005-01-08,0,0,3,003,"0 0 3 7 4 5 2 1 14041154 1673 980 5065 320 0 160"
2005009,2005-01-09,7,0,7,707,"7 0 7 3 7 2 2 1 12570554 8000 980 13665 320 0 160"
2005010,2005-01-10,6,5,8,658,"6 5 8 3 7 6 2 2 13685942 2667 980 0 320 6543 160"
2005011,2005-01-11,7,4,0,740,"7 4 0 1 9 2 1 2 13493600 9535 980 0 320 8467 160"
2005012,2005-01-12,8,5,4,854,"8 5 4 9 7 3 2 1 12763958 7406 980 0 320 18678 160"
2005013,2005-01-13,8,5,0,850,"8 5 0 1 7 8 1 2 13089546 1218 980 0 320 5990 160"
2005014,2005-01-14,0,5,3,053,"0 5 3 8 3 0 1 2 12947620 2276 980 0 320 7735 160"
2005015,2005-01-15,4,3,8,438,"4 3 8 6 1 9 2 1 12957548 7195 980 0 320 15324 160"
2005016,2005-01-16,1,0,7,107,"1 0 7 5 0 6 2 1 13152314 3800 980 0 320 6648 160"
2005017,2005-01-17,8,0,2,802,"8 0 2 0 0 8 1 1 14304738 2188 980 0 320 9944 160"
2005018,2005-01-18,7,1,5,715,"7 1 5 5 2 9 1 2 14806612 5154 980 0 320 14939 160"
2005019,2005-01-19,8,0,3,803,"8 0 3 9 1 5 2 1 16708272 5153 980 0 320 11515 160"
2005020,2005-01-20,7,6,6,766,"7 6 6 0 3 7 2 2 17800490 9828 980 11055 320 0 160"
2005021,2005-01-21,0,7,5,075,"0 7 5 6 9 1 1 2 16002822 12401 980 0 320 23672 160"
2005022,2005-01-22,3,1,3,313,"3 1 3 8 9 2 1 2 14570374 3157 980 3122 320 0 160"
2005023,2005-01-23,4,0,5,405,"4 0 5 5 0 4 2 2 15360756 7572 980 0 320 14215 160"
2005024,2005-01-24,2,7,1,271,"2 7 1 2 4 6 1 2 16348718 5882 980 0 320 14433 160"
2005025,2005-01-25,9,8,5,985,"9 8 5 0 6 8 1 2 16214064 6391 980 0 320 15617 160"
2005026,2005-01-26,3,3,9,339,"3 3 9 1 9 8 2 1 16751016 4552 980 4973 320 0 160"
2005027,2005-01-27,9,2,5,925,"9 2 5 7 2 0 1 1 17359422 6663 980 0 320 16472 160"
2005028,2005-01-28,3,8,9,389,"3 8 9 4 6 6 1 2 17882344 9420 980 0 320 11435 160"
2005029,2005-01-29,7,1,7,717,"7 1 7 9 2 9 2 1 18678190 5827 980 4122 320 0 160"
2005030,2005-01-30,8,2,7,827,"8 2 7 9 1 3 1 1 18863700 7490 980 0 320 14391 160"
2005031,2005-01-31,6,9,9,699,"6 9 9 4 8 3 2 2 20179610 12668 980 3442 320 0 160"
2005032,2005-02-01,8,5,3,853,"8 5 3 6 6 9 2 2 18537386 5875 980 0 320 23824 160"
2005033,2005-02-02,8,8,1,881,"8 8 1 5 8 7 1 2 19744326 1362 980 3553 320 0 160"
2005034,2005-02-03,1,5,1,151,"1 5 1 6 7 1 1 1 19290054 3132 980 2895 320 0 160"
2005035,2005-02-04,5,9,9,599,"5 9 9 4 1 8 1 2 19633434 9612 980 3045 320 0 160"
2005036,2005-02-05,2,7,5,275,"2 7 5 0 0 8 1 2 18985910 18311 980 0 320 29535 160"
2005037,2005-02-06,0,7,4,074,"0 7 4 0 8 5 1 2 17099306 7581 980 0 320 14121 160"
2005038,2005-02-07,6,3,1,631,"6 3 1 2 7 7 1 1 16100918 3618 980 0 320 14040 160"
2005039,2005-02-08,0,8,6,086,"0 8 6 1 0 2 2 2 12901902 3191 980 0 320 8871 160"
2005040,2005-02-16,7,2,3,723,"7 2 3 0 0 6 1 2 14292010 6428 980 0 320 13653 160"
2005041,2005-02-17,7,0,0,700,"7 0 0 6 9 4 1 1 15613530 3466 980 2564 320 0 160"
2005042,2005-02-18,4,6,6,466,"4 6 6 6 9 2 1 2 16687460 3594 980 2915 320 0 160"
2005043,2005-02-19,9,4,2,942,"9 4 2 1 9 6 1 2 17809682 18039 980 0 320 11869 160"
2005044,2005-02-20,9,3,4,934,"9 3 4 1 9 4 1 2 18249470 2712 980 0 320 5172 160"
2005045,2005-02-21,0,2,8,028,"0 2 8 5 1 6 2 1 20308728 17595 980 0 320 12307 160"
2005046,2005-02-22,4,8,8,488,"4 8 8 1 5 2 2 2 19945592 2459 980 2100 320 0 160"
2005047,2005-02-23,7,1,0,710,"7 1 0 4 7 4 1 2 21253992 6861 980 0 320 12190 160"
2005048,2005-02-24,0,0,5,005,"0 0 5 5 8 3 1 1 22548442 5023 980 2860 320 0 160"
2005049,2005-02-25,7,8,4,784,"7 8 4 6 5 4 2 2 23474388 4425 980 0 320 12241 160"
2005050,2005-02-26,2,7,2,272,"2 7 2 3 0 4 1 1 24407932 5990 980 4678 320 0 160"
2005051,2005-02-27,8,3,0,830,"8 3 0 7 6 6 2 2 24846594 6503 980 0 320 10710 160"
2005052,2005-02-28,4,9,3,493,"4 9 3 8 1 8 2 1 25888694 6578 980 0 320 10110 160"
2005053,2005-03-01,1,4,2,142,"1 4 2 3 6 5 2 2 26591980 5784 980 0 320 7966 160"
2005054,2005-03-02,3,0,7,307,"3 0 7 2 5 6 1 2 27840916 34709 980 0 320 13440 160"
2005055,2005-03-03,0,5,8,058,"0 5 8 7 3 9 2 2 25424976 36734 980 0 320 32994 160"
2005056,2005-03-04,2,5,7,257,"2 5 7 8 7 2 2 1 25468342 8610 980 0 320 17298 160"
2005057,2005-03-05,0,8,1,081,"0 8 1 8 8 8 2 1 27726880 6272 980 0 320 13698 160"
2005058,2005-03-06,1,9,5,195,"1 9 5 8 7 4 1 2 29756900 7614 980 0 320 22291 160"
2005059,2005-03-07,5,4,2,542,"5 4 2 9 5 8 2 1 33285486 19452 980 0 320 10912 160"
2005060,2005-03-08,7,1,7,717,"7 1 7 1 0 9 1 1 34542168 11281 980 0 320 7662 160"
2005061,2005-03-09,2,4,5,245,"2 4 5 2 1 8 1 1 36794072 3270 980 0 320 5891 160"
2005062,2005-03-10,3,1,1,311,"3 1 1 1 5 7 2 1 0 0 980 0 320 0 160"
2005063,2005-03-11,9,5,9,959,"9 5 9 3 2 9 2 1 39841280 56134 980 4045 320 0 160"
2005064,2005-03-12,6,0,0,600,"6 0 0 0 2 8 1 1 33841856 32759 980 7597 320 0 160"
2005065,2005-03-13,4,6,7,467,"4 6 7 5 2 9 2 2 31348624 27424 980 0 320 27386 160"
2005066,2005-03-14,7,8,7,787,"7 8 7 3 9 1 2 1 34991338 5057 980 3718 320 0 160"
2005067,2005-03-15,8,7,5,875,"8 7 5 6 3 8 2 2 37144080 16811 980 0 320 14569 160"
2005068,2005-03-16,9,5,8,958,"9 5 8 9 2 8 2 2 40359836 5872 980 0 320 12525 160"
2005069,2005-03-17,1,6,9,169,"1 6 9 9 7 7 1 1 41634590 14222 980 0 320 20858 160"
2005070,2005-03-18,8,5,4,854,"8 5 4 7 9 4 2 1 45255962 10921 980 0 320 24379 160"
2005071,2005-03-19,5,5,5,555,"5 5 5 1 6 0 1 1 45812144 8000 980 0 320 0 160"
2005072,2005-03-20,5,9,5,595,"5 9 5 0 0 7 2 1 45679446 3960 980 3819 320 0 160"
2005073,2005-03-21,4,5,8,458,"4 5 8 8 7 1 1 2 48528786 9651 980 0 320 9458 160"
2005074,2005-03-22,0,5,8,058,"0 5 8 4 1 6 2 2 49172572 14879 980 0 320 13440 160"
2005075,2005-03-23,1,4,4,144,"1 4 4 0 0 4 2 1 47344240 6142 980 4569 320 0 160"
2005076,2005-03-24,0,5,3,053,"0 5 3 7 8 2 2 2 46469532 14522 980 0 320 17266 160"
2005077,2005-03-25,9,4,4,944,"9 4 4 4 0 5 1 2 48521676 3474 980 2971 320 0 160"
2005078,2005-03-26,9,6,9,969,"9 6 9 6 0 7 1 2 46408928 6755 980 3972 320 0 160"
2005079,2005-03-27,2,9,5,295,"2 9 5 3 5 1 2 2 46017284 10404 980 0 320 11764 160"
2005080,2005-03-28,5,5,3,553,"5 5 3 1 1 6 1 2 46716234 4588 980 3620 320 0 160"
2005081,2005-03-29,8,0,8,808,"8 0 8 1 1 2 1 1 46485832 12296 980 5048 320 0 160"
2005082,2005-03-30,2,1,2,212,"2 1 2 0 5 5 1 1 45012472 5744 980 3473 320 0 160"
2005083,2005-03-31,6,6,6,666,"6 6 6 9 8 2 2 2 42852774 82332 980 0 320 0 160"
2005084,2005-04-01,8,8,0,880,"8 8 0 6 1 2 1 1 36405812 6213 980 2074 320 0 160"
2005085,2005-04-02,4,1,6,416,"4 1 6 6 4 6 2 1 38887502 14646 980 0 320 14377 160"
2005086,2005-04-03,2,2,8,228,"2 2 8 9 3 1 2 1 40807990 71310 980 9152 320 0 160"
2005087,2005-04-04,1,5,7,157,"1 5 7 5 9 3 2 1 33930586 15407 980 0 320 19549 160"
2005088,2005-04-05,5,7,1,571,"5 7 1 9 5 7 1 1 36112148 18877 980 0 320 3979 160"
2005089,2005-04-06,8,8,5,885,"8 8 5 7 4 2 1 2 39682910 34551 980 11336 320 0 160"
2005090,2005-04-07,2,1,7,217,"2 1 7 4 4 9 1 2 43450544 12164 980 0 320 16700 160"
2005091,2005-04-08,1,1,5,115,"1 1 5 5 6 7 1 1 47774576 9263 980 9526 320 0 160"
2005092,2005-04-09,8,1,6,816,"8 1 6 3 8 5 2 1 0 0 980 0 320 0 160"
2005093,2005-04-10,6,6,0,660,"6 6 0 1 1 7 2 2 49477332 9432 980 0 320 8071 160"
2005094,2005-04-11,1,7,1,171,"1 7 1 6 2 0 1 1 52136140 17095 980 0 320 9845 160"
2005095,2005-04-12,0,2,2,022,"0 2 2 2 5 1 2 2 54692558 20087 980 8549 320 0 160"
2005096,2005-04-13,6,0,6,606,"6 0 6 3 4 0 2 1 55992600 15047 980 4250 320 0 160"
2005097,2005-04-14,6,6,5,665,"6 6 5 3 8 2 1 2 56341174 7504 980 6013 320 0 160"
2005098,2005-04-15,0,6,3,063,"0 6 3 2 4 3 2 1 55182110 6915 980 0 320 9050 160"
2005099,2005-04-16,4,2,2,422,"4 2 2 2 7 4 1 1 56102208 7319 980 7668 320 0 160"
2005100,2005-04-17,5,4,9,549,"5 4 9 1 3 8 2 2 55552346 14887 980 0 320 18995 160"
2005101,2005-04-18,3,0,7,307,"3 0 7 1 1 7 2 1 55767754 11057 980 0 320 13289 160"
2005102,2005-04-19,6,7,1,671,"6 7 1 1 9 4 1 1 55511354 34751 980 0 320 79688 160"
2005103,2005-04-20,0,4,5,045,"0 4 5 0 1 0 1 1 52720770 7712 980 0 320 9735 160"
2005104,2005-04-21,8,6,9,869,"8 6 9 2 2 8 2 1 52197854 8625 980 0 320 10976 160"
2005105,2005-04-22,2,4,0,240,"2 4 0 1 0 6 2 2 49522220 9277 980 0 320 18818 160"
2005106,2005-04-23,6,6,9,669,"6 6 9 9 2 9 1 2 48898568 9413 980 12437 320 0 160"
2005107,2005-04-24,6,0,9,609,"6 0 9 5 4 1 2 1 48403866 7753 980 0 320 14500 160"
2005108,2005-04-25,2,0,3,203,"2 0 3 6 7 8 2 2 49073088 4968 980 0 320 8321 160"
2005109,2005-04-26,6,3,0,630,"6 3 0 7 9 9 2 1 48778440 76920 980 0 320 7609 160"
2005110,2005-04-27,8,5,1,851,"8 5 1 5 6 8 2 1 36190736 19551 980 0 320 19551 160"
2005111,2005-04-28,0,7,9,079,"0 7 9 2 7 4 2 1 38071814 16027 980 0 320 29314 160"
2005112,2005-04-29,5,2,9,529,"5 2 9 9 4 8 1 1 39263214 6254 980 0 320 9322 160"
2005113,2005-04-30,3,8,0,380,"3 8 0 0 0 5 2 2 39911078 29593 980 0 320 102139 160"
2005114,2005-05-01,3,6,7,367,"3 6 7 5 0 3 2 1 0 0 980 0 320 0 160"
2005115,2005-05-02,8,8,0,880,"8 8 0 3 3 3 1 1 37562042 4915 980 16185 320 0 160"
2005116,2005-05-03,8,3,0,830,"8 3 0 6 7 1 1 1 37931952 9461 980 0 320 12977 160"
2005117,2005-05-04,1,3,0,130,"1 3 0 6 6 9 2 1 40007430 10157 980 0 320 7389 160"
2005118,2005-05-05,9,1,6,916,"9 1 6 0 0 2 2 2 39911626 9477 980 0 320 14546 160"
2005119,2005-05-06,1,0,2,102,"1 0 2 7 9 8 1 1 42899816 9087 980 0 320 15930 160"
2005120,2005-05-07,5,0,2,502,"5 0 2 3 7 5 2 2 45702822 8290 980 0 320 25760 160"
2005121,2005-05-08,0,5,3,053,"0 5 3 1 1 0 2 1 47957300 10656 980 0 320 16710 160"
2005122,2005-05-09,2,7,5,275,"2 7 5 7 2 3 1 2 51547514 20275 980 0 320 21375 160"
2005123,2005-05-10,0,3,4,034,"0 3 4 5 0 1 2 1 55544896 7880 980 0 320 29007 160"
2005124,2005-05-11,3,3,3,333,"3 3 3 7 4 5 1 2 57753570 36263 980 0 320 0 160"
2005125,2005-05-12,0,0,5,005,"0 0 5 3 4 5 1 2 58869274 13860 980 25407 320 0 160"
2005126,2005-05-13,5,9,4,594,"5 9 4 4 4 4 2 1 60954342 12186 980 0 320 19391 160"
2005127,2005-05-14,4,8,2,482,"4 8 2 2 4 9 1 2 60959682 6517 980 0 320 21231 160"
2005128,2005-05-15,5,9,6,596,"5 9 6 8 0 4 1 1 58762634 18144 980 0 320 31464 160"
2005129,2005-05-16,5,7,3,573,"5 7 3 1 0 1 2 2 60158982 9155 980 0 320 41064 160"
2005130,2005-05-17,1,3,1,131,"1 3 1 0 6 6 1 2 62851670 9145 980 11769 320 0 160"
2005131,2005-05-18,7,9,6,796,"7 9 6 7 0 4 1 2 60516796 100891 980 0 320 31912 160"
2005132,2005-05-19,1,8,0,180,"1 8 0 9 3 7 2 2 44151708 8606 980 0 320 28528 160"
2005133,2005-05-20,9,6,4,964,"9 6 4 9 1 5 1 1 46882326 35333 980 0 320 57562 160"
2005134,2005-05-21,8,9,9,899,"8 9 9 0 5 1 2 2 44507328 11802 980 5968 320 0 160"
2005135,2005-05-22,9,3,6,936,"9 3 6 7 8 3 1 2 43504624 10058 980 0 320 29216 160"
2005136,2005-05-23,4,8,9,489,"4 8 9 4 0 5 1 1 51798636 9511 980 0 320 18601 160"
2005137,2005-05-24,0,5,2,052,"0 5 2 2 8 0 2 1 52949132 13333 980 0 320 49028 160"
2005138,2005-05-25,1,6,7,167,"1 6 7 1 1 0 2 1 55648880 14387 980 47652 320 0 160"
2005139,2005-05-26,6,6,7,667,"6 6 7 3 2 9 2 2 59017312 7021 980 9892 320 0 160"
2005140,2005-05-27,5,7,2,572,"5 7 2 7 2 4 2 1 61164274 10596 980 0 320 35043 160"
2005141,2005-05-28,6,6,3,663,"6 6 3 2 3 8 2 2 62010512 7884 980 11218 320 0 160"
2005142,2005-05-29,3,0,6,306,"3 0 6 3 3 2 1 2 64384308 17975 980 0 320 46688 160"
2005143,2005-05-30,1,0,5,105,"1 0 5 0 8 1 1 2 65737936 16817 980 0 320 48594 160"
2005144,2005-05-31,4,9,4,494,"4 9 4 1 5 4 1 2 0 0 980 0 320 0 160"
2005145,2005-06-01,9,4,3,943,"9 4 3 3 9 6 1 2 72030552 12898 980 0 320 30964 160"
2005146,2005-06-02,4,7,7,477,"4 7 7 4 9 6 1 1 72603606 7416 980 11976 320 0 160"
2005147,2005-06-03,9,6,5,965,"9 6 5 0 8 8 2 1 76566152 6673 980 0 320 29814 160"
2005148,2005-06-04,1,6,8,168,"1 6 8 1 4 6 2 1 77433184 63519 980 0 320 73083 160"
2005149,2005-06-05,7,7,4,774,"7 7 4 0 4 9 2 2 73765006 36602 980 6735 320 0 160"
2005150,2005-06-06,9,5,0,950,"9 5 0 3 2 2 1 2 74384064 7149 980 0 320 35602 160"
2005151,2005-06-07,3,1,2,312,"3 1 2 2 7 6 2 2 76083052 10757 980 0 320 36214 160"
2005152,2005-06-08,9,4,9,949,"9 4 9 9 2 4 2 2 76479630 11497 980 8650 320 0 160"
2005153,2005-06-09,3,6,9,369,"3 6 9 7 5 4 2 2 0 0 980 0 320 0 160"
2005154,2005-06-10,3,1,9,319,"3 1 9 7 1 0 2 2 78264644 216247 980 0 320 167257 160"
2005155,2005-06-11,7,4,9,749,"7 4 9 4 9 0 1 1 43996134 8294 980 0 320 19886 160"
2005156,2005-06-12,4,3,0,430,"4 3 0 9 3 4 2 1 45529700 12317 980 0 320 25387 160"
2005157,2005-06-13,5,9,0,590,"5 9 0 1 2 2 2 1 49795372 8096 980 0 320 16725 160"
2005158,2005-06-14,0,6,0,060,"0 6 0 0 0 9 1 2 51487800 21233 980 16587 320 0 160"
2005159,2005-06-15,9,9,6,996,"9 9 6 8 5 4 1 1 0 0 980 0 320 0 160"
2005160,2005-06-16,7,9,1,791,"7 9 1 0 2 5 1 2 56662620 8287 980 0 320 19970 160"
2005161,2005-06-17,4,8,8,488,"4 8 8 6 2 0 1 1 62214460 12873 980 8031 320 0 160"
2005162,2005-06-18,5,1,6,516,"5 1 6 1 9 0 1 2 62044228 154705 980 0 320 117068 160"
2005163,2005-06-19,5,8,6,586,"5 8 6 2 2 2 1 2 45144498 7678 980 0 320 26210 160"
2005164,2005-06-20,3,6,1,361,"3 6 1 1 8 5 1 2 47029754 47235 980 0 320 57641 160"
2005165,2005-06-21,2,4,9,249,"2 4 9 3 0 2 2 1 47143178 23062 980 0 320 32926 160"
2005166,2005-06-22,7,7,5,775,"7 7 5 0 0 0 1 2 48617318 13644 980 10531 320 0 160"
2005167,2005-06-23,3,0,0,300,"3 0 0 4 1 5 2 2 50138922 13131 980 5445 320 0 160"
2005168,2005-06-24,6,6,4,664,"6 6 4 6 0 8 1 1 50416060 15242 980 9823 320 0 160"
2005169,2005-06-25,2,3,8,238,"2 3 8 1 0 1 2 2 54589696 49474 980 0 320 42467 160"
2005170,2005-06-26,2,1,4,214,"2 1 4 8 8 1 1 1 53268976 7198 980 0 320 19322 160"
2005171,2005-06-27,5,5,8,558,"5 5 8 4 2 4 1 1 56190352 23870 980 15937 320 0 160"
2005172,2005-06-28,3,7,0,370,"3 7 0 2 0 6 1 1 59827038 22611 980 0 320 32673 160"
2005173,2005-06-29,7,9,1,791,"7 9 1 7 6 9 2 1 68690138 10069 980 0 320 22998 160"
2005174,2005-06-30,6,0,9,609,"6 0 9 8 2 8 2 2 71304622 16767 980 0 320 33987 160"
2005175,2005-07-01,8,1,3,813,"8 1 3 3 2 9 1 1 76133184 51804 980 0 320 38334 160"
2005176,2005-07-02,5,1,7,517,"5 1 7 3 9 2 1 2 73111602 11152 980 0 320 17774 160"
2005177,2005-07-03,2,5,1,251,"2 5 1 8 5 4 2 2 77931936 20432 980 0 320 25864 160"
2005178,2005-07-04,0,7,5,075,"0 7 5 0 1 4 2 1 86828970 30947 980 0 320 14293 160"
2005179,2005-07-05,1,2,3,123,"1 2 3 7 8 9 1 1 94565942 185381 980 0 320 19128 160"
2005180,2005-07-06,2,6,8,268,"2 6 8 6 9 4 1 1 74559422 19050 980 0 320 26443 160"
2005181,2005-07-07,0,7,3,073,"0 7 3 6 6 3 2 2 81047452 7677 980 0 320 20031 160"
2005182,2005-07-08,4,3,3,433,"4 3 3 7 3 4 2 2 88393580 12177 980 29191 320 0 160"
2005183,2005-07-09,1,5,3,153,"1 5 3 5 6 3 1 1 15974496 1020 980 0 320 1452 160"
2005184,2005-07-10,9,1,8,918,"9 1 8 8 1 9 1 1 96723960 19599 980 0 320 19960 160"
2005185,2005-07-11,8,1,0,810,"8 1 0 9 0 2 1 1 107943276 11938 980 0 320 19393 160"
2005186,2005-07-12,7,5,6,756,"7 5 6 7 4 3 1 2 113580362 14870 980 0 320 32140 160"
2005187,2005-07-13,3,3,2,332,"3 3 2 9 2 1 2 2 119599156 18375 980 12841 320 0 160"
2005188,2005-07-14,8,1,8,818,"8 1 8 0 0 2 1 2 125639612 12247 980 10632 320 0 160"
2005189,2005-07-15,9,2,7,927,"9 2 7 4 3 5 2 1 134536380 16423 980 0 320 21185 160"
2005190,2005-07-16,3,2,2,322,"3 2 2 3 1 2 1 2 136943804 15092 980 0 320 14351 160"
2005191,2005-07-17,7,9,8,798,"7 9 8 7 7 9 2 2 144340382 16243 980 0 320 28642 160"
2005192,2005-07-18,3,5,3,353,"3 5 3 7 3 8 1 2 0 0 980 0 320 0 160"
2005193,2005-07-19,7,1,0,710,"7 1 0 3 2 3 2 1 43788864 9807 980 0 320 23330 160"
2005194,2005-07-20,8,4,2,842,"8 4 2 7 3 0 1 2 48084696 18866 980 0 320 42434 160"
2005195,2005-07-21,8,3,0,830,"8 3 0 6 5 9 2 2 48249526 14219 980 0 320 26157 160"
2005196,2005-07-22,6,5,4,654,"6 5 4 6 0 0 1 2 66500 29979 980 0 320 66500 160"
2005197,2005-07-23,7,3,4,734,"7 3 4 5 4 9 2 2 52251380 7222 980 0 320 21316 160"
2005198,2005-07-24,3,2,8,328,"3 2 8 4 2 3 2 2 54200294 63376 980 0 320 42481 160"
2005199,2005-07-25,2,1,4,214,"2 1 4 5 6 8 1 2 54316656 17540 980 0 320 33329 160"
2005200,2005-07-26,6,6,7,667,"6 6 7 6 5 6 1 1 57990530 33551 980 24517 320 0 160"
2005201,2005-07-27,3,8,0,380,"3 8 0 4 1 5 1 2 55624462 25848 980 0 320 38795 160"
2005202,2005-07-28,6,1,2,612,"6 1 2 1 6 2 2 2 59324986 18193 980 0 320 43532 160"
2005203,2005-07-29,8,7,7,877,"8 7 7 2 2 8 1 1 61555794 19365 980 0 320 13789 160"
2005204,2005-07-30,0,7,3,073,"0 7 3 3 5 1 1 1 58908104 10405 980 0 320 28814 160"
2005205,2005-07-31,1,6,4,164,"1 6 4 2 6 5 1 1 60096432 14082 980 0 320 40628 160"
2005206,2005-08-01,8,5,9,859,"8 5 9 9 1 2 2 1 64721680 18282 980 0 320 67250 160"
2005207,2005-08-02,1,2,9,129,"1 2 9 0 3 0 2 2 62710904 46313 980 0 320 34702 160"
2005208,2005-08-03,5,9,8,598,"5 9 8 1 6 4 1 2 61444822 13783 980 0 320 9085 160"
2005209,2005-08-04,1,6,6,166,"1 6 6 5 7 9 1 2 64265206 53969 980 20629 320 0 160"
2005210,2005-08-05,0,7,4,074,"0 7 4 9 4 2 2 2 58835078 22682 980 0 320 66087 160"
2005211,2005-08-06,4,0,4,404,"4 0 4 8 9 7 1 2 58468966 24456 980 11306 320 0 160"
2005212,2005-08-07,9,9,4,994,"9 9 4 1 9 2 1 1 56714642 10575 980 5711 320 0 160"
2005213,2005-08-08,4,2,4,424,"4 2 4 3 0 3 2 1 59329478 6316 980 4708 320 0 160"
2005214,2005-08-09,9,6,1,961,"9 6 1 2 9 4 1 1 60199416 38472 980 0 320 44483 160"
2005215,2005-08-10,0,0,2,002,"0 0 2 0 0 7 2 2 63139038 18406 980 4911 320 0 160"
2005216,2005-08-11,9,5,1,951,"9 5 1 9 4 2 1 2 62121904 20664 980 0 320 48743 160"
2005217,2005-08-12,9,6,4,964,"9 6 4 6 9 1 1 1 64933440 9052 980 0 320 21890 160"
2005218,2005-08-13,8,9,2,892,"8 9 2 6 6 3 1 1 66636210 4754 980 0 320 9234 160"
2005219,2005-08-14,0,1,3,013,"0 1 3 7 3 5 1 2 68095360 14030 980 0 320 42884 160"
2005220,2005-08-15,1,5,8,158,"1 5 8 4 6 2 1 1 69851256 57153 980 0 320 56124 160"
2005221,2005-08-16,9,8,9,989,"9 8 9 2 5 7 1 1 71994734 15544 980 7165 320 0 160"
2005222,2005-08-17,7,8,8,788,"7 8 8 8 4 0 2 1 70987208 51387 980 20244 320 0 160"
2005223,2005-08-18,8,0,7,807,"8 0 7 4 8 4 2 1 68684990 85011 980 0 320 17576 160"
2005224,2005-08-19,7,9,4,794,"7 9 4 5 0 6 1 2 54625828 17369 980 0 320 23753 160"
2005225,2005-08-20,2,6,0,260,"2 6 0 9 8 4 2 1 53965178 14939 980 0 320 36565 160"
2005226,2005-08-21,6,0,3,603,"6 0 3 8 3 6 2 2 52198704 16539 980 0 320 27841 160"
2005227,2005-08-22,4,5,5,455,"4 5 5 5 6 7 2 1 55391726 37370 980 15999 320 0 160"
2005228,2005-08-23,2,0,9,209,"2 0 9 7 3 0 2 2 51848222 13972 980 0 320 23657 160"
2005229,2005-08-24,1,3,9,139,"1 3 9 9 3 0 2 2 54045968 25264 980 0 320 47574 160"
2005230,2005-08-25,4,8,3,483,"4 8 3 0 2 3 1 2 55515126 9486 980 0 320 29313 160"
2005231,2005-08-26,6,3,0,630,"6 3 0 2 9 2 2 2 58500576 13078 980 0 320 12222 160"
2005232,2005-08-27,1,7,5,175,"1 7 5 2 4 5 2 2 58861982 19878 980 0 320 51524 160"
2005233,2005-08-28,9,3,3,933,"9 3 3 1 8 4 2 2 57513410 9147 980 13655 320 0 160"
2005234,2005-08-29,8,9,0,890,"8 9 0 5 1 6 1 2 60704494 28140 980 0 320 30714 160"
2005235,2005-08-30,1,3,4,134,"1 3 4 5 2 0 2 1 60765774 23797 980 0 320 34263 160"
2005236,2005-08-31,4,9,5,495,"4 9 5 0 0 2 2 2 63305534 18468 980 0 320 38195 160"
2005237,2005-09-01,7,6,7,767,"7 6 7 5 9 8 1 2 60720664 48605 980 13455 320 0 160"
2005238,2005-09-02,0,1,8,018,"0 1 8 4 9 9 2 1 56537506 14576 980 0 320 38302 160"
2005239,2005-09-03,9,0,1,901,"9 0 1 8 1 0 2 2 58162594 18869 980 0 320 30811 160"
2005240,2005-09-04,8,7,1,871,"8 7 1 9 8 1 1 2 58579246 16170 980 0 320 31810 160"
2005241,2005-09-05,1,2,6,126,"1 2 6 3 7 1 2 1 61478644 22752 980 0 320 24795 160"
2005242,2005-09-06,5,9,2,592,"5 9 2 2 9 4 2 1 60060374 28138 980 0 320 37941 160"
2005243,2005-09-07,1,0,3,103,"1 0 3 5 1 2 2 1 62774356 16070 980 0 320 26536 160"
2005244,2005-09-08,3,3,1,331,"3 3 1 5 1 8 1 1 63062512 17945 980 18504 320 0 160"
2005245,2005-09-09,9,7,7,977,"9 7 7 6 3 5 2 1 60754734 10182 980 5992 320 0 160"
2005246,2005-09-10,5,1,9,519,"5 1 9 1 6 7 1 2 60765272 35331 980 0 320 22098 160"
2005247,2005-09-11,5,7,4,574,"5 7 4 5 5 4 1 2 58594210 11129 980 0 320 32629 160"
2005248,2005-09-12,9,0,0,900,"9 0 0 6 4 9 2 2 58252520 9765 980 8273 320 0 160"
2005249,2005-09-13,6,9,2,692,"6 9 2 3 5 9 2 1 59708586 14241 980 0 320 28431 160"
2005250,2005-09-14,4,3,4,434,"4 3 4 9 6 2 1 1 62902250 11240 980 8560 320 0 160"
2005251,2005-09-15,5,0,6,506,"5 0 6 8 3 9 1 2 60940312 11458 980 0 320 29950 160"
2005252,2005-09-16,5,5,7,557,"5 5 7 9 5 2 1 1 60987958 8146 980 6336 320 0 160"
2005253,2005-09-17,1,6,3,163,"1 6 3 1 5 4 1 2 60534122 33463 980 0 320 37751 160"
2005254,2005-09-18,4,2,5,425,"4 2 5 1 4 5 2 2 59265114 13263 980 0 320 26807 160"
2005255,2005-09-19,0,4,1,041,"0 4 1 9 2 5 1 1 60672774 70508 980 0 320 28580 160"
2005256,2005-09-20,7,5,1,751,"7 5 1 7 8 7 2 1 57361300 8281 980 0 320 20685 160"
2005257,2005-09-21,2,8,5,285,"2 8 5 8 0 8 2 1 64171674 33709 980 0 320 48923 160"
2005258,2005-09-22,8,9,4,894,"8 9 4 8 0 6 1 2 0 0 980 0 320 0 160"
2005259,2005-09-23,3,4,8,348,"3 4 8 6 1 5 1 1 66255004 32351 980 0 320 14788 160"
2005260,2005-09-24,1,5,8,158,"1 5 8 6 0 2 2 1 66435582 15382 980 0 320 18716 160"
2005261,2005-09-25,5,4,2,542,"5 4 2 8 6 4 2 2 68056252 11091 980 0 320 16261 160"
2005262,2005-09-26,2,0,3,203,"2 0 3 0 8 6 2 2 68141924 15131 980 0 320 25035 160"
2005263,2005-09-27,6,1,7,617,"6 1 7 9 6 3 1 1 67981672 48569 980 0 320 53553 160"
2005264,2005-09-28,3,9,3,393,"3 9 3 2 1 5 1 2 67869404 19606 980 34469 320 0 160"
2005265,2005-09-29,3,3,6,336,"3 3 6 0 0 3 1 2 61480960 42382 980 20393 320 0 160"
2005266,2005-09-30,9,5,2,952,"9 5 2 1 7 5 1 1 0 0 980 0 320 0 160"
2005267,2005-10-01,3,1,6,316,"3 1 6 6 9 1 1 2 0 0 980 0 320 0 160"
2005268,2005-10-02,9,2,7,927,"9 2 7 9 4 6 2 2 54163948 20478 980 0 320 35682 160"
2005269,2005-10-03,9,4,0,940,"9 4 0 6 0 4 1 1 55588306 12136 980 0 320 34084 160"
2005270,2005-10-04,3,9,6,396,"3 9 6 5 8 4 2 1 55134000 8063 980 0 320 24189 160"
2005271,2005-10-05,5,2,8,528,"5 2 8 5 8 7 2 2 55440754 20537 980 0 320 77842 160"
2005272,2005-10-06,2,9,0,290,"2 9 0 9 1 0 2 1 58287796 12294 980 0 320 21200 160"
2005273,2005-10-07,2,0,9,209,"2 0 9 0 3 2 1 1 57882796 8715 980 0 320 5098 160"
2005274,2005-10-08,2,6,2,262,"2 6 2 4 0 1 2 2 58350090 25013 980 21689 320 0 160"
2005275,2005-10-09,9,2,5,925,"9 2 5 4 3 8 1 1 49903658 12206 980 0 320 18053 160"
2005276,2005-10-10,7,8,3,783,"7 8 3 4 0 3 1 1 53947818 23349 980 0 320 55083 160"
2005277,2005-10-11,0,5,9,059,"0 5 9 2 6 3 1 1 0 0 980 0 320 0 160"
2005278,2005-10-12,1,4,9,149,"1 4 9 0 0 6 1 2 53282644 22384 980 0 320 37171 160"
2005279,2005-10-13,7,1,4,714,"7 1 4 5 0 8 2 1 53344306 44096 980 0 320 60075 160"
2005280,2005-10-14,0,4,1,041,"0 4 1 2 6 1 2 1 50974318 9360 980 0 320 14552 160"
2005281,2005-10-15,7,6,2,762,"7 6 2 5 6 7 2 2 51000150 14145 980 0 320 45394 160"
2005282,2005-10-16,2,7,1,271,"2 7 1 8 2 0 2 2 51506758 24094 980 0 320 20982 160"
2005283,2005-10-17,2,1,4,214,"2 1 4 6 0 6 2 2 55636072 15300 980 0 320 23475 160"
2005284,2005-10-18,2,2,0,220,"2 2 0 7 0 0 1 2 56752346 12380 980 22760 320 0 160"
2005285,2005-10-19,4,7,8,478,"4 7 8 1 2 6 1 2 53157148 41674 980 0 320 39408 160"
2005286,2005-10-20,5,1,6,516,"5 1 6 4 6 1 2 1 51397240 39237 980 0 320 62517 160"
2005287,2005-10-21,3,3,5,335,"3 3 5 4 6 2 1 1 52265490 14473 980 10049 320 0 160"
2005288,2005-10-22,1,8,5,185,"1 8 5 5 5 6 1 1 50448038 11616 980 0 320 30845 160"
2005289,2005-10-23,0,2,8,028,"0 2 8 4 5 4 1 1 50920466 10564 980 0 320 28024 160"
2005290,2005-10-24,8,2,3,823,"8 2 3 0 6 9 2 2 53157834 39267 980 0 320 32976 160"
2005291,2005-10-25,2,2,7,227,"2 2 7 5 6 8 1 2 51923030 8770 980 7348 320 0 160"
2005292,2005-10-26,4,2,8,428,"4 2 8 9 2 7 2 1 54664738 7513 980 0 320 18907 160"
2005293,2005-10-27,4,5,5,455,"4 5 5 1 6 8 2 1 55670138 4073 980 4832 320 0 160"
2005294,2005-10-28,8,3,3,833,"8 3 3 8 3 7 1 1 54688148 8784 980 8423 320 0 160"
2005295,2005-10-29,9,1,4,914,"9 1 4 7 6 2 2 1 54180776 16615 980 0 320 45574 160"
2005296,2005-10-30,5,3,1,531,"5 3 1 9 9 0 2 2 53510952 14155 980 0 320 30431 160"
2005297,2005-10-31,7,5,3,753,"7 5 3 3 5 7 1 1 55601310 24984 980 0 320 35964 160"
2005298,2005-11-01,7,1,3,713,"7 1 3 7 9 4 2 1 55297912 6414 980 0 320 28835 160"
2005299,2005-11-02,1,3,8,138,"1 3 8 0 1 3 2 2 55589794 24987 980 0 320 36093 160"
2005300,2005-11-03,8,9,5,895,"8 9 5 7 3 6 1 2 58391738 42034 980 0 320 64509 160"
2005301,2005-11-04,6,5,0,650,"6 5 0 0 9 7 2 2 53801344 30091 980 0 320 34158 160"
2005302,2005-11-05,4,5,6,456,"4 5 6 4 7 5 2 1 50515258 22270 980 0 320 33473 160"
2005303,2005-11-06,5,4,0,540,"5 4 0 7 6 5 2 2 52052114 17410 980 0 320 30444 160"
2005304,2005-11-07,3,3,2,332,"3 3 2 4 3 1 1 1 56979830 25157 980 32850 320 0 160"
2005305,2005-11-08,8,0,6,806,"8 0 6 0 7 6 1 1 52603032 21081 980 0 320 39774 160"
2005306,2005-11-09,5,5,0,550,"5 5 0 3 2 7 1 2 49303728 10503 980 9270 320 0 160"
2005307,2005-11-10,5,9,8,598,"5 9 8 6 9 6 1 1 57760258 12328 980 0 320 29915 160"
2005308,2005-11-11,8,6,8,868,"8 6 8 3 0 5 2 2 58064630 7969 980 6442 320 0 160"
2005309,2005-11-12,6,9,9,699,"6 9 9 0 0 3 2 2 57315042 25883 980 7447 320 0 160"
2005310,2005-11-13,2,8,8,288,"2 8 8 1 5 5 1 1 55165002 7958 980 5177 320 0 160"
2005311,2005-11-14,8,0,9,809,"8 0 9 4 2 1 2 2 56644674 66931 980 0 320 53805 160"
2005312,2005-11-15,3,1,3,313,"3 1 3 7 1 1 2 1 53516160 16963 980 11127 320 0 160"
2005313,2005-11-16,7,8,9,789,"7 8 9 7 5 1 1 1 55628194 25471 980 0 320 32427 160"
2005314,2005-11-17,7,0,5,705,"7 0 5 4 1 4 2 1 54791530 12019 980 0 320 33302 160"
2005315,2005-11-18,1,9,8,198,"1 9 8 6 7 0 1 2 55812260 16968 980 0 320 30974 160"
2005316,2005-11-19,2,7,2,272,"2 7 2 2 8 8 2 1 55475112 27370 980 12894 320 0 160"
2005317,2005-11-20,8,5,1,851,"8 5 1 2 6 9 1 2 52188114 14363 980 0 320 37085 160"
2005318,2005-11-21,7,9,3,793,"7 9 3 4 3 7 2 1 56242190 9599 980 0 320 38463 160"
2005319,2005-11-22,3,6,9,369,"3 6 9 1 6 2 1 2 55261274 37167 980 0 320 34590 160"
2005320,2005-11-23,9,2,2,922,"9 2 2 2 4 9 2 1 60745980 40395 980 22589 320 0 160"
2005321,2005-11-24,0,2,4,024,"0 2 4 8 0 4 1 2 58621918 106995 980 0 320 85039 160"
2005322,2005-11-25,5,8,3,583,"5 8 3 3 3 5 2 1 52624046 39916 980 0 320 79964 160"
2005323,2005-11-26,1,6,2,162,"1 6 2 0 5 1 2 2 54652000 10884 980 0 320 39545 160"
2005324,2005-11-27,1,3,9,139,"1 3 9 9 1 2 1 1 55562004 14935 980 0 320 42318 160"
2005325,2005-11-28,2,1,2,212,"2 1 2 7 6 4 2 2 59356536 9873 980 8275 320 0 160"
2005326,2005-11-29,8,7,4,874,"8 7 4 9 6 2 2 1 60880628 19541 980 0 320 57318 160"
2005327,2005-11-30,0,9,7,097,"0 9 7 2 1 8 2 1 63336032 57956 980 0 320 37230 160"
2005328,2005-12-01,0,0,9,009,"0 0 9 6 3 4 1 1 56626792 7318 980 6469 320 0 160"
2005329,2005-12-02,9,0,0,900,"9 0 0 9 7 0 1 2 57671498 16896 980 4612 320 0 160"
2005330,2005-12-03,9,0,5,905,"9 0 5 1 7 6 1 1 55366804 7687 980 0 320 29662 160"
2005331,2005-12-04,1,7,6,176,"1 7 6 8 2 0 1 1 55205212 12538 980 0 320 41569 160"
2005332,2005-12-05,2,0,8,208,"2 0 8 0 4 6 2 2 57792524 19312 980 0 320 50729 160"
2005333,2005-12-06,5,4,0,540,"5 4 0 6 9 4 2 1 59902744 11877 980 0 320 25941 160"
2005334,2005-12-07,8,2,7,827,"8 2 7 4 7 8 1 1 61998074 27125 980 0 320 38547 160"
2005335,2005-12-08,2,1,8,218,"2 1 8 1 9 6 2 2 61860618 24273 980 0 320 37906 160"
2005336,2005-12-09,2,4,8,248,"2 4 8 2 1 2 1 1 65498708 9658 980 0 320 28878 160"
2005337,2005-12-10,5,3,9,539,"5 3 9 5 8 2 1 2 64193922 16035 980 0 320 48470 160"
2005338,2005-12-11,4,9,3,493,"4 9 3 4 9 4 2 2 66373036 59277 980 0 320 47337 160"
2005339,2005-12-12,4,3,7,437,"4 3 7 6 2 9 1 1 61316486 12167 980 0 320 38657 160"
2005340,2005-12-13,9,9,8,998,"9 9 8 0 4 1 1 1 64235854 13458 980 21421 320 0 160"
2005341,2005-12-14,4,6,7,467,"4 6 7 6 9 2 1 1 60960202 12370 980 0 320 38191 160"
2005342,2005-12-15,8,6,4,864,"8 6 4 7 3 0 2 2 62637954 12325 980 0 320 38215 160"
2005343,2005-12-16,8,9,5,895,"8 9 5 2 9 9 1 2 64430088 7157 980 0 320 45091 160"
2005344,2005-12-17,3,8,1,381,"3 8 1 3 5 6 1 2 64373168 43946 980 0 320 43946 160"
2005345,2005-12-18,9,2,4,924,"9 2 4 1 2 0 1 1 64874158 57238 980 0 320 67769 160"
2005346,2005-12-19,1,3,9,139,"1 3 9 6 3 2 2 1 65354184 21274 980 0 320 47408 160"
2005347,2005-12-20,2,7,2,272,"2 7 2 6 8 2 1 2 66514410 39875 980 33983 320 0 160"
2005348,2005-12-21,0,3,8,038,"0 3 8 4 4 1 1 1 69575462 13783 980 0 320 59231 160"
2005349,2005-12-22,0,1,4,014,"0 1 4 1 0 0 1 1 67339852 10948 980 0 320 39358 160"
2005350,2005-12-23,9,6,9,969,"9 6 9 4 7 3 1 1 66583866 14976 980 7227 320 0 160"
2005351,2005-12-24,1,7,3,173,"1 7 3 8 4 3 2 1 64966190 12982 980 0 320 32679 160"
2005352,2005-12-25,5,4,0,540,"5 4 0 8 8 1 2 2 64926734 13168 980 0 320 25589 160"
2005353,2005-12-26,5,3,6,536,"5 3 6 8 3 4 2 1 66362396 26587 980 0 320 65577 160"
2005354,2005-12-27,7,2,6,726,"7 2 6 6 1 2 2 1 64604808 24021 980 0 320 70786 160"
2005355,2005-12-28,4,6,8,468,"4 6 8 8 1 7 2 2 64619912 20127 980 0 320 43193 160"
2005356,2005-12-29,6,8,1,681,"6 8 1 1 2 9 1 2 65291876 68700 980 0 320 25186 160"
2005357,2005-12-30,4,2,9,429,"4 2 9 7 1 9 1 1 59255412 12780 980 0 320 38370 160"
2005358,2005-12-31,8,4,2,842,"8 4 2 6 6 5 1 2 60236270 18196 980 0 320 29567 160"
2006001,2006-01-01,1,6,0,160,"1 6 0 6 0 0 2 2 57035086 11076 980 0 320 54986 160"
2006002,2006-01-02,1,1,0,110,"1 1 0 2 2 4 1 2 58176472 10098 980 17069 320 0 160"
2006003,2006-01-03,2,2,9,229,"2 2 9 4 3 9 2 1 53963728 25470 980 14996 320 0 160"
2006004,2006-01-04,6,1,4,614,"6 1 4 3 7 1 1 2 58112434 16272 980 0 320 32543 160"
2006005,2006-01-05,8,7,7,877,"8 7 7 0 8 6 1 1 57625098 14681 980 0 320 4286 160"
2006006,2006-01-06,7,1,3,713,"7 1 3 4 8 5 1 1 58288780 12010 980 0 320 44336 160"
2006007,2006-01-07,7,4,6,746,"7 4 6 0 2 7 2 2 57596904 9664 980 0 320 27247 160"
2006008,2006-01-08,1,7,9,179,"1 7 9 8 1 5 1 1 57825626 24935 980 0 320 22200 160"
2006009,2006-01-09,3,4,9,349,"3 4 9 3 7 3 2 1 60471888 22248 980 0 320 52651 160"
2006010,2006-01-10,6,2,4,624,"6 2 4 7 4 0 1 1 60161296 32127 980 0 320 54936 160"
2006011,2006-01-11,6,3,4,634,"6 3 4 1 4 2 1 2 60823056 8508 980 0 320 32005 160"
2006012,2006-01-12,0,9,8,098,"0 9 8 6 7 1 2 1 60620822 14579 980 0 320 37947 160"
2006013,2006-01-13,8,4,8,848,"8 4 8 7 9 5 1 2 63419978 83116 980 36558 320 0 160"
2006014,2006-01-14,4,0,0,400,"4 0 0 7 4 9 1 2 59096140 7940 980 2349 320 0 160"
2006015,2006-01-15,8,0,0,800,"8 0 0 1 2 4 1 2 58388688 17779 980 11220 320 0 160"
2006016,2006-01-16,4,8,1,481,"4 8 1 8 0 7 1 1 59968816 20301 980 0 320 34022 160"
2006017,2006-01-17,8,7,8,878,"8 7 8 0 3 4 1 1 60952584 6825 980 4072 320 0 160"
2006018,2006-01-18,8,8,4,884,"8 8 4 5 6 5 2 2 61041122 13428 980 9611 320 0 160"
2006019,2006-01-19,4,9,7,497,"4 9 7 2 2 1 2 2 56325992 12487 980 0 320 34708 160"
2006020,2006-01-20,6,6,1,661,"6 6 1 6 2 4 2 2 56484118 4921 980 5783 320 0 160"
2006021,2006-01-21,0,5,1,051,"0 5 1 0 8 3 2 2 54205742 41769 980 0 320 30308 160"
2006022,2006-01-22,9,0,0,900,"9 0 0 2 8 7 1 2 43000252 12053 980 0 320 9298 160"
2006023,2006-01-23,5,1,5,515,"5 1 5 2 4 7 2 2 45691576 26949 980 13509 320 0 160"
2006024,2006-01-24,6,8,6,686,"6 8 6 0 1 7 2 1 43677230 6564 980 7382 320 0 160"
2006025,2006-01-25,1,4,1,141,"1 4 1 2 1 6 1 2 43422828 10559 980 7350 320 0 160"
2006026,2006-01-26,4,9,7,497,"4 9 7 6 9 0 1 2 41422248 8592 980 0 320 21695 160"
2006027,2006-01-27,4,6,0,460,"4 6 0 5 8 1 2 2 39728010 7658 980 0 320 13387 160"
2006028,2006-02-05,0,2,8,028,"0 2 8 4 1 2 1 2 28273460 13578 980 0 320 24483 160"
2006029,2006-02-06,4,0,3,403,"4 0 3 0 6 3 1 2 30392710 3824 980 0 320 11196 160"
2006030,2006-02-07,9,6,4,964,"9 6 4 2 0 2 2 2 31564066 8212 980 0 320 22396 160"
2006031,2006-02-08,4,0,9,409,"4 0 9 0 4 7 2 1 35070660 11047 980 0 320 15249 160"
2006032,2006-02-09,9,3,0,930,"9 3 0 8 3 9 2 2 37198226 23432 980 0 320 26137 160"
2006033,2006-02-10,6,6,7,667,"6 6 7 8 0 3 2 2 40149394 12958 980 8791 320 0 160"
2006034,2006-02-11,3,1,4,314,"3 1 4 5 6 6 1 2 38430384 14040 980 0 320 18108 160"
2006035,2006-02-12,8,4,8,848,"8 4 8 8 2 2 2 1 38412928 22061 980 9029 320 0 160"
2006036,2006-02-13,8,9,1,891,"8 9 1 0 3 9 2 1 41251508 13900 980 0 320 30215 160"
2006037,2006-02-14,6,9,7,697,"6 9 7 3 5 9 1 2 42191888 4281 980 0 320 17017 160"
2006038,2006-02-15,7,1,5,715,"7 1 5 4 3 2 2 2 41724096 14796 980 0 320 44675 160"
2006039,2006-02-16,4,4,6,446,"4 4 6 6 9 5 2 1 42331474 30508 980 0 320 16697 160"
2006040,2006-02-17,4,6,3,463,"4 6 3 7 6 2 2 1 43333270 8187 980 0 320 9279 160"
2006041,2006-02-18,5,9,4,594,"5 9 4 9 4 5 1 1 44241792 11264 980 0 320 34022 160"
2006042,2006-02-19,7,1,0,710,"7 1 0 4 4 3 2 1 44539204 6020 980 0 320 18387 160"
2006043,2006-02-20,1,1,6,116,"1 1 6 1 4 3 1 1 46118938 6399 980 7032 320 0 160"
2006044,2006-02-21,0,6,9,069,"0 6 9 2 4 8 2 2 45417476 48201 980 0 320 44002 160"
2006045,2006-02-22,8,4,6,846,"8 4 6 4 3 5 1 1 44652806 8149 980 0 320 31201 160"
2006046,2006-02-23,0,2,1,021,"0 2 1 5 6 2 1 2 46470298 11828 980 0 320 13911 160"
2006047,2006-02-24,4,6,9,469,"4 6 9 7 1 9 2 1 42427818 14982 980 0 320 28056 160"
2006048,2006-02-25,1,3,8,138,"1 3 8 6 1 0 1 1 43708610 16751 980 0 320 33920 160"
2006049,2006-02-26,5,6,6,566,"5 6 6 5 1 7 2 2 44422802 11977 980 0 320 14225 160"
2006050,2006-02-27,1,5,3,153,"1 5 3 4 8 9 1 2 46109564 17791 980 0 320 39455 160"
2006051,2006-02-28,2,2,5,225,"2 2 5 6 9 9 1 1 45252354 12767 980 10561 320 0 160"
2006052,2006-03-01,7,7,1,771,"7 7 1 4 8 9 1 2 46023970 10178 980 10420 320 0 160"
2006053,2006-03-02,3,0,6,306,"3 0 6 2 9 1 1 2 46355772 9653 980 0 320 24706 160"
2006054,2006-03-03,8,3,5,835,"8 3 5 6 5 2 2 1 47858452 35197 980 0 320 74427 160"
2006055,2006-03-04,5,7,6,576,"5 7 6 6 2 5 2 1 46584736 7908 980 0 320 41552 160"
2006056,2006-03-05,7,7,7,777,"7 7 7 4 4 6 1 1 46560880 105238 980 0 320 0 160"
2006057,2006-03-06,6,6,6,666,"6 6 6 6 6 2 2 2 44718020 32091 980 0 320 0 160"
2006058,2006-03-07,1,2,8,128,"1 2 8 5 2 2 1 2 46017356 22392 980 0 320 37529 160"
2006059,2006-03-08,0,5,2,052,"0 5 2 8 5 6 1 2 49800134 45057 980 0 320 30352 160"
2006060,2006-03-09,9,8,5,985,"9 8 5 6 6 0 1 2 47496064 22236 980 0 320 30017 160"
2006061,2006-03-10,3,0,9,309,"3 0 9 7 8 8 1 2 49260814 16462 980 0 320 31369 160"
2006062,2006-03-11,7,0,8,708,"7 0 8 8 2 1 2 2 48943310 11196 980 0 320 34344 160"
2006063,2006-03-12,8,1,7,817,"8 1 7 9 1 7 2 2 49920860 35891 980 0 320 40663 160"
2006064,2006-03-13,9,3,6,936,"9 3 6 3 0 3 2 2 54713374 21633 980 0 320 69043 160"
2006065,2006-03-14,5,4,2,542,"5 4 2 0 8 3 1 1 56997972 18476 980 0 320 72259 160"
2006066,2006-03-15,2,7,7,277,"2 7 7 3 9 5 2 1 60771560 21641 980 0 320 32068 160"
2006067,2006-03-16,3,0,5,305,"3 0 5 5 4 9 2 2 54801184 13287 980 0 320 40823 160"
2006068,2006-03-17,4,9,0,490,"4 9 0 5 9 1 1 1 58310356 71547 980 0 320 62178 160"
2006069,2006-03-18,3,9,6,396,"3 9 6 2 8 6 2 1 57216272 7725 980 0 320 39586 160"
2006070,2006-03-19,9,2,9,929,"9 2 9 0 4 7 2 1 56519670 16058 980 0 320 20524 160"
2006071,2006-03-20,1,3,0,130,"1 3 0 0 0 4 1 1 59006892 14595 980 0 320 43906 160"
2006072,2006-03-21,4,1,9,419,"4 1 9 6 8 1 2 1 57700598 31920 980 0 320 67301 160"
2006073,2006-03-22,7,3,1,731,"7 3 1 3 5 3 2 1 57034658 22218 980 0 320 59656 160"
2006074,2006-03-23,3,0,6,306,"3 0 6 4 2 2 1 2 57882860 21066 980 0 320 43854 160"
2006075,2006-03-24,2,7,4,274,"2 7 4 8 3 1 1 2 60612764 31424 980 0 320 70476 160"
2006076,2006-03-25,4,0,1,401,"4 0 1 6 8 7 1 2 57823582 11073 980 0 320 32986 160"
2006077,2006-03-26,7,1,5,715,"7 1 5 9 3 6 2 2 56547888 12163 980 0 320 41137 160"
2006078,2006-03-27,3,2,1,321,"3 2 1 1 1 9 2 1 61660260 15861 980 0 320 53949 160"
2006079,2006-03-28,4,0,3,403,"4 0 3 2 9 2 1 1 62048322 12359 980 0 320 39333 160"
2006080,2006-03-29,8,0,2,802,"8 0 2 9 2 2 2 2 65446302 33981 980 0 320 93517 160"
2006081,2006-03-30,9,7,6,976,"9 7 6 0 9 8 1 2 65795904 13821 980 0 320 53631 160"
2006082,2006-03-31,9,6,7,967,"9 6 7 5 1 7 1 1 70168606 6291 980 0 320 18092 160"
2006083,2006-04-01,7,6,1,761,"7 6 1 8 8 7 1 1 68733892 12885 980 0 320 37996 160"
2006084,2006-04-02,7,3,7,737,"7 3 7 3 1 8 1 2 66394154 22737 980 79848 320 0 160"
2006085,2006-04-03,2,9,4,294,"2 9 4 9 7 7 2 1 53409064 41100 980 0 320 69347 160"
2006086,2006-04-04,7,5,6,756,"7 5 6 0 4 7 2 2 54639468 9580 980 0 320 45235 160"
2006087,2006-04-05,1,6,0,160,"1 6 0 3 0 4 2 1 56583200 8043 980 0 320 35168 160"
2006088,2006-04-06,9,6,0,960,"9 6 0 0 4 2 1 1 56354166 9802 980 0 320 57570 160"
2006089,2006-04-07,9,1,0,910,"9 1 0 7 8 1 1 2 56049670 13095 980 0 320 68497 160"
2006090,2006-04-08,4,6,7,467,"4 6 7 3 3 2 2 2 56452602 12984 980 0 320 54313 160"
2006091,2006-04-09,1,0,1,101,"1 0 1 0 5 5 2 1 55370196 10218 980 12771 320 0 160"
2006092,2006-04-10,1,7,5,175,"1 7 5 5 9 1 1 1 55950536 9898 980 0 320 43760 160"
2006093,2006-04-11,6,0,5,605,"6 0 5 9 8 3 2 2 56871072 17880 980 0 320 61130 160"
2006094,2006-04-12,3,0,4,304,"3 0 4 0 0 5 2 1 58235818 11140 980 0 320 48245 160"
2006095,2006-04-13,2,3,7,237,"2 3 7 3 3 9 1 1 59248272 51440 980 0 320 101678 160"
2006096,2006-04-14,1,4,9,149,"1 4 9 4 9 9 1 2 60492418 39152 980 0 320 112041 160"
2006097,2006-04-15,8,2,3,823,"8 2 3 7 2 7 1 1 61566142 20628 980 0 320 68339 160"
2006098,2006-04-16,2,0,3,203,"2 0 3 0 6 4 2 1 61491184 7477 980 0 320 29642 160"
2006099,2006-04-17,5,9,6,596,"5 9 6 0 3 9 1 2 64248944 36306 980 0 320 74634 160"
2006100,2006-04-18,6,6,1,661,"6 6 1 7 9 7 1 1 64962080 12723 980 18680 320 0 160"
2006101,2006-04-19,7,0,8,708,"7 0 8 2 1 8 2 1 63966594 24179 980 0 320 82790 160"
2006102,2006-04-20,0,4,0,040,"0 4 0 6 9 3 2 2 66268386 18458 980 6149 320 0 160"
2006103,2006-04-21,4,5,5,455,"4 5 5 4 4 8 1 2 62871854 28025 980 22800 320 0 160"
2006104,2006-04-22,9,2,3,923,"9 2 3 4 8 8 1 1 62819358 14711 980 0 320 72827 160"
2006105,2006-04-23,8,8,3,883,"8 8 3 3 0 1 2 1 63375202 38966 980 23770 320 0 160"
2006106,2006-04-24,4,7,8,478,"4 7 8 3 6 6 1 1 61350618 20239 980 62607 320 0 160"
2006107,2006-04-25,0,8,6,086,"0 8 6 5 7 0 2 2 63260926 8622 980 0 320 44418 160"
2006108,2006-04-26,0,0,8,008,"0 0 8 5 4 4 1 2 63643492 8784 980 10562 320 0 160"
2006109,2006-04-27,8,6,0,860,"8 6 0 2 0 7 2 1 62245562 11207 980 0 320 20434 160"
2006110,2006-04-28,7,2,4,724,"7 2 4 2 0 0 2 1 63883084 20715 980 0 320 98411 160"
2006111,2006-04-29,5,9,4,594,"5 9 4 6 3 1 1 1 65033416 11146 980 0 320 83088 160"
2006112,2006-04-30,4,4,0,440,"4 4 0 6 4 8 1 2 63454126 13160 980 16884 320 0 160"
2006113,2006-05-01,0,8,6,086,"0 8 6 9 9 2 2 2 59593852 7159 980 0 320 39584 160"
2006114,2006-05-02,9,1,3,913,"9 1 3 8 2 7 1 1 59267482 24388 980 0 320 123721 160"
2006115,2006-05-03,4,4,2,442,"4 4 2 1 4 3 1 2 59868816 9683 980 12587 320 0 160"
2006116,2006-05-04,0,5,2,052,"0 5 2 7 5 2 2 1 59567102 12319 980 0 320 51890 160"
2006117,2006-05-05,3,3,2,332,"3 3 2 2 0 6 2 2 59529442 11025 980 12337 320 0 160"
2006118,2006-05-06,3,5,5,355,"3 5 5 4 9 7 2 2 59868816 7347 980 12928 320 0 160"
2006119,2006-05-07,4,5,4,454,"4 5 4 2 4 7 2 1 60837912 9627 980 17722 320 0 160"
2006120,2006-05-08,1,6,6,166,"1 6 6 4 8 2 1 2 63121426 9863 980 15603 320 0 160"
2006121,2006-05-09,2,1,7,217,"2 1 7 8 1 7 2 2 62104816 24773 980 0 320 60655 160"
2006122,2006-05-10,9,4,0,940,"9 4 0 3 0 2 2 2 62930308 9712 980 0 320 48978 160"
2006123,2006-05-11,0,8,4,084,"0 8 4 5 8 4 2 1 62215772 15520 980 0 320 48574 160"
2006124,2006-05-12,8,1,2,812,"8 1 2 6 5 7 1 2 63626774 18195 980 0 320 45679 160"
2006125,2006-05-13,7,1,1,711,"7 1 1 3 8 6 2 2 61253458 13921 980 24135 320 0 160"
2006126,2006-05-14,1,3,3,133,"1 3 3 2 9 7 1 2 60123270 11113 980 19727 320 0 160"
2006127,2006-05-15,9,3,1,931,"9 3 1 7 5 5 2 2 61448216 5679 980 0 320 26928 160"
2006128,2006-05-16,8,5,8,858,"8 5 8 2 0 1 1 2 60073414 20238 980 13906 320 0 160"
2006129,2006-05-17,8,8,0,880,"8 8 0 9 3 4 2 1 58768600 83970 980 42775 320 0 160"
2006130,2006-05-18,0,3,6,036,"0 3 6 2 3 8 1 1 50853728 13142 980 0 320 43464 160"
2006131,2006-05-19,9,9,9,999,"9 9 9 0 8 6 1 1 51137308 47964 980 0 320 0 160"
2006132,2006-05-20,7,1,4,714,"7 1 4 8 8 1 2 2 49495050 32962 980 0 320 67742 160"
2006133,2006-05-21,0,1,5,015,"0 1 5 4 0 2 1 2 51320772 42578 980 0 320 31575 160"
2006134,2006-05-22,2,9,2,292,"2 9 2 5 4 5 1 1 50787086 11438 980 17839 320 0 160"
2006135,2006-05-23,1,7,1,171,"1 7 1 6 9 8 1 1 50112406 12108 980 12932 320 0 160"
2006136,2006-05-24,1,4,1,141,"1 4 1 1 5 5 2 1 54042924 9633 980 10624 320 0 160"
2006137,2006-05-25,3,5,1,351,"3 5 1 4 2 2 2 2 51922948 14329 980 0 320 37801 160"
2006138,2006-05-26,1,2,8,128,"1 2 8 6 9 3 2 1 53034098 15644 980 0 320 28746 160"
2006139,2006-05-27,4,6,2,462,"4 6 2 0 2 1 1 1 52966480 13031 980 0 320 41893 160"
2006140,2006-05-28,3,6,3,363,"3 6 3 6 3 6 1 1 53006940 16124 980 26173 320 0 160"
2006141,2006-05-29,6,8,8,688,"6 8 8 6 0 1 1 1 55427830 20907 980 11214 320 0 160"
2006142,2006-05-30,4,3,5,435,"4 3 5 3 9 0 2 2 53281452 7188 980 0 320 27047 160"
2006143,2006-05-31,5,8,2,582,"5 8 2 0 9 0 2 2 54552406 32436 980 0 320 73959 160"
2006144,2006-06-01,6,2,6,626,"6 2 6 5 2 0 2 1 55536890 57507 980 29104 320 0 160"
2006145,2006-06-02,3,8,4,384,"3 8 4 4 9 9 1 1 50716362 10706 980 0 320 39090 160"
2006146,2006-06-03,3,6,4,364,"3 6 4 7 5 1 1 1 52043920 8801 980 0 320 29538 160"
2006147,2006-06-04,1,9,5,195,"1 9 5 1 4 9 1 2 51456410 11210 980 0 320 45915 160"
2006148,2006-06-05,6,5,4,654,"6 5 4 3 1 0 1 1 56715702 7343 980 0 320 25609 160"
2006149,2006-06-06,2,8,6,286,"2 8 6 8 6 1 1 2 56228640 37153 980 0 320 50621 160"
2006150,2006-06-07,8,4,8,848,"8 4 8 9 9 1 1 2 60187920 33045 980 23921 320 0 160"
2006151,2006-06-08,2,0,9,209,"2 0 9 7 2 8 1 2 60718988 65312 980 0 320 38530 160"
2006152,2006-06-09,3,7,7,377,"3 7 7 2 0 7 2 1 50581018 59872 980 56849 320 0 160"
2006153,2006-06-10,0,1,4,014,"0 1 4 9 7 5 1 2 45156150 13773 980 0 320 38647 160"
2006154,2006-06-11,9,6,0,960,"9 6 0 4 0 6 1 1 45202284 33898 980 0 320 40100 160"
2006155,2006-06-12,0,3,1,031,"0 3 1 9 9 4 1 2 49417956 7899 980 0 320 20336 160"
2006156,2006-06-13,1,3,4,134,"1 3 4 2 4 8 2 2 48582832 10979 980 0 320 30313 160"
2006157,2006-06-14,8,9,2,892,"8 9 2 5 2 1 2 2 49810124 21209 980 0 320 42084 160"
2006158,2006-06-15,2,7,5,275,"2 7 5 4 6 6 1 2 50697378 40063 980 0 320 89409 160"
2006159,2006-06-16,0,7,2,072,"0 7 2 6 0 7 2 1 52627862 4892 980 0 320 18301 160"
2006160,2006-06-17,8,0,3,803,"8 0 3 3 1 1 2 1 50973388 28529 980 0 320 44919 160"
2006161,2006-06-18,0,7,5,075,"0 7 5 1 4 8 1 1 49089112 12305 980 0 320 29565 160"
2006162,2006-06-19,3,4,8,348,"3 4 8 7 1 8 1 1 51282358 31948 980 0 320 39826 160"
2006163,2006-06-20,3,6,8,368,"3 6 8 2 3 5 1 1 54088054 14094 980 0 320 29098 160"
2006164,2006-06-21,1,3,2,132,"1 3 2 4 6 2 1 1 55627568 18455 980 0 320 20985 160"
2006165,2006-06-22,1,2,7,127,"1 2 7 7 3 2 2 2 57808284 23302 980 0 320 47763 160"
2006166,2006-06-23,4,2,6,426,"4 2 6 0 9 4 1 1 61039272 18840 980 0 320 31036 160"
2006167,2006-06-24,0,9,5,095,"0 9 5 6 0 4 1 2 63722226 13448 980 0 320 52838 160"
2006168,2006-06-25,5,1,9,519,"5 1 9 1 7 9 1 2 63503480 33689 980 0 320 44979 160"
2006169,2006-06-26,6,9,0,690,"6 9 0 4 4 5 2 1 63414088 11493 980 0 320 22172 160"
2006170,2006-06-27,4,0,7,407,"4 0 7 3 0 2 1 1 60875182 22384 980 0 320 50697 160"
2006171,2006-06-28,1,1,4,114,"1 1 4 5 4 4 2 1 60874300 22268 980 32361 320 0 160"
2006172,2006-06-29,0,5,0,050,"0 5 0 3 1 8 1 2 52815178 5719 980 7079 320 0 160"
2006173,2006-06-30,9,0,0,900,"9 0 0 9 3 5 2 1 51850740 14049 980 17643 320 0 160"
2006174,2006-07-01,3,5,7,357,"3 5 7 7 1 5 1 2 51281614 12299 980 0 320 40231 160"
2006175,2006-07-02,0,8,3,083,"0 8 3 3 3 7 1 2 52213702 15073 980 0 320 27367 160"
2006176,2006-07-03,3,6,1,361,"3 6 1 4 0 5 2 2 54119658 13965 980 0 320 39601 160"
2006177,2006-07-04,8,6,7,867,"8 6 7 9 5 3 2 1 54599728 12355 980 0 320 39077 160"
2006178,2006-07-05,5,7,7,577,"5 7 7 5 3 9 1 2 54457056 9685 980 13393 320 0 160"
2006179,2006-07-06,6,9,2,692,"6 9 2 6 4 4 2 2 55085958 17482 980 0 320 34941 160"
2006180,2006-07-07,2,0,7,207,"2 0 7 4 3 6 2 2 56006378 15836 980 0 320 24760 160"
2006181,2006-07-08,7,0,8,708,"7 0 8 7 0 5 1 1 56044970 46612 980 0 320 36406 160"
2006182,2006-07-09,9,4,9,949,"9 4 9 8 7 1 1 1 53767488 22584 980 16339 320 0 160"
2006183,2006-07-10,5,5,3,553,"5 5 3 7 6 5 1 1 53438182 26643 980 23694 320 0 160"
2006184,2006-07-11,6,0,8,608,"6 0 8 2 1 4 1 2 51442856 19654 980 0 320 55452 160"
2006185,2006-07-12,5,9,6,596,"5 9 6 2 8 0 1 2 52840152 7384 980 0 320 19477 160"
2006186,2006-07-13,2,1,5,215,"2 1 5 9 4 3 1 1 52345748 21509 980 0 320 33261 160"
2006187,2006-07-14,4,1,0,410,"4 1 0 4 8 9 1 2 53705254 13908 980 0 320 32302 160"
2006188,2006-07-15,3,6,3,363,"3 6 3 4 3 7 1 1 52773976 19619 980 23911 320 0 160"
2006189,2006-07-16,4,0,4,404,"4 0 4 4 2 9 1 2 53177274 7699 980 8490 320 0 160"
2006190,2006-07-17,4,5,3,453,"4 5 3 2 4 9 1 2 54453936 6060 980 0 320 24452 160"
2006191,2006-07-18,5,8,9,589,"5 8 9 7 6 7 1 2 53301290 20659 980 0 320 33474 160"
2006192,2006-07-19,2,1,1,211,"2 1 1 5 2 2 1 1 55941168 7306 980 8496 320 0 160"
2006193,2006-07-20,7,5,1,751,"7 5 1 8 7 9 2 1 52324014 24126 980 0 320 49808 160"
2006194,2006-07-21,5,1,0,510,"5 1 0 9 7 0 2 2 55361788 6323 980 0 320 15279 160"
2006195,2006-07-22,9,9,5,995,"9 9 5 5 0 8 1 2 53297738 23458 980 11028 320 0 160"
2006196,2006-07-23,3,2,8,328,"3 2 8 7 3 8 2 2 53392204 26088 980 0 320 43303 160"
2006197,2006-07-24,8,7,0,870,"8 7 0 1 1 5 1 1 56225390 20753 980 0 320 36568 160"
2006198,2006-07-25,0,0,1,001,"0 0 1 8 9 3 2 1 56973752 12597 980 7728 320 0 160"
2006199,2006-07-26,2,4,1,241,"2 4 1 7 3 7 1 1 54012458 9906 980 0 320 30917 160"
2006200,2006-07-27,6,7,3,673,"6 7 3 6 3 8 1 1 55709772 30095 980 0 320 76126 160"
2006201,2006-07-28,9,8,2,982,"9 8 2 3 6 7 2 2 56460860 9985 980 0 320 29671 160"
2006202,2006-07-29,8,4,2,842,"8 4 2 7 1 9 2 1 55753330 10024 980 0 320 43521 160"
2006203,2006-07-30,5,3,9,539,"5 3 9 6 2 6 2 2 55640344 21344 980 0 320 30175 160"
2006204,2006-07-31,8,2,0,820,"8 2 0 0 2 9 1 2 57477172 9227 980 0 320 24836 160"
2006205,2006-08-01,6,0,1,601,"6 0 1 6 2 2 2 1 57352410 12141 980 0 320 34361 160"
2006206,2006-08-02,5,5,7,557,"5 5 7 9 7 9 1 2 58115436 15051 980 15900 320 0 160"
2006207,2006-08-03,3,7,7,377,"3 7 7 1 0 5 1 1 57457420 7458 980 6194 320 0 160"
2006208,2006-08-04,1,3,8,138,"1 3 8 8 1 4 2 1 56210166 45770 980 0 320 54414 160"
2006209,2006-08-05,4,5,0,450,"4 5 0 2 5 8 2 2 56562186 22617 980 0 320 45067 160"
2006210,2006-08-06,0,8,5,085,"0 8 5 8 4 2 2 1 56792994 39007 980 0 320 36307 160"
2006211,2006-08-07,3,3,0,330,"3 3 0 1 2 8 2 2 59593788 11016 980 10079 320 0 160"
2006212,2006-08-08,6,8,3,683,"6 8 3 0 0 3 2 2 55983894 16856 980 0 320 26340 160"
2006213,2006-08-09,1,2,6,126,"1 2 6 6 4 8 1 2 59357246 23583 980 0 320 49093 160"
2006214,2006-08-10,6,6,6,666,"6 6 6 7 6 3 2 1 58049468 154089 980 0 320 0 160"
2006215,2006-08-11,6,6,3,663,"6 6 3 4 4 2 2 2 41349594 8367 980 0 320 10376 160"
2006216,2006-08-12,3,3,4,334,"3 3 4 7 5 8 1 2 41341384 13862 980 10560 320 0 160"
2006217,2006-08-13,7,9,5,795,"7 9 5 9 8 6 1 2 42655784 32352 980 0 320 73979 160"
2006218,2006-08-14,4,4,0,440,"4 4 0 8 7 1 2 1 43452676 11079 980 7379 320 0 160"
2006219,2006-08-15,7,9,0,790,"7 9 0 3 4 8 2 1 45079166 11336 980 0 320 35144 160"
2006220,2006-08-16,2,5,3,253,"2 5 3 4 3 2 1 2 45613192 20598 980 0 320 45085 160"
2006221,2006-08-17,4,7,9,479,"4 7 9 2 7 5 1 2 46058972 19544 980 0 320 29923 160"
2006222,2006-08-18,7,1,8,718,"7 1 8 6 7 6 2 2 46222184 20033 980 0 320 31297 160"
2006223,2006-08-19,7,4,8,748,"7 4 8 4 5 0 2 2 45542674 6862 980 0 320 19695 160"
2006224,2006-08-20,0,3,9,039,"0 3 9 7 1 4 2 2 44539770 14573 980 0 320 36487 160"
2006225,2006-08-21,3,4,0,340,"3 4 0 5 8 6 2 2 46410160 13364 980 0 320 24036 160"
2006226,2006-08-22,6,8,5,685,"6 8 5 6 4 3 2 2 46468594 19175 980 0 320 40215 160"
2006227,2006-08-23,8,5,0,850,"8 5 0 8 9 6 1 2 47653762 19987 980 0 320 30533 160"
2006228,2006-08-24,5,5,9,559,"5 5 9 2 9 6 1 1 48345890 10392 980 8923 320 0 160"
2006229,2006-08-25,7,7,2,772,"7 7 2 0 5 9 2 1 48514350 16099 980 17157 320 0 160"
2006230,2006-08-26,2,7,9,279,"2 7 9 4 7 9 2 2 47187650 26431 980 0 320 63044 160"
2006231,2006-08-27,6,4,5,645,"6 4 5 2 2 3 1 2 48461614 19925 980 0 320 44022 160"
2006232,2006-08-28,7,2,7,727,"7 2 7 9 0 9 2 2 50804284 15936 980 3135 320 0 160"
2006233,2006-08-29,9,9,4,994,"9 9 4 7 4 7 1 2 47114288 23354 980 12315 320 0 160"
2006234,2006-08-30,6,6,6,666,"6 6 6 5 8 1 2 1 47004054 12690 980 0 320 0 160"
2006235,2006-08-31,3,1,5,315,"3 1 5 6 8 5 2 1 44189424 18610 980 0 320 52734 160"
2006236,2006-09-01,2,5,1,251,"2 5 1 6 4 2 1 1 46921126 15445 980 0 320 26811 160"
2006237,2006-09-02,6,8,3,683,"6 8 3 5 9 1 2 2 46093188 23452 980 0 320 45989 160"
2006238,2006-09-03,1,6,5,165,"1 6 5 8 6 3 1 1 46540632 15788 980 0 320 20486 160"
2006239,2006-09-04,8,7,4,874,"8 7 4 5 5 0 2 2 48024488 13223 980 0 320 41971 160"
2006240,2006-09-05,0,7,2,072,"0 7 2 5 3 5 1 2 48912710 9315 980 0 320 31049 160"
2006241,2006-09-06,3,2,1,321,"3 2 1 8 8 3 2 1 51195992 10689 980 0 320 18782 160"
2006242,2006-09-07,4,3,3,433,"4 3 3 7 5 7 1 2 49628278 21943 980 23189 320 0 160"
2006243,2006-09-08,4,3,5,435,"4 3 5 3 4 5 2 1 49112776 6081 980 0 320 30667 160"
2006244,2006-09-09,0,7,6,076,"0 7 6 1 9 3 1 1 48872218 9265 980 0 320 40330 160"
2006245,2006-09-10,5,6,8,568,"5 6 8 0 8 1 1 1 50548030 29669 980 0 320 35844 160"
2006246,2006-09-11,4,1,0,410,"4 1 0 9 7 5 1 1 53270728 8346 980 0 320 24212 160"
2006247,2006-09-12,5,2,3,523,"5 2 3 9 6 8 1 2 53061814 16832 980 0 320 44169 160"
2006248,2006-09-13,9,9,8,998,"9 9 8 0 9 1 2 1 54307986 15071 980 0 320 14690 160"
2006249,2006-09-14,4,4,8,448,"4 4 8 7 2 2 1 1 52119582 11732 980 14661 320 0 160"
2006250,2006-09-15,4,1,1,411,"4 1 1 0 1 5 2 1 54175330 5231 980 9259 320 0 160"
2006251,2006-09-16,4,7,4,474,"4 7 4 2 0 8 2 2 54178598 4715 980 5121 320 0 160"
2006252,2006-09-17,0,6,8,068,"0 6 8 7 9 5 1 2 52449700 23369 980 0 320 68333 160"
2006253,2006-09-18,3,1,0,310,"3 1 0 9 2 7 2 2 54227688 44618 980 0 320 34979 160"
2006254,2006-09-19,0,2,3,023,"0 2 3 8 7 0 1 1 55122662 19962 980 0 320 24550 160"
2006255,2006-09-20,5,0,1,501,"5 0 1 2 6 4 2 2 56934166 38402 980 0 320 23820 160"
2006256,2006-09-21,2,6,6,266,"2 6 6 7 3 0 1 2 53274714 9380 980 8831 320 0 160"
2006257,2006-09-22,1,8,4,184,"1 8 4 3 4 7 1 1 53295574 18355 980 0 320 34872 160"
2006258,2006-09-23,1,5,8,158,"1 5 8 0 3 5 2 1 51114282 11839 980 0 320 24469 160"
2006259,2006-09-24,1,1,0,110,"1 1 0 7 4 6 2 1 51912576 11668 1000 6415 320 0 160"
2006260,2006-09-25,2,4,1,241,"2 4 1 8 6 4 2 2 52283076 15579 1000 0 320 25252 160"
2006261,2006-09-26,4,7,3,473,"4 7 3 6 3 6 1 2 53632246 33551 1000 0 320 50918 160"
2006262,2006-09-27,4,5,7,457,"4 5 7 6 1 5 1 2 57579824 10951 1000 0 320 35447 160"
2006263,2006-09-28,5,4,1,541,"5 4 1 3 0 8 2 2 58377060 7257 1000 0 320 17544 160"
2006264,2006-09-29,5,2,0,520,"5 2 0 8 2 8 1 1 59712710 8842 1000 0 320 22257 160"
2006265,2006-09-30,1,4,3,143,"1 4 3 7 3 2 1 1 57574224 6289 1000 0 320 28632 160"
2006266,2006-10-01,9,7,3,973,"9 7 3 1 1 3 2 2 55151202 12081 1000 0 320 45834 160"
2006267,2006-10-02,6,9,1,691,"6 9 1 5 0 3 2 1 52630288 13020 1000 0 320 24006 160"
2006268,2006-10-03,4,4,0,440,"4 4 0 8 5 9 1 1 53371432 9162 1000 9349 320 0 160"
2006269,2006-10-04,5,3,7,537,"5 3 7 6 5 1 1 1 54454858 21251 1000 0 320 44845 160"
2006270,2006-10-05,0,8,3,083,"0 8 3 9 3 4 2 2 56836602 160566 1000 0 320 132230 160"
2006271,2006-10-06,4,9,2,492,"4 9 2 4 1 3 2 1 40312854 7610 1000 0 320 22921 160"
2006272,2006-10-07,8,5,7,857,"8 5 7 4 6 9 1 1 41631472 17833 1000 0 320 40476 160"
2006273,2006-10-08,8,4,9,849,"8 4 9 3 2 1 1 2 42160062 12456 1000 0 320 19177 160"
2006274,2006-10-09,4,2,6,426,"4 2 6 1 1 0 2 2 43011300 17130 1000 0 320 33355 160"
2006275,2006-10-10,5,7,6,576,"5 7 6 6 9 8 2 2 45582122 14084 1000 0 320 41773 160"
2006276,2006-10-11,9,3,5,935,"9 3 5 6 0 0 2 1 45838542 28885 1000 0 320 36284 160"
2006277,2006-10-12,9,9,2,992,"9 9 2 4 5 9 2 2 44525094 7292 1000 12566 320 0 160"
2006278,2006-10-13,7,9,3,793,"7 9 3 4 0 4 2 2 44082682 12344 1000 0 320 12902 160"
2006279,2006-10-14,1,4,6,146,"1 4 6 6 4 3 1 2 42209746 29346 1000 0 320 69971 160"
2006280,2006-10-15,0,5,0,050,"0 5 0 0 9 8 2 2 42129980 6409 1000 6815 320 0 160"
2006281,2006-10-16,9,8,1,981,"9 8 1 2 2 8 2 2 43127704 20029 1000 0 320 30703 160"
2006282,2006-10-17,0,4,3,043,"0 4 3 3 2 3 2 1 43127738 10561 1000 0 320 26906 160"
2006283,2006-10-18,1,3,1,131,"1 3 1 0 1 6 2 1 44392530 10907 1000 10077 320 0 160"
2006284,2006-10-19,1,6,0,160,"1 6 0 7 1 2 2 1 43019464 7254 1000 0 320 16673 160"
2006285,2006-10-20,3,4,2,342,"3 4 2 0 5 6 1 2 43326222 12063 1000 0 320 34771 160"
2006286,2006-10-21,9,2,1,921,"9 2 1 8 1 5 2 2 41628422 9682 1000 0 320 26478 160"
2006287,2006-10-22,7,9,1,791,"7 9 1 9 9 1 2 1 41255002 10215 1000 0 320 26298 160"
2006288,2006-10-23,3,1,6,316,"3 1 6 3 4 1 1 2 45088480 11672 1000 0 320 34297 160"
2006289,2006-10-24,2,4,4,244,"2 4 4 7 7 5 1 2 43810920 16339 1000 17345 320 0 160"
2006290,2006-10-25,9,1,8,918,"9 1 8 6 0 2 2 2 45292366 11999 1000 0 320 15687 160"
2006291,2006-10-26,6,7,1,671,"6 7 1 4 3 5 1 2 43681150 27841 1000 0 320 33357 160"
2006292,2006-10-27,5,6,6,566,"5 6 6 1 1 0 2 2 46089762 17766 1000 13439 320 0 160"
2006293,2006-10-28,4,5,2,452,"4 5 2 6 8 6 2 2 43756086 30008 1000 0 320 56542 160"
2006294,2006-10-29,1,5,2,152,"1 5 2 4 0 1 2 2 43504532 3756 1000 0 320 25060 160"
2006295,2006-10-30,2,1,9,219,"2 1 9 3 0 7 1 2 45073768 14655 1000 0 320 18694 160"
2006296,2006-10-31,5,1,9,519,"5 1 9 9 6 2 2 1 45877532 9883 1000 0 320 32583 160"
2006297,2006-11-01,3,0,8,308,"3 0 8 8 1 5 2 1 46556106 53352 1000 0 320 76364 160"
2006298,2006-11-02,3,6,3,363,"3 6 3 1 8 0 2 1 43436694 11905 1000 19912 320 0 160"
2006299,2006-11-03,7,3,6,736,"7 3 6 3 9 0 2 2 43899790 23172 1000 0 320 41058 160"
2006300,2006-11-04,8,4,6,846,"8 4 6 6 5 4 1 1 43362878 14312 1000 0 320 48002 160"
2006301,2006-11-05,8,6,5,865,"8 6 5 2 4 0 2 1 42741990 10292 1000 0 320 30441 160"
2006302,2006-11-06,2,3,7,237,"2 3 7 0 4 2 2 1 45008084 17309 1000 0 320 48579 160"
2006303,2006-11-07,6,7,7,677,"6 7 7 5 8 9 1 2 45697032 9000 1000 12957 320 0 160"
2006304,2006-11-08,5,1,7,517,"5 1 7 7 6 3 2 1 45453432 20464 1000 0 320 54670 160"
2006305,2006-11-09,0,4,1,041,"0 4 1 7 1 9 2 1 44917116 16818 1000 0 320 66918 160"
2006306,2006-11-10,4,1,7,417,"4 1 7 9 2 9 2 1 46521048 14216 1000 0 320 41593 160"
2006307,2006-11-11,6,4,0,640,"6 4 0 1 0 9 2 2 47213896 6752 1000 0 320 27689 160"
2006308,2006-11-12,1,7,5,175,"1 7 5 2 7 3 2 1 46413256 21433 1000 0 320 42190 160"
2006309,2006-11-13,8,0,7,807,"8 0 7 5 2 3 1 1 47165786 15057 1000 0 320 39760 160"
2006310,2006-11-14,9,5,8,958,"9 5 8 8 4 0 2 2 45938532 30427 1000 0 320 59948 160"
2006311,2006-11-15,2,4,2,242,"2 4 2 5 3 9 1 1 47592950 9044 1000 22673 320 0 160"
2006312,2006-11-16,6,8,9,689,"6 8 9 7 0 2 1 1 45405548 20062 1000 0 320 27822 160"
2006313,2006-11-17,3,0,0,300,"3 0 0 6 7 1 1 2 46224566 9780 1000 9447 320 0 160"
2006314,2006-11-18,7,8,3,783,"7 8 3 5 0 0 1 2 44492554 12359 1000 0 320 38305 160"
2006315,2006-11-19,0,6,4,064,"0 6 4 3 2 3 2 1 45911628 14680 1000 0 320 40861 160"
2006316,2006-11-20,8,5,1,851,"8 5 1 1 5 4 2 2 49089256 39446 1000 0 320 123030 160"
2006317,2006-11-21,3,0,0,300,"3 0 0 7 7 1 2 1 50271548 4152 1000 5453 320 0 160"
2006318,2006-11-22,5,0,3,503,"5 0 3 6 4 1 2 1 49340136 11983 1000 0 320 35448 160"
2006319,2006-11-23,1,6,4,164,"1 6 4 4 8 1 1 1 49570812 18268 1000 0 320 109099 160"
2006320,2006-11-24,9,0,4,904,"9 0 4 4 1 3 1 2 52990304 12794 1000 0 320 40580 160"
2006321,2006-11-25,6,4,1,641,"6 4 1 9 1 4 2 1 50124332 8488 1000 0 320 18821 160"
2006322,2006-11-26,9,5,9,959,"9 5 9 3 4 4 2 2 51444802 7116 1000 14619 320 0 160"
2006323,2006-11-27,0,1,9,019,"0 1 9 4 7 8 1 2 51172610 8376 1000 0 320 39918 160"
2006324,2006-11-28,1,4,7,147,"1 4 7 1 6 5 2 2 52069822 33964 1000 0 320 76832 160"
2006325,2006-11-29,0,3,9,039,"0 3 9 2 6 7 2 2 54964350 5660 1000 0 320 26540 160"
2006326,2006-11-30,1,8,9,189,"1 8 9 8 2 6 1 1 53390806 11353 1000 0 320 42301 160"
2006327,2006-12-01,6,8,3,683,"6 8 3 5 1 4 2 2 53807362 10471 1000 0 320 82063 160"
2006328,2006-12-02,9,6,0,960,"9 6 0 5 8 1 1 2 52784990 18085 1000 0 320 44828 160"
2006329,2006-12-03,8,6,3,863,"8 6 3 6 8 2 2 2 53362082 8024 1000 0 320 37712 160"
2006330,2006-12-04,4,5,5,455,"4 5 5 2 0 5 2 1 56335432 23493 1000 56483 320 0 160"
2006331,2006-12-05,1,4,0,140,"1 4 0 7 5 3 2 2 53759656 15207 1000 0 320 54780 160"
2006332,2006-12-06,3,6,5,365,"3 6 5 0 1 9 1 1 55939058 16551 1000 0 320 72265 160"
2006333,2006-12-07,1,7,3,173,"1 7 3 0 7 9 1 1 55502668 10689 1000 0 320 80496 160"
2006334,2006-12-08,1,8,2,182,"1 8 2 3 3 2 1 1 57292948 15864 1000 0 320 82676 160"
2006335,2006-12-09,9,7,7,977,"9 7 7 5 9 6 1 1 52121972 4207 1000 11704 320 0 160"
2006336,2006-12-10,4,6,0,460,"4 6 0 4 3 2 1 1 49949670 11261 1000 0 320 86355 160"
2006337,2006-12-11,9,0,0,900,"9 0 0 9 3 7 1 1 54458304 11534 1000 15897 320 0 160"
2006338,2006-12-12,4,4,7,447,"4 4 7 2 6 4 2 1 51567058 11597 1000 10537 320 0 160"
2006339,2006-12-13,6,3,8,638,"6 3 8 0 7 9 1 1 53530484 33304 1000 0 320 94803 160"
2006340,2006-12-14,7,9,0,790,"7 9 0 9 6 6 1 1 51648166 23665 1000 0 320 65748 160"
2006341,2006-12-15,0,4,7,047,"0 4 7 4 4 6 1 2 51226518 13770 1000 0 320 35193 160"
2006342,2006-12-16,6,9,5,695,"6 9 5 9 3 2 1 1 49799970 8662 1000 0 320 65641 160"
2006343,2006-12-17,5,3,9,539,"5 3 9 1 6 1 1 2 50151210 14081 1000 0 320 43083 160"
2006344,2006-12-18,9,4,8,948,"9 4 8 2 1 6 2 1 54079032 15375 1000 0 320 42228 160"
2006345,2006-12-19,6,7,6,676,"6 7 6 1 1 1 1 1 55971642 13778 1000 31538 320 0 160"
2006346,2006-12-20,7,6,0,760,"7 6 0 2 0 8 1 2 55595934 15638 1000 0 320 52893 160"
2006347,2006-12-21,5,6,9,569,"5 6 9 4 5 9 1 1 57355142 9207 1000 0 320 39723 160"
2006348,2006-12-22,6,4,4,644,"6 4 4 4 3 5 2 2 58042688 7790 1000 16686 320 0 160"
2006349,2006-12-23,4,1,5,415,"4 1 5 6 7 0 2 1 59288328 23771 1000 0 320 97216 160"
2006350,2006-12-24,8,0,2,802,"8 0 2 9 9 8 2 2 59116004 18994 1000 0 320 75154 160"
2006351,2006-12-25,5,0,9,509,"5 0 9 7 7 0 1 2 58859756 12144 1000 0 320 48735 160"
2006352,2006-12-26,9,3,9,939,"9 3 9 1 8 1 2 1 58718452 6020 1000 15389 320 0 160"
2006353,2006-12-27,5,0,3,503,"5 0 3 8 8 3 2 2 59189142 6876 1000 0 320 49410 160"
2006354,2006-12-28,2,8,3,283,"2 8 3 9 2 2 2 2 58704896 16458 1000 0 320 82654 160"
2006355,2006-12-29,8,2,7,827,"8 2 7 0 3 6 2 1 58085124 47129 1000 0 320 52624 160"
2006356,2006-12-30,6,2,3,623,"6 2 3 9 1 1 1 2 51675212 9177 1000 0 320 46054 160"
2006357,2006-12-31,0,1,5,015,"0 1 5 5 7 8 2 2 50655532 15355 1000 0 320 80492 160"
2007001,2007-01-01,0,1,9,019,"0 1 9 0 7 6 1 2 47323304 9306 1000 0 320 67603 160"
2007002,2007-01-02,4,8,4,484,"4 8 4 8 8 6 2 2 47251758 13153 1000 40600 320 0 160"
2007003,2007-01-03,7,3,3,733,"7 3 3 5 4 6 2 2 45332446 8533 1000 16892 320 0 160"
2007004,2007-01-04,3,1,3,313,"3 1 3 1 4 1 2 2 46882078 8800 1000 12229 320 0 160"
2007005,2007-01-05,7,3,6,736,"7 3 6 4 2 3 2 2 46692328 10646 1000 0 320 36889 160"
2007006,2007-01-06,2,5,5,255,"2 5 5 8 8 1 1 1 47110896 29557 1000 23107 320 0 160"
2007007,2007-01-07,4,5,9,459,"4 5 9 6 0 4 1 1 44958604 20514 1000 0 320 79457 160"
2007008,2007-01-08,5,5,8,558,"5 5 8 3 6 8 1 2 47510450 9556 1000 7340 320 0 160"
2007009,2007-01-09,5,0,4,504,"5 0 4 1 8 9 2 2 46904948 12046 1000 0 320 36485 160"
2007010,2007-01-10,7,3,5,735,"7 3 5 6 2 3 1 2 47955678 20572 1000 0 320 55794 160"
2007011,2007-01-11,1,9,3,193,"1 9 3 9 9 6 2 2 48378692 14551 1000 0 320 56173 160"
2007012,2007-01-12,0,3,5,035,"0 3 5 6 1 2 1 1 48771182 7859 1000 0 320 28342 160"
2007013,2007-01-13,5,5,0,550,"5 5 0 3 1 2 1 1 48762034 7423 1000 15614 320 0 160"
2007014,2007-01-14,8,1,4,814,"8 1 4 7 2 7 2 1 46452602 21220 1000 0 320 82500 160"
2007015,2007-01-15,9,1,6,916,"9 1 6 9 9 1 2 1 49731374 17375 1000 0 320 71820 160"
2007016,2007-01-16,4,4,1,441,"4 4 1 9 2 1 1 1 49242702 36247 1000 21590 320 0 160"
2007017,2007-01-17,9,5,6,956,"9 5 6 7 5 9 2 1 48832154 6830 1000 0 320 39980 160"
2007018,2007-01-18,5,2,9,529,"5 2 9 2 5 8 2 1 48391946 18686 1000 0 320 32389 160"
2007019,2007-01-19,6,5,2,652,"6 5 2 7 9 0 2 2 50304702 14538 1000 0 320 44532 160"
2007020,2007-01-20,4,8,1,481,"4 8 1 7 0 7 1 1 49272524 10438 1000 0 320 41619 160"
2007021,2007-01-21,5,7,7,577,"5 7 7 7 8 3 2 1 49591696 10282 1000 28537 320 0 160"
2007022,2007-01-22,3,0,5,305,"3 0 5 9 7 8 2 2 49296632 26379 1000 0 320 59669 160"
2007023,2007-01-23,5,8,1,581,"5 8 1 3 3 0 1 2 51245738 17640 1000 0 320 69175 160"
2007024,2007-01-24,2,9,6,296,"2 9 6 8 0 2 2 1 50555620 43342 1000 0 320 98903 160"
2007025,2007-01-25,3,9,2,392,"3 9 2 1 7 3 2 2 52292016 5705 1000 0 320 28287 160"
2007026,2007-01-26,3,4,4,344,"3 4 4 3 9 8 1 2 52796634 22041 1000 77845 320 0 160"
2007027,2007-01-27,7,9,0,790,"7 9 0 4 8 2 2 1 49229816 11953 1000 0 320 41116 160"
2007028,2007-01-28,7,4,8,748,"7 4 8 9 5 4 1 2 49281766 9400 1000 0 320 64171 160"
2007029,2007-01-29,5,7,5,575,"5 7 5 7 2 2 2 1 52193272 8313 1000 17684 320 0 160"
2007030,2007-01-30,7,4,7,747,"7 4 7 8 6 3 2 1 51915514 9205 1000 14218 320 0 160"
2007031,2007-01-31,9,7,5,975,"9 7 5 6 5 8 2 2 52328018 8654 1000 0 320 41249 160"
2007032,2007-02-01,5,5,1,551,"5 5 1 3 5 1 1 1 52509162 6759 1000 12729 320 0 160"
2007033,2007-02-02,9,2,8,928,"9 2 8 9 5 0 2 1 53321796 7899 1000 0 320 40908 160"
2007034,2007-02-03,4,1,4,414,"4 1 4 1 3 5 2 2 53703956 23353 1000 19366 320 0 160"
2007035,2007-02-04,4,0,9,409,"4 0 9 2 5 5 1 2 52431464 14328 1000 0 320 53914 160"
2007036,2007-02-05,4,8,5,485,"4 8 5 5 8 3 1 1 53452996 10790 1000 0 320 60257 160"
2007037,2007-02-06,5,7,0,570,"5 7 0 7 5 9 1 2 54861810 34037 1000 0 320 102272 160"
2007038,2007-02-07,1,9,5,195,"1 9 5 4 6 2 2 2 55665606 20508 1000 0 320 69165 160"
2007039,2007-02-08,7,1,2,712,"7 1 2 9 5 8 1 1 57132848 20830 1000 0 320 55728 160"
2007040,2007-02-09,2,1,2,212,"2 1 2 8 5 9 2 1 57116380 12028 1000 48217 320 0 160"
2007041,2007-02-10,3,5,9,359,"3 5 9 5 8 4 2 2 49427084 13798 1000 0 320 48691 160"
2007042,2007-02-11,3,9,3,393,"3 9 3 8 0 4 2 1 50778942 10021 1000 20959 320 0 160"
2007043,2007-02-12,3,2,1,321,"3 2 1 1 5 1 1 1 52162092 7895 1000 0 320 34011 160"
2007044,2007-02-13,5,2,2,522,"5 2 2 7 0 3 1 1 49186322 11612 1000 26304 320 0 160"
2007045,2007-02-14,4,0,0,400,"4 0 0 2 7 9 2 2 49736020 10788 1000 12845 320 0 160"
2007046,2007-02-15,2,0,8,208,"2 0 8 1 9 6 1 2 46874586 16450 1000 0 320 58868 160"
2007047,2007-02-16,3,0,4,304,"3 0 4 3 1 0 2 1 44567562 12862 1000 0 320 41972 160"
2007048,2007-02-25,4,1,8,418,"4 1 8 8 5 5 1 1 37697286 16325 1000 0 320 47489 160"
2007049,2007-02-26,3,6,3,363,"3 6 3 2 2 6 1 2 41313176 29071 1000 33370 320 0 160"
2007050,2007-02-27,9,5,1,951,"9 5 1 3 0 8 2 2 37054848 16573 1000 0 320 60900 160"
2007051,2007-02-28,8,9,2,892,"8 9 2 8 8 4 1 2 41042682 19273 1000 0 320 38388 160"
2007052,2007-03-01,8,9,9,899,"8 9 9 9 6 0 1 1 43689616 6139 1000 16422 320 0 160"
2007053,2007-03-02,0,7,8,078,"0 7 8 9 6 0 1 2 42723044 11001 1000 0 320 44959 160"
2007054,2007-03-03,2,0,4,204,"2 0 4 8 5 9 1 1 43221938 7820 1000 0 320 30791 160"
2007055,2007-03-04,6,5,6,656,"6 5 6 5 7 1 2 1 41187178 8737 1000 23846 320 0 160"
2007056,2007-03-05,4,0,3,403,"4 0 3 5 3 5 2 1 42864394 6514 1000 0 320 26965 160"
2007057,2007-03-06,6,6,8,668,"6 6 8 4 5 7 1 1 45852096 6561 1000 10965 320 0 160"
2007058,2007-03-07,2,9,5,295,"2 9 5 7 9 3 1 1 46767236 15446 1000 0 320 80284 160"
2007059,2007-03-08,0,2,9,029,"0 2 9 7 1 4 2 1 48662288 15951 1000 0 320 41998 160"
2007060,2007-03-09,9,8,7,987,"9 8 7 6 8 3 1 1 52785214 15294 1000 0 320 31605 160"
2007061,2007-03-10,1,4,4,144,"1 4 4 5 9 1 2 2 56142412 22455 1000 84969 320 0 160"
2007062,2007-03-11,7,7,5,775,"7 7 5 6 9 7 2 1 48740096 12840 1000 28785 320 0 160"
2007063,2007-03-12,3,2,6,326,"3 2 6 8 2 2 2 2 53264080 21367 1000 0 320 137541 160"
2007064,2007-03-13,6,1,7,617,"6 1 7 4 8 4 1 2 54427294 33642 1000 0 320 148172 160"
2007065,2007-03-14,5,0,0,500,"5 0 0 4 7 1 2 1 57616984 21713 1000 74807 320 0 160"
2007066,2007-03-15,8,8,9,889,"8 8 9 9 4 3 2 1 50781932 47481 1000 62707 320 0 160"
2007067,2007-03-16,0,1,6,016,"0 1 6 8 1 3 1 1 51686078 6655 1000 0 320 40335 160"
2007068,2007-03-17,6,9,1,691,"6 9 1 3 6 9 2 2 52973870 12948 1000 0 320 58120 160"
2007069,2007-03-18,6,8,3,683,"6 8 3 9 7 2 1 2 64040286 7209 1000 0 320 62739 160"
2007070,2007-03-19,1,6,3,163,"1 6 3 8 0 4 1 1 75247662 12099 1000 0 320 31152 160"
2007071,2007-03-20,3,9,4,394,"3 9 4 0 1 4 2 2 91972506 11814 1000 0 320 53559 160"
2007072,2007-03-21,9,1,4,914,"9 1 4 7 6 8 1 1 105804334 8822 1000 0 320 42397 160"
2007073,2007-03-22,9,7,7,977,"9 7 7 9 3 8 1 1 111064146 18823 1000 299263 320 0 160"
2007074,2007-03-23,7,4,5,745,"7 4 5 3 7 0 1 2 60607636 38385 1000 0 320 108715 160"
2007075,2007-03-24,0,7,1,071,"0 7 1 9 6 2 1 2 62497682 26964 1000 0 320 51565 160"
2007076,2007-03-25,3,9,9,399,"3 9 9 5 6 9 2 1 69535690 9193 1000 78228 320 0 160"
2007077,2007-03-26,6,2,3,623,"6 2 3 2 0 8 1 1 63585138 24613 1000 0 320 136789 160"
2007078,2007-03-27,6,6,6,666,"6 6 6 5 7 8 2 2 65811916 58763 1000 0 320 0 160"
2007079,2007-03-28,7,1,0,710,"7 1 0 4 2 4 2 1 69515114 5703 1000 0 320 27662 160"
2007080,2007-03-29,3,7,9,379,"3 7 9 7 4 7 1 2 77497910 19414 1000 0 320 77865 160"
2007081,2007-03-30,8,2,7,827,"8 2 7 9 2 6 1 2 89554654 17532 1000 0 320 67732 160"
2007082,2007-03-31,9,4,2,942,"9 4 2 9 7 9 1 1 94676564 15644 1000 0 320 117800 160"
2007083,2007-04-01,1,8,0,180,"1 8 0 1 9 6 2 1 109434214 14970 1000 0 320 57980 160"
2007084,2007-04-02,8,1,1,811,"8 1 1 1 6 2 2 1 124115892 31511 1000 289620 320 0 160"
2007085,2007-04-03,6,8,7,687,"6 8 7 3 9 7 2 2 71936874 7399 1000 0 320 59117 160"
2007086,2007-04-04,5,7,4,574,"5 7 4 0 1 1 2 1 77858534 19094 1000 0 320 120758 160"
2007087,2007-04-05,9,0,5,905,"9 0 5 6 0 5 2 1 81493558 41290 1000 0 320 114548 160"
2007088,2007-04-06,2,5,8,258,"2 5 8 6 7 8 2 2 92675942 56247 1000 0 320 72342 160"
2007089,2007-04-07,5,8,9,589,"5 8 9 9 2 9 2 2 101642086 28357 1000 0 320 69292 160"
2007090,2007-04-08,0,7,1,071,"0 7 1 1 2 9 2 1 126354474 6753 1000 0 320 41263 160"
2007091,2007-04-09,7,7,9,779,"7 7 9 6 8 5 1 2 147074326 57003 1000 337563 320 0 160"
2007092,2007-04-10,9,5,8,958,"9 5 8 1 4 3 2 1 83292068 14541 1000 0 320 28617 160"
2007093,2007-04-11,3,6,8,368,"3 6 8 4 1 9 1 1 84750618 25938 1000 0 320 116071 160"
2007094,2007-04-12,4,1,5,415,"4 1 5 9 9 2 2 2 87628296 27830 1000 0 320 67432 160"
2007095,2007-04-13,0,7,4,074,"0 7 4 3 0 6 2 2 90521106 16864 1000 0 320 81738 160"
2007096,2007-04-14,8,4,5,845,"8 4 5 9 5 1 2 1 90204500 13459 1000 0 320 52618 160"
2007097,2007-04-15,7,5,5,755,"7 5 5 3 5 0 2 1 91587770 10442 1000 63180 320 0 160"
2007098,2007-04-16,0,0,6,006,"0 0 6 6 0 4 1 2 83186164 10063 1000 21428 320 0 160"
2007099,2007-04-17,3,0,4,304,"3 0 4 4 6 3 2 1 82161864 15028 1000 0 320 85103 160"
2007100,2007-04-18,4,8,8,488,"4 8 8 1 9 3 1 2 84349688 13178 1000 18278 320 0 160"
2007101,2007-04-19,4,1,8,418,"4 1 8 8 1 0 2 1 81136736 25350 1000 0 320 90920 160"
2007102,2007-04-20,2,4,5,245,"2 4 5 1 7 1 1 1 78419836 16371 1000 0 320 42187 160"
2007103,2007-04-21,6,7,1,671,"6 7 1 9 0 5 1 2 77148362 42219 1000 0 320 97705 160"
2007104,2007-04-22,1,3,0,130,"1 3 0 2 4 4 2 2 75664590 123315 1000 0 320 44489 160"
2007105,2007-04-23,1,7,7,177,"1 7 7 9 0 4 2 1 59284676 11429 1000 48629 320 0 160"
2007106,2007-04-24,6,4,2,642,"6 4 2 3 1 9 1 2 57551170 41193 1000 0 320 153930 160"
2007107,2007-04-25,5,2,9,529,"5 2 9 1 3 0 1 2 56923008 80818 1000 0 320 152875 160"
2007108,2007-04-26,6,5,3,653,"6 5 3 5 4 9 1 1 59169474 15620 1000 0 320 86195 160"
2007109,2007-04-27,6,0,2,602,"6 0 2 8 8 2 2 2 58827096 5976 1000 0 320 38976 160"
2007110,2007-04-28,6,3,0,630,"6 3 0 7 2 1 2 1 61197002 10894 1000 0 320 44730 160"
2007111,2007-04-29,2,9,6,296,"2 9 6 7 4 1 1 2 61381514 18100 1000 0 320 34545 160"
2007112,2007-04-30,5,7,9,579,"5 7 9 2 8 5 1 1 63752596 22036 1000 0 320 64559 160"
2007113,2007-05-01,3,2,4,324,"3 2 4 9 3 1 1 2 62776420 13099 1000 0 320 34476 160"
2007114,2007-05-02,8,1,0,810,"8 1 0 0 5 2 1 1 59594270 7048 1000 0 320 36590 160"
2007115,2007-05-03,7,1,7,717,"7 1 7 9 2 6 1 2 59014498 26002 1000 82866 320 0 160"
2007116,2007-05-04,1,4,4,144,"1 4 4 9 3 1 2 1 48738954 8998 1000 19121 320 0 160"
2007117,2007-05-05,2,0,9,209,"2 0 9 2 0 3 1 2 51198850 14110 1000 0 320 46149 160"
2007118,2007-05-06,4,0,0,400,"4 0 0 8 1 0 2 1 52078654 7523 1000 9541 320 0 160"
2007119,2007-05-07,2,2,5,225,"2 2 5 9 6 8 2 1 51220242 5516 1000 9781 320 0 160"
2007120,2007-05-08,7,3,5,735,"7 3 5 2 2 7 1 2 51829074 13220 1000 0 320 100520 160"
2007121,2007-05-09,8,3,1,831,"8 3 1 9 9 2 2 2 53351726 21593 1000 0 320 115399 160"
2007122,2007-05-10,9,0,4,904,"9 0 4 8 8 1 1 1 53545580 25146 1000 0 320 108144 160"
2007123,2007-05-11,7,9,0,790,"7 9 0 9 3 4 1 1 54179110 11671 1000 0 320 43557 160"
2007124,2007-05-12,5,1,8,518,"5 1 8 9 9 9 1 2 52759158 40512 1000 0 320 96130 160"
2007125,2007-05-13,0,4,5,045,"0 4 5 6 9 7 1 2 54882220 25051 1000 0 320 33350 160"
2007126,2007-05-14,4,2,5,425,"4 2 5 9 1 2 1 1 57341856 7046 1000 0 320 29369 160"
2007127,2007-05-15,0,6,6,066,"0 6 6 0 3 4 2 2 57374414 14900 1000 47284 320 0 160"
2007128,2007-05-16,7,4,6,746,"7 4 6 8 0 9 2 1 51813192 13580 1000 0 320 79083 160"
2007129,2007-05-17,9,5,2,952,"9 5 2 1 8 0 2 1 52268610 25519 1000 0 320 62628 160"
2007130,2007-05-18,4,6,8,468,"4 6 8 7 1 0 2 1 53573786 23762 1000 0 320 67131 160"
2007131,2007-05-19,3,4,2,342,"3 4 2 8 5 9 2 1 51305116 9037 1000 0 320 48068 160"
2007132,2007-05-20,7,2,4,724,"7 2 4 8 9 1 2 1 51764138 20032 1000 0 320 42164 160"
2007133,2007-05-21,2,1,8,218,"2 1 8 5 5 1 1 2 54443188 16581 1000 0 320 41535 160"
2007134,2007-05-22,1,5,2,152,"1 5 2 3 8 3 1 2 57181646 8441 1000 0 320 25975 160"
2007135,2007-05-23,7,6,2,762,"7 6 2 8 5 9 1 2 60950440 8024 1000 0 320 38563 160"
2007136,2007-05-24,2,5,7,257,"2 5 7 0 8 4 1 1 61606508 12558 1000 0 320 29090 160"
2007137,2007-05-25,4,0,0,400,"4 0 0 1 3 1 2 2 62931820 20280 1000 73856 320 0 160"
2007138,2007-05-26,1,9,0,190,"1 9 0 5 2 6 2 2 48500666 17134 1000 0 320 87642 160"
2007139,2007-05-27,2,9,1,291,"2 9 1 8 4 3 1 2 48204086 8681 1000 0 320 42077 160"
2007140,2007-05-28,6,5,5,655,"6 5 5 9 1 5 2 1 49191386 14700 1000 25832 320 0 160"
2007141,2007-05-29,7,3,1,731,"7 3 1 5 6 0 1 1 48016406 23458 1000 0 320 67238 160"
2007142,2007-05-30,4,7,0,470,"4 7 0 0 4 2 1 2 49462902 10420 1000 0 320 44656 160"
2007143,2007-05-31,7,5,9,759,"7 5 9 9 0 2 1 2 49580794 11333 1000 0 320 48897 160"
2007144,2007-06-01,3,9,1,391,"3 9 1 4 3 8 2 1 49446232 11537 1000 0 320 44616 160"
2007145,2007-06-02,1,1,9,119,"1 1 9 2 9 2 1 2 48762942 14054 1000 20288 320 0 160"
2007146,2007-06-03,9,5,1,951,"9 5 1 3 5 2 2 2 47723814 8877 1000 0 320 28798 160"
2007147,2007-06-04,3,3,6,336,"3 3 6 3 0 5 2 1 48131172 9757 1000 20332 320 0 160"
2007148,2007-06-05,8,0,6,806,"8 0 6 2 2 6 1 1 49234138 26435 1000 0 320 119530 160"
2007149,2007-06-06,0,0,9,009,"0 0 9 2 6 3 1 2 48887464 7826 1000 13494 320 0 160"
2007150,2007-06-07,5,0,5,505,"5 0 5 1 4 6 1 2 48126392 18189 1000 21207 320 0 160"
2007151,2007-06-08,8,8,5,885,"8 8 5 5 2 9 1 1 46867300 9784 1000 14244 320 0 160"
2007152,2007-06-09,9,4,8,948,"9 4 8 2 5 4 1 1 45121400 11393 1000 0 320 42500 160"
2007153,2007-06-10,3,2,1,321,"3 2 1 7 2 4 1 2 45395754 10008 1000 0 320 45877 160"
2007154,2007-06-11,7,7,5,775,"7 7 5 2 6 7 1 1 45460476 18147 1000 19607 320 0 160"
2007155,2007-06-12,4,8,1,481,"4 8 1 7 3 2 1 1 45365392 22244 1000 0 320 74380 160"
2007156,2007-06-13,8,5,9,859,"8 5 9 8 6 3 1 1 47181034 17476 1000 0 320 42793 160"
2007157,2007-06-14,6,0,2,602,"6 0 2 3 7 0 1 1 46440232 18246 1000 0 320 74801 160"
2007158,2007-06-15,6,3,6,636,"6 3 6 8 7 4 2 1 47707588 33459 1000 42364 320 0 160"
2007159,2007-06-16,0,1,2,012,"0 1 2 9 9 9 2 1 45941052 8688 1000 0 320 23257 160"
2007160,2007-06-17,2,2,5,225,"2 2 5 0 1 5 2 1 44330814 10745 1000 19046 320 0 160"
2007161,2007-06-18,4,4,3,443,"4 4 3 9 2 9 2 2 46700200 18427 1000 18186 320 0 160"
2007162,2007-06-19,4,0,7,407,"4 0 7 2 4 1 2 1 47291626 13458 1000 0 320 40372 160"
2007163,2007-06-20,0,9,4,094,"0 9 4 3 5 3 2 1 48482512 14740 1000 0 320 30258 160"
2007164,2007-06-21,1,7,9,179,"1 7 9 2 2 9 1 1 48608448 32552 1000 0 320 97502 160"
2007165,2007-06-22,0,7,3,073,"0 7 3 7 3 6 2 2 49305218 12296 1000 0 320 48219 160"
2007166,2007-06-23,5,8,1,581,"5 8 1 4 0 9 1 1 45983726 36408 1000 0 320 92563 160"
2007167,2007-06-24,0,8,5,085,"0 8 5 7 9 2 1 2 47506580 6170 1000 0 320 37235 160"
2007168,2007-06-25,5,3,9,539,"5 3 9 2 5 7 2 1 51138534 10296 1000 0 320 42385 160"
2007169,2007-06-26,4,0,4,404,"4 0 4 0 1 9 1 2 51967294 19710 1000 49491 320 0 160"
2007170,2007-06-27,6,6,9,669,"6 6 9 4 6 8 1 2 46587944 9129 1000 14637 320 0 160"
2007171,2007-06-28,7,7,2,772,"7 7 2 8 9 2 2 1 45747290 16206 1000 21456 320 0 160"
2007172,2007-06-29,5,0,3,503,"5 0 3 4 7 6 2 2 45420886 8830 1000 0 320 36912 160"
2007173,2007-06-30,7,3,4,734,"7 3 4 0 9 3 2 2 44238242 16306 1000 0 320 74147 160"
2007174,2007-07-01,2,1,2,212,"2 1 2 7 0 2 2 1 43698906 14392 1000 14398 320 0 160"
2007175,2007-07-02,9,4,2,942,"9 4 2 3 1 1 1 2 44507058 14023 1000 0 320 50566 160"
2007176,2007-07-03,8,1,1,811,"8 1 1 4 0 2 1 1 44665396 9279 1000 14357 320 0 160"
2007177,2007-07-04,8,4,8,848,"8 4 8 8 6 4 2 1 45087766 15322 1000 18960 320 0 160"
2007178,2007-07-05,9,8,9,989,"9 8 9 7 4 8 1 2 45087766 15322 1000 18960 320 0 160"
2007179,2007-07-06,2,6,9,269,"2 6 9 9 4 9 2 2 43488554 13834 1000 0 320 34232 160"
2007180,2007-07-07,7,0,1,701,"7 0 1 7 9 2 2 2 43092216 16141 1000 0 320 49717 160"
2007181,2007-07-08,4,1,7,417,"4 1 7 4 0 0 2 1 44324892 30777 1000 0 320 60724 160"
2007182,2007-07-09,5,1,8,518,"5 1 8 5 3 2 2 2 44788098 17570 1000 0 320 51716 160"
2007183,2007-07-10,4,8,0,480,"4 8 0 3 2 7 2 2 46190118 9442 1000 0 320 31306 160"
2007184,2007-07-11,9,9,8,998,"9 9 8 9 4 7 1 1 44646520 10747 1000 13564 320 0 160"
2007185,2007-07-12,6,6,2,662,"6 6 2 0 3 3 1 1 44395938 6618 1000 13133 320 0 160"
2007186,2007-07-13,2,0,8,208,"2 0 8 2 0 1 1 1 45418638 10585 1000 0 320 23759 160"
2007187,2007-07-14,4,5,1,451,"4 5 1 5 9 0 1 2 44482206 11849 1000 0 320 35913 160"
2007188,2007-07-15,7,7,4,774,"7 7 4 7 6 3 1 1 45523574 22483 1000 26850 320 0 160"
2007189,2007-07-16,5,0,5,505,"5 0 5 0 4 6 1 2 46765190 13202 1000 15809 320 0 160"
2007190,2007-07-17,4,8,8,488,"4 8 8 1 9 8 2 1 45831462 9110 1000 16137 320 0 160"
2007191,2007-07-18,6,0,3,603,"6 0 3 8 3 6 2 1 47072846 20501 1000 0 320 65580 160"
2007192,2007-07-19,0,1,4,014,"0 1 4 2 0 7 1 2 45418890 13865 1000 0 320 32483 160"
2007193,2007-07-20,8,1,8,818,"8 1 8 5 9 2 2 1 45004618 9311 1000 16132 320 0 160"
2007194,2007-07-21,1,5,4,154,"1 5 4 3 3 0 2 2 43734096 6080 1000 0 320 21185 160"
2007195,2007-07-22,5,3,7,537,"5 3 7 3 7 1 1 2 43659170 33725 1000 0 320 95569 160"
2007196,2007-07-23,0,3,0,030,"0 3 0 0 1 2 1 2 44923582 9386 1000 25288 320 0 160"
2007197,2007-07-24,0,2,4,024,"0 2 4 6 0 6 2 1 42831688 6201 1000 0 320 23411 160"
2007198,2007-07-25,9,4,2,942,"9 4 2 9 2 8 1 2 42663332 13675 1000 0 320 36249 160"
2007199,2007-07-26,2,8,9,289,"2 8 9 7 1 7 2 2 44368794 18410 1000 0 320 25760 160"
2007200,2007-07-27,8,1,8,818,"8 1 8 9 2 2 2 1 44788952 9722 1000 20243 320 0 160"
2007201,2007-07-28,2,8,4,284,"2 8 4 0 9 0 2 1 43343526 6528 1000 0 320 19676 160"
2007202,2007-07-29,2,7,4,274,"2 7 4 5 5 9 1 1 42294666 11406 1000 0 320 37402 160"
2007203,2007-07-30,3,8,4,384,"3 8 4 0 2 6 1 2 42596396 6017 1000 0 320 17533 160"
2007204,2007-07-31,0,3,3,033,"0 3 3 5 6 5 2 1 40384828 8495 1000 25895 320 0 160"
2007205,2007-08-01,1,5,3,153,"1 5 3 0 8 9 2 2 40854616 12328 1000 0 320 56320 160"
2007206,2007-08-02,5,1,1,511,"5 1 1 0 8 1 1 1 41744326 29327 1000 28644 320 0 160"
2007207,2007-08-03,8,2,8,828,"8 2 8 9 1 5 1 2 42549654 17681 1000 19608 320 0 160"
2007208,2007-08-04,7,4,6,746,"7 4 6 3 5 0 1 2 41986584 20706 1000 0 320 48940 160"
2007209,2007-08-05,6,0,7,607,"6 0 7 0 6 8 2 2 40827932 26254 1000 0 320 37959 160"
2007210,2007-08-06,4,7,6,476,"4 7 6 5 7 8 1 2 42376044 5993 1000 0 320 9643 160"
2007211,2007-08-07,7,5,5,755,"7 5 5 5 9 8 1 2 42295726 11117 1000 24186 320 0 160"
2007212,2007-08-08,3,1,9,319,"3 1 9 2 7 0 1 1 42346036 19228 1000 0 320 43969 160"
2007213,2007-08-09,1,3,8,138,"1 3 8 2 0 6 1 1 42956046 31860 1000 0 320 51911 160"
2007214,2007-08-10,5,1,3,513,"5 1 3 8 8 5 2 1 45958856 16043 1000 0 320 25298 160"
2007215,2007-08-11,6,4,4,644,"6 4 4 4 8 3 1 2 46485270 28732 1000 52415 320 0 160"
2007216,2007-08-12,4,9,2,492,"4 9 2 2 0 8 2 2 44666622 22036 1000 0 320 39083 160"
2007217,2007-08-13,0,3,7,037,"0 3 7 0 0 6 1 2 46583126 12319 1000 0 320 31980 160"
2007218,2007-08-14,5,9,0,590,"5 9 0 2 9 2 1 1 46324504 17910 1000 0 320 43525 160"
2007219,2007-08-15,8,6,2,862,"8 6 2 8 1 7 1 1 46763048 20654 1000 0 320 61648 160"
2007220,2007-08-16,2,6,3,263,"2 6 3 9 2 8 1 2 46501738 26504 1000 0 320 53011 160"
2007221,2007-08-17,6,1,1,611,"6 1 1 4 7 0 1 1 45683608 30003 1000 42433 320 0 160"
2007222,2007-08-18,8,0,1,801,"8 0 1 5 8 8 1 1 42604146 7509 1000 0 320 29958 160"
2007223,2007-08-19,6,8,7,687,"6 8 7 1 7 2 1 1 41423754 11688 1000 0 320 35095 160"
2007224,2007-08-20,8,3,0,830,"8 3 0 5 2 2 2 1 40750668 9942 1000 0 320 29899 160"
2007225,2007-08-21,5,9,2,592,"5 9 2 6 0 8 2 2 42076606 25699 1000 0 320 80705 160"
2007226,2007-08-22,5,8,5,585,"5 8 5 7 9 4 1 1 45744654 16404 1000 32453 320 0 160"
2007227,2007-08-23,4,2,0,420,"4 2 0 9 0 4 2 1 41245968 8393 1000 0 320 24185 160"
2007228,2007-08-24,1,4,1,141,"1 4 1 5 4 8 1 1 40931716 8703 1000 11875 320 0 160"
2007229,2007-08-25,5,8,4,584,"5 8 4 6 2 6 1 1 40159992 23614 1000 0 320 30081 160"
2007230,2007-08-26,0,2,1,021,"0 2 1 4 7 4 1 2 40905376 5011 1000 0 320 14991 160"
2007231,2007-08-27,4,8,2,482,"4 8 2 9 5 3 1 1 41319252 9819 1000 0 320 27470 160"
2007232,2007-08-28,7,3,9,739,"7 3 9 2 8 0 2 1 43331140 51820 1000 0 320 95954 160"
2007233,2007-08-29,8,5,5,855,"8 5 5 1 4 6 2 1 45777064 12061 1000 38326 320 0 160"
2007234,2007-08-30,3,0,2,302,"3 0 2 9 8 6 1 1 42561286 10506 1000 0 320 23550 160"
2007235,2007-08-31,3,5,8,358,"3 5 8 9 8 9 1 1 43120852 14591 1000 0 320 36598 160"
2007236,2007-09-01,5,5,2,552,"5 5 2 9 8 7 1 2 42418544 8786 1000 15060 320 0 160"
2007237,2007-09-02,0,4,7,047,"0 4 7 3 4 7 2 2 40588550 33964 1000 0 320 59523 160"
2007238,2007-09-03,1,9,3,193,"1 9 3 3 8 3 2 1 43910676 31039 1000 0 320 88192 160"
2007239,2007-09-04,3,2,3,323,"3 2 3 3 3 4 1 1 45177772 7573 1000 15051 320 0 160"
2007240,2007-09-05,6,7,5,675,"6 7 5 2 6 8 1 1 43894398 21268 1000 0 320 50106 160"
2007241,2007-09-06,3,9,8,398,"3 9 8 6 8 6 1 1 43672392 14186 1000 0 320 45263 160"
2007242,2007-09-07,1,1,7,117,"1 1 7 3 5 8 2 1 45002924 12773 1000 24184 320 0 160"
2007243,2007-09-08,4,9,2,492,"4 9 2 4 4 2 1 1 44247224 22265 1000 0 320 62571 160"
2007244,2007-09-09,0,9,5,095,"0 9 5 2 0 8 1 1 43653392 10392 1000 0 320 60607 160"
2007245,2007-09-10,0,6,2,062,"0 6 2 5 2 5 1 1 46684464 6421 1000 0 320 35808 160"
2007246,2007-09-11,8,8,4,884,"8 8 4 8 5 2 1 1 45900778 12621 1000 21753 320 0 160"
2007247,2007-09-12,3,9,3,393,"3 9 3 2 2 4 1 1 44022486 7331 1000 14527 320 0 160"
2007248,2007-09-13,1,1,9,119,"1 1 9 4 2 3 1 1 44239250 12518 1000 20172 320 0 160"
2007249,2007-09-14,3,6,0,360,"3 6 0 0 1 9 2 2 45377204 7179 1000 0 320 30517 160"
2007250,2007-09-15,7,0,6,706,"7 0 6 8 9 0 2 2 43358438 26659 1000 0 320 35950 160"
2007251,2007-09-16,9,4,1,941,"9 4 1 5 8 8 2 2 43663846 37605 1000 0 320 47317 160"
2007252,2007-09-17,8,8,2,882,"8 8 2 4 3 5 1 1 45634096 19001 1000 46114 320 0 160"
2007253,2007-09-18,5,7,3,573,"5 7 3 0 5 3 1 1 43804420 22208 1000 0 320 97748 160"
2007254,2007-09-19,9,8,1,981,"9 8 1 6 1 1 2 2 45438368 10602 1000 0 320 37421 160"
2007255,2007-09-20,6,9,2,692,"6 9 2 9 0 9 1 2 45794088 27797 1000 0 320 67517 160"
2007256,2007-09-21,9,5,2,952,"9 5 2 2 4 2 2 1 49889552 6729 1000 0 320 25512 160"
2007257,2007-09-22,3,7,3,373,"3 7 3 1 9 7 1 2 48252796 19116 1000 57131 320 0 160"
2007258,2007-09-23,1,7,3,173,"1 7 3 9 3 4 2 1 44542216 8005 1000 0 320 37875 160"
2007259,2007-09-24,6,4,9,649,"6 4 9 7 7 3 1 1 46692688 21567 1000 0 320 54127 160"
2007260,2007-09-25,2,6,8,268,"2 6 8 1 0 2 2 2 45220344 32373 1000 0 320 66817 160"
2007261,2007-09-26,2,3,5,235,"2 3 5 7 0 8 2 1 48591782 36483 1000 0 320 62763 160"
2007262,2007-09-27,0,6,2,062,"0 6 2 2 7 7 2 2 48876142 4989 1000 0 320 15850 160"
2007263,2007-09-28,2,1,7,217,"2 1 7 3 2 1 2 2 54040482 11531 1000 0 320 26043 160"
2007264,2007-09-29,6,9,6,696,"6 9 6 5 0 9 1 1 55624904 23189 1000 63443 320 0 160"
2007265,2007-09-30,4,3,2,432,"4 3 2 7 9 4 1 1 42889128 8242 1000 0 320 29330 160"
2007266,2007-10-01,5,4,7,547,"5 4 7 2 8 1 1 1 42889128 17505 1000 0 320 59340 160"
2007267,2007-10-02,8,3,8,838,"8 3 8 0 8 7 2 1 42843208 12884 1000 23849 320 0 160"
2007268,2007-10-03,4,9,3,493,"4 9 3 9 0 1 2 2 43028896 12071 1000 0 320 30995 160"
2007269,2007-10-04,8,2,5,825,"8 2 5 9 3 1 1 1 44124730 17067 1000 0 320 56547 160"
2007270,2007-10-05,7,8,1,781,"7 8 1 1 1 2 2 2 46403468 19904 1000 0 320 33256 160"
2007271,2007-10-06,4,5,3,453,"4 5 3 2 5 6 1 1 48211166 22588 1000 0 320 58818 160"
2007272,2007-10-07,4,6,6,466,"4 6 6 5 8 6 1 1 47955710 8529 1000 37842 320 0 160"
2007273,2007-10-08,0,5,2,052,"0 5 2 1 6 9 2 2 44978066 19870 1000 0 320 51807 160"
2007274,2007-10-09,8,1,7,817,"8 1 7 1 2 1 2 1 45725890 14707 1000 0 320 41036 160"
2007275,2007-10-10,8,6,6,866,"8 6 6 8 9 2 1 2 48773272 4076 1000 12295 320 0 160"
2007276,2007-10-11,6,6,9,669,"6 6 9 8 5 3 2 1 45965956 3983 1000 4660 320 0 160"
2007277,2007-10-12,8,1,4,814,"8 1 4 7 0 8 1 2 46113638 16383 1000 0 320 55283 160"
2007278,2007-10-13,6,1,5,615,"6 1 5 0 2 1 2 1 46846650 12823 1000 0 320 43246 160"
2007279,2007-10-14,4,9,8,498,"4 9 8 6 6 4 1 2 44970482 14296 1000 0 320 20781 160"
2007280,2007-10-15,8,9,1,891,"8 9 1 3 6 2 2 2 48028948 5212 1000 0 320 17421 160"
2007281,2007-10-16,7,2,8,728,"7 2 8 9 7 8 2 1 50382548 24138 1000 0 320 39804 160"
2007282,2007-10-17,6,3,1,631,"6 3 1 4 6 6 1 2 54056130 9898 1000 0 320 42886 160"
2007283,2007-10-18,4,1,7,417,"4 1 7 2 7 9 2 1 58194382 22728 1000 0 320 48592 160"
2007284,2007-10-19,4,7,3,473,"4 7 3 2 8 8 2 1 63364706 23537 1000 0 320 48679 160"
2007285,2007-10-20,3,0,1,301,"3 0 1 7 6 4 1 2 61013042 11903 1000 0 320 24023 160"
2007286,2007-10-21,1,8,8,188,"1 8 8 0 7 8 1 1 57884070 42518 1000 88598 320 0 160"
2007287,2007-10-22,3,5,6,356,"3 5 6 0 3 1 1 2 46547866 22414 1000 0 320 64068 160"
2007288,2007-10-23,5,7,3,573,"5 7 3 0 9 3 2 1 47374102 24986 1000 0 320 77972 160"
2007289,2007-10-24,8,6,1,861,"8 6 1 9 4 8 2 2 48794104 15659 1000 0 320 39637 160"
2007290,2007-10-25,7,3,6,736,"7 3 6 5 9 3 1 2 48233964 15812 1000 0 320 41023 160"
2007291,2007-10-26,6,6,1,661,"6 6 1 8 6 7 2 2 49873552 25541 1000 35961 320 0 160"
2007292,2007-10-27,7,3,2,732,"7 3 2 9 2 9 1 2 47981712 9075 1000 0 320 50045 160"
2007293,2007-10-28,3,2,1,321,"3 2 1 5 9 5 1 2 46324024 7449 1000 0 320 22021 160"
2007294,2007-10-29,6,0,5,605,"6 0 5 6 8 3 2 1 48381304 31817 1000 0 320 63307 160"
2007295,2007-10-30,6,6,6,666,"6 6 6 1 5 0 2 2 46904624 41765 1000 0 320 0 160"
2007296,2007-10-31,5,1,9,519,"5 1 9 5 4 0 1 1 44270604 34320 1000 0 320 65667 160"
2007297,2007-11-01,9,4,7,947,"9 4 7 9 0 6 1 2 47264926 40041 1000 0 320 79388 160"
2007298,2007-11-02,5,4,5,545,"5 4 5 1 7 5 1 1 50663758 12703 1000 32677 320 0 160"
2007299,2007-11-03,6,6,4,664,"6 6 4 2 4 5 2 2 48869190 6574 1000 9743 320 0 160"
2007300,2007-11-04,9,0,8,908,"9 0 8 0 8 2 2 1 47655182 18819 1000 0 320 61042 160"
2007301,2007-11-05,3,6,4,364,"3 6 4 9 9 8 1 1 50740300 23069 1000 0 320 60641 160"
2007302,2007-11-06,1,1,0,110,"1 1 0 5 9 9 2 1 51111018 27482 1000 12096 320 0 160"
2007303,2007-11-07,7,0,0,700,"7 0 0 8 1 6 2 2 49557696 11656 1000 12163 320 0 160"
2007304,2007-11-08,3,3,8,338,"3 3 8 7 5 7 2 1 47999658 10347 1000 13595 320 0 160"
2007305,2007-11-09,5,1,1,511,"5 1 1 3 3 2 1 1 50715494 6324 1000 8760 320 0 160"
2007306,2007-11-10,5,0,7,507,"5 0 7 5 2 8 1 1 49819042 18741 1000 0 320 55125 160"
2007307,2007-11-11,7,4,9,749,"7 4 9 5 6 9 1 2 49332088 8132 1000 0 320 32964 160"
2007308,2007-11-12,6,2,7,627,"6 2 7 4 1 2 2 2 52048744 22449 1000 0 320 70199 160"
2007309,2007-11-13,3,3,4,334,"3 3 4 0 2 2 1 1 50993948 15734 1000 24182 320 0 160"
2007310,2007-11-14,9,6,0,960,"9 6 0 4 5 4 2 1 51922246 12757 1000 0 320 36914 160"
2007311,2007-11-15,0,1,3,013,"0 1 3 1 2 7 1 1 50649584 9317 1000 0 320 24232 160"
2007312,2007-11-16,7,8,4,784,"7 8 4 7 8 1 2 1 52214006 16575 1000 0 320 78099 160"
2007313,2007-11-17,1,9,6,196,"1 9 6 2 1 0 1 2 50582754 16445 1000 0 320 47034 160"
2007314,2007-11-18,3,4,3,343,"3 4 3 2 3 9 1 1 51604102 11134 1000 23320 320 0 160"
2007315,2007-11-19,8,1,6,816,"8 1 6 2 5 6 2 2 52685884 20616 1000 0 320 62194 160"
2007316,2007-11-20,4,3,0,430,"4 3 0 1 6 3 2 1 53630604 9561 1000 0 320 33209 160"
2007317,2007-11-21,2,1,4,214,"2 1 4 6 6 6 1 1 54674766 18410 1000 0 320 19709 160"
2007318,2007-11-22,1,2,5,125,"1 2 5 5 7 3 2 2 52040426 17635 1000 0 320 45613 160"
2007319,2007-11-23,0,5,1,051,"0 5 1 9 6 3 1 1 54259380 10540 1000 0 320 27134 160"
2007320,2007-11-24,9,2,4,924,"9 2 4 7 1 8 1 1 54103054 13261 1000 0 320 34718 160"
2007321,2007-11-25,4,9,4,494,"4 9 4 6 5 1 2 1 54439562 15605 1000 46754 320 0 160"
2007322,2007-11-26,3,4,9,349,"3 4 9 1 1 8 1 2 50818778 18445 1000 0 320 30709 160"
2007323,2007-11-27,3,3,1,331,"3 3 1 9 0 0 2 1 51916176 6786 1000 15247 320 0 160"
2007324,2007-11-28,1,1,2,112,"1 1 2 7 6 1 2 2 52205992 18212 1000 14930 320 0 160"
2007325,2007-11-29,6,7,4,674,"6 7 4 7 7 6 1 2 52008626 14075 1000 0 320 57664 160"
2007326,2007-11-30,5,5,8,558,"5 5 8 6 2 8 2 1 52706442 24083 1000 27307 320 0 160"
2007327,2007-12-01,4,2,3,423,"4 2 3 8 0 5 1 1 51161454 30810 1000 0 320 57172 160"
2007328,2007-12-02,5,4,5,545,"5 4 5 0 9 3 2 1 50100658 17962 1000 19714 320 0 160"
2007329,2007-12-03,7,3,2,732,"7 3 2 3 1 1 1 1 53681722 23238 1000 0 320 62460 160"
2007330,2007-12-04,1,2,4,124,"1 2 4 9 2 4 2 1 54146438 26084 1000 0 320 38777 160"
2007331,2007-12-05,5,3,5,535,"5 3 5 7 1 2 1 1 56984656 17938 1000 38130 320 0 160"
2007332,2007-12-06,9,1,3,913,"9 1 3 0 5 3 1 1 53625480 23552 1000 0 320 33281 160"
2007333,2007-12-07,2,8,4,284,"2 8 4 7 2 1 1 2 57688226 28276 1000 0 320 130791 160"
2007334,2007-12-08,1,1,9,119,"1 1 9 8 2 4 1 2 55357140 29607 1000 36985 320 0 160"
2007335,2007-12-09,7,4,7,747,"7 4 7 9 0 5 1 1 52298370 23870 1000 25700 320 0 160"
2007336,2007-12-10,7,8,5,785,"7 8 5 5 2 0 2 1 55621748 7783 1000 0 320 58572 160"
2007337,2007-12-11,3,9,9,399,"3 9 9 0 4 5 1 1 54370180 10709 1000 18747 320 0 160"
2007338,2007-12-12,8,5,6,856,"8 5 6 0 1 3 1 1 55422378 48949 1000 0 320 87998 160"
2007339,2007-12-13,4,5,0,450,"4 5 0 1 7 7 1 1 55089462 18373 1000 0 320 51204 160"
2007340,2007-12-14,1,0,5,105,"1 0 5 6 4 6 1 2 54453210 16099 1000 0 320 27747 160"
2007341,2007-12-15,6,6,7,667,"6 6 7 7 5 3 1 2 54751604 24032 1000 31212 320 0 160"
2007342,2007-12-16,6,0,6,606,"6 0 6 9 5 7 1 2 50815262 6929 1000 9972 320 0 160"
2007343,2007-12-17,8,5,2,852,"8 5 2 9 2 6 1 2 52083722 26680 1000 0 320 98365 160"
2007344,2007-12-18,6,7,5,675,"6 7 5 3 8 2 2 1 52246110 17658 1000 0 320 54230 160"
2007345,2007-12-19,4,7,6,476,"4 7 6 5 5 4 1 2 56277384 14103 1000 0 320 71424 160"
2007346,2007-12-20,7,9,3,793,"7 9 3 6 9 2 1 1 57200282 14257 1000 0 320 40361 160"
2007347,2007-12-21,2,7,9,279,"2 7 9 0 3 4 2 2 60515754 9897 1000 0 320 22513 160"
2007348,2007-12-22,9,9,2,992,"9 9 2 1 0 5 2 2 59290534 15441 1000 46583 320 0 160"
2007349,2007-12-23,5,2,2,522,"5 2 2 6 0 2 2 1 52517038 12702 1000 27019 320 0 160"
2007350,2007-12-24,8,8,9,889,"8 8 9 6 5 2 1 2 54617438 7586 1000 9705 320 0 160"
2007351,2007-12-25,5,5,8,558,"5 5 8 4 9 0 1 2 51051792 14697 1000 17556 320 0 160"
2007352,2007-12-26,7,9,8,798,"7 9 8 6 7 8 1 2 55601626 10987 1000 0 320 43907 160"
2007353,2007-12-27,3,7,7,377,"3 7 7 8 8 7 1 2 52883930 24752 1000 28746 320 0 160"
2007354,2007-12-28,2,3,9,239,"2 3 9 0 5 7 2 1 56180114 15226 1000 0 320 43745 160"
2007355,2007-12-29,1,2,9,129,"1 2 9 8 4 3 2 2 54515080 21287 1000 0 320 57373 160"
2007356,2007-12-30,8,3,1,831,"8 3 1 8 1 0 2 1 53811646 10942 1000 0 320 41822 160"
2007357,2007-12-31,4,9,5,495,"4 9 5 1 1 3 1 2 54719738 10422 1000 0 320 38288 160"
2008001,2008-01-01,3,4,6,346,"3 4 6 2 3 1 1 1 54594238 42321 1000 0 320 71035 160"
2008002,2008-01-02,7,9,0,790,"7 9 0 0 1 0 1 2 57848732 24691 1000 0 320 52722 160"
2008003,2008-01-03,3,5,3,353,"3 5 3 9 6 4 2 2 58043542 42150 1000 74237 320 0 160"
2008004,2008-01-04,0,9,4,094,"0 9 4 9 5 2 1 2 56971680 11898 1000 0 320 23327 160"
2008005,2008-01-05,5,1,7,517,"5 1 7 3 6 8 2 2 54300252 26235 1000 0 320 42285 160"
2008006,2008-01-06,0,2,0,020,"0 2 0 4 3 1 2 1 53922080 10799 1000 15728 320 0 160"
2008007,2008-01-07,3,0,2,302,"3 0 2 4 8 4 1 1 51733576 26515 1000 0 320 45720 160"
2008008,2008-01-08,1,4,9,149,"1 4 9 5 9 5 2 2 52934052 28889 1000 0 320 62324 160"
2008009,2008-01-09,0,3,0,030,"0 3 0 9 1 1 1 1 56714512 7966 1000 12201 320 0 160"
2008010,2008-01-10,7,6,5,765,"7 6 5 5 1 6 1 1 51835198 19735 1000 0 320 58655 160"
2008011,2008-01-11,3,8,0,380,"3 8 0 9 2 6 1 1 53746644 13415 1000 0 320 40710 160"
2008012,2008-01-12,1,5,3,153,"1 5 3 5 4 6 1 1 53087872 31292 1000 0 320 41949 160"
2008013,2008-01-13,3,6,9,369,"3 6 9 5 9 6 1 1 54145856 20877 1000 0 320 30470 160"
2008014,2008-01-14,6,1,6,616,"6 1 6 7 5 3 1 2 57145908 46049 1000 40497 320 0 160"
2008015,2008-01-15,4,4,8,448,"4 4 8 2 8 4 2 2 52505954 31139 1000 29058 320 0 160"
2008016,2008-01-16,9,5,4,954,"9 5 4 7 5 8 2 2 56470496 15664 1000 0 320 34290 160"
2008017,2008-01-17,9,5,0,950,"9 5 0 3 3 2 2 1 55637030 5392 1000 0 320 34087 160"
2008018,2008-01-18,7,9,3,793,"7 9 3 0 9 8 2 1 56496440 19822 1000 0 320 31638 160"
2008019,2008-01-19,5,7,3,573,"5 7 3 2 8 1 1 1 57115994 26885 1000 0 320 66379 160"
2008020,2008-01-20,7,4,5,745,"7 4 5 6 0 4 2 1 57785218 16078 1000 0 320 31578 160"
2008021,2008-01-21,9,9,9,999,"9 9 9 8 1 6 1 1 62844736 46938 1000 0 320 0 160"
2008022,2008-01-22,2,5,4,254,"2 5 4 3 4 9 2 2 52643832 42196 1000 0 320 46868 160"
2008023,2008-01-23,1,1,2,112,"1 1 2 1 6 6 2 1 57908884 19361 1000 26986 320 0 160"
2008024,2008-01-24,0,1,6,016,"0 1 6 3 7 7 2 2 54204062 15569 1000 0 320 56592 160"
2008025,2008-01-25,9,6,0,960,"9 6 0 5 1 9 2 1 54743816 22639 1000 0 320 34373 160"
2008026,2008-01-26,0,8,8,088,"0 8 8 4 8 0 2 1 55664218 16435 1000 30658 320 0 160"
2008027,2008-01-27,8,2,5,825,"8 2 5 9 6 0 1 2 52361130 26499 1000 0 320 43496 160"
2008028,2008-01-28,6,7,4,674,"6 7 4 3 5 4 1 2 53921248 28224 1000 0 320 88370 160"
2008029,2008-01-29,5,6,2,562,"5 6 2 8 2 0 1 1 55480662 13694 1000 0 320 32694 160"
2008030,2008-01-30,9,8,4,984,"9 8 4 1 1 8 2 2 55001414 8248 1000 0 320 25487 160"
2008031,2008-01-31,1,3,6,136,"1 3 6 7 1 2 1 1 55610226 70261 1000 0 320 80571 160"
2008032,2008-02-01,1,8,3,183,"1 8 3 4 9 4 1 1 54571964 12504 1000 0 320 46118 160"
2008033,2008-02-02,5,0,5,505,"5 0 5 9 6 3 2 1 58074488 33498 1000 69431 320 0 160"
2008034,2008-02-03,8,0,7,807,"8 0 7 7 6 2 1 1 48639532 14902 1000 0 320 34788 160"
2008035,2008-02-04,5,7,0,570,"5 7 0 1 3 8 2 2 48341728 8797 1000 0 320 18229 160"
2008036,2008-02-05,3,2,0,320,"3 2 0 2 5 6 1 1 43214602 6461 1000 0 320 14658 160"
2008037,2008-02-13,1,4,9,149,"1 4 9 5 8 5 1 2 33325702 31434 1000 0 320 83032 160"
2008038,2008-02-14,3,1,2,312,"3 1 2 6 3 7 1 1 39736838 10430 1000 0 320 22145 160"
2008039,2008-02-15,3,7,2,372,"3 7 2 4 0 0 1 2 43923834 3047 1000 0 320 23539 160"
2008040,2008-02-16,8,9,8,898,"8 9 8 7 8 3 1 2 47756288 14625 1000 34035 320 0 160"
2008041,2008-02-17,1,2,5,125,"1 2 5 8 7 1 1 2 41350596 15185 1000 0 320 40054 160"
2008042,2008-02-18,2,6,6,266,"2 6 6 1 4 4 2 1 45680528 10437 1000 12484 320 0 160"
2008043,2008-02-19,3,2,0,320,"3 2 0 0 4 4 1 1 45509426 7048 1000 0 320 15765 160"
2008044,2008-02-20,1,4,9,149,"1 4 9 8 6 9 2 1 47641168 79291 1000 0 320 100697 160"
2008045,2008-02-21,9,3,0,930,"9 3 0 6 7 2 2 2 52578952 12215 1000 0 320 29067 160"
2008046,2008-02-22,1,7,9,179,"1 7 9 7 2 0 2 1 51523420 14107 1000 0 320 35132 160"
2008047,2008-02-23,2,3,0,230,"2 3 0 0 2 1 1 1 52721196 11291 1000 0 320 25984 160"
2008048,2008-02-24,3,0,8,308,"3 0 8 7 6 6 1 2 55007768 22411 1000 0 320 31566 160"
2008049,2008-02-25,4,0,3,403,"4 0 3 0 0 5 1 2 62206262 7712 1000 0 320 20342 160"
2008050,2008-02-26,4,2,8,428,"4 2 8 6 8 2 1 1 64724816 11404 1000 0 320 38429 160"
2008051,2008-02-27,3,6,3,363,"3 6 3 4 9 1 2 2 69334380 36044 1000 89191 320 0 160"
2008052,2008-02-28,6,9,0,690,"6 9 0 1 1 9 1 1 53591546 11926 1000 0 320 34157 160"
2008053,2008-02-29,1,5,6,156,"1 5 6 6 5 3 2 2 54916278 16640 1000 0 320 40279 160"
2008054,2008-03-01,1,3,2,132,"1 3 2 3 6 9 2 2 54695442 8264 1000 0 320 52206 160"
2008055,2008-03-02,8,2,8,828,"8 2 8 2 3 5 1 2 54336232 14329 1000 27150 320 0 160"
2008056,2008-03-03,8,3,0,830,"8 3 0 4 5 9 2 1 54966038 9193 1000 0 320 41345 160"
2008057,2008-03-04,1,7,2,172,"1 7 2 8 6 5 2 1 55688586 12262 1000 0 320 52175 160"
2008058,2008-03-05,8,0,2,802,"8 0 2 7 7 0 2 2 56352692 6631 1000 0 320 29187 160"
2008059,2008-03-06,7,9,3,793,"7 9 3 8 1 7 2 1 56050476 14845 1000 0 320 57188 160"
2008060,2008-03-07,5,7,0,570,"5 7 0 5 7 4 2 2 58113186 13965 1000 0 320 35048 160"
2008061,2008-03-08,5,4,3,543,"5 4 3 6 1 8 1 1 59412616 9290 1000 0 320 41059 160"
2008062,2008-03-09,9,3,3,933,"9 3 3 1 1 2 1 2 62134502 18795 1000 69710 320 0 160"
2008063,2008-03-10,5,4,4,544,"5 4 4 8 8 6 2 2 56790396 23415 1000 29108 320 0 160"
2008064,2008-03-11,8,9,8,898,"8 9 8 6 9 8 1 2 54399158 9283 1000 13468 320 0 160"
2008065,2008-03-12,7,3,8,738,"7 3 8 3 6 7 1 1 55375676 14406 1000 0 320 56178 160"
2008066,2008-03-13,8,5,7,857,"8 5 7 6 4 2 2 2 54901190 24517 1000 0 320 34365 160"
2008067,2008-03-14,6,6,2,662,"6 6 2 9 1 9 1 1 53358106 11053 1000 23113 320 0 160"
2008068,2008-03-15,2,4,9,249,"2 4 9 3 4 6 2 1 50663944 26392 1000 0 320 67256 160"
2008069,2008-03-16,4,3,7,437,"4 3 7 7 5 9 2 1 51851128 23860 1000 0 320 60648 160"
2008070,2008-03-17,6,1,2,612,"6 1 2 6 9 2 1 2 54843988 21945 1000 0 320 61971 160"
2008071,2008-03-18,3,0,3,303,"3 0 3 7 8 9 1 1 54212824 16411 1000 22302 320 0 160"
2008072,2008-03-19,2,6,8,268,"2 6 8 7 8 5 2 1 54782938 24959 1000 0 320 46545 160"
2008073,2008-03-20,8,1,6,816,"8 1 6 6 0 5 1 1 52789788 15859 1000 0 320 52445 160"
2008074,2008-03-21,4,0,0,400,"4 0 0 4 4 5 2 1 53633476 9323 1000 13166 320 0 160"
2008075,2008-03-22,7,0,6,706,"7 0 6 4 3 6 1 1 50143148 10609 1000 0 320 30409 160"
2008076,2008-03-23,4,5,7,457,"4 5 7 9 3 8 2 2 48880914 20145 1000 0 320 60433 160"
2008077,2008-03-24,4,7,5,475,"4 7 5 3 3 3 2 2 52419898 3449 1000 0 320 8006 160"
2008078,2008-03-25,0,1,4,014,"0 1 4 3 5 0 1 2 50620152 8962 1000 0 320 22671 160"
2008079,2008-03-26,0,2,2,022,"0 2 2 6 7 9 2 2 52075312 8523 1000 21130 320 0 160"
2008080,2008-03-27,3,5,7,357,"3 5 7 3 1 5 2 2 50306632 19414 1000 0 320 61100 160"
2008081,2008-03-28,0,2,6,026,"0 2 6 3 9 4 1 1 52039982 7965 1000 0 320 27784 160"
2008082,2008-03-29,6,5,9,659,"6 5 9 8 1 4 2 1 50807644 11044 1000 0 320 41928 160"
2008083,2008-03-30,6,6,9,669,"6 6 9 2 8 9 2 1 49541428 8259 1000 16481 320 0 160"
2008084,2008-03-31,9,7,9,979,"9 7 9 1 0 2 1 1 50853220 6888 1000 8784 320 0 160"
2008085,2008-04-01,0,8,1,081,"0 8 1 6 9 7 2 2 48409504 36821 1000 0 320 57931 160"
2008086,2008-04-02,4,0,7,407,"4 0 7 4 6 2 1 2 46875810 19824 1000 0 320 47530 160"
2008087,2008-04-03,4,0,9,409,"4 0 9 6 8 3 2 1 46788326 10651 1000 0 320 38719 160"
2008088,2008-04-04,3,2,2,322,"3 2 2 0 6 8 2 1 47343326 20329 1000 23137 320 0 160"
2008089,2008-04-05,0,4,2,042,"0 4 2 2 0 9 1 1 47116478 8505 1000 0 320 34836 160"
2008090,2008-04-06,1,5,9,159,"1 5 9 7 3 3 1 2 46993842 31866 1000 0 320 81237 160"
2008091,2008-04-07,1,6,0,160,"1 6 0 4 3 3 2 1 51601412 13804 1000 0 320 23757 160"
2008092,2008-04-08,4,1,8,418,"4 1 8 0 1 2 2 2 51520586 21269 1000 0 320 41361 160"
2008093,2008-04-09,1,4,8,148,"1 4 8 2 8 2 1 1 54632074 6953 1000 0 320 11083 160"
2008094,2008-04-10,1,4,4,144,"1 4 4 3 5 8 1 2 56100758 12170 1000 40271 320 0 160"
2008095,2008-04-11,9,7,9,979,"9 7 9 1 4 8 2 2 52422810 7244 1000 11251 320 0 160"
2008096,2008-04-12,3,8,2,382,"3 8 2 3 5 2 1 2 51134794 18971 1000 0 320 63832 160"
2008097,2008-04-13,8,3,6,836,"8 3 6 7 3 6 1 1 49439862 33455 1000 0 320 62759 160"
2008098,2008-04-14,0,4,0,040,"0 4 0 6 5 4 1 2 52592936 10006 1000 16494 320 0 160"
2008099,2008-04-15,1,5,4,154,"1 5 4 6 4 9 1 1 52022496 28137 1000 0 320 62698 160"
2008100,2008-04-16,6,2,6,626,"6 2 6 2 3 6 1 1 53812506 14482 1000 23488 320 0 160"
2008101,2008-04-17,9,3,4,934,"9 3 4 5 6 3 1 2 52083948 12209 1000 0 320 56917 160"
2008102,2008-04-18,9,4,5,945,"9 4 5 3 4 2 1 1 55206930 21887 1000 0 320 63832 160"
2008103,2008-04-19,0,0,0,000,"0 0 0 7 9 8 2 2 54464898 38570 1000 0 320 0 160"
2008104,2008-04-20,3,0,0,300,"3 0 0 0 2 8 1 1 47170438 12842 1000 21052 320 0 160"
2008105,2008-04-21,4,9,2,492,"4 9 2 4 2 4 2 2 50881620 26810 1000 0 320 64593 160"
2008106,2008-04-22,6,5,3,653,"6 5 3 7 9 4 2 1 50103958 17928 1000 0 320 57569 160"
2008107,2008-04-23,6,2,4,624,"6 2 4 4 3 7 2 2 51012348 34971 1000 0 320 86186 160"
2008108,2008-04-24,1,9,9,199,"1 9 9 6 3 4 1 1 51463780 19519 1000 37284 320 0 160"
2008109,2008-04-25,9,1,8,918,"9 1 8 7 6 1 1 1 49676760 24602 1000 0 320 52062 160"
2008110,2008-04-26,4,6,4,464,"4 6 4 2 3 3 2 1 51171732 9788 1000 14513 320 0 160"
2008111,2008-04-27,4,6,9,469,"4 6 9 5 3 9 1 1 47999382 13082 1000 0 320 36899 160"
2008112,2008-04-28,1,5,4,154,"1 5 4 9 3 9 2 2 51693814 9455 1000 0 320 31376 160"
2008113,2008-04-29,1,0,2,102,"1 0 2 9 4 9 1 1 52254362 7295 1000 0 320 30649 160"
2008114,2008-04-30,2,7,4,274,"2 7 4 2 3 0 1 1 52613638 11866 1000 0 320 37381 160"
2008115,2008-05-01,3,2,7,327,"3 2 7 4 9 6 2 2 48748512 25284 1000 0 320 38100 160"
2008116,2008-05-02,5,6,0,560,"5 6 0 0 6 1 1 1 55416006 22845 1000 0 320 56651 160"
2008117,2008-05-03,0,3,2,032,"0 3 2 0 2 2 1 1 58302508 10154 1000 0 320 30864 160"
2008118,2008-05-04,4,4,2,442,"4 4 2 5 4 1 1 2 63108888 24356 1000 78644 320 0 160"
2008119,2008-05-05,4,0,8,408,"4 0 8 4 3 3 1 1 52010054 14656 1000 0 320 27112 160"
2008120,2008-05-06,4,8,7,487,"4 8 7 3 0 5 1 1 51549866 4470 1000 0 320 27271 160"
2008121,2008-05-07,9,0,4,904,"9 0 4 4 1 3 2 2 51928450 8795 1000 0 320 18351 160"
2008122,2008-05-08,1,9,7,197,"1 9 7 5 2 6 1 1 51597174 27684 1000 0 320 88566 160"
2008123,2008-05-09,5,4,5,545,"5 4 5 2 9 6 2 1 54986822 38567 1000 47601 320 0 160"
2008124,2008-05-10,7,8,1,781,"7 8 1 0 9 1 2 1 48216498 34851 1000 0 320 59859 160"
2008125,2008-05-11,4,2,2,422,"4 2 2 5 2 6 2 2 47532822 9823 1000 13772 320 0 160"
2008126,2008-05-12,6,1,0,610,"6 1 0 0 9 6 2 2 47987284 14494 1000 0 320 33345 160"
2008127,2008-05-13,5,6,0,560,"5 6 0 3 6 5 2 2 46203216 11040 1000 0 320 43830 160"
2008128,2008-05-14,3,8,5,385,"3 8 5 4 5 1 1 2 48560774 24724 1000 0 320 74918 160"
2008129,2008-05-15,9,3,1,931,"9 3 1 2 4 2 1 2 49132766 16254 1000 0 320 44737 160"
2008130,2008-05-16,4,6,6,466,"4 6 6 8 1 6 1 1 55140326 13505 1000 33077 320 0 160"
2008131,2008-05-17,8,1,7,817,"8 1 7 6 4 6 1 1 48890722 10121 1000 0 320 21218 160"
2008132,2008-05-18,2,2,8,228,"2 2 8 6 3 7 1 2 48639140 21933 1000 21038 320 0 160"
2008133,2008-05-19,0,8,2,082,"0 8 2 4 4 7 1 1 49741188 11271 1000 0 320 35955 160"
2008134,2008-05-20,7,2,1,721,"7 2 1 7 8 6 2 2 48695294 8843 1000 0 320 32907 160"
2008135,2008-05-21,4,1,6,416,"4 1 6 1 0 6 2 1 50970910 97092 1000 0 320 87705 160"
2008136,2008-05-22,2,2,6,226,"2 2 6 3 2 4 1 1 53893280 11384 1000 17139 320 0 160"
2008137,2008-05-23,4,2,7,427,"4 2 7 8 5 5 2 1 52009650 14883 1000 0 320 43739 160"
2008138,2008-05-24,3,6,4,364,"3 6 4 9 5 8 2 1 51494622 12695 1000 0 320 40586 160"
2008139,2008-05-25,1,7,9,179,"1 7 9 1 7 0 1 2 50402990 34637 1000 0 320 69533 160"
2008140,2008-05-26,3,0,3,303,"3 0 3 1 4 3 2 2 55240452 15530 1000 21758 320 0 160"
2008141,2008-05-27,1,8,0,180,"1 8 0 2 3 1 2 2 51905724 15849 1000 0 320 43988 160"
2008142,2008-05-28,9,3,8,938,"9 3 8 7 1 7 2 1 53668992 25339 1000 0 320 32458 160"
2008143,2008-05-29,6,4,0,640,"6 4 0 6 2 4 2 1 53964620 9143 1000 0 320 30164 160"
2008144,2008-05-30,9,7,1,971,"9 7 1 2 0 8 2 2 55702466 7700 1000 0 320 30102 160"
2008145,2008-05-31,0,6,4,064,"0 6 4 4 7 1 1 1 56936964 5564 1000 0 320 18935 160"
2008146,2008-06-01,0,2,8,028,"0 2 8 5 9 2 2 1 58559004 6661 1000 0 320 19270 160"
2008147,2008-06-02,8,3,1,831,"8 3 1 5 6 1 1 2 65532624 12885 1000 0 320 35452 160"
2008148,2008-06-03,9,2,5,925,"9 2 5 6 3 8 2 1 70395044 12076 1000 0 320 50457 160"
2008149,2008-06-04,0,8,3,083,"0 8 3 4 5 0 1 1 74267818 12610 1000 0 320 32242 160"
2008150,2008-06-05,6,2,5,625,"6 2 5 0 5 5 1 2 72224480 13230 1000 0 320 47101 160"
2008151,2008-06-06,7,2,4,724,"7 2 4 3 1 5 1 1 68830264 14048 1000 0 320 47621 160"
2008152,2008-06-07,5,9,0,590,"5 9 0 1 8 4 1 1 64339594 18323 1000 0 320 34297 160"
2008153,2008-06-08,0,6,7,067,"0 6 7 7 1 8 1 2 59585004 7077 1000 0 320 19436 160"
2008154,2008-06-09,8,6,9,869,"8 6 9 4 8 3 2 2 59302032 17693 1000 0 320 32073 160"
2008155,2008-06-10,7,1,7,717,"7 1 7 7 2 9 2 2 55369130 81537 1000 107345 320 0 160"
2008156,2008-06-11,9,8,5,985,"9 8 5 3 3 7 2 2 46542404 26286 1000 0 320 48800 160"
2008157,2008-06-12,7,8,8,788,"7 8 8 5 1 3 2 2 46412384 6460 1000 11085 320 0 160"
2008158,2008-06-13,3,8,6,386,"3 8 6 4 1 9 1 1 44938712 10264 1000 0 320 43439 160"
2008159,2008-06-14,7,5,2,752,"7 5 2 3 0 5 2 2 44812154 18873 1000 0 320 78360 160"
2008160,2008-06-15,7,4,7,747,"7 4 7 0 0 9 1 2 45182210 15072 1000 25115 320 0 160"
2008161,2008-06-16,2,7,3,273,"2 7 3 9 1 7 1 2 45308450 32667 1000 0 320 32433 160"
2008162,2008-06-17,1,3,2,132,"1 3 2 3 0 8 1 1 46155476 17337 1000 0 320 42806 160"
2008163,2008-06-18,1,5,1,151,"1 5 1 1 4 1 1 2 47492944 13985 1000 22509 320 0 160"
2008164,2008-06-19,0,5,7,057,"0 5 7 2 7 4 2 2 45460428 10562 1000 0 320 36138 160"
2008165,2008-06-20,3,0,7,307,"3 0 7 3 6 1 1 2 46182132 16836 1000 0 320 35523 160"
2008166,2008-06-21,1,2,8,128,"1 2 8 4 9 8 2 1 45940638 21869 1000 0 320 74264 160"
2008167,2008-06-22,2,4,2,242,"2 4 2 9 8 5 2 2 46666384 15871 1000 24254 320 0 160"
2008168,2008-06-23,6,8,0,680,"6 8 0 3 3 2 2 2 47301358 15194 1000 0 320 42938 160"
2008169,2008-06-24,9,2,3,923,"9 2 3 9 2 8 1 1 46816800 9740 1000 0 320 29424 160"
2008170,2008-06-25,3,7,1,371,"3 7 1 0 8 5 2 2 48043470 18709 1000 0 320 58796 160"
2008171,2008-06-26,9,5,9,959,"9 5 9 0 1 8 1 1 48419640 7832 1000 17782 320 0 160"
2008172,2008-06-27,4,1,9,419,"4 1 9 8 2 4 1 2 47003360 23017 1000 0 320 44002 160"
2008173,2008-06-28,5,9,7,597,"5 9 7 1 9 8 2 2 47021024 14282 1000 0 320 21610 160"
2008174,2008-06-29,5,5,3,553,"5 5 3 3 3 8 1 2 45125722 9866 1000 21221 320 0 160"
2008175,2008-06-30,4,7,0,470,"4 7 0 3 8 8 1 1 46176886 10798 1000 0 320 38377 160"
2008176,2008-07-01,6,7,4,674,"6 7 4 1 2 4 1 1 45755928 12164 1000 0 320 38454 160"
2008177,2008-07-02,4,4,8,448,"4 4 8 4 9 8 2 2 46274224 22634 1000 30518 320 0 160"
2008178,2008-07-03,6,1,5,615,"6 1 5 5 8 7 1 2 45141006 21799 1000 0 320 70084 160"
2008179,2008-07-04,0,4,9,049,"0 4 9 5 5 7 1 2 46865560 13408 1000 0 320 32065 160"
2008180,2008-07-05,6,6,7,667,"6 6 7 7 4 3 2 1 46163604 25913 1000 35738 320 0 160"
2008181,2008-07-06,0,0,1,001,"0 0 1 2 2 0 2 2 43045934 10735 1000 8441 320 0 160"
2008182,2008-07-07,8,6,5,865,"8 6 5 9 5 8 2 2 42171050 17009 1000 0 320 28748 160"
2008183,2008-07-08,0,8,5,085,"0 8 5 3 6 3 1 1 42782846 7858 1000 0 320 36488 160"
2008184,2008-07-09,5,8,9,589,"5 8 9 2 6 5 1 2 46403524 8319 1000 0 320 22512 160"
2008185,2008-07-10,6,9,7,697,"6 9 7 8 4 7 1 2 45304164 7405 1000 0 320 29139 160"
2008186,2008-07-11,1,5,2,152,"1 5 2 8 3 4 1 1 46070004 22842 1000 0 320 31487 160"
2008187,2008-07-12,3,7,4,374,"3 7 4 7 8 3 2 2 45969380 40653 1000 0 320 80602 160"
2008188,2008-07-13,4,1,3,413,"4 1 3 7 4 4 1 1 47440552 14882 1000 0 320 24689 160"
2008189,2008-07-14,4,0,9,409,"4 0 9 9 7 5 1 2 51494618 7806 1000 0 320 21345 160"
2008190,2008-07-15,3,4,0,340,"3 4 0 9 7 2 1 2 49388280 6874 1000 0 320 13918 160"
2008191,2008-07-16,9,5,0,950,"9 5 0 5 2 4 2 1 50326514 7465 1000 0 320 21758 160"
2008192,2008-07-17,5,2,4,524,"5 2 4 4 7 6 2 1 49320644 16949 1000 0 320 28869 160"
2008193,2008-07-18,1,0,3,103,"1 0 3 1 5 7 1 2 51148946 6636 1000 0 320 18283 160"
2008194,2008-07-19,8,4,0,840,"8 4 0 3 3 7 1 2 49463322 7164 1000 0 320 23269 160"
2008195,2008-07-20,4,0,9,409,"4 0 9 4 6 1 2 1 48829392 7297 1000 0 320 19167 160"
2008196,2008-07-21,1,6,1,161,"1 6 1 8 7 1 2 2 54032442 17283 1000 42143 320 0 160"
2008197,2008-07-22,9,6,4,964,"9 6 4 4 3 9 2 2 45399798 6427 1000 0 320 20976 160"
2008198,2008-07-23,9,7,9,979,"9 7 9 2 8 6 2 2 47344590 8990 1000 14849 320 0 160"
2008199,2008-07-24,1,6,4,164,"1 6 4 0 6 0 2 1 43744150 6976 1000 0 320 26628 160"
2008200,2008-07-25,4,6,5,465,"4 6 5 5 9 8 2 1 46102154 30530 1000 0 320 52223 160"
2008201,2008-07-26,4,5,8,458,"4 5 8 5 3 9 2 1 42100716 11217 1000 0 320 29178 160"
2008202,2008-07-27,1,5,6,156,"1 5 6 5 0 5 2 1 43085444 17444 1000 0 320 48872 160"
2008203,2008-07-28,5,6,3,563,"5 6 3 0 9 7 1 2 45838456 9630 1000 0 320 25451 160"
2008204,2008-07-29,7,9,9,799,"7 9 9 5 4 0 2 2 46109314 11095 1000 22538 320 0 160"
2008205,2008-07-30,6,8,1,681,"6 8 1 8 6 9 1 2 43618986 19369 1000 0 320 49972 160"
2008206,2008-07-31,6,8,3,683,"6 8 3 0 7 3 1 1 43867714 8834 1000 0 320 42229 160"
2008207,2008-08-01,6,4,7,647,"6 4 7 5 8 3 2 1 45558028 5960 1000 0 320 30953 160"
2008208,2008-08-02,8,3,3,833,"8 3 3 7 9 5 1 2 44055262 10970 1000 21460 320 0 160"
2008209,2008-08-03,9,1,4,914,"9 1 4 7 6 9 1 2 42285038 17216 1000 0 320 35430 160"
2008210,2008-08-04,4,5,8,458,"4 5 8 4 6 4 2 2 45392162 13392 1000 0 320 29379 160"
2008211,2008-08-05,2,8,0,280,"2 8 0 7 5 8 2 1 45166978 21777 1000 0 320 48530 160"
2008212,2008-08-06,6,4,0,640,"6 4 0 3 5 7 2 2 44137786 17926 1000 0 320 48772 160"
2008213,2008-08-07,7,2,8,728,"7 2 8 7 8 5 2 2 45797278 13715 1000 0 320 31277 160"
2008214,2008-08-08,8,6,4,864,"8 6 4 1 6 0 1 1 48089178 27384 1000 0 320 39822 160"
2008215,2008-08-09,0,1,5,015,"0 1 5 1 8 8 2 1 43202240 9956 1000 0 320 18878 160"
2008216,2008-08-10,1,6,6,166,"1 6 6 7 6 2 2 1 42998660 24111 1000 33676 320 0 160"
2008217,2008-08-11,9,6,2,962,"9 6 2 4 5 6 2 2 41524186 9887 1000 0 320 31156 160"
2008218,2008-08-12,8,8,4,884,"8 8 4 6 6 0 2 1 41667832 11127 1000 12827 320 0 160"
2008219,2008-08-13,7,5,1,751,"7 5 1 9 0 7 1 2 42384810 25744 1000 0 320 69910 160"
2008220,2008-08-14,2,1,3,213,"2 1 3 0 5 1 2 1 42218828 20973 1000 0 320 34453 160"
2008221,2008-08-15,5,2,9,529,"5 2 9 9 6 6 2 2 44058000 33027 1000 0 320 31516 160"
2008222,2008-08-16,6,3,6,636,"6 3 6 4 8 3 2 2 42872672 34589 1000 29608 320 0 160"
2008223,2008-08-17,9,3,4,934,"9 3 4 0 2 1 1 1 40291802 8246 1000 0 320 36709 160"
2008224,2008-08-18,5,2,5,525,"5 2 5 4 5 0 1 2 41271966 13694 1000 13230 320 0 160"
2008225,2008-08-19,0,3,2,032,"0 3 2 9 6 8 1 2 41863746 7053 1000 0 320 27036 160"
2008226,2008-08-20,8,3,7,837,"8 3 7 6 6 5 2 1 41623996 11894 1000 0 320 39373 160"
2008227,2008-08-21,1,6,7,167,"1 6 7 3 3 8 2 2 41326432 15219 1000 0 320 49216 160"
2008228,2008-08-22,6,6,1,661,"6 6 1 7 4 1 1 1 43332234 9356 1000 15014 320 0 160"
2008229,2008-08-23,6,0,4,604,"6 0 4 1 5 9 1 2 41192946 10961 1000 0 320 27479 160"
2008230,2008-08-24,9,1,3,913,"9 1 3 7 8 6 2 2 41182324 14561 1000 0 320 30275 160"
2008231,2008-08-25,3,9,5,395,"3 9 5 9 4 1 2 2 42157880 16570 1000 0 320 33466 160"
2008232,2008-08-26,1,3,2,132,"1 3 2 7 9 2 2 1 42389226 10677 1000 0 320 14399 160"
2008233,2008-08-27,7,6,6,766,"7 6 6 4 0 7 1 2 43896360 17653 1000 23603 320 0 160"
2008234,2008-08-28,0,7,6,076,"0 7 6 4 5 5 1 2 41740968 9214 1000 0 320 29691 160"
2008235,2008-08-29,8,3,7,837,"8 3 7 5 4 1 1 2 43510314 13317 1000 0 320 30388 160"
2008236,2008-08-30,6,2,2,622,"6 2 2 7 3 3 2 2 42765748 6255 1000 8035 320 0 160"
2008237,2008-08-31,6,9,9,699,"6 9 9 7 6 0 1 1 41176812 4285 1000 5275 320 0 160"
2008238,2008-09-01,2,2,3,223,"2 2 3 7 2 2 1 1 40956134 3758 1000 4087 320 0 160"
2008239,2008-09-02,5,3,8,538,"5 3 8 5 9 6 2 1 40808806 43395 1000 0 320 64194 160"
2008240,2008-09-03,4,3,1,431,"4 3 1 7 7 1 2 2 45387566 10971 1000 0 320 42671 160"
2008241,2008-09-04,1,0,7,107,"1 0 7 5 6 8 1 2 44575406 15903 1000 0 320 32106 160"
2008242,2008-09-05,7,2,5,725,"7 2 5 0 4 7 1 2 45253106 22735 1000 0 320 59860 160"
2008243,2008-09-06,6,4,7,647,"6 4 7 1 1 5 2 1 45002816 12033 1000 0 320 34316 160"
2008244,2008-09-07,0,0,0,000,"0 0 0 0 0 3 1 1 44608678 34790 1000 0 320 0 160"
2008245,2008-09-08,7,5,0,750,"7 5 0 8 3 4 2 1 40952018 9685 1000 0 320 23694 160"
2008246,2008-09-09,9,3,1,931,"9 3 1 4 0 7 2 1 42234300 12126 1000 0 320 49738 160"
2008247,2008-09-10,8,9,6,896,"8 9 6 7 9 1 2 2 44734990 12443 1000 0 320 34537 160"
2008248,2008-09-11,7,9,5,795,"7 9 5 5 9 3 1 1 44107804 7308 1000 0 320 25966 160"
2008249,2008-09-12,9,1,4,914,"9 1 4 6 2 9 2 2 44952502 28071 1000 0 320 37919 160"
2008250,2008-09-13,3,6,9,369,"3 6 9 9 7 6 1 1 44679266 39575 1000 0 320 28831 160"
2008251,2008-09-14,4,0,4,404,"4 0 4 9 4 5 1 2 43809800 15940 1000 20892 320 0 160"
2008252,2008-09-15,0,5,0,050,"0 5 0 4 6 8 1 2 45102454 8781 1000 9415 320 0 160"
2008253,2008-09-16,3,3,7,337,"3 3 7 9 6 7 2 1 43774394 7603 1000 9311 320 0 160"
2008254,2008-09-17,9,2,8,928,"9 2 8 8 1 1 1 1 45644858 17489 1000 0 320 52359 160"
2008255,2008-09-18,1,8,2,182,"1 8 2 1 5 1 2 1 45434812 41975 1000 0 320 71863 160"
2008256,2008-09-19,0,5,5,055,"0 5 5 9 3 2 2 1 47189794 9776 1000 13594 320 0 160"
2008257,2008-09-20,1,9,0,190,"1 9 0 0 6 8 2 2 44414312 7331 1000 0 320 30182 160"
2008258,2008-09-21,2,0,1,201,"2 0 1 8 8 5 1 1 43609754 15669 1000 0 320 17860 160"
2008259,2008-09-22,5,2,8,528,"5 2 8 7 3 7 1 2 44983562 29127 1000 0 320 53290 160"
2008260,2008-09-23,0,0,2,002,"0 0 2 7 7 9 2 1 44871082 5264 1000 6670 320 0 160"
2008261,2008-09-24,2,2,3,223,"2 2 3 2 6 3 2 2 43073892 5431 1000 6957 320 0 160"
2008262,2008-09-25,0,3,2,032,"0 3 2 4 6 7 2 2 42891142 9463 1000 0 320 23314 160"
2008263,2008-09-26,7,0,0,700,"7 0 0 5 6 7 2 2 45024308 4681 1000 4912 320 0 160"
2008264,2008-09-27,2,6,8,268,"2 6 8 7 1 3 2 2 42701826 14665 1000 0 320 33288 160"
2008265,2008-09-28,4,8,9,489,"4 8 9 2 5 4 2 2 42439026 13060 1000 0 320 36041 160"
2008266,2008-09-29,3,0,9,309,"3 0 9 2 7 6 2 1 43059054 8742 1000 0 320 27468 160"
2008267,2008-09-30,2,1,0,210,"2 1 0 7 1 1 2 2 42341352 14901 1000 0 320 22774 160"
2008268,2008-10-01,7,6,8,768,"7 6 8 4 1 5 2 2 41041826 4937 1000 0 320 19631 160"
2008269,2008-10-02,9,8,0,980,"9 8 0 6 5 9 1 2 40017696 9883 1000 0 320 27206 160"
2008270,2008-10-03,1,8,6,186,"1 8 6 2 2 6 2 2 43551440 7690 1000 0 320 29060 160"
2008271,2008-10-04,8,1,6,816,"8 1 6 4 4 0 2 1 43614238 3478 1000 0 320 4754 160"
2008272,2008-10-05,8,1,5,815,"8 1 5 8 8 6 2 1 42902128 11461 1000 0 320 26696 160"
2008273,2008-10-06,4,0,9,409,"4 0 9 5 9 9 1 1 44159542 19578 1000 0 320 59223 160"
2008274,2008-10-07,9,2,2,922,"9 2 2 8 7 2 2 2 44701714 15065 1000 25102 320 0 160"
2008275,2008-10-08,0,2,0,020,"0 2 0 6 0 8 2 1 43112050 8754 1000 11605 320 0 160"
2008276,2008-10-09,8,9,1,891,"8 9 1 7 5 2 1 1 41910672 12685 1000 0 320 30120 160"
2008277,2008-10-10,5,6,0,560,"5 6 0 9 7 3 1 2 43697180 9705 1000 0 320 28646 160"
2008278,2008-10-11,7,8,6,786,"7 8 6 1 4 2 1 2 43404392 9005 1000 0 320 19516 160"
2008279,2008-10-12,8,9,6,896,"8 9 6 9 1 5 1 1 42083938 6460 1000 0 320 30419 160"
2008280,2008-10-13,2,3,4,234,"2 3 4 1 3 7 2 2 44842058 50688 1000 0 320 65089 160"
2008281,2008-10-14,7,6,6,766,"7 6 6 5 8 4 1 1 40210702 6326 1000 19040 320 0 160"
2008282,2008-10-15,5,7,9,579,"5 7 9 2 6 7 1 1 41768886 26175 1000 0 320 51637 160"
2008283,2008-10-16,3,1,5,315,"3 1 5 6 1 3 1 1 41803698 23032 1000 0 320 43865 160"
2008284,2008-10-17,5,4,9,549,"5 4 9 5 7 4 2 2 43284640 11077 1000 0 320 31689 160"
2008285,2008-10-18,5,4,7,547,"5 4 7 5 1 5 2 1 42298324 11946 1000 0 320 45419 160"
2008286,2008-10-19,2,0,9,209,"2 0 9 2 9 0 1 2 41438338 11778 1000 0 320 28935 160"
2008287,2008-10-20,7,9,4,794,"7 9 4 3 9 9 1 1 44480624 18462 1000 0 320 33530 160"
2008288,2008-10-21,8,3,6,836,"8 3 6 6 9 3 2 2 43007838 32949 1000 0 320 81826 160"
2008289,2008-10-22,0,4,5,045,"0 4 5 2 8 5 1 1 46991328 8646 1000 0 320 24415 160"
2008290,2008-10-23,1,4,4,144,"1 4 4 3 5 4 2 2 44962572 30789 1000 48372 320 0 160"
2008291,2008-10-24,9,9,7,997,"9 9 7 2 8 0 2 1 44530688 8642 1000 23428 320 0 160"
2008292,2008-10-25,8,1,9,819,"8 1 9 9 4 0 1 2 41356112 33470 1000 0 320 43485 160"
2008293,2008-10-26,9,0,5,905,"9 0 5 9 2 0 1 1 43683986 18680 1000 0 320 42163 160"
2008294,2008-10-27,8,3,5,835,"8 3 5 3 6 9 1 2 45502890 8974 1000 0 320 54129 160"
2008295,2008-10-28,8,0,8,808,"8 0 8 6 1 9 2 1 44601508 11868 1000 11917 320 0 160"
2008296,2008-10-29,3,2,0,320,"3 2 0 8 8 2 1 2 43374734 18344 1000 0 320 33706 160"
2008297,2008-10-30,7,4,9,749,"7 4 9 1 3 6 2 1 44450984 19454 1000 0 320 43271 160"
2008298,2008-10-31,1,0,7,107,"1 0 7 8 3 3 1 1 47330654 15537 1000 0 320 26154 160"
2008299,2008-11-01,1,0,4,104,"1 0 4 0 6 8 1 1 45333228 7192 1000 0 320 21129 160"
2008300,2008-11-02,7,9,4,794,"7 9 4 8 7 4 1 1 46095504 5164 1000 0 320 21984 160"
2008301,2008-11-03,2,9,4,294,"2 9 4 7 4 1 2 2 46260066 6104 1000 0 320 21888 160"
2008302,2008-11-04,4,2,4,424,"4 2 4 7 2 3 1 2 44547984 11456 1000 30554 320 0 160"
2008303,2008-11-05,9,7,1,971,"9 7 1 3 0 2 1 2 44180646 12389 1000 0 320 37237 160"
2008304,2008-11-06,5,2,5,525,"5 2 5 0 1 2 1 2 43453794 12369 1000 17008 320 0 160"
2008305,2008-11-07,6,7,9,679,"6 7 9 0 1 7 1 2 44003590 22872 1000 0 320 34768 160"
2008306,2008-11-08,7,6,4,764,"7 6 4 1 6 7 1 1 41955828 14362 1000 0 320 49608 160"
2008307,2008-11-09,8,4,3,843,"8 4 3 0 6 9 1 1 42774712 15522 1000 0 320 59156 160"
2008308,2008-11-10,1,7,2,172,"1 7 2 6 9 1 1 1 45137854 17870 1000 0 320 40223 160"
2008309,2008-11-11,8,6,7,867,"8 6 7 4 3 4 2 2 44982800 6737 1000 0 320 20697 160"
2008310,2008-11-12,9,6,7,967,"9 6 7 8 7 6 1 2 47339816 9442 1000 0 320 30263 160"
2008311,2008-11-13,5,1,8,518,"5 1 8 2 7 7 1 2 45370692 32835 1000 0 320 53644 160"
2008312,2008-11-14,6,3,3,633,"6 3 3 2 2 5 1 2 49577702 18771 1000 39432 320 0 160"
2008313,2008-11-15,1,7,8,178,"1 7 8 8 8 7 1 1 44499846 13068 1000 0 320 41980 160"
2008314,2008-11-16,5,1,8,518,"5 1 8 7 4 2 1 1 44487592 6006 1000 0 320 24116 160"
2008315,2008-11-17,5,4,8,548,"5 4 8 5 3 4 2 1 47582108 8404 1000 0 320 32147 160"
2008316,2008-11-18,4,9,3,493,"4 9 3 3 4 1 1 1 46454550 16301 1000 0 320 57417 160"
2008317,2008-11-19,0,0,0,000,"0 0 0 0 1 9 2 1 48219690 40408 1000 0 320 0 160"
2008318,2008-11-20,0,9,6,096,"0 9 6 0 1 9 2 1 43867692 10333 1000 0 320 47863 160"
2008319,2008-11-21,0,0,3,003,"0 0 3 1 9 8 2 2 47393750 10470 1000 21380 320 0 160"
2008320,2008-11-22,0,5,3,053,"0 5 3 7 0 2 2 1 43770202 14313 1000 0 320 36876 160"
2008321,2008-11-23,5,3,5,535,"5 3 5 3 0 7 2 1 42177700 19765 1000 26763 320 0 160"
2008322,2008-11-24,3,5,5,355,"3 5 5 7 4 5 1 1 44631672 14132 1000 7412 320 0 160"
2008323,2008-11-25,1,0,6,106,"1 0 6 4 6 7 2 1 43420530 14374 1000 0 320 26721 160"
2008324,2008-11-26,9,9,1,991,"9 9 1 4 3 3 2 1 45629002 11268 1000 13530 320 0 160"
2008325,2008-11-27,8,1,1,811,"8 1 1 0 6 3 1 1 43809102 9226 1000 13810 320 0 160"
2008326,2008-11-28,5,0,2,502,"5 0 2 2 2 0 1 1 47204724 12416 1000 0 320 31971 160"
2008327,2008-11-29,2,1,3,213,"2 1 3 9 3 4 1 1 43911976 27238 1000 0 320 50595 160"
2008328,2008-11-30,4,4,0,440,"4 4 0 5 6 4 1 2 44029976 22559 1000 29420 320 0 160"
2008329,2008-12-01,0,5,2,052,"0 5 2 8 2 7 2 2 46431566 8150 1000 0 320 22552 160"
2008330,2008-12-02,0,0,7,007,"0 0 7 3 8 8 1 1 46118896 12814 1000 10931 320 0 160"
2008331,2008-12-03,3,6,8,368,"3 6 8 8 1 4 2 2 45626416 20889 1000 0 320 43758 160"
2008332,2008-12-04,4,3,3,433,"4 3 3 1 2 0 2 2 45267410 10030 1000 13841 320 0 160"
2008333,2008-12-05,3,9,8,398,"3 9 8 1 6 8 1 2 45920536 11194 1000 0 320 31314 160"
2008334,2008-12-06,7,3,6,736,"7 3 6 8 5 9 1 1 45033526 14464 1000 0 320 29424 160"
2008335,2008-12-07,1,8,7,187,"1 8 7 6 3 4 2 1 44674416 20263 1000 0 320 38924 160"
2008336,2008-12-08,6,8,7,687,"6 8 7 5 6 7 2 1 48112428 15810 1000 0 320 45404 160"
2008337,2008-12-09,9,1,5,915,"9 1 5 1 2 8 2 2 45682708 27574 1000 0 320 73736 160"
2008338,2008-12-10,0,7,1,071,"0 7 1 2 4 6 2 2 49917500 10074 1000 0 320 23176 160"
2008339,2008-12-11,4,5,2,452,"4 5 2 1 1 5 1 1 50105408 27266 1000 0 320 81990 160"
2008340,2008-12-12,3,4,2,342,"3 4 2 5 9 8 2 1 52219432 10414 1000 0 320 69935 160"
2008341,2008-12-13,6,9,9,699,"6 9 9 5 9 5 2 2 51661552 13620 1000 37292 320 0 160"
2008342,2008-12-14,3,6,8,368,"3 6 8 4 0 5 1 2 45390282 14973 1000 0 320 51153 160"
2008343,2008-12-15,5,4,1,541,"5 4 1 5 4 7 1 2 50444254 13095 1000 0 320 58134 160"
2008344,2008-12-16,1,1,9,119,"1 1 9 0 7 0 1 2 50572624 23018 1000 25844 320 0 160"
2008345,2008-12-17,3,9,3,393,"3 9 3 8 6 4 1 1 50439124 8181 1000 11337 320 0 160"
2008346,2008-12-18,9,8,2,982,"9 8 2 0 3 1 2 2 49982882 11935 1000 0 320 40189 160"
2008347,2008-12-19,8,0,7,807,"8 0 7 4 4 8 1 2 51802676 29115 1000 0 320 59188 160"
2008348,2008-12-20,0,1,4,014,"0 1 4 9 4 9 1 1 50900836 18307 1000 0 320 32221 160"
2008349,2008-12-21,4,0,0,400,"4 0 0 0 0 1 1 1 47718478 26216 1000 40991 320 0 160"
2008350,2008-12-22,3,6,4,364,"3 6 4 8 9 3 2 2 47383988 21260 1000 0 320 60660 160"
2008351,2008-12-23,0,5,5,055,"0 5 5 1 9 8 2 2 50464580 7478 1000 16871 320 0 160"
2008352,2008-12-24,6,3,2,632,"6 3 2 0 1 0 1 2 49959668 15489 1000 0 320 51618 160"
2008353,2008-12-25,8,1,3,813,"8 1 3 0 6 9 2 1 49327148 23040 1000 0 320 64062 160"
2008354,2008-12-26,8,0,1,801,"8 0 1 7 2 0 1 1 52839404 10643 1000 0 320 41659 160"
2008355,2008-12-27,8,2,0,820,"8 2 0 3 3 5 2 2 52705188 17499 1000 0 320 37033 160"
2008356,2008-12-28,3,6,3,363,"3 6 3 8 5 7 2 2 50273008 14076 1000 27120 320 0 160"
2008357,2008-12-29,4,7,5,475,"4 7 5 9 8 0 2 1 51032630 21554 1000 0 320 107313 160"
2008358,2008-12-30,1,5,9,159,"1 5 9 0 3 5 2 2 51177396 30818 1000 0 320 64613 160"
2008359,2008-12-31,9,2,7,927,"9 2 7 4 3 5 2 1 53800288 41001 1000 0 320 81509 160"
2009001,2009-01-01,6,7,1,671,"6 7 1 7 0 5 1 2 49192652 25546 1000 0 320 71934 160"
2009002,2009-01-02,7,5,4,754,"7 5 4 1 2 9 1 1 51089610 16814 1000 0 320 31202 160"
2009003,2009-01-03,4,3,8,438,"4 3 8 8 2 7 2 1 53485626 41686 1000 0 320 104651 160"
2009004,2009-01-04,9,5,1,951,"9 5 1 4 6 1 1 2 56507186 11480 1000 0 320 37117 160"
2009005,2009-01-05,4,9,9,499,"4 9 9 8 6 7 1 1 58720250 11099 1000 36062 320 0 160"
2009006,2009-01-06,0,3,7,037,"0 3 7 3 0 0 2 2 51316338 15817 1000 0 320 62298 160"
2009007,2009-01-07,9,1,6,916,"9 1 6 5 0 6 1 2 53813130 13548 1000 0 320 13548 160"
2009008,2009-01-08,1,9,6,196,"1 9 6 1 2 8 2 2 52464440 7600 1000 0 320 14853 160"
2009009,2009-01-09,0,4,7,047,"0 4 7 8 7 7 1 2 53215152 19422 1000 0 320 61350 160"
2009010,2009-01-10,3,9,7,397,"3 9 7 7 2 3 2 2 53662752 6444 1000 0 320 35188 160"
2009011,2009-01-11,4,0,3,403,"4 0 3 5 9 7 1 1 51996076 25620 1000 0 320 40130 160"
2009012,2009-01-12,1,5,7,157,"1 5 7 3 2 8 2 1 56373848 18998 1000 0 320 53643 160"
2009013,2009-01-13,6,2,6,626,"6 2 6 0 7 1 2 2 57856636 37866 1000 87771 320 0 160"
2009014,2009-01-14,4,3,4,434,"4 3 4 0 4 7 2 2 52350552 10391 1000 15602 320 0 160"
2009015,2009-01-15,8,6,9,869,"8 6 9 3 1 0 2 1 51181610 29098 1000 0 320 44817 160"
2009016,2009-01-16,3,0,4,304,"3 0 4 2 9 8 1 1 52733076 9841 1000 0 320 21763 160"
2009017,2009-01-17,7,4,0,740,"7 4 0 1 3 9 1 2 52094222 22315 1000 0 320 30767 160"
2009018,2009-01-18,3,3,4,334,"3 3 4 1 7 7 1 1 52419844 10252 1000 20857 320 0 160"
2009019,2009-01-19,5,1,4,514,"5 1 4 0 6 6 2 1 51113470 9713 1000 0 320 34986 160"
2009020,2009-01-20,3,2,8,328,"3 2 8 4 3 5 1 1 50385432 18406 1000 0 320 55765 160"
2009021,2009-01-21,1,3,5,135,"1 3 5 6 7 8 1 2 50119960 26778 1000 0 320 45107 160"
2009022,2009-01-22,3,5,8,358,"3 5 8 9 6 6 2 1 50007354 20999 1000 0 320 38153 160"
2009023,2009-01-23,3,4,4,344,"3 4 4 6 2 7 2 1 49052244 6373 1000 23220 320 0 160"
2009024,2009-01-24,4,2,9,429,"4 2 9 7 0 8 1 1 40940162 19653 1000 0 320 37979 160"
2009025,2009-02-01,1,4,1,141,"1 4 1 0 4 1 2 2 35497914 6581 1000 9870 320 0 160"
2009026,2009-02-02,3,8,4,384,"3 8 4 0 3 6 2 1 37215102 8918 1000 0 320 24221 160"
2009027,2009-02-03,2,9,8,298,"2 9 8 7 6 7 1 1 40713716 18796 1000 0 320 37474 160"
2009028,2009-02-04,5,0,6,506,"5 0 6 6 7 1 1 2 42488546 27322 1000 0 320 60244 160"
2009029,2009-02-05,9,1,8,918,"9 1 8 2 6 9 1 2 43796454 20397 1000 0 320 33207 160"
2009030,2009-02-06,7,8,5,785,"7 8 5 5 6 5 1 2 48049376 14353 1000 0 320 36289 160"
2009031,2009-02-07,5,2,9,529,"5 2 9 4 9 0 2 2 46951782 21038 1000 0 320 41936 160"
2009032,2009-02-08,1,9,4,194,"1 9 4 2 6 3 1 1 48565356 18937 1000 0 320 48265 160"
2009033,2009-02-09,4,4,4,444,"4 4 4 4 6 4 1 2 53445202 40672 1000 0 320 0 160"
2009034,2009-02-10,7,6,7,767,"7 6 7 5 9 7 1 2 45250818 14314 1000 30455 320 0 160"
2009035,2009-02-11,5,1,4,514,"5 1 4 1 4 0 1 1 45432734 13052 1000 0 320 38242 160"
2009036,2009-02-12,2,3,6,236,"2 3 6 3 6 4 2 2 47419888 49006 1000 0 320 91956 160"
2009037,2009-02-13,1,4,7,147,"1 4 7 4 8 1 1 1 50725224 43501 1000 0 320 72676 160"
2009038,2009-02-14,5,4,0,540,"5 4 0 3 3 8 1 2 51568068 19972 1000 0 320 71712 160"
2009039,2009-02-15,8,9,7,897,"8 9 7 5 1 9 2 1 49921808 9189 1000 0 320 43577 160"
2009040,2009-02-16,4,4,0,440,"4 4 0 6 0 6 1 2 51315270 10468 1000 28776 320 0 160"
2009041,2009-02-17,9,6,8,968,"9 6 8 4 8 3 2 1 49043088 15787 1000 0 320 32625 160"
2009042,2009-02-18,1,4,0,140,"1 4 0 8 1 3 1 2 51105016 12868 1000 0 320 40824 160"
2009043,2009-02-19,2,6,8,268,"2 6 8 6 5 9 2 1 51225184 17214 1000 0 320 43216 160"
2009044,2009-02-20,7,3,7,737,"7 3 7 9 5 9 2 2 52291796 34145 1000 50457 320 0 160"
2009045,2009-02-21,3,7,5,375,"3 7 5 1 8 3 2 2 49455964 35954 1000 0 320 66123 160"
2009046,2009-02-22,9,8,9,989,"9 8 9 3 2 7 2 2 50617820 29750 1000 20467 320 0 160"
2009047,2009-02-23,3,9,3,393,"3 9 3 0 8 6 2 1 51315602 9573 1000 8043 320 0 160"
2009048,2009-02-24,9,3,9,939,"9 3 9 8 0 7 1 1 49035038 19013 1000 10331 320 0 160"
2009049,2009-02-25,8,3,4,834,"8 3 4 5 6 8 2 2 50588348 10124 1000 0 320 39926 160"
2009050,2009-02-26,5,0,8,508,"5 0 8 4 5 8 2 2 50898284 29332 1000 0 320 66428 160"
2009051,2009-02-27,4,1,6,416,"4 1 6 5 1 7 2 1 54071260 46746 1000 0 320 96559 160"
2009052,2009-02-28,3,8,9,389,"3 8 9 8 9 0 2 1 56249380 19000 1000 0 320 43456 160"
2009053,2009-03-01,6,4,5,645,"6 4 5 9 6 6 1 2 54614490 19146 1000 0 320 44366 160"
2009054,2009-03-02,6,9,8,698,"6 9 8 2 7 5 1 1 58022276 11447 1000 0 320 28559 160"
2009055,2009-03-03,5,6,7,567,"5 6 7 6 1 6 2 1 59793080 22452 1000 0 320 50994 160"
2009056,2009-03-04,6,5,2,652,"6 5 2 4 8 2 2 1 62211830 20935 1000 0 320 31740 160"
2009057,2009-03-05,6,5,8,658,"6 5 8 4 9 2 1 1 59394358 7341 1000 0 320 24369 160"
2009058,2009-03-06,2,0,8,208,"2 0 8 7 4 1 2 2 61761418 13120 1000 0 320 34227 160"
2009059,2009-03-07,3,5,9,359,"3 5 9 1 2 2 2 2 62280814 18396 1000 0 320 35886 160"
2009060,2009-03-08,7,7,4,774,"7 7 4 2 4 1 2 2 62955714 36383 1000 87275 320 0 160"
2009061,2009-03-09,2,0,7,207,"2 0 7 5 5 9 2 2 56668446 18195 1000 0 320 38693 160"
2009062,2009-03-10,4,4,3,443,"4 4 3 8 5 5 2 1 56536944 25194 1000 28392 320 0 160"
2009063,2009-03-11,9,9,4,994,"9 9 4 4 7 0 1 1 59013950 18466 1000 19796 320 0 160"
2009064,2009-03-12,6,6,1,661,"6 6 1 5 5 5 1 1 58088152 19568 1000 29938 320 0 160"
2009065,2009-03-13,0,5,5,055,"0 5 5 1 6 0 2 1 58945922 15964 1000 27328 320 0 160"
2009066,2009-03-14,6,6,5,665,"6 6 5 3 4 7 1 2 57270982 7029 1000 13780 320 0 160"
2009067,2009-03-15,0,1,6,016,"0 1 6 3 6 0 2 1 55518742 26381 1000 0 320 49254 160"
2009068,2009-03-16,7,1,8,718,"7 1 8 0 6 7 1 1 59212924 26540 1000 0 320 92516 160"
2009069,2009-03-17,0,8,5,085,"0 8 5 6 2 1 1 2 57814194 20339 1000 0 320 46727 160"
2009070,2009-03-18,3,5,1,351,"3 5 1 6 8 2 2 1 61226806 18496 1000 0 320 57325 160"
2009071,2009-03-19,0,4,7,047,"0 4 7 4 5 2 1 2 59607450 15232 1000 0 320 53704 160"
2009072,2009-03-20,8,2,1,821,"8 2 1 9 2 2 2 2 63163354 27021 1000 0 320 42753 160"
2009073,2009-03-21,3,0,3,303,"3 0 3 2 8 4 1 2 58463732 12917 1000 18116 320 0 160"
2009074,2009-03-22,3,2,8,328,"3 2 8 7 1 0 1 2 54666970 13392 1000 0 320 43414 160"
2009075,2009-03-23,9,9,9,999,"9 9 9 2 2 9 2 1 58112348 55310 1000 0 320 0 160"
2009076,2009-03-24,9,8,8,988,"9 8 8 1 9 8 2 1 53174320 18215 1000 39166 320 0 160"
2009077,2009-03-25,5,7,6,576,"5 7 6 4 6 5 1 2 57192588 30599 1000 0 320 105804 160"
2009078,2009-03-26,5,5,8,558,"5 5 8 8 3 0 2 1 59219402 15155 1000 15356 320 0 160"
2009079,2009-03-27,8,9,2,892,"8 9 2 3 5 9 2 2 60615482 15865 1000 0 320 30024 160"
2009080,2009-03-28,5,3,0,530,"5 3 0 8 2 5 1 1 57118360 13430 1000 0 320 39499 160"
2009081,2009-03-29,4,5,6,456,"4 5 6 5 8 3 2 1 57885758 24999 1000 0 320 57393 160"
2009082,2009-03-30,3,7,6,376,"3 7 6 5 8 7 2 1 61505892 28018 1000 0 320 92944 160"
2009083,2009-03-31,8,7,7,877,"8 7 7 8 7 1 1 1 62642024 22620 1000 25803 320 0 160"
2009084,2009-04-01,0,7,6,076,"0 7 6 9 0 8 2 1 60743508 6328 1000 0 320 34087 160"
2009085,2009-04-02,8,5,2,852,"8 5 2 9 6 9 1 2 60764954 10065 1000 0 320 60963 160"
2009086,2009-04-03,1,6,1,161,"1 6 1 2 3 4 2 2 62412326 20725 1000 20248 320 0 160"
2009087,2009-04-04,8,2,1,821,"8 2 1 7 0 6 2 1 55913358 9300 1000 0 320 45505 160"
2009088,2009-04-05,8,0,9,809,"8 0 9 5 3 6 2 2 56737320 18021 1000 0 320 62104 160"
2009089,2009-04-06,0,4,6,046,"0 4 6 1 0 0 2 2 57867702 20085 1000 0 320 60651 160"
2009090,2009-04-07,0,0,3,003,"0 0 3 9 6 0 1 1 58329598 11466 1000 17498 320 0 160"
2009091,2009-04-08,8,5,1,851,"8 5 1 0 6 2 2 1 56539984 36375 1000 0 320 93451 160"
2009092,2009-04-09,0,8,5,085,"0 8 5 0 7 9 1 2 55070382 10448 1000 0 320 36645 160"
2009093,2009-04-10,0,6,9,069,"0 6 9 4 7 3 2 1 57573482 22655 1000 0 320 52443 160"
2009094,2009-04-11,2,9,0,290,"2 9 0 3 1 3 2 1 57224962 14070 1000 0 320 29634 160"
2009095,2009-04-12,7,9,2,792,"7 9 2 1 0 8 1 2 55936338 16027 1000 0 320 68876 160"
2009096,2009-04-13,4,0,2,402,"4 0 2 4 5 5 1 1 57027592 7822 1000 0 320 24529 160"
2009097,2009-04-14,4,7,4,474,"4 7 4 5 9 4 2 2 56023268 18138 1000 44815 320 0 160"
2009098,2009-04-15,9,3,7,937,"9 3 7 6 8 7 1 2 55996352 45772 1000 0 320 67038 160"
2009099,2009-04-16,4,3,6,436,"4 3 6 7 5 2 1 1 57609136 13755 1000 0 320 82196 160"
2009100,2009-04-17,5,8,5,585,"5 8 5 7 5 2 1 2 60808402 24369 1000 32726 320 0 160"
2009101,2009-04-18,4,8,5,485,"4 8 5 2 0 1 1 2 58697466 11848 1000 0 320 56355 160"
2009102,2009-04-19,1,9,7,197,"1 9 7 1 9 5 2 2 56740426 12279 1000 0 320 52988 160"
2009103,2009-04-20,7,3,0,730,"7 3 0 1 5 6 1 2 58949430 19497 1000 0 320 63397 160"
2009104,2009-04-21,5,1,5,515,"5 1 5 6 7 9 1 2 59190144 18259 1000 18872 320 0 160"
2009105,2009-04-22,6,9,1,691,"6 9 1 9 9 3 1 1 60605476 22396 1000 0 320 70878 160"
2009106,2009-04-23,5,8,0,580,"5 8 0 5 2 6 2 2 60084626 15167 1000 0 320 63950 160"
2009107,2009-04-24,9,8,5,985,"9 8 5 8 4 9 2 2 62200298 13812 1000 0 320 49860 160"
2009108,2009-04-25,2,0,7,207,"2 0 7 6 2 7 1 2 59695048 17584 1000 0 320 49022 160"
2009109,2009-04-26,8,3,2,832,"8 3 2 9 8 4 2 2 58615638 14143 1000 0 320 50721 160"
2009110,2009-04-27,6,0,3,603,"6 0 3 5 9 2 1 1 61496806 18458 1000 0 320 41954 160"
2009111,2009-04-28,6,4,5,645,"6 4 5 3 4 7 2 2 62319382 11691 1000 0 320 72688 160"
2009112,2009-04-29,4,7,7,477,"4 7 7 7 3 6 1 2 64223164 42993 1000 83854 320 0 160"
2009113,2009-04-30,7,0,5,705,"7 0 5 9 6 7 1 2 60969342 57962 1000 0 320 121610 160"
2009114,2009-05-01,3,5,9,359,"3 5 9 3 2 8 1 2 54326334 71538 1000 0 320 86536 160"
2009115,2009-05-02,0,4,8,048,"0 4 8 9 6 7 1 2 59030066 24454 1000 0 320 71444 160"
2009116,2009-05-03,1,9,2,192,"1 9 2 3 2 6 1 2 57727838 16505 1000 0 320 45832 160"
2009117,2009-05-04,5,0,5,505,"5 0 5 3 2 0 2 2 60734472 36371 1000 44342 320 0 160"
2009118,2009-05-05,6,6,3,663,"6 6 3 1 8 1 2 2 58383522 17545 1000 24252 320 0 160"
2009119,2009-05-06,1,4,6,146,"1 4 6 0 7 2 2 1 59485382 29242 1000 0 320 81827 160"
2009120,2009-05-07,3,0,1,301,"3 0 1 2 2 2 2 2 59250566 26707 1000 0 320 53150 160"
2009121,2009-05-08,1,8,1,181,"1 8 1 0 6 7 2 1 59709082 12554 1000 12959 320 0 160"
2009122,2009-05-09,4,3,1,431,"4 3 1 7 4 1 1 2 55882594 9286 1000 0 320 27769 160"
2009123,2009-05-10,9,9,2,992,"9 9 2 8 4 1 2 2 53994672 7978 1000 13554 320 0 160"
2009124,2009-05-11,2,2,3,223,"2 2 3 3 6 0 1 1 55965356 16997 1000 13791 320 0 160"
2009125,2009-05-12,6,4,4,644,"6 4 4 0 0 1 2 1 53651584 16990 1000 18648 320 0 160"
2009126,2009-05-13,7,3,6,736,"7 3 6 5 5 9 1 1 53818452 25675 1000 0 320 82156 160"
2009127,2009-05-14,5,3,9,539,"5 3 9 7 8 0 1 1 53475764 13102 1000 0 320 47236 160"
2009128,2009-05-15,9,7,4,974,"9 7 4 8 4 0 2 2 55280184 22143 1000 0 320 64240 160"
2009129,2009-05-16,0,5,6,056,"0 5 6 3 3 0 1 1 54330292 18987 1000 0 320 58723 160"
2009130,2009-05-17,2,6,9,269,"2 6 9 9 3 2 2 1 54074544 21690 1000 0 320 37250 160"
2009131,2009-05-18,3,7,3,373,"3 7 3 2 2 0 2 2 57792450 28010 1000 44794 320 0 160"
2009132,2009-05-19,8,3,2,832,"8 3 2 9 0 0 2 2 56090594 15512 1000 0 320 42481 160"
2009133,2009-05-20,4,1,9,419,"4 1 9 0 8 4 2 1 56530426 49763 1000 0 320 134220 160"
2009134,2009-05-21,9,8,6,986,"9 8 6 0 1 5 1 1 58037042 18936 1000 0 320 38890 160"
2009135,2009-05-22,7,2,2,722,"7 2 2 0 4 6 1 1 58391946 13525 1000 24861 320 0 160"
2009136,2009-05-23,5,7,0,570,"5 7 0 0 9 4 1 1 54739634 47091 1000 0 320 100672 160"
2009137,2009-05-24,3,0,2,302,"3 0 2 7 9 3 1 2 55280688 21425 1000 0 320 54470 160"
2009138,2009-05-25,8,9,0,890,"8 9 0 9 9 8 2 1 57653540 13567 1000 0 320 32559 160"
2009139,2009-05-26,4,1,2,412,"4 1 2 1 2 3 2 2 56587084 17358 1000 0 320 44538 160"
2009140,2009-05-27,7,3,1,731,"7 3 1 8 3 6 1 2 57855452 23214 1000 0 320 62723 160"
2009141,2009-05-28,9,3,8,938,"9 3 8 0 2 7 1 1 56693630 11727 1000 0 320 34360 160"
2009142,2009-05-29,2,1,8,218,"2 1 8 7 8 9 2 2 58887182 13472 1000 0 320 29889 160"
2009143,2009-05-30,2,2,1,221,"2 2 1 7 3 2 1 1 60360726 14120 1000 30722 320 0 160"
2009144,2009-05-31,0,9,7,097,"0 9 7 1 9 9 2 1 53072812 36454 1000 0 320 96041 160"
2009145,2009-06-01,1,1,0,110,"1 1 0 7 0 3 1 2 56540288 19133 1000 16654 320 0 160"
2009146,2009-06-02,7,1,4,714,"7 1 4 1 8 8 1 2 53917882 12385 1000 0 320 52295 160"
2009147,2009-06-03,5,6,6,566,"5 6 6 3 6 7 2 1 57681600 24701 1000 32824 320 0 160"
2009148,2009-06-04,8,3,1,831,"8 3 1 2 8 3 2 2 55998786 22123 1000 0 320 62929 160"
2009149,2009-06-05,0,6,3,063,"0 6 3 0 6 6 1 1 58561474 17263 1000 0 320 84136 160"
2009150,2009-06-06,7,1,9,719,"7 1 9 3 3 2 2 1 57494458 13717 1000 0 320 48232 160"
2009151,2009-06-07,4,5,3,453,"4 5 3 4 7 0 1 2 56860230 13733 1000 0 320 64917 160"
2009152,2009-06-08,5,7,2,572,"5 7 2 9 0 0 1 1 58867128 28754 1000 0 320 78869 160"
2009153,2009-06-09,3,8,9,389,"3 8 9 3 1 9 2 1 58513582 21390 1000 0 320 46008 160"
2009154,2009-06-10,3,5,1,351,"3 5 1 5 4 2 2 2 61699054 8962 1000 0 320 43155 160"
2009155,2009-06-11,1,8,8,188,"1 8 8 7 2 8 2 2 61983324 32939 1000 62236 320 0 160"
2009156,2009-06-12,8,4,1,841,"8 4 1 7 2 3 2 2 60315210 22015 1000 0 320 59102 160"
2009157,2009-06-13,5,0,8,508,"5 0 8 8 1 3 1 1 59295180 18770 1000 0 320 43475 160"
2009158,2009-06-14,1,3,9,139,"1 3 9 4 4 9 1 1 58236874 17383 1000 0 320 48034 160"
2009159,2009-06-15,0,3,7,037,"0 3 7 5 6 8 1 1 61384748 15049 1000 0 320 62254 160"
2009160,2009-06-16,6,2,7,627,"6 2 7 7 8 1 1 2 60470684 41173 1000 0 320 138054 160"
2009161,2009-06-17,0,4,8,048,"0 4 8 9 7 8 2 2 62630266 18386 1000 0 320 53742 160"
2009162,2009-06-18,9,9,5,995,"9 9 5 1 7 5 2 1 61477570 47071 1000 43674 320 0 160"
2009163,2009-06-19,8,3,8,838,"8 3 8 1 5 1 1 2 57173390 13157 1000 16164 320 0 160"
2009164,2009-06-20,1,4,7,147,"1 4 7 6 5 5 2 2 54615234 30240 1000 0 320 94542 160"
2009165,2009-06-21,3,5,4,354,"3 5 4 5 2 0 2 1 56419010 17211 1000 0 320 39505 160"
2009166,2009-06-22,2,0,9,209,"2 0 9 2 1 6 1 2 57943328 56338 1000 0 320 86599 160"
2009167,2009-06-23,8,1,7,817,"8 1 7 5 8 9 1 1 59068278 25742 1000 0 320 95739 160"
2009168,2009-06-24,5,6,5,565,"5 6 5 6 5 3 2 1 61694216 27959 1000 40941 320 0 160"
2009169,2009-06-25,4,7,5,475,"4 7 5 1 6 6 1 1 57174514 12656 1000 0 320 44002 160"
2009170,2009-06-26,4,4,6,446,"4 4 6 4 8 3 2 2 60012464 12808 1000 19181 320 0 160"
2009171,2009-06-27,2,0,0,200,"2 0 0 0 7 7 2 1 56609622 6603 1000 7132 320 0 160"
2009172,2009-06-28,9,1,9,919,"9 1 9 5 9 8 2 2 53253572 15149 1000 22611 320 0 160"
2009173,2009-06-29,7,1,3,713,"7 1 3 7 2 1 2 1 57236278 24283 1000 0 320 75489 160"
2009174,2009-06-30,9,6,5,965,"9 6 5 4 6 3 1 2 56614270 12226 1000 0 320 73162 160"
2009175,2009-07-01,5,8,6,586,"5 8 6 2 8 3 2 1 57212572 13284 1000 0 320 34824 160"
2009176,2009-07-02,5,5,1,551,"5 5 1 9 9 7 2 1 56222546 9365 1000 10881 320 0 160"
2009177,2009-07-03,0,5,9,059,"0 5 9 1 2 1 2 1 57393136 15291 1000 0 320 30643 160"
2009178,2009-07-04,2,4,7,247,"2 4 7 2 7 2 1 2 54862570 67984 1000 0 320 154342 160"
2009179,2009-07-05,3,6,2,362,"3 6 2 0 7 1 2 2 56962688 39834 1000 0 320 99143 160"
2009180,2009-07-06,0,3,5,035,"0 3 5 1 7 7 2 2 59592588 17829 1000 0 320 41789 160"
2009181,2009-07-07,5,0,0,500,"5 0 0 3 3 7 2 1 57850738 9542 1000 11825 320 0 160"
2009182,2009-07-08,2,8,8,288,"2 8 8 5 0 6 2 1 55725068 14730 1000 25254 320 0 160"
2009183,2009-07-09,6,9,6,696,"6 9 6 1 2 2 2 1 54066118 26403 1000 17560 320 0 160"
2009184,2009-07-10,6,2,3,623,"6 2 3 1 8 0 2 2 55164024 11611 1000 0 320 25854 160"
2009185,2009-07-11,8,4,5,845,"8 4 5 3 4 4 2 1 54206788 33815 1000 0 320 67282 160"
2009186,2009-07-12,0,1,7,017,"0 1 7 0 9 0 2 2 55766390 27738 1000 0 320 95913 160"
2009187,2009-07-13,5,1,0,510,"5 1 0 9 9 1 1 1 57129904 10760 1000 0 320 25648 160"
2009188,2009-07-14,9,1,1,911,"9 1 1 3 3 0 1 2 55308728 11437 1000 26392 320 0 160"
2009189,2009-07-15,2,8,1,281,"2 8 1 0 6 8 2 2 55123008 11723 1000 0 320 36640 160"
2009190,2009-07-16,5,3,4,534,"5 3 4 0 4 9 2 2 54989426 17483 1000 0 320 91387 160"
2009191,2009-07-17,6,4,0,640,"6 4 0 2 9 3 1 2 55453470 14639 1000 0 320 71193 160"
2009192,2009-07-18,6,6,9,669,"6 6 9 1 5 3 1 1 55080750 9656 1000 11799 320 0 160"
2009193,2009-07-19,3,4,8,348,"3 4 8 3 1 7 2 2 52315658 27456 1000 0 320 94720 160"
2009194,2009-07-20,2,1,4,214,"2 1 4 4 3 9 2 2 55905992 13822 1000 0 320 42647 160"
2009195,2009-07-21,2,7,9,279,"2 7 9 6 5 9 2 2 55783490 19767 1000 0 320 84045 160"
2009196,2009-07-22,4,6,8,468,"4 6 8 4 2 5 2 2 56342232 21554 1000 0 320 37066 160"
2009197,2009-07-23,8,8,9,889,"8 8 9 0 6 6 1 2 54991598 13576 1000 22331 320 0 160"
2009198,2009-07-24,2,9,8,298,"2 9 8 3 0 4 1 1 53321970 11579 1000 0 320 26661 160"
2009199,2009-07-25,6,1,2,612,"6 1 2 5 3 4 1 2 54107832 16029 1000 0 320 40510 160"
2009200,2009-07-26,8,2,3,823,"8 2 3 4 9 3 1 2 54254510 21413 1000 0 320 55583 160"
2009201,2009-07-27,1,8,8,188,"1 8 8 3 2 0 2 2 58020082 11976 1000 11569 320 0 160"
2009202,2009-07-28,2,3,0,230,"2 3 0 1 9 1 1 2 54889604 7683 1000 0 320 24827 160"
2009203,2009-07-29,8,3,0,830,"8 3 0 4 1 2 2 2 56652490 11785 1000 0 320 56511 160"
2009204,2009-07-30,0,6,2,062,"0 6 2 4 8 5 2 1 56372012 11794 1000 0 320 23351 160"
2009205,2009-07-31,0,8,3,083,"0 8 3 6 9 9 1 1 56425548 6769 1000 0 320 12175 160"
2009206,2009-08-01,2,8,4,284,"2 8 4 2 4 3 2 2 54523254 12686 1000 0 320 33569 160"
2009207,2009-08-02,3,6,7,367,"3 6 7 8 5 5 1 1 53363048 40947 1000 0 320 82308 160"
2009208,2009-08-03,0,1,3,013,"0 1 3 0 5 9 2 1 56957704 7663 1000 0 320 19653 160"
2009209,2009-08-04,1,5,4,154,"1 5 4 8 4 9 2 1 56263352 32656 1000 0 320 98125 160"
2009210,2009-08-05,3,0,4,304,"3 0 4 3 3 9 2 1 58517080 12387 1000 0 320 29278 160"
2009211,2009-08-06,6,8,1,681,"6 8 1 7 3 0 2 1 56088368 24349 1000 0 320 48374 160"
2009212,2009-08-07,6,4,2,642,"6 4 2 9 1 6 2 2 57455540 9622 1000 0 320 37896 160"
2009213,2009-08-08,5,6,7,567,"5 6 7 0 5 3 1 2 57232644 22668 1000 0 320 46949 160"
2009214,2009-08-09,2,3,9,239,"2 3 9 9 8 4 1 2 57264648 51861 1000 0 320 56434 160"
2009215,2009-08-10,3,1,8,318,"3 1 8 8 6 1 2 1 63626940 36116 1000 0 320 57258 160"
2009216,2009-08-11,6,4,8,648,"6 4 8 6 9 0 2 1 66447264 8720 1000 0 320 24198 160"
2009217,2009-08-12,6,8,5,685,"6 8 5 8 3 5 1 2 67881554 14063 1000 0 320 28296 160"
2009218,2009-08-13,0,6,1,061,"0 6 1 0 7 7 1 1 67686396 8054 1000 0 320 21624 160"
2009219,2009-08-14,8,2,2,822,"8 2 2 1 5 3 2 2 68560072 23149 1000 58206 320 0 160"
2009220,2009-08-15,3,1,7,317,"3 1 7 8 8 7 2 1 52890102 31468 1000 0 320 82135 160"
2009221,2009-08-16,8,5,6,856,"8 5 6 8 8 0 1 1 53029512 8630 1000 0 320 29226 160"
2009222,2009-08-17,7,6,1,761,"7 6 1 9 7 6 2 2 54366528 32994 1000 0 320 37459 160"
2009223,2009-08-18,7,4,0,740,"7 4 0 9 2 0 2 1 52935196 12544 1000 0 320 46029 160"
2009224,2009-08-19,1,7,6,176,"1 7 6 2 8 9 2 2 53015760 10292 1000 0 320 17240 160"
2009225,2009-08-20,4,3,8,438,"4 3 8 5 3 8 2 1 52549452 53224 1000 0 320 83654 160"
2009226,2009-08-21,4,5,7,457,"4 5 7 3 5 9 2 1 57073380 20775 1000 0 320 64002 160"
2009227,2009-08-22,2,4,4,244,"2 4 4 7 8 5 2 2 55870790 17133 1000 21470 320 0 160"
2009228,2009-08-23,7,3,8,738,"7 3 8 7 6 4 2 1 52911708 23387 1000 0 320 44997 160"
2009229,2009-08-24,5,9,7,597,"5 9 7 9 8 1 1 2 56036750 20261 1000 0 320 63912 160"
2009230,2009-08-25,7,7,2,772,"7 7 2 7 5 1 1 2 54740772 12956 1000 15018 320 0 160"
2009231,2009-08-26,1,2,7,127,"1 2 7 7 3 4 1 1 53971112 14361 1000 0 320 26549 160"
2009232,2009-08-27,4,3,8,438,"4 3 8 5 3 1 1 2 53421900 24687 1000 0 320 79292 160"
2009233,2009-08-28,8,0,7,807,"8 0 7 1 1 1 2 2 56895754 11678 1000 0 320 24981 160"
2009234,2009-08-29,0,7,3,073,"0 7 3 4 9 4 1 2 53587930 8077 1000 0 320 18225 160"
2009235,2009-08-30,0,6,3,063,"0 6 3 9 8 0 1 1 52354744 9435 1000 0 320 32992 160"
2009236,2009-08-31,3,2,3,323,"3 2 3 2 2 2 2 1 53836780 15922 1000 29689 320 0 160"
2009237,2009-09-01,8,4,4,844,"8 4 4 0 8 2 1 1 50790012 10336 1000 12732 320 0 160"
2009238,2009-09-02,9,6,3,963,"9 6 3 8 7 3 1 2 54189426 20110 1000 0 320 44875 160"
2009239,2009-09-03,1,7,3,173,"1 7 3 3 7 7 1 1 50683116 11212 1000 0 320 53485 160"
2009240,2009-09-04,2,9,9,299,"2 9 9 3 2 2 1 1 53161988 15373 1000 13555 320 0 160"
2009241,2009-09-05,7,7,3,773,"7 7 3 7 1 8 2 2 50734480 10500 1000 20045 320 0 160"
2009242,2009-09-06,1,5,6,156,"1 5 6 1 8 8 2 1 50406960 29298 1000 0 320 82073 160"
2009243,2009-09-07,6,9,5,695,"6 9 5 4 8 4 2 1 53717874 8510 1000 0 320 21758 160"
2009244,2009-09-08,4,2,3,423,"4 2 3 2 3 2 2 2 52554594 13908 1000 0 320 68541 160"
2009245,2009-09-09,4,5,4,454,"4 5 4 4 7 7 2 2 54768630 36783 1000 47952 320 0 160"
2009246,2009-09-10,7,5,1,751,"7 5 1 1 8 5 2 1 51745098 15727 1000 0 320 58185 160"
2009247,2009-09-11,8,0,4,804,"8 0 4 8 4 9 2 2 54482850 17214 1000 0 320 63865 160"
2009248,2009-09-12,4,1,2,412,"4 1 2 2 2 5 2 1 51950882 15976 1000 0 320 36700 160"
2009249,2009-09-13,5,5,0,550,"5 5 0 6 0 2 1 2 50126284 22465 1000 31562 320 0 160"
2009250,2009-09-14,3,1,9,319,"3 1 9 9 0 0 2 1 52377950 20779 1000 0 320 60775 160"
2009251,2009-09-15,5,8,7,587,"5 8 7 2 2 0 1 1 52991284 11358 1000 0 320 38444 160"
2009252,2009-09-16,3,9,9,399,"3 9 9 1 0 1 1 1 53347650 8544 1000 11751 320 0 160"
2009253,2009-09-17,7,0,7,707,"7 0 7 9 7 0 2 1 51094852 26868 1000 33573 320 0 160"
2009254,2009-09-18,0,0,8,008,"0 0 8 0 1 3 2 2 52893594 11622 1000 10230 320 0 160"
2009255,2009-09-19,9,0,6,906,"9 0 6 7 5 9 2 2 49792078 28348 1000 0 320 55400 160"
2009256,2009-09-20,8,6,0,860,"8 6 0 0 3 2 1 2 48774298 22590 1000 0 320 27503 160"
2009257,2009-09-21,8,3,9,839,"8 3 9 5 8 5 2 2 50688424 11128 1000 0 320 38083 160"
2009258,2009-09-22,5,4,9,549,"5 4 9 9 4 3 1 2 50235992 21576 1000 0 320 56536 160"
2009259,2009-09-23,6,6,6,666,"6 6 6 7 5 8 1 2 51591512 49785 1000 0 320 0 160"
2009260,2009-09-24,4,2,3,423,"4 2 3 1 4 3 2 2 47562660 36235 1000 0 320 72989 160"
2009261,2009-09-25,3,9,8,398,"3 9 8 3 6 7 2 1 51834688 10716 1000 0 320 21977 160"
2009262,2009-09-26,7,9,0,790,"7 9 0 1 0 8 2 2 51112496 21627 1000 0 320 46127 160"
2009263,2009-09-27,2,9,2,292,"2 9 2 9 2 1 2 1 50416692 13285 1000 23595 320 0 160"
2009264,2009-09-28,3,4,5,345,"3 4 5 7 4 6 2 2 50239460 19278 1000 0 320 52943 160"
2009265,2009-09-29,8,6,9,869,"8 6 9 9 2 5 2 1 50461012 12471 1000 0 320 26178 160"
2009266,2009-09-30,8,9,4,894,"8 9 4 7 5 6 2 1 51672742 5461 1000 0 320 24488 160"
2009267,2009-10-01,9,3,7,937,"9 3 7 2 3 6 2 1 46651556 33985 1000 0 320 41286 160"
2009268,2009-10-02,4,8,0,480,"4 8 0 7 4 9 2 2 49046638 11036 1000 0 320 36987 160"
2009269,2009-10-03,4,3,0,430,"4 3 0 0 3 9 1 2 48540252 7013 1000 0 320 31212 160"
2009270,2009-10-04,7,5,9,759,"7 5 9 6 9 4 1 1 48880142 14964 1000 0 320 30028 160"
2009271,2009-10-05,3,3,5,335,"3 3 5 0 1 8 2 2 52217208 16814 1000 23134 320 0 160"
2009272,2009-10-06,5,6,6,566,"5 6 6 9 5 7 1 2 49747318 18963 1000 19231 320 0 160"
2009273,2009-10-07,0,9,5,095,"0 9 5 4 8 3 1 2 52037032 14379 1000 0 320 33965 160"
2009274,2009-10-08,5,9,3,593,"5 9 3 5 4 7 1 2 50235080 5776 1000 0 320 22008 160"
2009275,2009-10-09,6,1,5,615,"6 1 5 1 2 3 1 2 54515144 19212 1000 0 320 32166 160"
2009276,2009-10-10,6,0,8,608,"6 0 8 9 0 6 2 2 51464534 18089 1000 0 320 43216 160"
2009277,2009-10-11,9,4,0,940,"9 4 0 0 3 4 1 2 50039952 20100 1000 0 320 50666 160"
2009278,2009-10-12,3,6,7,367,"3 6 7 6 2 7 2 1 52762014 34930 1000 0 320 70973 160"
2009279,2009-10-13,6,8,4,684,"6 8 4 0 8 6 2 1 53580624 16242 1000 0 320 49032 160"
2009280,2009-10-14,9,5,6,956,"9 5 6 3 4 0 1 2 56316602 29110 1000 0 320 55010 160"
2009281,2009-10-15,4,5,9,459,"4 5 9 8 3 6 1 2 56589202 18028 1000 0 320 30895 160"
2009282,2009-10-16,8,5,0,850,"8 5 0 5 1 7 2 2 58802058 12557 1000 0 320 46275 160"
2009283,2009-10-17,1,6,1,161,"1 6 1 8 0 0 2 1 55776182 21725 1000 22641 320 0 160"
2009284,2009-10-18,6,5,4,654,"6 5 4 2 6 8 1 1 51534058 17314 1000 0 320 55690 160"
2009285,2009-10-19,9,1,1,911,"9 1 1 6 8 5 1 1 53729924 9782 1000 9688 320 0 160"
2009286,2009-10-20,3,4,9,349,"3 4 9 2 7 3 1 1 51544740 34483 1000 0 320 58657 160"
2009287,2009-10-21,0,5,6,056,"0 5 6 0 9 4 1 2 56697250 15167 1000 0 320 60688 160"
2009288,2009-10-22,4,9,0,490,"4 9 0 0 7 4 2 1 57309252 15500 1000 0 320 36664 160"
2009289,2009-10-23,3,4,4,344,"3 4 4 6 0 1 2 1 59764796 9453 1000 14077 320 0 160"
2009290,2009-10-24,0,0,4,004,"0 0 4 3 6 8 1 2 57526976 4822 1000 6647 320 0 160"
2009291,2009-10-25,8,7,9,879,"8 7 9 1 6 0 1 1 53068024 19240 1000 0 320 33251 160"
2009292,2009-10-26,3,7,4,374,"3 7 4 3 0 8 1 2 53208660 13289 1000 0 320 55934 160"
2009293,2009-10-27,7,7,9,779,"7 7 9 2 6 6 1 1 55839912 7973 1000 9549 320 0 160"
2009294,2009-10-28,9,6,0,960,"9 6 0 0 5 2 1 2 56357130 28374 1000 0 320 53211 160"
2009295,2009-10-29,6,7,2,672,"6 7 2 5 2 7 1 1 57999228 35371 1000 0 320 69739 160"
2009296,2009-10-30,5,9,1,591,"5 9 1 2 3 9 2 2 55153422 15370 1000 0 320 49486 160"
2009297,2009-10-31,7,2,9,729,"7 2 9 9 1 3 1 2 52815008 17609 1000 0 320 32408 160"
2009298,2009-11-01,3,1,0,310,"3 1 0 0 4 3 2 1 51258766 12128 1000 0 320 31343 160"
2009299,2009-11-02,8,8,0,880,"8 8 0 8 2 6 1 2 51783922 17777 1000 32989 320 0 160"
2009300,2009-11-03,7,4,4,744,"7 4 4 3 3 9 2 2 51332556 9841 1000 16351 320 0 160"
2009301,2009-11-04,6,6,9,669,"6 6 9 3 1 7 1 2 53802298 17597 1000 14933 320 0 160"
2009302,2009-11-05,8,4,9,849,"8 4 9 6 1 9 2 1 53233544 7075 1000 0 320 33343 160"
2009303,2009-11-06,6,1,0,610,"6 1 0 2 3 8 1 2 56192942 9212 1000 0 320 30107 160"
2009304,2009-11-07,5,5,2,552,"5 5 2 6 2 3 2 1 55091564 24889 1000 29597 320 0 160"
2009305,2009-11-08,6,4,0,640,"6 4 0 5 6 2 2 2 52400178 23764 1000 0 320 45218 160"
2009306,2009-11-09,5,8,3,583,"5 8 3 3 8 6 1 2 52406166 15551 1000 0 320 65429 160"
2009307,2009-11-10,5,5,1,551,"5 5 1 5 7 4 2 2 50650928 9085 1000 12072 320 0 160"
2009308,2009-11-11,0,3,0,030,"0 3 0 7 1 4 2 1 50796710 7209 1000 7506 320 0 160"
2009309,2009-11-12,8,1,8,818,"8 1 8 7 0 8 2 1 47614244 19661 1000 18617 320 0 160"
2009310,2009-11-13,9,6,5,965,"9 6 5 1 6 2 1 1 49808180 20711 1000 0 320 50871 160"
2009311,2009-11-14,7,8,9,789,"7 8 9 5 7 6 2 2 49039528 29632 1000 0 320 40855 160"
2009312,2009-11-15,8,1,7,817,"8 1 7 8 1 7 1 2 48476286 12587 1000 0 320 22878 160"
2009313,2009-11-16,6,6,3,663,"6 6 3 1 5 6 2 1 50085598 15682 1000 26211 320 0 160"
2009314,2009-11-17,7,8,9,789,"7 8 9 5 2 3 2 1 50832716 20714 1000 0 320 15189 160"
2009315,2009-11-18,5,8,1,581,"5 8 1 4 9 6 1 2 52357508 14932 1000 0 320 58580 160"
2009316,2009-11-19,0,7,3,073,"0 7 3 0 9 3 2 2 54832248 13998 1000 0 320 58202 160"
2009317,2009-11-20,4,8,0,480,"4 8 0 4 7 6 2 1 55343980 19134 1000 0 320 37773 160"
2009318,2009-11-21,6,0,7,607,"6 0 7 7 5 1 1 2 55688938 16811 1000 0 320 30491 160"
2009319,2009-11-22,6,3,3,633,"6 3 3 8 9 5 2 2 53926926 9946 1000 26223 320 0 160"
2009320,2009-11-23,6,9,2,692,"6 9 2 5 6 1 1 2 54788490 7167 1000 0 320 39910 160"
2009321,2009-11-24,0,8,1,081,"0 8 1 1 0 4 2 2 53718192 19974 1000 0 320 59329 160"
2009322,2009-11-25,8,2,7,827,"8 2 7 3 3 4 1 1 55051182 15678 1000 0 320 31918 160"
2009323,2009-11-26,0,0,3,003,"0 0 3 9 3 3 1 2 54804822 6499 1000 11507 320 0 160"
2009324,2009-11-27,9,4,2,942,"9 4 2 2 2 8 2 2 53772584 15952 1000 0 320 46025 160"
2009325,2009-11-28,8,7,9,879,"8 7 9 4 6 0 1 1 54013988 11128 1000 0 320 30359 160"
2009326,2009-11-29,9,5,0,950,"9 5 0 6 4 8 2 2 52865766 16353 1000 0 320 38358 160"
2009327,2009-11-30,5,5,4,554,"5 5 4 0 6 3 2 1 56343418 14358 1000 25601 320 0 160"
2009328,2009-12-01,4,0,2,402,"4 0 2 5 8 5 1 1 54734398 18946 1000 0 320 29126 160"
2009329,2009-12-02,8,4,4,844,"8 4 4 0 8 9 1 1 54514716 6603 1000 9994 320 0 160"
2009330,2009-12-03,6,0,7,607,"6 0 7 3 4 7 1 2 53488834 16092 1000 0 320 63297 160"
2009331,2009-12-04,9,1,5,915,"9 1 5 0 5 6 1 1 54866818 30423 1000 0 320 93299 160"
2009332,2009-12-05,8,9,7,897,"8 9 7 7 8 3 1 2 54481276 22876 1000 0 320 70356 160"
2009333,2009-12-06,3,3,6,336,"3 3 6 1 5 2 1 2 55016688 28581 1000 32462 320 0 160"
2009334,2009-12-07,5,1,9,519,"5 1 9 7 4 7 2 1 55005692 19991 1000 0 320 31576 160"
2009335,2009-12-08,8,7,7,877,"8 7 7 7 7 8 2 2 56634730 14433 1000 22960 320 0 160"
2009336,2009-12-09,9,1,8,918,"9 1 8 4 5 9 2 1 56352776 26322 1000 0 320 45598 160"
2009337,2009-12-10,7,5,2,752,"7 5 2 6 5 8 2 1 57178834 28167 1000 0 320 64333 160"
2009338,2009-12-11,6,3,4,634,"6 3 4 0 2 7 2 2 59203852 32057 1000 0 320 120568 160"
2009339,2009-12-12,6,3,8,638,"6 3 8 0 8 4 1 2 58147288 12695 1000 0 320 52384 160"
2009340,2009-12-13,1,5,9,159,"1 5 9 7 1 0 1 1 55664264 30434 1000 0 320 66992 160"
2009341,2009-12-14,6,5,4,654,"6 5 4 3 6 0 1 2 59869276 11777 1000 0 320 49343 160"
2009342,2009-12-15,5,8,7,587,"5 8 7 8 6 2 1 2 58427258 25843 1000 0 320 50378 160"
2009343,2009-12-16,8,7,6,876,"8 7 6 1 5 8 1 1 59258796 18580 1000 0 320 52425 160"
2009344,2009-12-17,2,9,2,292,"2 9 2 2 6 6 2 2 58426270 39428 1000 45426 320 0 160"
2009345,2009-12-18,6,9,1,691,"6 9 1 8 8 9 2 1 56395148 14637 1000 0 320 53409 160"
2009346,2009-12-19,6,0,3,603,"6 0 3 3 1 8 1 1 55555640 18749 1000 0 320 57560 160"
2009347,2009-12-20,0,1,6,016,"0 1 6 0 3 1 1 2 54959010 11961 1000 0 320 26663 160"
2009348,2009-12-21,5,7,8,578,"5 7 8 2 0 7 2 1 57924312 18063 1000 0 320 55766 160"
2009349,2009-12-22,7,2,1,721,"7 2 1 6 5 7 2 2 57841376 16707 1000 0 320 30247 160"
2009350,2009-12-23,0,5,2,052,"0 5 2 9 3 1 1 1 57984244 18704 1000 0 320 26331 160"
2009351,2009-12-24,6,4,5,645,"6 4 5 0 3 2 2 1 56537346 15916 1000 0 320 66737 160"
2009352,2009-12-25,3,7,4,374,"3 7 4 6 3 2 2 1 56726874 32895 1000 0 320 104153 160"
2009353,2009-12-26,3,0,8,308,"3 0 8 8 2 9 1 1 59029600 25247 1000 0 320 70003 160"
2009354,2009-12-27,4,5,4,454,"4 5 4 4 8 2 2 1 57661444 18393 1000 42402 320 0 160"
2009355,2009-12-28,5,6,6,566,"5 6 6 2 1 0 2 1 56751196 15697 1000 18874 320 0 160"
2009356,2009-12-29,7,1,2,712,"7 1 2 3 6 6 2 2 56149486 22397 1000 0 320 57810 160"
2009357,2009-12-30,8,3,7,837,"8 3 7 1 4 4 2 1 58511262 42345 1000 0 320 68464 160"
2009358,2009-12-31,6,7,0,670,"6 7 0 3 4 1 2 2 58357768 16078 1000 0 320 31865 160"
2010001,2010-01-01,5,9,1,591,"5 9 1 1 3 9 2 1 56143340 48059 1000 0 320 158770 160"
2010002,2010-01-02,9,3,8,938,"9 3 8 3 7 0 1 1 59456544 18079 1000 0 320 82110 160"
2010003,2010-01-03,6,1,0,610,"6 1 0 7 3 2 2 2 58884602 10049 1000 0 320 31021 160"
2010004,2010-01-04,4,9,6,496,"4 9 6 6 1 1 1 2 61328816 31858 1000 0 320 68080 160"
2010005,2010-01-05,9,2,7,927,"9 2 7 5 7 4 2 2 59872522 21129 1000 0 320 65887 160"
2010006,2010-01-06,5,6,0,560,"5 6 0 3 6 5 2 1 61584322 20890 1000 0 320 55605 160"
2010007,2010-01-07,2,8,1,281,"2 8 1 1 5 6 1 2 62969946 14025 1000 0 320 33398 160"
2010008,2010-01-08,3,9,7,397,"3 9 7 5 2 5 2 2 64229838 12486 1000 0 320 56591 160"
2010009,2010-01-09,1,0,9,109,"1 0 9 7 7 9 2 1 63410120 34900 1000 0 320 43874 160"
2010010,2010-01-10,8,7,5,875,"8 7 5 7 0 7 1 1 61258544 27862 1000 0 320 83842 160"
2010011,2010-01-11,1,1,5,115,"1 1 5 9 3 3 1 1 66374330 21454 1000 37004 320 0 160"
2010012,2010-01-12,4,2,6,426,"4 2 6 2 6 2 2 1 58278692 44632 1000 0 320 131462 160"
2010013,2010-01-13,9,6,9,969,"9 6 9 5 9 3 2 1 61026728 15034 1000 18461 320 0 160"
2010014,2010-01-14,1,9,6,196,"1 9 6 7 7 7 2 1 59042214 11905 1000 0 320 33815 160"
2010015,2010-01-15,8,2,7,827,"8 2 7 1 4 8 1 2 60538540 36900 1000 0 320 120218 160"
2010016,2010-01-16,1,1,1,111,"1 1 1 3 0 1 1 2 63116988 55141 1000 0 320 0 160"
2010017,2010-01-17,4,8,3,483,"4 8 3 2 3 7 1 1 54881720 47008 1000 0 320 112106 160"
2010018,2010-01-18,8,2,9,829,"8 2 9 8 8 1 2 2 63051472 17735 1000 0 320 56314 160"
2010019,2010-01-19,2,6,0,260,"2 6 0 4 1 1 2 1 63061462 26067 1000 0 320 53855 160"
2010020,2010-01-20,9,2,4,924,"9 2 4 4 9 8 1 1 63013098 11510 1000 0 320 30975 160"
2010021,2010-01-21,7,1,4,714,"7 1 4 8 2 6 1 1 61117298 31757 1000 0 320 94266 160"
2010022,2010-01-22,2,1,7,217,"2 1 7 1 8 8 2 1 62791148 12202 1000 0 320 22751 160"
2010023,2010-01-23,5,2,8,528,"5 2 8 7 0 9 2 1 60390026 35785 1000 0 320 84078 160"
2010024,2010-01-24,7,7,3,773,"7 7 3 4 1 8 2 2 61941626 20356 1000 30885 320 0 160"
2010025,2010-01-25,8,5,8,858,"8 5 8 3 5 6 2 1 61014734 10941 1000 13216 320 0 160"
2010026,2010-01-26,6,7,7,677,"6 7 7 6 1 6 1 2 59504910 17020 1000 12034 320 0 160"
2010027,2010-01-27,3,5,3,353,"3 5 3 7 6 0 1 1 61033520 8023 1000 11215 320 0 160"
2010028,2010-01-28,7,4,0,740,"7 4 0 9 4 3 1 1 58476438 11427 1000 0 320 36035 160"
2010029,2010-01-29,9,1,0,910,"9 1 0 8 9 2 2 2 60777426 17228 1000 0 320 72058 160"
2010030,2010-01-30,3,9,4,394,"3 9 4 2 2 1 1 2 60085894 22289 1000 0 320 55848 160"
2010031,2010-01-31,5,1,4,514,"5 1 4 1 1 9 1 1 58828972 12230 1000 0 320 36044 160"
2010032,2010-02-01,3,9,3,393,"3 9 3 4 6 9 2 1 58952656 10173 1000 16737 320 0 160"
2010033,2010-02-02,9,7,4,974,"9 7 4 7 4 5 2 2 56737930 11601 1000 0 320 49253 160"
2010034,2010-02-03,0,7,5,075,"0 7 5 1 1 1 1 2 58488210 19210 1000 0 320 62475 160"
2010035,2010-02-04,9,2,7,927,"9 2 7 1 5 1 2 2 56325086 12328 1000 0 320 30391 160"
2010036,2010-02-05,9,0,3,903,"9 0 3 7 7 2 1 2 58827230 6537 1000 0 320 25854 160"
2010037,2010-02-06,4,7,4,474,"4 7 4 8 4 5 2 2 54932896 17744 1000 31509 320 0 160"
2010038,2010-02-07,0,4,1,041,"0 4 1 9 0 3 2 1 54473110 25869 1000 0 320 37726 160"
2010039,2010-02-08,8,8,2,882,"8 8 2 7 3 2 2 2 53909826 12058 1000 18412 320 0 160"
2010040,2010-02-09,0,7,2,072,"0 7 2 6 1 3 2 2 51835364 7958 1000 0 320 41315 160"
2010041,2010-02-10,5,3,8,538,"5 3 8 8 6 4 2 1 50805488 50933 1000 0 320 83583 160"
2010042,2010-02-11,2,1,4,214,"2 1 4 2 7 5 2 2 51296306 19303 1000 0 320 29068 160"
2010043,2010-02-12,3,5,7,357,"3 5 7 6 1 3 2 1 46252734 32319 1000 0 320 59592 160"
2010044,2010-02-20,8,2,1,821,"8 2 1 5 8 8 1 2 39063244 14157 1000 0 320 36117 160"
2010045,2010-02-21,9,8,8,988,"9 8 8 4 5 2 2 2 43172462 5454 1000 7350 320 0 160"
2010046,2010-02-22,7,9,6,796,"7 9 6 8 2 7 1 2 44370750 27740 1000 0 320 55646 160"
2010047,2010-02-23,0,9,3,093,"0 9 3 1 3 1 1 2 46737566 4602 1000 0 320 22429 160"
2010048,2010-02-24,5,1,6,516,"5 1 6 0 8 7 2 2 49146906 18360 1000 0 320 53349 160"
2010049,2010-02-25,4,2,3,423,"4 2 3 0 8 7 1 1 49625870 16799 1000 0 320 61807 160"
2010050,2010-02-26,3,1,4,314,"3 1 4 1 6 3 2 1 51378332 14785 1000 0 320 26004 160"
2010051,2010-02-27,4,6,5,465,"4 6 5 7 9 9 1 2 50475846 13957 1000 0 320 42177 160"
2010052,2010-02-28,0,6,5,065,"0 6 5 2 7 5 1 2 49162100 5458 1000 0 320 22936 160"
2010053,2010-03-01,4,9,4,494,"4 9 4 1 2 9 1 1 49522976 18867 1000 28299 320 0 160"
2010054,2010-03-02,1,1,3,113,"1 1 3 9 9 0 1 2 50066600 9793 1000 10446 320 0 160"
2010055,2010-03-03,1,3,1,131,"1 3 1 0 6 7 1 2 49659226 3325 1000 1901 320 0 160"
2010056,2010-03-04,7,5,9,759,"7 5 9 7 6 6 1 1 49034960 13909 1000 0 320 39789 160"
2010057,2010-03-05,3,1,7,317,"3 1 7 6 2 7 1 1 50556040 11446 1000 0 320 22602 160"
2010058,2010-03-06,0,2,3,023,"0 2 3 9 3 3 2 1 50629240 9195 1000 0 320 24081 160"
2010059,2010-03-07,1,8,1,181,"1 8 1 9 0 1 1 1 50450640 11135 1000 15923 320 0 160"
2010060,2010-03-08,2,9,0,290,"2 9 0 0 3 4 2 1 49378846 21847 1000 0 320 42268 160"
2010061,2010-03-09,3,9,7,397,"3 9 7 1 6 1 2 2 50221132 15685 1000 0 320 47842 160"
2010062,2010-03-10,5,1,3,513,"5 1 3 6 1 5 1 2 53763048 56568 1000 0 320 60031 160"
2010063,2010-03-11,7,8,4,784,"7 8 4 0 4 1 1 2 55959890 12124 1000 0 320 49179 160"
2010064,2010-03-12,7,0,6,706,"7 0 6 8 4 4 1 1 56170262 14366 1000 0 320 45274 160"
2010065,2010-03-13,9,4,3,943,"9 4 3 0 5 7 1 1 53699164 20039 1000 0 320 62450 160"
2010066,2010-03-14,2,1,3,213,"2 1 3 2 5 3 2 2 54579648 14957 1000 0 320 48152 160"
2010067,2010-03-15,3,0,5,305,"3 0 5 5 4 5 1 2 56305412 18249 1000 0 320 34896 160"
2010068,2010-03-16,1,2,5,125,"1 2 5 0 6 7 2 1 57327682 14020 1000 0 320 33962 160"
2010069,2010-03-17,1,0,1,101,"1 0 1 7 0 5 2 2 58451578 11128 1000 19522 320 0 160"
2010070,2010-03-18,1,7,4,174,"1 7 4 6 9 5 2 2 53507090 8231 1000 0 320 55066 160"
2010071,2010-03-19,9,4,9,949,"9 4 9 4 4 9 1 2 57336516 17602 1000 22699 320 0 160"
2010072,2010-03-20,8,2,2,822,"8 2 2 2 8 6 1 1 54805578 7914 1000 15388 320 0 160"
2010073,2010-03-21,9,3,2,932,"9 3 2 4 5 0 2 1 52804142 34123 1000 0 320 50940 160"
2010074,2010-03-22,0,1,0,010,"0 1 0 9 9 2 1 2 52003882 29014 1000 17004 320 0 160"
2010075,2010-03-23,4,0,7,407,"4 0 7 1 4 2 1 2 47988928 50151 1000 0 320 74151 160"
2010076,2010-03-24,3,4,9,349,"3 4 9 5 7 9 2 1 54247168 21519 1000 0 320 55376 160"
2010077,2010-03-25,1,7,6,176,"1 7 6 4 2 6 2 2 54644932 18632 1000 0 320 49681 160"
2010078,2010-03-26,1,1,4,114,"1 1 4 0 9 6 2 1 54772688 9677 1000 10006 320 0 160"
2010079,2010-03-27,8,4,3,843,"8 4 3 7 9 1 2 1 51792032 22609 1000 0 320 68137 160"
2010080,2010-03-28,5,6,8,568,"5 6 8 7 7 2 2 2 52841296 39005 1000 0 320 82193 160"
2010081,2010-03-29,9,7,5,975,"9 7 5 0 6 1 1 2 55700616 17920 1000 0 320 73051 160"
2010082,2010-03-30,7,1,9,719,"7 1 9 3 4 0 1 1 56228112 38475 1000 0 320 53515 160"
2010083,2010-03-31,4,7,6,476,"4 7 6 3 3 3 2 2 58670782 14669 1000 0 320 53927 160"
2010084,2010-04-01,5,5,9,559,"5 5 9 9 3 9 2 2 56750468 11574 1000 16101 320 0 160"
2010085,2010-04-02,9,7,2,972,"9 7 2 4 2 7 2 1 56336064 15106 1000 0 320 58725 160"
2010086,2010-04-03,3,8,3,383,"3 8 3 5 4 5 2 1 54598458 20813 1000 21589 320 0 160"
2010087,2010-04-04,6,7,1,671,"6 7 1 2 8 8 1 2 52651554 20768 1000 0 320 49508 160"
2010088,2010-04-05,4,7,0,470,"4 7 0 2 1 0 2 1 54249482 14806 1000 0 320 67251 160"
2010089,2010-04-06,1,4,9,149,"1 4 9 4 4 0 1 2 55934028 38186 1000 0 320 71909 160"
2010090,2010-04-07,9,5,4,954,"9 5 4 4 3 8 2 1 58298522 16786 1000 0 320 47237 160"
2010091,2010-04-08,9,1,3,913,"9 1 3 3 7 5 1 1 55739872 17816 1000 0 320 43875 160"
2010092,2010-04-09,2,2,8,228,"2 2 8 7 4 7 2 2 57979922 38077 1000 42895 320 0 160"
2010093,2010-04-10,1,4,4,144,"1 4 4 5 4 5 1 1 54610248 12400 1000 20172 320 0 160"
2010094,2010-04-11,8,4,8,848,"8 4 8 3 2 5 1 2 53005138 12827 1000 10024 320 0 160"
2010095,2010-04-12,3,3,8,338,"3 3 8 3 3 1 2 2 53711892 8931 1000 12449 320 0 160"
2010096,2010-04-13,7,6,0,760,"7 6 0 1 5 2 1 2 52495594 25178 1000 0 320 89857 160"
2010097,2010-04-14,8,9,3,893,"8 9 3 7 1 7 2 2 55195308 12968 1000 0 320 45073 160"
2010098,2010-04-15,2,4,2,242,"2 4 2 1 7 8 2 1 54210502 6510 1000 7418 320 0 160"
2010099,2010-04-16,2,1,7,217,"2 1 7 9 3 0 1 1 53390196 18668 1000 0 320 56117 160"
2010100,2010-04-17,7,3,2,732,"7 3 2 0 5 3 1 2 53167230 11825 1000 0 320 35232 160"
2010101,2010-04-18,2,5,7,257,"2 5 7 4 5 4 2 2 52245060 18655 1000 0 320 30470 160"
2010102,2010-04-19,8,7,2,872,"8 7 2 5 3 2 1 2 54233012 12439 1000 0 320 28672 160"
2010103,2010-04-20,0,8,1,081,"0 8 1 9 0 4 2 1 54092946 30912 1000 0 320 54415 160"
2010104,2010-04-21,4,6,5,465,"4 6 5 6 2 4 2 2 54865740 32697 1000 0 320 94580 160"
2010105,2010-04-22,1,9,0,190,"1 9 0 3 8 5 2 2 53134500 21259 1000 0 320 39288 160"
2010106,2010-04-23,3,4,2,342,"3 4 2 8 8 3 2 2 55501930 13613 1000 0 320 55375 160"
2010107,2010-04-24,2,3,2,232,"2 3 2 3 0 2 1 2 55146196 14385 1000 25136 320 0 160"
2010108,2010-04-25,8,4,1,841,"8 4 1 2 8 6 2 1 51150624 14506 1000 0 320 62379 160"
2010109,2010-04-26,0,2,7,027,"0 2 7 4 7 4 2 1 54123344 13227 1000 0 320 27633 160"
2010110,2010-04-27,7,6,3,763,"7 6 3 8 6 9 2 1 53811172 52021 1000 0 320 104717 160"
2010111,2010-04-28,1,8,5,185,"1 8 5 9 0 3 2 1 55939102 25668 1000 0 320 79855 160"
2010112,2010-04-29,2,6,3,263,"2 6 3 5 1 7 2 1 56220886 13950 1000 0 320 59774 160"
2010113,2010-04-30,4,1,4,414,"4 1 4 0 0 1 2 2 56438316 29326 1000 31345 320 0 160"
2010114,2010-05-01,4,0,9,409,"4 0 9 3 2 5 1 2 50860596 41784 1000 0 320 67023 160"
2010115,2010-05-02,9,3,8,938,"9 3 8 9 4 3 1 2 51466010 42137 1000 0 320 79153 160"
2010116,2010-05-03,6,4,3,643,"6 4 3 5 9 8 2 2 55559352 19789 1000 0 320 37989 160"
2010117,2010-05-04,7,4,9,749,"7 4 9 5 9 4 2 1 55838554 15632 1000 0 320 60181 160"
2010118,2010-05-05,1,0,5,105,"1 0 5 4 4 9 1 1 56932616 13724 1000 0 320 36881 160"
2010119,2010-05-06,9,4,1,941,"9 4 1 2 9 4 2 2 56436796 12507 1000 0 320 43069 160"
2010120,2010-05-07,8,5,5,855,"8 5 5 0 5 8 1 1 59114740 22815 1000 43874 320 0 160"
2010121,2010-05-08,0,5,6,056,"0 5 6 0 1 3 1 2 53916562 17678 1000 0 320 50718 160"
2010122,2010-05-09,7,6,8,768,"7 6 8 0 7 7 2 2 53081486 17537 1000 0 320 53713 160"
2010123,2010-05-10,2,3,5,235,"2 3 5 6 9 2 2 2 55282174 53801 1000 0 320 73753 160"
2010124,2010-05-11,7,4,3,743,"7 4 3 9 4 6 2 1 56554258 33527 1000 0 320 106053 160"
2010125,2010-05-12,0,1,9,019,"0 1 9 6 6 8 2 1 60840090 18813 1000 0 320 61839 160"
2010126,2010-05-13,8,2,7,827,"8 2 7 7 8 3 2 1 60150546 81678 1000 0 320 104718 160"
2010127,2010-05-14,0,7,7,077,"0 7 7 5 4 2 1 1 66082396 12269 1000 17782 320 0 160"
2010128,2010-05-15,0,8,2,082,"0 8 2 1 3 2 2 2 59581044 12810 1000 0 320 36987 160"
2010129,2010-05-16,9,2,9,929,"9 2 9 9 5 7 2 1 57784032 9725 1000 11157 320 0 160"
2010130,2010-05-17,0,2,0,020,"0 2 0 1 8 0 1 2 58728708 6569 1000 7518 320 0 160"
2010131,2010-05-18,7,6,1,761,"7 6 1 2 4 9 2 1 54778252 23250 1000 0 320 56542 160"
2010132,2010-05-19,5,9,1,591,"5 9 1 8 2 6 2 1 60531160 60374 1000 0 320 109889 160"
2010133,2010-05-20,0,8,6,086,"0 8 6 7 9 4 2 1 57673804 9518 1000 0 320 35388 160"
2010134,2010-05-21,8,7,9,879,"8 7 9 3 1 0 2 2 58158510 28957 1000 0 320 61840 160"
2010135,2010-05-22,6,3,4,634,"6 3 4 2 1 6 2 1 55300526 58493 1000 0 320 106844 160"
2010136,2010-05-23,0,7,6,076,"0 7 6 0 7 4 2 2 56576694 8768 1000 0 320 35361 160"
2010137,2010-05-24,9,5,4,954,"9 5 4 4 1 2 2 1 59007532 28145 1000 0 320 87118 160"
2010138,2010-05-25,8,7,3,873,"8 7 3 5 7 2 2 1 61277490 25632 1000 0 320 80866 160"
2010139,2010-05-26,1,5,6,156,"1 5 6 1 8 2 2 1 65522942 33420 1000 0 320 85787 160"
2010140,2010-05-27,8,1,0,810,"8 1 0 0 1 7 1 2 64928326 10600 1000 0 320 36101 160"
2010141,2010-05-28,1,9,0,190,"1 9 0 0 6 7 1 1 65636082 8298 1000 0 320 43537 160"
2010142,2010-05-29,2,3,2,232,"2 3 2 5 5 7 1 2 62318166 29754 1000 54129 320 0 160"
2010143,2010-05-30,7,7,6,776,"7 7 6 8 7 3 1 1 58193228 13975 1000 20869 320 0 160"
2010144,2010-05-31,3,3,7,337,"3 3 7 1 9 6 1 1 60338138 15564 1000 19676 320 0 160"
2010145,2010-06-01,6,6,7,667,"6 6 7 0 3 6 1 2 57890762 13928 1000 13778 320 0 160"
2010146,2010-06-02,1,3,5,135,"1 3 5 1 6 4 2 2 57734000 13939 1000 0 320 46593 160"
2010147,2010-06-03,1,0,6,106,"1 0 6 1 4 2 2 1 58994194 12137 1000 0 320 31888 160"
2010148,2010-06-04,2,6,8,268,"2 6 8 1 7 0 2 2 59311368 30707 1000 0 320 62398 160"
2010149,2010-06-05,6,3,7,637,"6 3 7 8 1 9 1 2 56723114 14043 1000 0 320 38327 160"
2010150,2010-06-06,6,4,1,641,"6 4 1 0 4 3 1 2 56851658 19756 1000 0 320 56758 160"
2010151,2010-06-07,3,0,4,304,"3 0 4 7 5 8 1 1 57703938 11490 1000 0 320 25879 160"
2010152,2010-06-08,8,8,2,882,"8 8 2 7 0 5 1 1 56233082 10109 1000 17348 320 0 160"
2010153,2010-06-09,0,0,0,000,"0 0 0 2 7 1 2 2 56136230 73787 1000 0 320 0 160"
2010154,2010-06-10,2,0,7,207,"2 0 7 6 7 9 1 2 49346824 16496 1000 0 320 32272 160"
2010155,2010-06-11,2,8,6,286,"2 8 6 5 8 6 1 1 55319952 6205 1000 0 320 27109 160"
2010156,2010-06-12,8,3,6,836,"8 3 6 5 2 9 2 1 54879240 12836 1000 0 320 35721 160"
2010157,2010-06-13,8,5,2,852,"8 5 2 4 1 0 2 2 51796190 9112 1000 0 320 39563 160"
2010158,2010-06-14,3,3,2,332,"3 3 2 1 0 2 2 2 52532124 16327 1000 22067 320 0 160"
2010159,2010-06-15,0,5,6,056,"0 5 6 7 7 2 1 1 50184914 11449 1000 0 320 37487 160"
2010160,2010-06-16,1,6,1,161,"1 6 1 9 6 8 2 2 50847344 9734 1000 10462 320 0 160"
2010161,2010-06-17,3,1,0,310,"3 1 0 0 1 7 2 1 50300056 24591 1000 0 320 36816 160"
2010162,2010-06-18,4,5,0,450,"4 5 0 8 9 6 1 1 52268744 16539 1000 0 320 40847 160"
2010163,2010-06-19,8,2,0,820,"8 2 0 4 8 4 2 1 50876796 6075 1000 0 320 32568 160"
2010164,2010-06-20,0,2,2,022,"0 2 2 2 6 4 2 2 49940326 8264 1000 11418 320 0 160"
2010165,2010-06-21,0,5,7,057,"0 5 7 1 4 1 2 1 49765418 11881 1000 0 320 22385 160"
2010166,2010-06-22,5,0,3,503,"5 0 3 1 9 9 2 2 50475496 12604 1000 0 320 18785 160"
2010167,2010-06-23,5,2,8,528,"5 2 8 5 5 7 1 1 51151966 13512 1000 0 320 43127 160"
2010168,2010-06-24,8,9,8,898,"8 9 8 7 9 4 1 2 50272910 13599 1000 17902 320 0 160"
2010169,2010-06-25,8,6,1,861,"8 6 1 2 2 6 1 2 48066826 9393 1000 0 320 39054 160"
2010170,2010-06-26,0,5,9,059,"0 5 9 1 7 0 2 2 48992274 29088 1000 0 320 45928 160"
2010171,2010-06-27,1,1,9,119,"1 1 9 4 8 4 1 2 47667308 20055 1000 19757 320 0 160"
2010172,2010-06-28,1,4,7,147,"1 4 7 7 7 7 2 2 47612086 39487 1000 0 320 71573 160"
2010173,2010-06-29,0,6,2,062,"0 6 2 0 4 9 2 1 49615806 7322 1000 0 320 33049 160"
2010174,2010-06-30,7,5,6,756,"7 5 6 7 5 2 2 2 49996228 19489 1000 0 320 57274 160"
2010175,2010-07-01,3,4,5,345,"3 4 5 8 9 5 2 1 48634316 20304 1000 0 320 40408 160"
2010176,2010-07-02,0,0,1,001,"0 0 1 3 5 5 1 1 49868198 12656 1000 12096 320 0 160"
2010177,2010-07-03,2,8,9,289,"2 8 9 5 9 9 2 1 45853474 34959 1000 0 320 68909 160"
2010178,2010-07-04,1,7,6,176,"1 7 6 5 8 0 2 1 47864226 17967 1000 0 320 55773 160"
2010179,2010-07-05,7,6,0,760,"7 6 0 0 4 6 2 1 50854374 21790 1000 0 320 43132 160"
2010180,2010-07-06,5,2,6,526,"5 2 6 8 5 8 2 1 49815308 19608 1000 0 320 47362 160"
2010181,2010-07-07,3,7,9,379,"3 7 9 3 9 1 1 1 51122726 21228 1000 0 320 50030 160"
2010182,2010-07-08,2,6,6,266,"2 6 6 9 8 2 2 1 51395586 12360 1000 16293 320 0 160"
2010183,2010-07-09,3,5,0,350,"3 5 0 2 6 0 2 1 50580826 15342 1000 0 320 36251 160"
2010184,2010-07-10,8,3,7,837,"8 3 7 3 3 1 1 2 50744720 32238 1000 0 320 42358 160"
2010185,2010-07-11,4,2,7,427,"4 2 7 8 9 8 1 2 51092678 14468 1000 0 320 44153 160"
2010186,2010-07-12,7,0,1,701,"7 0 1 3 0 4 1 1 51770412 15186 1000 0 320 38029 160"
2010187,2010-07-13,0,1,9,019,"0 1 9 3 8 9 2 1 52007034 20732 1000 0 320 41660 160"
2010188,2010-07-14,2,4,7,247,"2 4 7 6 8 1 2 1 53962240 19302 1000 0 320 22996 160"
2010189,2010-07-15,6,7,4,674,"6 7 4 2 0 7 2 1 54097578 25178 1000 0 320 27307 160"
2010190,2010-07-16,9,3,5,935,"9 3 5 0 9 4 1 2 54119502 28668 1000 0 320 65595 160"
2010191,2010-07-17,4,3,2,432,"4 3 2 0 8 0 2 1 53396014 8065 1000 0 320 27880 160"
2010192,2010-07-18,1,6,8,168,"1 6 8 6 3 6 1 1 52667182 58801 1000 0 320 70713 160"
2010193,2010-07-19,6,2,3,623,"6 2 3 0 6 2 1 1 57620136 20758 1000 0 320 40105 160"
2010194,2010-07-20,2,7,7,277,"2 7 7 9 8 1 1 2 57507976 81320 1000 76491 320 0 160"
2010195,2010-07-21,6,5,0,650,"6 5 0 2 8 1 1 2 55400262 9898 1000 0 320 33280 160"
2010196,2010-07-22,9,4,8,948,"9 4 8 4 2 6 2 2 54918664 23722 1000 0 320 54844 160"
2010197,2010-07-23,7,8,7,787,"7 8 7 8 6 3 1 2 55210296 14169 1000 14722 320 0 160"
2010198,2010-07-24,3,1,2,312,"3 1 2 1 4 6 2 1 51599332 25290 1000 0 320 57065 160"
2010199,2010-07-25,4,8,6,486,"4 8 6 9 7 2 2 2 51614750 14816 1000 0 320 49764 160"
2010200,2010-07-26,4,9,3,493,"4 9 3 3 5 4 2 1 55120712 22459 1000 0 320 49067 160"
2010201,2010-07-27,7,0,0,700,"7 0 0 2 6 6 1 1 53799300 8623 1000 14248 320 0 160"
2010202,2010-07-28,0,4,1,041,"0 4 1 0 1 8 2 2 51919114 14914 1000 0 320 37276 160"
2010203,2010-07-29,4,8,5,485,"4 8 5 6 3 3 1 2 51150358 12662 1000 0 320 42147 160"
2010204,2010-07-30,5,3,5,535,"5 3 5 6 4 8 1 2 52640442 19938 1000 20473 320 0 160"
2010205,2010-07-31,1,3,2,132,"1 3 2 3 4 4 2 2 50091422 11784 1000 0 320 31857 160"
2010206,2010-08-01,8,3,8,838,"8 3 8 2 3 2 1 1 50431244 8087 1000 11780 320 0 160"
2010207,2010-08-02,4,6,8,468,"4 6 8 4 3 2 2 1 50760912 14912 1000 0 320 34237 160"
2010208,2010-08-03,2,4,8,248,"2 4 8 8 5 5 1 2 52327648 11415 1000 0 320 20429 160"
2010209,2010-08-04,8,0,1,801,"8 0 1 3 5 4 2 1 51883894 14063 1000 0 320 27874 160"
2010210,2010-08-05,8,2,8,828,"8 2 8 8 2 2 2 2 51036354 9008 1000 10667 320 0 160"
2010211,2010-08-06,2,4,9,249,"2 4 9 9 8 2 2 1 51947536 19926 1000 0 320 50222 160"
2010212,2010-08-07,0,9,7,097,"0 9 7 3 9 8 2 1 51521212 19105 1000 0 320 51367 160"
2010213,2010-08-08,7,2,0,720,"7 2 0 4 2 8 2 2 50830412 12544 1000 0 320 26482 160"
2010214,2010-08-09,6,6,6,666,"6 6 6 2 0 5 1 2 52601804 39852 1000 0 320 0 160"
2010215,2010-08-10,8,7,8,878,"8 7 8 2 4 9 2 1 47433786 13564 1000 8887 320 0 160"
2010216,2010-08-11,6,8,8,688,"6 8 8 1 0 9 1 1 48775384 7028 1000 6481 320 0 160"
2010217,2010-08-12,6,4,2,642,"6 4 2 5 6 1 2 2 48498476 15265 1000 0 320 37783 160"
2010218,2010-08-13,7,1,5,715,"7 1 5 3 9 2 1 2 49975858 55107 1000 0 320 88395 160"
2010219,2010-08-14,7,4,8,748,"7 4 8 6 8 1 1 2 49289786 10506 1000 0 320 36909 160"
2010220,2010-08-15,6,7,2,672,"6 7 2 3 1 6 2 2 49698356 23010 1000 0 320 50426 160"
2010221,2010-08-16,4,7,8,478,"4 7 8 0 4 7 2 2 51504964 8527 1000 0 320 15235 160"
2010222,2010-08-17,1,3,0,130,"1 3 0 4 2 3 1 2 51097724 19685 1000 0 320 45653 160"
2010223,2010-08-18,7,4,4,744,"7 4 4 6 0 0 1 2 51054122 8834 1000 15696 320 0 160"
2010224,2010-08-19,2,5,2,252,"2 5 2 2 8 0 2 2 48702116 16583 1000 13449 320 0 160"
2010225,2010-08-20,0,6,8,068,"0 6 8 1 6 2 1 1 50331918 24897 1000 0 320 52785 160"
2010226,2010-08-21,4,3,4,434,"4 3 4 7 2 5 2 2 50059588 9429 1000 10890 320 0 160"
2010227,2010-08-22,2,5,9,259,"2 5 9 0 3 7 2 1 48376834 28579 1000 0 320 74298 160"
2010228,2010-08-23,5,1,9,519,"5 1 9 1 9 1 1 1 51382474 19864 1000 0 320 41508 160"
2010229,2010-08-24,7,6,4,764,"7 6 4 6 3 3 1 2 51276676 23164 1000 0 320 94730 160"
2010230,2010-08-25,2,4,8,248,"2 4 8 5 4 4 1 1 53759138 27017 1000 0 320 46635 160"
2010231,2010-08-26,6,1,3,613,"6 1 3 0 8 5 2 1 54383638 61036 1000 0 320 89014 160"
2010232,2010-08-27,3,7,9,379,"3 7 9 8 2 3 2 2 56402984 33561 1000 0 320 62044 160"
2010233,2010-08-28,5,7,5,575,"5 7 5 7 3 8 1 2 57897850 15419 1000 31013 320 0 160"
2010234,2010-08-29,3,5,4,354,"3 5 4 1 8 7 2 1 53486252 18552 1000 0 320 57308 160"
2010235,2010-08-30,0,0,7,007,"0 0 7 3 7 3 2 2 55057710 13101 1000 9135 320 0 160"
2010236,2010-08-31,6,7,1,671,"6 7 1 1 4 7 2 2 52378040 11246 1000 0 320 35864 160"
2010237,2010-09-01,1,7,5,175,"1 7 5 8 9 3 1 2 54426574 9473 1000 0 320 22456 160"
2010238,2010-09-02,1,7,1,171,"1 7 1 8 6 6 2 2 54320356 6678 1000 9605 320 0 160"
2010239,2010-09-03,9,0,1,901,"9 0 1 0 6 9 2 1 51819988 31495 1000 0 320 54089 160"
2010240,2010-09-04,4,0,2,402,"4 0 2 8 7 4 1 1 50840144 9126 1000 0 320 34867 160"
2010241,2010-09-05,6,1,2,612,"6 1 2 1 1 3 2 1 49694280 14318 1000 0 320 37417 160"
2010242,2010-09-06,8,0,3,803,"8 0 3 8 8 4 1 2 52883308 30473 1000 0 320 77620 160"
2010243,2010-09-07,2,8,0,280,"2 8 0 5 2 5 2 1 52908460 12209 1000 0 320 21909 160"
2010244,2010-09-08,4,5,7,457,"4 5 7 2 5 2 1 1 54833198 27392 1000 0 320 86064 160"
2010245,2010-09-09,0,4,3,043,"0 4 3 3 2 2 1 1 56821606 11851 1000 0 320 26362 160"
2010246,2010-09-10,5,3,5,535,"5 3 5 9 9 4 2 1 57781030 30511 1000 27281 320 0 160"
2010247,2010-09-11,0,7,5,075,"0 7 5 6 3 1 2 1 53064716 9851 1000 0 320 33992 160"
2010248,2010-09-12,4,6,3,463,"4 6 3 6 1 4 2 2 52984880 26196 1000 0 320 57380 160"
2010249,2010-09-13,6,9,2,692,"6 9 2 1 5 3 1 1 55453338 29265 1000 0 320 71706 160"
2010250,2010-09-14,2,6,7,267,"2 6 7 5 9 4 2 1 54430814 21674 1000 0 320 40094 160"
2010251,2010-09-15,3,4,0,340,"3 4 0 1 6 9 2 2 55942232 9128 1000 0 320 24584 160"
2010252,2010-09-16,6,6,5,665,"6 6 5 4 5 7 1 1 54794142 11980 1000 20946 320 0 160"
2010253,2010-09-17,9,4,5,945,"9 4 5 5 3 3 2 1 52531620 17196 1000 0 320 66577 160"
2010254,2010-09-18,9,4,5,945,"9 4 5 5 8 2 1 1 52630170 2531 1000 0 320 8368 160"
2010255,2010-09-19,9,1,4,914,"9 1 4 4 9 4 1 2 49117340 16627 1000 0 320 46319 160"
2010256,2010-09-20,7,7,5,775,"7 7 5 9 0 5 2 2 51242508 16143 1000 28186 320 0 160"
2010257,2010-09-21,0,2,1,021,"0 2 1 7 5 5 2 2 49797142 19460 1000 0 320 30502 160"
2010258,2010-09-22,5,5,7,557,"5 5 7 4 8 0 2 1 44701278 9915 1000 5743 320 0 160"
2010259,2010-09-23,1,6,2,162,"1 6 2 5 4 7 1 1 48317402 11637 1000 0 320 23716 160"
2010260,2010-09-24,8,2,3,823,"8 2 3 5 8 5 1 1 53393586 50215 1000 0 320 102062 160"
2010261,2010-09-25,7,9,4,794,"7 9 4 9 7 1 2 1 55281836 40215 1000 0 320 100516 160"
2010262,2010-09-26,2,4,0,240,"2 4 0 6 0 6 2 2 53318592 26774 1000 0 320 34963 160"
2010263,2010-09-27,4,1,3,413,"4 1 3 1 9 4 1 2 55072752 27542 1000 0 320 41445 160"
2010264,2010-09-28,1,7,8,178,"1 7 8 3 3 0 2 2 55014504 28659 1000 0 320 45687 160"
2010265,2010-09-29,1,9,9,199,"1 9 9 7 6 0 2 2 56881880 10870 1000 20528 320 0 160"
2010266,2010-09-30,7,4,3,743,"7 4 3 1 1 7 2 1 52037896 35090 1000 0 320 69652 160"
2010267,2010-10-01,0,3,6,036,"0 3 6 1 0 8 1 2 51647856 38871 1000 0 320 59287 160"
2010268,2010-10-02,4,1,9,419,"4 1 9 3 2 4 2 2 50714292 24994 1000 0 320 33101 160"
2010269,2010-10-03,2,7,0,270,"2 7 0 8 6 5 1 2 50623098 13013 1000 0 320 26704 160"
2010270,2010-10-04,8,9,7,897,"8 9 7 5 6 0 1 2 53015638 21019 1000 0 320 36585 160"
2010271,2010-10-05,6,6,0,660,"6 6 0 2 2 7 2 2 51714458 15770 1000 23754 320 0 160"
2010272,2010-10-06,3,2,0,320,"3 2 0 5 8 4 1 2 52088752 15689 1000 0 320 28369 160"
2010273,2010-10-07,8,1,5,815,"8 1 5 3 6 9 2 1 52770470 25750 1000 0 320 96347 160"
2010274,2010-10-08,7,9,4,794,"7 9 4 4 0 6 2 1 57086752 23364 1000 0 320 101027 160"
2010275,2010-10-09,6,8,6,686,"6 8 6 0 6 6 1 1 58983206 14279 1000 13734 320 0 160"
2010276,2010-10-10,6,6,5,665,"6 6 5 6 2 9 2 2 53074886 3770 1000 4409 320 0 160"
2010277,2010-10-11,0,1,6,016,"0 1 6 3 2 0 2 1 53431036 22087 1000 0 320 35605 160"
2010278,2010-10-12,1,2,7,127,"1 2 7 8 8 0 2 1 53569590 34757 1000 0 320 64226 160"
2010279,2010-10-13,4,0,7,407,"4 0 7 6 8 3 1 2 56219248 25384 1000 0 320 61423 160"
2010280,2010-10-14,1,9,9,199,"1 9 9 5 5 9 1 1 54518242 10212 1000 20906 320 0 160"
2010281,2010-10-15,5,5,1,551,"5 5 1 6 0 0 1 1 55747076 17579 1000 12096 320 0 160"
2010282,2010-10-16,1,4,4,144,"1 4 4 9 6 0 1 2 52255776 14556 1000 15443 320 0 160"
2010283,2010-10-17,3,0,3,303,"3 0 3 3 4 2 2 1 53817108 17341 1000 20761 320 0 160"
2010284,2010-10-18,1,4,0,140,"1 4 0 1 7 2 1 2 54089408 6861 1000 0 320 18708 160"
2010285,2010-10-19,0,1,6,016,"0 1 6 0 7 9 1 2 52899646 12463 1000 0 320 21447 160"
2010286,2010-10-20,5,0,1,501,"5 0 1 2 8 8 2 2 55514148 17648 1000 0 320 23321 160"
2010287,2010-10-21,0,7,1,071,"0 7 1 0 5 2 1 1 54027558 21725 1000 0 320 84501 160"
2010288,2010-10-22,9,1,6,916,"9 1 6 0 4 0 2 2 58879322 25814 1000 0 320 50476 160"
2010289,2010-10-23,7,7,1,771,"7 7 1 2 3 1 2 1 54847234 25986 1000 26480 320 0 160"
2010290,2010-10-24,7,7,0,770,"7 7 0 6 4 0 1 2 52434634 9099 1000 16785 320 0 160"
2010291,2010-10-25,1,2,9,129,"1 2 9 5 2 4 2 2 52032680 20859 1000 0 320 38383 160"
2010292,2010-10-26,2,9,1,291,"2 9 1 6 6 8 2 2 52326808 5516 1000 0 320 10419 160"
2010293,2010-10-27,0,7,4,074,"0 7 4 3 9 2 1 2 52396888 20296 1000 0 320 50300 160"
2010294,2010-10-28,0,9,0,090,"0 9 0 6 4 7 2 1 55032050 10659 1000 15603 320 0 160"
2010295,2010-10-29,7,9,8,798,"7 9 8 8 1 3 2 2 53487398 14943 1000 0 320 57697 160"
2010296,2010-10-30,7,1,3,713,"7 1 3 9 9 5 1 1 51311604 15612 1000 0 320 44893 160"
2010297,2010-10-31,3,7,4,374,"3 7 4 1 4 4 1 1 53279296 12977 1000 0 320 36948 160"
2010298,2010-11-01,9,7,5,975,"9 7 5 0 5 8 1 2 56093616 12527 1000 0 320 31306 160"
2010299,2010-11-02,2,1,6,216,"2 1 6 5 6 8 1 1 54964032 21329 1000 0 320 53492 160"
2010300,2010-11-03,0,8,4,084,"0 8 4 6 4 9 2 2 58268584 16199 1000 0 320 65422 160"
2010301,2010-11-04,9,6,5,965,"9 6 5 4 6 4 1 1 58540366 20106 1000 0 320 51797 160"
2010302,2010-11-05,6,2,1,621,"6 2 1 9 7 6 2 2 60473512 13089 1000 0 320 27254 160"
2010303,2010-11-06,4,4,9,449,"4 4 9 7 0 0 1 1 59836820 29535 1000 38461 320 0 160"
2010304,2010-11-07,3,4,0,340,"3 4 0 0 0 6 2 1 54942720 11561 1000 0 320 41871 160"
2010305,2010-11-08,5,1,3,513,"5 1 3 1 9 0 1 2 57059918 20506 1000 0 320 41744 160"
2010306,2010-11-09,6,4,2,642,"6 4 2 7 0 5 1 2 58000514 13641 1000 0 320 59490 160"
2010307,2010-11-10,4,4,2,442,"4 4 2 4 8 0 1 2 59861824 12741 1000 19658 320 0 160"
2010308,2010-11-11,4,9,8,498,"4 9 8 8 2 6 2 2 56448332 9642 1000 0 320 20515 160"
2010309,2010-11-12,3,7,7,377,"3 7 7 8 1 9 2 2 55872262 13300 1000 17193 320 0 160"
2010310,2010-11-13,0,1,7,017,"0 1 7 6 4 0 1 1 54426724 17110 1000 0 320 49075 160"
2010311,2010-11-14,3,7,1,371,"3 7 1 5 4 1 1 2 53694846 10884 1000 0 320 29018 160"
2010312,2010-11-15,9,7,0,970,"9 7 0 4 0 0 1 2 55973378 17484 1000 0 320 44148 160"
2010313,2010-11-16,5,8,6,586,"5 8 6 9 3 5 2 1 55303648 31629 1000 0 320 96629 160"
2010314,2010-11-17,5,7,3,573,"5 7 3 0 9 2 2 2 56885956 10853 1000 0 320 48957 160"
2010315,2010-11-18,8,5,5,855,"8 5 5 8 8 8 1 2 57262600 38767 1000 38223 320 0 160"
2010316,2010-11-19,1,1,1,111,"1 1 1 8 5 2 1 2 56727000 42377 1000 0 320 0 160"
2010317,2010-11-20,6,7,0,670,"6 7 0 9 1 0 1 2 50842418 28834 1000 0 320 67589 160"
2010318,2010-11-21,0,5,0,050,"0 5 0 9 9 3 2 1 52327304 5174 1000 7093 320 0 160"
2010319,2010-11-22,6,0,5,605,"6 0 5 4 7 7 1 2 52130062 16304 1000 0 320 32598 160"
2010320,2010-11-23,3,4,5,345,"3 4 5 9 8 7 1 2 53016254 24996 1000 0 320 57007 160"
2010321,2010-11-24,6,0,8,608,"6 0 8 7 4 9 2 1 55029190 16853 1000 0 320 44224 160"
2010322,2010-11-25,5,7,8,578,"5 7 8 2 6 0 1 1 54844940 20799 1000 0 320 40829 160"
2010323,2010-11-26,2,8,0,280,"2 8 0 1 0 5 1 2 56815380 12296 1000 0 320 30733 160"
2010324,2010-11-27,2,9,8,298,"2 9 8 3 2 9 1 1 55103670 12759 1000 0 320 27542 160"
2010325,2010-11-28,8,0,9,809,"8 0 9 9 4 8 1 2 55202934 18895 1000 0 320 35765 160"
2010326,2010-11-29,0,0,6,006,"0 0 6 9 5 7 2 1 59157126 10776 1000 24221 320 0 160"
2010327,2010-11-30,5,0,6,506,"5 0 6 9 3 2 1 1 53210190 13425 1000 0 320 48287 160"
2010328,2010-12-01,0,9,4,094,"0 9 4 6 0 5 1 1 55644636 26978 1000 0 320 63157 160"
2010329,2010-12-02,5,9,4,594,"5 9 4 1 0 0 2 1 55635142 16970 1000 0 320 58370 160"
2010330,2010-12-03,3,7,8,378,"3 7 8 0 1 9 1 2 57283424 24391 1000 0 320 63971 160"
2010331,2010-12-04,7,2,6,726,"7 2 6 9 4 2 2 1 58977170 28092 1000 0 320 83217 160"
2010332,2010-12-05,7,4,3,743,"7 4 3 8 4 0 1 2 58264536 36085 1000 0 320 79072 160"
2010333,2010-12-06,8,0,5,805,"8 0 5 6 8 2 1 1 63110004 35564 1000 0 320 62368 160"
2010334,2010-12-07,4,4,7,447,"4 4 7 2 6 0 1 1 64559314 20344 1000 36749 320 0 160"
2010335,2010-12-08,2,9,6,296,"2 9 6 6 3 4 1 2 59511672 24589 1000 0 320 81845 160"
2010336,2010-12-09,5,6,8,568,"5 6 8 8 6 4 2 2 60551488 32847 1000 0 320 73758 160"
2010337,2010-12-10,9,2,1,921,"9 2 1 8 1 7 2 2 63295302 24399 1000 0 320 58533 160"
2010338,2010-12-11,6,9,3,693,"6 9 3 2 5 7 2 1 59733516 14308 1000 0 320 47245 160"
2010339,2010-12-12,0,4,0,040,"0 4 0 2 0 2 2 1 57891274 13255 1000 23226 320 0 160"
2010340,2010-12-13,3,0,2,302,"3 0 2 0 9 8 2 1 57559884 45991 1000 0 320 43749 160"
2010341,2010-12-14,9,1,7,917,"9 1 7 5 4 6 1 1 58225934 22467 1000 0 320 67024 160"
2010342,2010-12-15,7,9,4,794,"7 9 4 0 2 5 1 1 58210920 14267 1000 0 320 39388 160"
2010343,2010-12-16,1,4,6,146,"1 4 6 0 3 4 1 1 58540514 25571 1000 0 320 56816 160"
2010344,2010-12-17,7,0,3,703,"7 0 3 9 3 8 2 2 62375154 40998 1000 0 320 54283 160"
2010345,2010-12-18,0,2,0,020,"0 2 0 0 7 3 1 1 63380386 11365 1000 16164 320 0 160"
2010346,2010-12-19,0,3,3,033,"0 3 3 0 8 1 1 1 58215812 16466 1000 16466 320 0 160"
2010347,2010-12-20,4,6,9,469,"4 6 9 6 0 0 1 1 57460662 33467 1000 0 320 60136 160"
2010348,2010-12-21,0,9,7,097,"0 9 7 1 3 1 1 1 58859214 23780 1000 0 320 45910 160"
2010349,2010-12-22,6,3,8,638,"6 3 8 2 1 7 1 1 60474222 24225 1000 0 320 63955 160"
2010350,2010-12-23,1,9,4,194,"1 9 4 1 1 5 1 1 59446552 19147 1000 0 320 69053 160"
2010351,2010-12-24,2,4,5,245,"2 4 5 2 8 2 1 1 62037846 43422 1000 0 320 82714 160"
2010352,2010-12-25,2,9,5,295,"2 9 5 6 9 3 1 1 59730420 7617 1000 0 320 30911 160"
2010353,2010-12-26,0,8,5,085,"0 8 5 0 4 7 1 1 59835456 17488 1000 0 320 82530 160"
2010354,2010-12-27,5,3,7,537,"5 3 7 3 7 1 1 1 65586694 40121 1000 0 320 90369 160"
2010355,2010-12-28,8,0,4,804,"8 0 4 6 4 0 1 1 67710604 28000 1000 0 320 60092 160"
2010356,2010-12-29,8,6,9,869,"8 6 9 6 3 1 1 1 70029054 14981 1000 0 320 32464 160"
2010357,2010-12-30,5,1,0,510,"5 1 0 2 8 0 1 1 65059024 9258 1000 0 320 25446 160"
2010358,2010-12-31,2,2,8,228,"2 2 8 6 2 7 1 1 66515384 27346 1000 40697 320 0 160"
2011001,2011-01-01,1,4,2,142,"1 4 2 5 7 3 1 1 52857592 13383 1000 0 320 32507 160"
2011002,2011-01-02,7,2,6,726,"7 2 6 6 2 4 1 1 53441996 15374 1000 0 320 43602 160"
2011003,2011-01-03,9,3,7,937,"9 3 7 0 1 8 1 1 57136636 28853 1000 0 320 87287 160"
2011004,2011-01-04,6,4,0,640,"6 4 0 6 0 0 1 1 60657946 26557 1000 0 320 102414 160"
2011005,2011-01-05,5,7,1,571,"5 7 1 7 5 8 1 1 63256740 25980 1000 0 320 67576 160"
2011006,2011-01-06,2,4,2,242,"2 4 2 3 3 8 1 1 62446232 21318 1000 31228 320 0 160"
2011007,2011-01-07,2,8,5,285,"2 8 5 7 6 5 1 1 62082790 20669 1000 0 320 72241 160"
2011008,2011-01-08,9,8,2,982,"9 8 2 1 5 6 1 1 62737422 8531 1000 0 320 33205 160"
2011009,2011-01-09,1,7,6,176,"1 7 6 2 6 3 1 1 60907642 36161 1000 0 320 120149 160"
2011010,2011-01-10,5,7,3,573,"5 7 3 0 7 0 1 1 64802446 11250 1000 0 320 69759 160"
2011011,2011-01-11,6,3,5,635,"6 3 5 3 7 4 1 1 63330668 20119 1000 0 320 41048 160"
2011012,2011-01-12,5,8,7,587,"5 8 7 7 2 2 1 1 64446680 14802 1000 0 320 49320 160"
2011013,2011-01-13,8,7,9,879,"8 7 9 2 7 9 1 1 64316362 21362 1000 0 320 64051 160"
2011014,2011-01-14,2,7,7,277,"2 7 7 8 2 1 1 1 63750168 14976 1000 26782 320 0 160"
2011015,2011-01-15,8,0,9,809,"8 0 9 9 1 9 1 1 58429444 13419 1000 0 320 56039 160"
2011016,2011-01-16,7,7,7,777,"7 7 7 3 7 6 1 1 58855224 46254 1000 0 320 0 160"
2011017,2011-01-17,8,1,3,813,"8 1 3 5 6 0 1 1 55317036 22920 1000 0 320 61684 160"
2011018,2011-01-18,1,4,1,141,"1 4 1 2 8 8 1 1 58716932 9249 1000 10736 320 0 160"
2011019,2011-01-19,3,5,8,358,"3 5 8 8 0 1 1 1 58834966 63396 1000 0 320 61525 160"
2011020,2011-01-20,1,6,4,164,"1 6 4 1 9 6 1 1 59592076 27031 1000 0 320 67604 160"
2011021,2011-01-21,2,1,5,215,"2 1 5 3 1 8 1 1 61962672 30230 1000 0 320 50029 160"
2011022,2011-01-22,7,8,2,782,"7 8 2 0 5 9 1 1 61420258 36186 1000 0 320 55153 160"
2011023,2011-01-23,7,7,7,777,"7 7 7 0 1 5 1 1 60120470 21370 1000 0 320 0 160"
2011024,2011-01-24,3,8,8,388,"3 8 8 5 3 9 1 1 57790468 16250 1000 19819 320 0 160"
2011025,2011-01-25,5,4,6,546,"5 4 6 0 5 7 1 1 57520054 28210 1000 0 320 80331 160"
2011026,2011-01-26,5,9,1,591,"5 9 1 4 4 8 1 1 60261578 13406 1000 0 320 54752 160"
2011027,2011-01-27,6,7,7,677,"6 7 7 9 5 4 1 1 59375044 14881 1000 14781 320 0 160"
2011028,2011-01-28,3,4,7,347,"3 4 7 2 0 6 1 1 56909532 27217 1000 0 320 74776 160"
2011029,2011-01-29,6,7,9,679,"6 7 9 1 0 6 1 1 57109944 16845 1000 0 320 30008 160"
2011030,2011-01-30,0,1,3,013,"0 1 3 4 9 2 1 1 55620934 13494 1000 0 320 30960 160"
2011031,2011-01-31,9,3,7,937,"9 3 7 5 2 7 1 1 53613878 10746 1000 0 320 24423 160"
2011032,2011-02-01,2,6,5,265,"2 6 5 5 6 1 1 1 49172916 30790 1000 0 320 66575 160"
2011033,2011-02-09,1,0,6,106,"1 0 6 4 0 3 1 1 39703180 14470 1000 0 320 18541 160"
2011034,2011-02-10,2,0,0,200,"2 0 0 7 8 5 1 1 43597032 4190 1000 8397 320 0 160"
2011035,2011-02-11,2,1,9,219,"2 1 9 3 7 2 1 1 43616658 15659 1000 0 320 32622 160"
2011036,2011-02-12,3,5,0,350,"3 5 0 6 7 6 1 1 46019638 10622 1000 0 320 30917 160"
2011037,2011-02-13,0,6,3,063,"0 6 3 9 2 1 1 1 46283676 19375 1000 0 320 31294 160"
2011038,2011-02-14,4,0,4,404,"4 0 4 3 8 4 1 1 49185502 12040 1000 7756 320 0 160"
2011039,2011-02-15,7,8,4,784,"7 8 4 7 4 2 1 1 47843450 14530 1000 0 320 61175 160"
2011040,2011-02-16,9,5,8,958,"9 5 8 7 6 7 1 1 51013540 26676 1000 0 320 67268 160"
2011041,2011-02-17,2,8,6,286,"2 8 6 5 5 1 1 1 50489234 18358 1000 0 320 54968 160"
2011042,2011-02-18,2,0,8,208,"2 0 8 1 0 1 1 1 53736518 14011 1000 0 320 24777 160"
2011043,2011-02-19,1,3,3,133,"1 3 3 3 5 2 1 1 53050088 16543 1000 28198 320 0 160"
2011044,2011-02-20,4,5,6,456,"4 5 6 1 5 1 1 1 51852998 43056 1000 0 320 84049 160"
2011045,2011-02-21,2,2,4,224,"2 2 4 0 1 3 1 1 54393296 9201 1000 8181 320 0 160"
2011046,2011-02-22,8,1,6,816,"8 1 6 8 1 6 1 1 53301052 18360 1000 0 320 37886 160"
2011047,2011-02-23,9,5,4,954,"9 5 4 7 5 5 1 1 56096468 20450 1000 0 320 73442 160"
2011048,2011-02-24,4,5,8,458,"4 5 8 0 6 4 1 1 54680424 14874 1000 0 320 29640 160"
2011049,2011-02-25,7,3,0,730,"7 3 0 9 5 8 1 1 56959812 26892 1000 0 320 89224 160"
2011050,2011-02-26,3,1,6,316,"3 1 6 5 3 7 1 1 55021882 19560 1000 0 320 51621 160"
2011051,2011-02-27,2,8,1,281,"2 8 1 5 6 1 1 1 56412882 28751 1000 0 320 57011 160"
2011052,2011-02-28,0,5,7,057,"0 5 7 7 9 8 1 1 57496534 24396 1000 0 320 55047 160"
2011053,2011-03-01,2,7,8,278,"2 7 8 2 6 7 1 1 58873738 20860 1000 0 320 46080 160"
2011054,2011-03-02,5,1,8,518,"5 1 8 8 4 3 1 1 61629254 37031 1000 0 320 55051 160"
2011055,2011-03-03,7,4,2,742,"7 4 2 2 1 6 1 1 63101764 44340 1000 0 320 73461 160"
2011056,2011-03-04,9,4,0,940,"9 4 0 9 6 7 1 1 66212768 11485 1000 0 320 39826 160"
2011057,2011-03-05,0,3,0,030,"0 3 0 6 7 7 1 1 65177650 18015 1000 37279 320 0 160"
2011058,2011-03-06,0,6,2,062,"0 6 2 4 7 5 1 1 53913542 11047 1000 0 320 42421 160"
2011059,2011-03-07,9,6,0,960,"9 6 0 3 1 8 1 1 59091576 13728 1000 0 320 43487 160"
2011060,2011-03-08,5,2,8,528,"5 2 8 8 7 7 1 1 58437534 20822 1000 0 320 73531 160"
2011061,2011-03-09,8,4,3,843,"8 4 3 9 3 3 1 1 62309292 20380 1000 0 320 66160 160"
2011062,2011-03-10,1,6,0,160,"1 6 0 9 3 1 1 1 62239648 11504 1000 0 320 36844 160"
2011063,2011-03-11,8,0,6,806,"8 0 6 6 5 6 1 1 64103938 16143 1000 0 320 32686 160"
2011064,2011-03-12,7,2,5,725,"7 2 5 1 4 0 1 1 61475878 24530 1000 0 320 89171 160"
2011065,2011-03-13,4,2,0,420,"4 2 0 9 7 4 1 1 63653732 7726 1000 0 320 25489 160"
2011066,2011-03-14,8,0,9,809,"8 0 9 3 7 2 1 1 63937152 13588 1000 0 320 31904 160"
2011067,2011-03-15,5,4,4,544,"5 4 4 1 9 8 1 1 64320932 26753 1000 39080 320 0 160"
2011068,2011-03-16,1,0,8,108,"1 0 8 9 3 7 1 1 60915486 25651 1000 0 320 45060 160"
2011069,2011-03-17,7,5,3,753,"7 5 3 7 0 0 1 1 60781322 30325 1000 0 320 109579 160"
2011070,2011-03-18,3,3,4,334,"3 3 4 5 5 6 1 1 64290780 21426 1000 21628 320 0 160"
2011071,2011-03-19,7,8,2,782,"7 8 2 3 6 5 1 1 60537812 12481 1000 0 320 68247 160"
2011072,2011-03-20,4,2,8,428,"4 2 8 1 8 4 1 1 60794418 26924 1000 0 320 45929 160"
2011073,2011-03-21,1,7,2,172,"1 7 2 7 2 2 1 1 64407120 15710 1000 0 320 61096 160"
2011074,2011-03-22,0,8,7,087,"0 8 7 0 6 6 1 1 63916734 17100 1000 0 320 54926 160"
2011075,2011-03-23,2,8,7,287,"2 8 7 7 8 6 1 1 64590160 7501 1000 0 320 29338 160"
2011076,2011-03-24,7,4,6,746,"7 4 6 6 3 7 1 1 63664842 31887 1000 0 320 50824 160"
2011077,2011-03-25,2,0,6,206,"2 0 6 5 7 3 1 1 66684596 12265 1000 0 320 29633 160"
2011078,2011-03-26,2,4,6,246,"2 4 6 9 5 1 1 1 62853264 14097 1000 0 320 34235 160"
2011079,2011-03-27,7,8,5,785,"7 8 5 7 2 0 1 1 61847690 27140 1000 0 320 74661 160"
2011080,2011-03-28,6,4,8,648,"6 4 8 7 5 5 1 1 67318512 17267 1000 0 320 63643 160"
2011081,2011-03-29,1,0,0,100,"1 0 0 6 0 4 1 1 68589804 27979 1000 38000 320 0 160"
2011082,2011-03-30,4,9,1,491,"4 9 1 3 1 8 1 1 60530488 43273 1000 0 320 70026 160"
2011083,2011-03-31,8,6,8,868,"8 6 8 5 5 4 1 1 61902040 11302 1000 10081 320 0 160"
2011084,2011-04-01,7,2,1,721,"7 2 1 2 6 3 1 1 62256704 17282 1000 0 320 49506 160"
2011085,2011-04-02,3,3,7,337,"3 3 7 6 5 4 1 1 61285868 25399 1000 25741 320 0 160"
2011086,2011-04-03,3,6,8,368,"3 6 8 6 2 2 1 1 57503630 32336 1000 0 320 79572 160"
2011087,2011-04-04,1,9,4,194,"1 9 4 6 4 2 1 1 59875882 30282 1000 0 320 75258 160"
2011088,2011-04-05,3,4,2,342,"3 4 2 7 9 1 1 1 62535298 15280 1000 0 320 58195 160"
2011089,2011-04-06,2,1,9,219,"2 1 9 2 9 1 1 1 64121656 24547 1000 0 320 39213 160"
2011090,2011-04-07,7,9,6,796,"7 9 6 8 6 6 1 1 63610348 13306 1000 0 320 40261 160"
2011091,2011-04-08,3,1,5,315,"3 1 5 0 0 7 1 1 63969040 25729 1000 0 320 63190 160"
2011092,2011-04-09,4,3,1,431,"4 3 1 9 2 4 1 1 63586678 15055 1000 0 320 44822 160"
2011093,2011-04-10,3,6,9,369,"3 6 9 8 1 2 1 1 63442822 37676 1000 0 320 41389 160"
2011094,2011-04-11,8,4,9,849,"8 4 9 1 3 7 1 1 66388628 12107 1000 0 320 49856 160"
2011095,2011-04-12,7,8,4,784,"7 8 4 5 6 5 1 1 67468352 26285 1000 0 320 61429 160"
2011096,2011-04-13,0,0,6,006,"0 0 6 3 4 5 1 1 71117378 15634 1000 37689 320 0 160"
2011097,2011-04-14,4,2,9,429,"4 2 9 3 8 5 1 1 61626284 24994 1000 0 320 69535 160"
2011098,2011-04-15,0,2,2,022,"0 2 2 7 1 6 1 1 65155772 7956 1000 11079 320 0 160"
2011099,2011-04-16,6,5,2,652,"6 5 2 4 8 8 1 1 59853954 15174 1000 0 320 44081 160"
2011100,2011-04-17,7,1,4,714,"7 1 4 1 3 9 1 1 59519208 33085 1000 0 320 139872 160"
2011101,2011-04-18,8,8,6,886,"8 8 6 1 3 8 1 1 64781016 15063 1000 10930 320 0 160"
2011102,2011-04-19,3,2,9,329,"3 2 9 7 9 2 1 1 61924936 42768 1000 0 320 76159 160"
2011103,2011-04-20,6,6,6,666,"6 6 6 2 9 5 1 1 65352176 39886 1000 0 320 0 160"
2011104,2011-04-21,3,2,9,329,"3 2 9 1 4 6 1 1 59498186 8285 1000 0 320 27770 160"
2011105,2011-04-22,9,2,7,927,"9 2 7 3 2 4 1 1 63233666 12372 1000 0 320 33901 160"
2011106,2011-04-23,1,5,8,158,"1 5 8 0 5 6 1 1 59624086 43979 1000 0 320 99074 160"
2011107,2011-04-24,9,0,7,907,"9 0 7 7 3 2 1 1 64694628 37142 1000 0 320 73368 160"
2011108,2011-04-25,7,8,8,788,"7 8 8 6 2 9 1 1 64221364 15742 1000 19958 320 0 160"
2011109,2011-04-26,9,2,0,920,"9 2 0 2 4 3 1 1 61779254 20639 1000 0 320 60061 160"
2011110,2011-04-27,2,4,7,247,"2 4 7 7 4 9 1 1 62267890 32214 1000 0 320 98753 160"
2011111,2011-04-28,5,2,3,523,"5 2 3 0 1 3 1 1 63304622 34310 1000 0 320 71008 160"
2011112,2011-04-29,5,7,4,574,"5 7 4 0 7 6 1 1 65018862 28491 1000 0 320 83617 160"
2011113,2011-04-30,2,9,4,294,"2 9 4 0 7 9 1 1 61491762 16057 1000 0 320 48701 160"
2011114,2011-05-01,6,2,8,628,"6 2 8 3 9 4 1 1 58962984 21381 1000 0 320 49967 160"
2011115,2011-05-02,8,2,7,827,"8 2 7 2 9 0 1 1 59896258 20150 1000 0 320 58414 160"
2011116,2011-05-03,1,7,8,178,"1 7 8 7 3 5 1 1 63747062 18741 1000 0 320 41298 160"
2011117,2011-05-04,3,5,8,358,"3 5 8 7 5 1 1 1 65327518 21737 1000 0 320 50028 160"
2011118,2011-05-05,7,2,7,727,"7 2 7 1 8 0 1 1 66218434 25472 1000 27762 320 0 160"
2011119,2011-05-06,0,8,3,083,"0 8 3 3 9 0 1 1 62881138 37110 1000 0 320 67963 160"
2011120,2011-05-07,7,5,9,759,"7 5 9 0 2 0 1 1 61627154 14670 1000 0 320 53651 160"
2011121,2011-05-08,2,2,0,220,"2 2 0 7 9 4 1 1 59754004 7247 1000 8615 320 0 160"
2011122,2011-05-09,5,5,5,555,"5 5 5 8 5 6 1 1 59419154 44963 1000 0 320 0 160"
2011123,2011-05-10,7,6,9,769,"7 6 9 5 3 6 1 1 55538098 10996 1000 0 320 27754 160"
2011124,2011-05-11,7,9,1,791,"7 9 1 8 2 1 1 1 59815730 11020 1000 0 320 48493 160"
2011125,2011-05-12,0,0,6,006,"0 0 6 5 0 7 1 1 60848640 6859 1000 9396 320 0 160"
2011126,2011-05-13,0,5,5,055,"0 5 5 7 2 6 1 1 60266178 7739 1000 11949 320 0 160"
2011127,2011-05-14,4,6,7,467,"4 6 7 5 3 6 1 1 55072990 26383 1000 0 320 63962 160"
2011128,2011-05-15,6,9,1,691,"6 9 1 3 0 0 1 1 57947080 23768 1000 0 320 51515 160"
2011129,2011-05-16,0,8,2,082,"0 8 2 2 4 9 1 1 60025340 11004 1000 0 320 59928 160"
2011130,2011-05-17,0,3,8,038,"0 3 8 7 0 0 1 1 59864974 14226 1000 0 320 36822 160"
2011131,2011-05-18,4,5,4,454,"4 5 4 4 0 3 1 1 60263908 23316 1000 32836 320 0 160"
2011132,2011-05-19,4,1,8,418,"4 1 8 7 0 8 1 1 59351342 27780 1000 0 320 58291 160"
2011133,2011-05-20,0,1,6,016,"0 1 6 5 4 4 1 1 61447788 12362 1000 0 320 32173 160"
2011134,2011-05-21,2,2,5,225,"2 2 5 8 6 7 1 1 57874566 14948 1000 18326 320 0 160"
2011135,2011-05-22,8,0,9,809,"8 0 9 3 6 6 1 1 56445644 15520 1000 0 320 30547 160"
2011136,2011-05-23,5,5,9,559,"5 5 9 2 5 5 1 1 59439094 11935 1000 14354 320 0 160"
2011137,2011-05-24,9,5,8,958,"9 5 8 8 6 7 1 1 57729484 13325 1000 0 320 31107 160"
2011138,2011-05-25,4,7,5,475,"4 7 5 9 1 2 1 1 57685316 22140 1000 0 320 52270 160"
2011139,2011-05-26,2,6,5,265,"2 6 5 4 4 4 1 1 58088190 9374 1000 0 320 44100 160"
2011140,2011-05-27,8,1,9,819,"8 1 9 8 4 9 1 1 58926676 33232 1000 0 320 69120 160"
2011141,2011-05-28,9,1,5,915,"9 1 5 3 0 4 1 1 58263740 16623 1000 0 320 52762 160"
2011142,2011-05-29,7,8,9,789,"7 8 9 1 0 9 1 1 57621668 42966 1000 0 320 59119 160"
2011143,2011-05-30,0,5,8,058,"0 5 8 5 5 9 1 1 60461638 36901 1000 0 320 55759 160"
2011144,2011-05-31,6,4,4,644,"6 4 4 8 2 0 1 1 63074170 36662 1000 42845 320 0 160"
2011145,2011-06-01,4,9,4,494,"4 9 4 7 3 8 1 1 59514568 11112 1000 8606 320 0 160"
2011146,2011-06-02,5,0,0,500,"5 0 0 5 3 7 1 1 58884466 18745 1000 13655 320 0 160"
2011147,2011-06-03,1,6,3,163,"1 6 3 5 9 9 1 1 57579280 40139 1000 0 320 74193 160"
2011148,2011-06-04,4,3,9,439,"4 3 9 6 7 0 1 1 56146196 47050 1000 0 320 91051 160"
2011149,2011-06-05,9,2,6,926,"9 2 6 3 8 2 1 1 57167630 38134 1000 0 320 53215 160"
2011150,2011-06-06,7,7,3,773,"7 7 3 9 0 6 1 1 57615704 11802 1000 15355 320 0 160"
2011151,2011-06-07,5,4,1,541,"5 4 1 5 5 6 1 1 57476164 20998 1000 0 320 58630 160"
2011152,2011-06-08,7,2,1,721,"7 2 1 2 3 6 1 1 59161258 13763 1000 0 320 58324 160"
2011153,2011-06-09,4,5,6,456,"4 5 6 4 7 1 1 1 60451094 44794 1000 0 320 64927 160"
2011154,2011-06-10,6,8,2,682,"6 8 2 1 6 1 1 1 61359636 32482 1000 0 320 66331 160"
2011155,2011-06-11,2,5,6,256,"2 5 6 2 0 9 1 1 60664406 21631 1000 0 320 34943 160"
2011156,2011-06-12,2,1,2,212,"2 1 2 8 5 1 1 1 60901862 14341 1000 15902 320 0 160"
2011157,2011-06-13,5,8,2,582,"5 8 2 0 2 0 1 1 57310148 18550 1000 0 320 54108 160"
2011158,2011-06-14,6,0,8,608,"6 0 8 8 2 5 1 1 60066074 21220 1000 0 320 54058 160"
2011159,2011-06-15,7,6,9,769,"7 6 9 0 9 2 1 1 61737578 25379 1000 0 320 46672 160"
2011160,2011-06-16,5,1,0,510,"5 1 0 8 0 3 1 1 61263886 10699 1000 0 320 29042 160"
2011161,2011-06-17,3,7,1,371,"3 7 1 2 6 8 1 1 60471100 55407 1000 0 320 95082 160"
2011162,2011-06-18,5,7,3,573,"5 7 3 8 2 0 1 1 58796420 13040 1000 0 320 41213 160"
2011163,2011-06-19,6,3,5,635,"6 3 5 8 8 7 1 1 58507124 26113 1000 0 320 36333 160"
2011164,2011-06-20,7,0,4,704,"7 0 4 1 6 1 1 1 62095618 22086 1000 0 320 47633 160"
2011165,2011-06-21,1,6,2,162,"1 6 2 8 2 3 1 1 62159152 27482 1000 0 320 59417 160"
2011166,2011-06-22,4,5,4,454,"4 5 4 0 2 2 1 1 65171006 36453 1000 54983 320 0 160"
2011167,2011-06-23,9,4,1,941,"9 4 1 4 6 1 1 1 58833578 37736 1000 0 320 66867 160"
2011168,2011-06-24,0,1,7,017,"0 1 7 4 6 7 1 1 62809740 50150 1000 0 320 69130 160"
2011169,2011-06-25,9,2,2,922,"9 2 2 8 8 0 1 1 60516304 9821 1000 17705 320 0 160"
2011170,2011-06-26,1,5,7,157,"1 5 7 3 2 6 1 1 58150764 14863 1000 0 320 39924 160"
2011171,2011-06-27,7,2,5,725,"7 2 5 3 3 8 1 1 61599368 19218 1000 0 320 41893 160"
2011172,2011-06-28,2,2,7,227,"2 2 7 4 4 5 1 1 60135282 17222 1000 16890 320 0 160"
2011173,2011-06-29,7,6,3,763,"7 6 3 7 4 7 1 1 59944404 32737 1000 0 320 57889 160"
2011174,2011-06-30,4,1,2,412,"4 1 2 3 7 0 1 1 60508802 20411 1000 0 320 38080 160"
2011175,2011-07-01,2,6,2,262,"2 6 2 7 3 1 1 1 62893590 11293 1000 18001 320 0 160"
2011176,2011-07-02,9,0,5,905,"9 0 5 1 2 7 1 1 58167434 21405 1000 0 320 49089 160"
2011177,2011-07-03,6,9,7,697,"6 9 7 5 2 1 1 1 57574872 14494 1000 0 320 35468 160"
2011178,2011-07-04,1,4,5,145,"1 4 5 5 9 1 1 1 60238906 19932 1000 0 320 43693 160"
2011179,2011-07-05,1,7,0,170,"1 7 0 3 9 3 1 1 60679814 8846 1000 0 320 28401 160"
2011180,2011-07-06,8,0,4,804,"8 0 4 0 5 2 1 1 61903490 64406 1000 0 320 70137 160"
2011181,2011-07-07,9,1,8,918,"9 1 8 0 7 9 1 1 57816050 39707 1000 0 320 45850 160"
2011182,2011-07-08,3,5,3,353,"3 5 3 4 7 8 1 1 59987000 35822 1000 39475 320 0 160"
2011183,2011-07-09,3,4,1,341,"3 4 1 8 8 9 1 1 56239176 8951 1000 0 320 35341 160"
2011184,2011-07-10,2,0,9,209,"2 0 9 8 3 8 1 1 56551886 14592 1000 0 320 35480 160"
2011185,2011-07-11,7,6,7,767,"7 6 7 4 9 9 1 1 57494564 26276 1000 24332 320 0 160"
2011186,2011-07-12,2,4,2,242,"2 4 2 7 9 5 1 1 57176886 6539 1000 8654 320 0 160"
2011187,2011-07-13,9,3,1,931,"9 3 1 7 3 1 1 1 57804264 17904 1000 0 320 61827 160"
2011188,2011-07-14,4,3,0,430,"4 3 0 0 1 2 1 1 57665182 11495 1000 0 320 41427 160"
2011189,2011-07-15,4,7,2,472,"4 7 2 5 0 4 1 1 58394346 11774 1000 0 320 52147 160"
2011190,2011-07-16,4,6,4,464,"4 6 4 5 0 6 1 1 56805300 7016 1000 15092 320 0 160"
2011191,2011-07-17,3,5,1,351,"3 5 1 9 4 7 1 1 54674596 32789 1000 0 320 76213 160"
2011192,2011-07-18,7,4,6,746,"7 4 6 6 1 7 1 1 57978258 27697 1000 0 320 52747 160"
2011193,2011-07-19,8,6,8,868,"8 6 8 5 3 3 1 1 58058828 10237 1000 15914 320 0 160"
2011194,2011-07-20,2,1,0,210,"2 1 0 7 9 7 1 1 57479650 11332 1000 0 320 29702 160"
2011195,2011-07-21,3,8,5,385,"3 8 5 9 5 9 1 1 54487608 27979 1000 0 320 73948 160"
2011196,2011-07-22,4,1,5,415,"4 1 5 6 8 4 1 1 58342736 20851 1000 0 320 54180 160"
2011197,2011-07-23,6,3,8,638,"6 3 8 3 2 1 1 1 57359558 23112 1000 0 320 46241 160"
2011198,2011-07-24,9,8,5,985,"9 8 5 8 2 2 1 1 56582416 9185 1000 0 320 29805 160"
2011199,2011-07-25,2,6,3,263,"2 6 3 1 8 1 1 1 58308228 18916 1000 0 320 45793 160"
2011200,2011-07-26,5,5,2,552,"5 5 2 6 8 9 1 1 58531882 43017 1000 41702 320 0 160"
2011201,2011-07-27,3,4,8,348,"3 4 8 0 2 3 1 1 56506746 41743 1000 0 320 74651 160"
2011202,2011-07-28,7,5,0,750,"7 5 0 7 9 1 1 1 57552962 16060 1000 0 320 49436 160"
2011203,2011-07-29,0,1,7,017,"0 1 7 4 0 4 1 1 59982190 21279 1000 0 320 29818 160"
2011204,2011-07-30,1,2,7,127,"1 2 7 6 8 9 1 1 57175984 17897 1000 0 320 35469 160"
2011205,2011-07-31,3,4,1,341,"3 4 1 7 0 3 1 1 56757360 11434 1000 0 320 27595 160"
2011206,2011-08-01,1,4,4,144,"1 4 4 0 5 7 1 1 57891508 15511 1000 21001 320 0 160"
2011207,2011-08-02,6,9,9,699,"6 9 9 9 5 2 1 1 55599494 20540 1000 14217 320 0 160"
2011208,2011-08-03,4,3,9,439,"4 3 9 8 0 7 1 1 54419630 14820 1000 0 320 33155 160"
2011209,2011-08-04,9,9,2,992,"9 9 2 0 8 3 1 1 56224692 10045 1000 5753 320 0 160"
2011210,2011-08-05,5,4,0,540,"5 4 0 0 2 0 1 1 55536640 25590 1000 0 320 44479 160"
2011211,2011-08-06,7,7,9,779,"7 7 9 4 6 8 1 1 54633860 11926 1000 10596 320 0 160"
2011212,2011-08-07,8,6,2,862,"8 6 2 6 7 2 1 1 52998070 18436 1000 0 320 83310 160"
2011213,2011-08-08,1,0,9,109,"1 0 9 2 5 2 1 1 55537662 16334 1000 0 320 42375 160"
2011214,2011-08-09,9,1,1,911,"9 1 1 9 0 1 1 1 54857130 19619 1000 22273 320 0 160"
2011215,2011-08-10,4,5,7,457,"4 5 7 9 2 7 1 1 54738144 44081 1000 0 320 77405 160"
2011216,2011-08-11,9,6,9,969,"9 6 9 3 7 6 1 1 57205448 6195 1000 4830 320 0 160"
2011217,2011-08-12,6,1,8,618,"6 1 8 5 8 7 1 1 56506568 65279 1000 0 320 64229 160"
2011218,2011-08-13,6,4,8,648,"6 4 8 2 8 9 1 1 55798480 13388 1000 0 320 29093 160"
2011219,2011-08-14,4,8,5,485,"4 8 5 7 9 7 1 1 54408858 20426 1000 0 320 32660 160"
2011220,2011-08-15,9,9,9,999,"9 9 9 8 6 3 1 1 57320742 74947 1000 0 320 0 160"
2011221,2011-08-16,0,6,9,069,"0 6 9 9 8 2 1 1 51848242 10138 1000 0 320 25934 160"
2011222,2011-08-17,7,1,3,713,"7 1 3 4 6 3 1 1 56676616 26000 1000 0 320 72497 160"
2011223,2011-08-18,3,4,5,345,"3 4 5 3 8 9 1 1 58026422 61357 1000 0 320 88995 160"
2011224,2011-08-19,6,1,0,610,"6 1 0 1 7 4 1 1 60558742 12457 1000 0 320 27720 160"
2011225,2011-08-20,8,6,3,863,"8 6 3 3 7 5 1 1 58349174 18825 1000 0 320 37763 160"
2011226,2011-08-21,2,4,2,242,"2 4 2 2 9 7 1 1 59488372 19437 1000 28964 320 0 160"
2011227,2011-08-22,0,8,4,084,"0 8 4 7 9 5 1 1 59106340 12959 1000 0 320 31547 160"
2011228,2011-08-23,8,2,0,820,"8 2 0 6 9 7 1 1 59397300 11013 1000 0 320 27532 160"
2011229,2011-08-24,1,7,6,176,"1 7 6 8 8 7 1 1 59315698 86631 1000 0 320 107464 160"
2011230,2011-08-25,9,3,6,936,"9 3 6 2 1 3 1 1 60638488 16481 1000 0 320 62849 160"
2011231,2011-08-26,8,2,7,827,"8 2 7 4 6 5 1 1 63237094 29977 1000 0 320 65251 160"
2011232,2011-08-27,4,5,2,452,"4 5 2 9 1 1 1 1 61061992 29080 1000 0 320 55238 160"
2011233,2011-08-28,0,0,2,002,"0 0 2 6 1 4 1 1 61077598 6761 1000 11553 320 0 160"
2011234,2011-08-29,2,1,1,211,"2 1 1 8 3 9 1 1 57298682 13903 1000 12146 320 0 160"
2011235,2011-08-30,0,5,6,056,"0 5 6 2 6 2 1 1 56373218 14061 1000 0 320 36517 160"
2011236,2011-08-31,6,3,4,634,"6 3 4 6 9 0 1 1 59382448 49364 1000 0 320 102452 160"
2011237,2011-09-01,6,6,2,662,"6 6 2 4 3 2 1 1 60266920 9813 1000 13094 320 0 160"
2011238,2011-09-02,3,0,1,301,"3 0 1 4 8 0 1 1 60545574 9985 1000 0 320 25877 160"
2011239,2011-09-03,7,8,7,787,"7 8 7 4 7 0 1 1 57586818 12763 1000 10986 320 0 160"
2011240,2011-09-04,9,7,5,975,"9 7 5 3 2 0 1 1 56700482 29069 1000 0 320 72939 160"
2011241,2011-09-05,8,6,8,868,"8 6 8 9 1 8 1 1 59481374 20576 1000 14382 320 0 160"
2011242,2011-09-06,6,9,7,697,"6 9 7 0 3 6 1 1 58865664 11658 1000 0 320 32533 160"
2011243,2011-09-07,8,6,6,866,"8 6 6 2 7 6 1 1 59166110 11321 1000 20116 320 0 160"
2011244,2011-09-08,7,1,6,716,"7 1 6 8 3 1 1 1 58525222 19966 1000 0 320 28058 160"
2011245,2011-09-09,0,8,0,080,"0 8 0 2 2 3 1 1 61251404 9145 1000 8863 320 0 160"
2011246,2011-09-10,6,5,0,650,"6 5 0 0 1 2 1 1 56643942 8230 1000 0 320 22570 160"
2011247,2011-09-11,6,8,4,684,"6 8 4 2 4 3 1 1 56216328 9468 1000 0 320 35559 160"
2011248,2011-09-12,3,7,0,370,"3 7 0 0 2 4 1 1 55367456 20661 1000 0 320 42070 160"
2011249,2011-09-13,3,5,8,358,"3 5 8 6 6 4 1 1 59487590 18593 1000 0 320 53775 160"
2011250,2011-09-14,7,7,0,770,"7 7 0 3 5 0 1 1 61518308 12621 1000 16421 320 0 160"
2011251,2011-09-15,2,5,1,251,"2 5 1 0 0 6 1 1 60920776 12626 1000 0 320 51993 160"
2011252,2011-09-16,8,0,8,808,"8 0 8 6 7 1 1 1 61148434 21559 1000 13191 320 0 160"
2011253,2011-09-17,5,6,0,560,"5 6 0 9 1 2 1 1 58236740 21611 1000 0 320 30745 160"
2011254,2011-09-18,4,9,7,497,"4 9 7 4 1 3 1 1 59894550 24922 1000 0 320 77115 160"
2011255,2011-09-19,0,6,8,068,"0 6 8 9 2 6 1 1 60502588 46451 1000 0 320 49879 160"
2011256,2011-09-20,2,1,4,214,"2 1 4 6 0 6 1 1 63202894 33248 1000 0 320 42790 160"
2011257,2011-09-21,8,1,8,818,"8 1 8 8 9 7 1 1 64640688 23205 1000 25098 320 0 160"
2011258,2011-09-22,4,4,2,442,"4 4 2 7 6 9 1 1 61853658 10149 1000 11263 320 0 160"
2011259,2011-09-23,3,6,5,365,"3 6 5 2 6 8 1 1 63457766 44483 1000 0 320 91313 160"
2011260,2011-09-24,6,2,8,628,"6 2 8 6 3 4 1 1 62628706 29395 1000 0 320 49635 160"
2011261,2011-09-25,1,8,9,189,"1 8 9 5 9 0 1 1 63621020 49252 1000 0 320 64167 160"
2011262,2011-09-26,5,2,5,525,"5 2 5 8 1 1 1 1 66263534 12999 1000 15161 320 0 160"
2011263,2011-09-27,9,2,8,928,"9 2 8 5 4 8 1 1 62837146 56486 1000 0 320 63863 160"
2011264,2011-09-28,4,9,9,499,"4 9 9 8 0 2 1 1 60646318 16723 1000 9441 320 0 160"
2011265,2011-09-29,0,8,0,080,"0 8 0 3 7 1 1 1 59804308 6323 1000 5551 320 0 160"
2011266,2011-09-30,2,4,8,248,"2 4 8 1 9 4 1 1 59684946 28826 1000 0 320 36846 160"
2011267,2011-10-01,5,0,1,501,"5 0 1 9 9 8 1 1 57090586 22685 1000 0 320 44794 160"
2011268,2011-10-02,5,9,9,599,"5 9 9 5 9 6 1 1 56608794 8346 1000 15824 320 0 160"
2011269,2011-10-03,3,9,9,399,"3 9 9 7 9 5 1 1 54755936 5841 1000 4590 320 0 160"
2011270,2011-10-04,1,3,9,139,"1 3 9 1 9 5 1 1 54663320 19100 1000 0 320 41635 160"
2011271,2011-10-05,3,5,5,355,"3 5 5 1 5 2 1 1 56500082 11896 1000 14408 320 0 160"
2011272,2011-10-06,6,4,3,643,"6 4 3 9 0 6 1 1 56509138 29301 1000 0 320 38785 160"
2011273,2011-10-07,4,1,6,416,"4 1 6 0 0 1 1 1 57510660 40730 1000 0 320 42642 160"
2011274,2011-10-08,3,4,2,342,"3 4 2 7 1 5 1 1 61593396 14872 1000 0 320 44725 160"
2011275,2011-10-09,3,6,0,360,"3 6 0 6 4 7 1 1 59148368 11435 1000 0 320 22574 160"
2011276,2011-10-10,5,0,9,509,"5 0 9 2 7 9 1 1 60762116 34233 1000 0 320 52580 160"
2011277,2011-10-11,2,6,5,265,"2 6 5 1 7 0 1 1 60875628 20240 1000 0 320 38327 160"
2011278,2011-10-12,0,8,7,087,"0 8 7 2 4 9 1 1 62224084 43390 1000 0 320 70226 160"
2011279,2011-10-13,2,4,1,241,"2 4 1 6 8 4 1 1 60272786 13390 1000 0 320 47747 160"
2011280,2011-10-14,5,6,7,567,"5 6 7 0 4 2 1 1 63727724 45349 1000 0 320 50173 160"
2011281,2011-10-15,4,8,1,481,"4 8 1 0 1 1 1 1 61377194 10193 1000 0 320 37954 160"
2011282,2011-10-16,7,5,3,753,"7 5 3 9 7 0 1 1 62388026 32182 1000 0 320 62351 160"
2011283,2011-10-17,4,3,6,436,"4 3 6 9 9 7 1 1 65271806 20326 1000 0 320 43752 160"
2011284,2011-10-18,9,0,2,902,"9 0 2 9 5 4 1 1 66466016 29160 1000 0 320 60287 160"
2011285,2011-10-19,6,3,2,632,"6 3 2 1 8 3 1 1 67872314 12807 1000 0 320 33732 160"
2011286,2011-10-20,5,3,1,531,"5 3 1 8 4 1 1 1 67121568 13900 1000 0 320 66214 160"
2011287,2011-10-21,4,2,9,429,"4 2 9 5 7 1 1 1 69228986 25001 1000 0 320 42128 160"
2011288,2011-10-22,4,2,2,422,"4 2 2 4 2 4 1 1 67939222 12564 1000 36064 320 0 160"
2011289,2011-10-23,4,5,5,455,"4 5 5 9 4 0 1 1 55815836 14426 1000 23273 320 0 160"
2011290,2011-10-24,2,4,0,240,"2 4 0 2 0 9 1 1 59323368 15364 1000 0 320 31087 160"
2011291,2011-10-25,3,1,0,310,"3 1 0 9 1 6 1 1 60882884 18664 1000 0 320 52194 160"
2011292,2011-10-26,9,6,1,961,"9 6 1 2 7 7 1 1 61834050 18140 1000 0 320 43376 160"
2011293,2011-10-27,0,9,8,098,"0 9 8 1 6 3 1 1 61252714 35764 1000 0 320 60325 160"
2011294,2011-10-28,7,1,7,717,"7 1 7 1 5 1 1 1 63034960 30493 1000 35810 320 0 160"
2011295,2011-10-29,6,2,4,624,"6 2 4 7 4 0 1 1 59717360 36522 1000 0 320 93181 160"
2011296,2011-10-30,7,6,6,766,"7 6 6 0 1 7 1 1 62203032 14297 1000 16035 320 0 160"
2011297,2011-10-31,0,4,2,042,"0 4 2 8 6 1 1 1 61582436 11596 1000 0 320 27361 160"
2011298,2011-11-01,8,7,2,872,"8 7 2 6 8 2 1 1 63783316 33784 1000 0 320 73106 160"
2011299,2011-11-02,5,6,7,567,"5 6 7 7 2 6 1 1 62953074 33999 1000 0 320 55146 160"
2011300,2011-11-03,8,3,8,838,"8 3 8 2 9 1 1 1 62568806 21479 1000 24807 320 0 160"
2011301,2011-11-04,9,4,7,947,"9 4 7 0 5 8 1 1 62721576 24567 1000 0 320 74086 160"
2011302,2011-11-05,1,7,1,171,"1 7 1 9 3 0 1 1 61355074 15315 1000 12466 320 0 160"
2011303,2011-11-06,3,8,5,385,"3 8 5 5 9 5 1 1 59627500 36358 1000 0 320 96462 160"
2011304,2011-11-07,3,5,0,350,"3 5 0 7 1 9 1 1 63260654 17531 1000 0 320 35865 160"
2011305,2011-11-08,0,1,0,010,"0 1 0 8 6 9 1 1 63007520 17312 1000 11266 320 0 160"
2011306,2011-11-09,7,5,4,754,"7 5 4 0 2 8 1 1 59794656 13279 1000 0 320 40769 160"
2011307,2011-11-10,2,6,1,261,"2 6 1 8 0 4 1 1 60930812 24722 1000 0 320 49110 160"
2011308,2011-11-11,4,3,3,433,"4 3 3 2 1 4 1 1 65664776 30353 1000 29729 320 0 160"
2011309,2011-11-12,2,6,8,268,"2 6 8 6 3 7 1 1 60284558 21490 1000 0 320 59116 160"
2011310,2011-11-13,4,6,9,469,"4 6 9 6 4 1 1 1 62350488 17130 1000 0 320 51170 160"
2011311,2011-11-14,5,3,9,539,"5 3 9 7 0 9 1 1 63731432 20122 1000 0 320 59940 160"
2011312,2011-11-15,0,6,8,068,"0 6 8 4 8 2 1 1 64525772 18161 1000 0 320 62136 160"
2011313,2011-11-16,1,8,0,180,"1 8 0 4 8 0 1 1 67016220 16828 1000 0 320 46007 160"
2011314,2011-11-17,7,0,8,708,"7 0 8 8 8 4 1 1 64554114 28092 1000 0 320 26726 160"
2011315,2011-11-18,3,3,0,330,"3 3 0 3 3 8 1 1 64335728 12403 1000 15479 320 0 160"
2011316,2011-11-19,9,3,3,933,"9 3 3 3 7 4 1 1 59613992 6518 1000 8216 320 0 160"
2011317,2011-11-20,1,3,4,134,"1 3 4 4 5 7 1 1 60024322 11864 1000 0 320 34493 160"
2011318,2011-11-21,1,1,6,116,"1 1 6 9 5 2 1 1 60957392 10327 1000 10325 320 0 160"
2011319,2011-11-22,4,4,3,443,"4 4 3 2 1 6 1 1 59125182 15520 1000 13584 320 0 160"
2011320,2011-11-23,4,4,2,442,"4 4 2 8 8 7 1 1 60291442 6545 1000 10519 320 0 160"
2011321,2011-11-24,9,4,4,944,"9 4 4 2 1 0 1 1 58258346 6257 1000 7802 320 0 160"
2011322,2011-11-25,2,2,0,220,"2 2 0 8 8 1 1 1 61431188 18943 1000 13141 320 0 160"
2011323,2011-11-26,7,2,4,724,"7 2 4 9 5 6 1 1 60204420 25022 1000 0 320 48368 160"
2011324,2011-11-27,4,3,6,436,"4 3 6 0 1 1 1 1 59046212 16282 1000 0 320 39259 160"
2011325,2011-11-28,3,8,5,385,"3 8 5 3 9 8 1 1 61140332 25395 1000 0 320 87344 160"
2011326,2011-11-29,3,8,1,381,"3 8 1 3 5 5 1 1 60591036 19430 1000 0 320 56789 160"
2011327,2011-11-30,7,9,1,791,"7 9 1 5 2 6 1 1 58290654 14427 1000 0 320 61153 160"
2011328,2011-12-01,6,1,9,619,"6 1 9 6 2 8 1 1 58822216 30484 1000 0 320 32909 160"
2011329,2011-12-02,8,3,8,838,"8 3 8 9 1 4 1 1 61190856 20393 1000 17839 320 0 160"
2011330,2011-12-03,8,9,0,890,"8 9 0 4 7 6 1 1 57903082 9184 1000 0 320 35582 160"
2011331,2011-12-04,9,3,4,934,"9 3 4 6 7 8 1 1 58534462 21517 1000 0 320 42334 160"
2011332,2011-12-05,8,0,5,805,"8 0 5 9 0 1 1 1 61714996 15429 1000 0 320 43070 160"
2011333,2011-12-06,2,4,6,246,"2 4 6 2 1 6 1 1 61086552 34484 1000 0 320 64136 160"
2011334,2011-12-07,7,8,3,783,"7 8 3 1 3 4 1 1 61138480 53176 1000 0 320 73656 160"
2011335,2011-12-08,7,6,2,762,"7 6 2 6 1 5 1 1 62448710 22635 1000 0 320 81519 160"
2011336,2011-12-09,5,4,1,541,"5 4 1 3 3 8 1 1 64202714 36421 1000 0 320 91629 160"
2011337,2011-12-10,7,2,4,724,"7 2 4 9 1 5 1 1 63064574 12968 1000 0 320 39210 160"
2011338,2011-12-11,8,0,8,808,"8 0 8 3 6 1 1 1 64746548 18514 1000 19145 320 0 160"
2011339,2011-12-12,6,1,3,613,"6 1 3 8 7 7 1 1 64576724 20324 1000 0 320 48277 160"
2011340,2011-12-13,0,4,5,045,"0 4 5 0 9 0 1 1 65525270 21170 1000 0 320 65900 160"
2011341,2011-12-14,9,6,1,961,"9 6 1 2 8 2 1 1 65525270 21170 1000 0 320 65900 160"
2011342,2011-12-15,3,3,3,333,"3 3 3 0 5 6 1 1 68962870 71323 1000 0 320 0 160"
2011343,2011-12-16,9,2,0,920,"9 2 0 1 7 6 1 1 62644366 11471 1000 0 320 33410 160"
2011344,2011-12-17,9,0,8,908,"9 0 8 1 4 0 1 1 64583502 9797 1000 0 320 23289 160"
2011345,2011-12-18,5,8,0,580,"5 8 0 2 4 8 1 1 64419392 13142 1000 0 320 31434 160"
2011346,2011-12-19,9,9,3,993,"9 9 3 0 7 4 1 1 67800376 10460 1000 9744 320 0 160"
2011347,2011-12-20,5,3,3,533,"5 3 3 6 8 1 1 1 64475306 8552 1000 12265 320 0 160"
2011348,2011-12-21,7,7,2,772,"7 7 2 7 2 4 1 1 64694590 17664 1000 21390 320 0 160"
2011349,2011-12-22,7,8,1,781,"7 8 1 5 2 2 1 1 63771572 18555 1000 0 320 52403 160"
2011350,2011-12-23,3,6,8,368,"3 6 8 8 0 6 1 1 67124104 37653 1000 0 320 61522 160"
2011351,2011-12-24,1,4,5,145,"1 4 5 8 6 8 1 1 66337770 36550 1000 0 320 63952 160"
2011352,2011-12-25,5,8,9,589,"5 8 9 6 4 7 1 1 67265816 19752 1000 0 320 39856 160"
2011353,2011-12-26,0,1,2,012,"0 1 2 8 4 5 1 1 67139100 20947 1000 0 320 35414 160"
2011354,2011-12-27,4,8,9,489,"4 8 9 2 6 6 1 1 63988150 11514 1000 0 320 21455 160"
2011355,2011-12-28,4,8,8,488,"4 8 8 3 6 2 1 1 66211706 16611 1000 18733 320 0 160"
2011356,2011-12-29,9,1,7,917,"9 1 7 8 2 4 1 1 63445002 47675 1000 0 320 69433 160"
2011357,2011-12-30,1,9,3,193,"1 9 3 2 3 2 1 1 66347978 21123 1000 0 320 37529 160"
2011358,2011-12-31,2,5,4,254,"2 5 4 4 9 5 1 1 66422468 50173 1000 0 320 81559 160"
2012001,2012-01-01,3,0,9,309,"3 0 9 8 6 7 1 1 60711316 21440 1000 0 320 34982 160"
2012002,2012-01-02,2,0,9,209,"2 0 9 9 0 0 1 1 60193726 10793 1000 0 320 24282 160"
2012003,2012-01-03,7,5,0,750,"7 5 0 6 4 0 1 1 59833424 17217 1000 0 320 33161 160"
2012004,2012-01-04,9,6,0,960,"9 6 0 0 9 4 1 1 62737854 12137 1000 0 320 32992 160"
2012005,2012-01-05,1,3,5,135,"1 3 5 3 6 1 1 1 63827292 31820 1000 0 320 51671 160"
2012006,2012-01-06,8,8,2,882,"8 8 2 3 2 7 1 1 66416562 26817 1000 43245 320 0 160"
2012007,2012-01-07,8,8,0,880,"8 8 0 7 7 6 1 1 62144842 14566 1000 13931 320 0 160"
2012008,2012-01-08,4,9,7,497,"4 9 7 9 8 9 1 1 61664944 30725 1000 0 320 70529 160"
2012009,2012-01-09,1,6,6,166,"1 6 6 9 1 7 1 1 63901634 17104 1000 25177 320 0 160"
2012010,2012-01-10,5,9,4,594,"5 9 4 2 7 8 1 1 62390584 12049 1000 0 320 39164 160"
2012011,2012-01-11,3,1,5,315,"3 1 5 5 3 3 1 1 62862468 28018 1000 0 320 33997 160"
2012012,2012-01-12,2,2,4,224,"2 2 4 0 2 6 1 1 63358002 16274 1000 20072 320 0 160"
2012013,2012-01-13,3,1,7,317,"3 1 7 4 2 8 1 1 63093604 23208 1000 0 320 102568 160"
2012014,2012-01-14,6,3,7,637,"6 3 7 7 9 5 1 1 64051470 19385 1000 0 320 55672 160"
2012015,2012-01-15,1,8,0,180,"1 8 0 4 8 4 1 1 61197604 25223 1000 0 320 42548 160"
2012016,2012-01-16,7,4,9,749,"7 4 9 8 3 2 1 1 63219640 34529 1000 0 320 52835 160"
2012017,2012-01-17,5,3,8,538,"5 3 8 2 7 5 1 1 62991316 45269 1000 0 320 98492 160"
2012018,2012-01-18,0,3,0,030,"0 3 0 0 7 3 1 1 66101762 16966 1000 14106 320 0 160"
2012019,2012-01-19,0,4,5,045,"0 4 5 9 2 4 1 1 59473466 12638 1000 0 320 36619 160"
2012020,2012-01-20,4,4,6,446,"4 4 6 3 1 8 1 1 58132590 25324 1000 24379 320 0 160"
2012021,2012-01-21,9,6,7,967,"9 6 7 3 8 1 1 1 48143956 16008 1000 0 320 27021 160"
2012022,2012-01-29,4,2,5,425,"4 2 5 0 7 5 1 1 41688594 9743 1000 0 320 27802 160"
2012023,2012-01-30,6,3,3,633,"6 3 3 2 6 8 1 1 45072648 12745 1000 20205 320 0 160"
2012024,2012-01-31,9,9,7,997,"9 9 7 2 3 7 1 1 48043312 7638 1000 6840 320 0 160"
2012025,2012-02-01,7,5,5,755,"7 5 5 0 1 3 1 1 48038744 7291 1000 9735 320 0 160"
2012026,2012-02-02,7,4,6,746,"7 4 6 1 0 2 1 1 49961540 14147 1000 0 320 33746 160"
2012027,2012-02-03,2,6,3,263,"2 6 3 5 2 8 1 1 52121242 28462 1000 0 320 46891 160"
2012028,2012-02-04,7,3,1,731,"7 3 1 4 2 9 1 1 52503102 15771 1000 0 320 36054 160"
2012029,2012-02-05,1,0,0,100,"1 0 0 7 0 2 1 1 54092952 12187 1000 12840 320 0 160"
2012030,2012-02-06,9,8,2,982,"9 8 2 5 6 2 1 1 47261068 20001 1000 0 320 50370 160"
2012031,2012-02-07,1,9,5,195,"1 9 5 6 3 0 1 1 52911524 21165 1000 0 320 47569 160"
2012032,2012-02-08,4,2,1,421,"4 2 1 7 6 7 1 1 56724856 13924 1000 0 320 24073 160"
2012033,2012-02-09,8,6,5,865,"8 6 5 9 0 4 1 1 56474418 17256 1000 0 320 43289 160"
2012034,2012-02-10,4,6,5,465,"4 6 5 2 7 9 1 1 57617116 8368 1000 0 320 37682 160"
2012035,2012-02-11,3,6,9,369,"3 6 9 7 8 4 1 1 55950202 30289 1000 0 320 51452 160"
2012036,2012-02-12,2,8,7,287,"2 8 7 6 9 7 1 1 58593252 24301 1000 0 320 97824 160"
2012037,2012-02-13,9,7,8,978,"9 7 8 9 0 5 1 1 61742838 25241 1000 0 320 42792 160"
2012038,2012-02-14,0,3,2,032,"0 3 2 5 6 5 1 1 58522528 24388 1000 0 320 34206 160"
2012039,2012-02-15,7,5,7,757,"7 5 7 7 9 3 1 1 58489952 17096 1000 20658 320 0 160"
2012040,2012-02-16,4,7,0,470,"4 7 0 2 8 8 1 1 57662222 25709 1000 0 320 42404 160"
2012041,2012-02-17,6,6,4,664,"6 6 4 7 5 6 1 1 61155762 26540 1000 25479 320 0 160"
2012042,2012-02-18,0,0,1,001,"0 0 1 1 1 0 1 1 58376958 8936 1000 9457 320 0 160"
2012043,2012-02-19,5,2,5,525,"5 2 5 0 6 9 1 1 55309464 26484 1000 17930 320 0 160"
2012044,2012-02-20,7,2,3,723,"7 2 3 4 2 9 1 1 59343110 31057 1000 0 320 63385 160"
2012045,2012-02-21,0,2,6,026,"0 2 6 2 2 0 1 1 61375296 15749 1000 0 320 38985 160"
2012046,2012-02-22,4,9,3,493,"4 9 3 4 2 3 1 1 60579398 21448 1000 0 320 70462 160"
2012047,2012-02-23,6,4,2,642,"6 4 2 6 8 2 1 1 61580412 18397 1000 0 320 37023 160"
2012048,2012-02-24,8,7,5,875,"8 7 5 3 7 2 1 1 63563898 34710 1000 0 320 89076 160"
2012049,2012-02-25,8,0,8,808,"8 0 8 7 6 9 1 1 61359112 17493 1000 18463 320 0 160"
2012050,2012-02-26,0,3,5,035,"0 3 5 7 5 6 1 1 60512396 11482 1000 0 320 30602 160"
2012051,2012-02-27,3,0,2,302,"3 0 2 6 6 7 1 1 63086044 13875 1000 0 320 19046 160"
2012052,2012-02-28,3,5,5,355,"3 5 5 7 0 7 1 1 62910444 14977 1000 25574 320 0 160"
2012053,2012-02-29,6,6,3,663,"6 6 3 3 3 8 1 1 62766298 17613 1000 17613 320 0 160"
2012054,2012-03-01,1,0,3,103,"1 0 3 4 5 8 1 1 61619148 9338 1000 0 320 23839 160"
2012055,2012-03-02,7,1,2,712,"7 1 2 6 5 9 1 1 61416194 65406 1000 0 320 88732 160"
2012056,2012-03-03,6,0,7,607,"6 0 7 1 8 1 1 1 62352470 15933 1000 0 320 36747 160"
2012057,2012-03-04,6,0,8,608,"6 0 8 9 7 5 1 1 61207948 21800 1000 0 320 53784 160"
2012058,2012-03-05,0,9,6,096,"0 9 6 7 0 7 1 1 61569020 17104 1000 0 320 80223 160"
2012059,2012-03-06,2,6,9,269,"2 6 9 2 8 8 1 1 62838472 24058 1000 0 320 32047 160"
2012060,2012-03-07,4,9,2,492,"4 9 2 2 8 2 1 1 65463322 17197 1000 0 320 48663 160"
2012061,2012-03-08,7,6,3,763,"7 6 3 0 0 2 1 1 65346868 15916 1000 0 320 57104 160"
2012062,2012-03-09,0,2,3,023,"0 2 3 5 5 8 1 1 65122748 9408 1000 0 320 22878 160"
2012063,2012-03-10,1,2,8,128,"1 2 8 8 7 7 1 1 63018276 23770 1000 0 320 50389 160"
2012064,2012-03-11,4,7,8,478,"4 7 8 8 0 3 1 1 63395380 20008 1000 0 320 47824 160"
2012065,2012-03-12,7,7,5,775,"7 7 5 5 5 8 1 1 67399782 26787 1000 43488 320 0 160"
2012066,2012-03-13,6,4,8,648,"6 4 8 5 3 6 1 1 61510186 19390 1000 0 320 52816 160"
2012067,2012-03-14,1,9,3,193,"1 9 3 4 7 6 1 1 65030114 27635 1000 0 320 84838 160"
2012068,2012-03-15,8,5,6,856,"8 5 6 2 5 1 1 1 66404480 20482 1000 0 320 37136 160"
2012069,2012-03-16,6,9,3,693,"6 9 3 9 2 1 1 1 66928026 18323 1000 0 320 65669 160"
2012070,2012-03-17,7,5,7,757,"7 5 7 9 6 5 1 1 66226220 11364 1000 12312 320 0 160"
2012071,2012-03-18,7,5,9,759,"7 5 9 7 0 5 1 1 63405014 10374 1000 0 320 36021 160"
2012072,2012-03-19,7,9,5,795,"7 9 5 0 3 2 1 1 63265892 7213 1000 0 320 16024 160"
2012073,2012-03-20,0,6,9,069,"0 6 9 8 5 2 1 1 61303852 27798 1000 0 320 67737 160"
2012074,2012-03-21,8,4,1,841,"8 4 1 5 6 7 1 1 67396052 26145 1000 0 320 80715 160"
2012075,2012-03-22,5,3,7,537,"5 3 7 7 0 3 1 1 67673100 32540 1000 0 320 93711 160"
2012076,2012-03-23,6,0,6,606,"6 0 6 3 0 6 1 1 71145946 27571 1000 28862 320 0 160"
2012077,2012-03-24,3,8,8,388,"3 8 8 1 5 2 1 1 64534570 21569 1000 15221 320 0 160"
2012078,2012-03-25,1,2,2,122,"1 2 2 7 3 3 1 1 64127044 16700 1000 14437 320 0 160"
2012079,2012-03-26,4,5,7,457,"4 5 7 4 6 3 1 1 64327618 57230 1000 0 320 112819 160"
2012080,2012-03-27,4,8,2,482,"4 8 2 9 0 9 1 1 68831324 19666 1000 0 320 69015 160"
2012081,2012-03-28,9,2,2,922,"9 2 2 7 6 4 1 1 68848100 19101 1000 14093 320 0 160"
2012082,2012-03-29,3,2,5,325,"3 2 5 9 1 0 1 1 65918950 23865 1000 0 320 58110 160"
2012083,2012-03-30,1,1,6,116,"1 1 6 8 1 1 1 1 67242426 17839 1000 18386 320 0 160"
2012084,2012-03-31,6,1,8,618,"6 1 8 6 9 7 1 1 63642546 24250 1000 0 320 51834 160"
2012085,2012-04-01,9,1,2,912,"9 1 2 2 4 8 1 1 63486440 17593 1000 0 320 46196 160"
2012086,2012-04-02,9,7,3,973,"9 7 3 2 7 5 1 1 60452454 22297 1000 0 320 98350 160"
2012087,2012-04-03,5,4,4,544,"5 4 4 5 6 1 1 1 62355014 32745 1000 28215 320 0 160"
2012088,2012-04-04,3,6,3,363,"3 6 3 2 3 6 1 1 62426900 16661 1000 21832 320 0 160"
2012089,2012-04-05,0,8,0,080,"0 8 0 9 3 9 1 1 64860966 18335 1000 15366 320 0 160"
2012090,2012-04-06,5,4,9,549,"5 4 9 8 2 7 1 1 62822266 18267 1000 0 320 66870 160"
2012091,2012-04-07,2,2,0,220,"2 2 0 8 8 5 1 1 62015728 7162 1000 8996 320 0 160"
2012092,2012-04-08,5,5,3,553,"5 5 3 6 2 0 1 1 60141684 18308 1000 22788 320 0 160"
2012093,2012-04-09,0,0,2,002,"0 0 2 9 0 2 1 1 63944546 14134 1000 14984 320 0 160"
2012094,2012-04-10,6,6,8,668,"6 6 8 3 5 5 1 1 60780254 16371 1000 12815 320 0 160"
2012095,2012-04-11,5,8,8,588,"5 8 8 2 1 6 1 1 62002344 11640 1000 15859 320 0 160"
2012096,2012-04-12,8,7,0,870,"8 7 0 5 9 7 1 1 62312148 18226 1000 0 320 31311 160"
2012097,2012-04-13,8,6,1,861,"8 6 1 5 6 7 1 1 63260860 13474 1000 0 320 28248 160"
2012098,2012-04-14,9,9,6,996,"9 9 6 9 1 2 1 1 60840064 9045 1000 10241 320 0 160"
2012099,2012-04-15,4,0,5,405,"4 0 5 9 8 3 1 1 58733244 29943 1000 0 320 38425 160"
2012100,2012-04-16,4,1,3,413,"4 1 3 1 2 2 1 1 61954918 32172 1000 0 320 81137 160"
2012101,2012-04-17,6,9,5,695,"6 9 5 2 9 4 1 1 63926640 9821 1000 0 320 34358 160"
2012102,2012-04-18,0,7,7,077,"0 7 7 8 8 3 1 1 62474644 26440 1000 26641 320 0 160"
2012103,2012-04-19,3,0,1,301,"3 0 1 7 4 3 1 1 61930076 10816 1000 0 320 28157 160"
2012104,2012-04-20,9,9,0,990,"9 9 0 5 3 5 1 1 62029018 25424 1000 17404 320 0 160"
2012105,2012-04-21,3,8,2,382,"3 8 2 2 1 5 1 1 57207510 33081 1000 0 320 86716 160"
2012106,2012-04-22,4,3,6,436,"4 3 6 7 4 6 1 1 59855324 18134 1000 0 320 45498 160"
2012107,2012-04-23,7,2,8,728,"7 2 8 4 1 1 1 1 63498118 69072 1000 0 320 61780 160"
2012108,2012-04-24,7,5,8,758,"7 5 8 8 9 0 1 1 62059740 19058 1000 0 320 35648 160"
2012109,2012-04-25,1,2,0,120,"1 2 0 0 1 3 1 1 63224392 20563 1000 0 320 42642 160"
2012110,2012-04-26,6,4,5,645,"6 4 5 7 9 1 1 1 60703072 30631 1000 0 320 64072 160"
2012111,2012-04-27,8,1,0,810,"8 1 0 6 3 8 1 1 62619446 14786 1000 0 320 25722 160"
2012112,2012-04-28,3,8,3,383,"3 8 3 3 7 0 1 1 61945866 48863 1000 46504 320 0 160"
2012113,2012-04-29,0,7,0,070,"0 7 0 4 8 0 1 1 57631810 18446 1000 19179 320 0 160"
2012114,2012-04-30,8,5,0,850,"8 5 0 6 2 7 1 1 58127304 10275 1000 0 320 30758 160"
2012115,2012-05-01,0,8,6,086,"0 8 6 5 4 2 1 1 57722506 9509 1000 0 320 23407 160"
2012116,2012-05-02,3,3,9,339,"3 3 9 2 4 0 1 1 60435612 48688 1000 38137 320 0 160"
2012117,2012-05-03,6,6,5,665,"6 6 5 7 0 0 1 1 60448864 27441 1000 24298 320 0 160"
2012118,2012-05-04,5,1,8,518,"5 1 8 2 9 9 1 1 61875702 56486 1000 0 320 49918 160"
2012119,2012-05-05,1,0,0,100,"1 0 0 2 6 2 1 1 62128872 11069 1000 9012 320 0 160"
2012120,2012-05-06,4,3,6,436,"4 3 6 4 3 2 1 1 58012822 21725 1000 0 320 48098 160"
2012121,2012-05-07,6,9,4,694,"6 9 4 3 7 3 1 1 61665678 20137 1000 0 320 32671 160"
2012122,2012-05-08,5,8,5,585,"5 8 5 9 3 9 1 1 60101090 38828 1000 35212 320 0 160"
2012123,2012-05-09,2,3,4,234,"2 3 4 9 1 0 1 1 61960034 35351 1000 0 320 51615 160"
2012124,2012-05-10,1,0,8,108,"1 0 8 3 8 2 1 1 60439126 19757 1000 0 320 28505 160"
2012125,2012-05-11,1,4,3,143,"1 4 3 2 5 7 1 1 62586840 7576 1000 0 320 27403 160"
2012126,2012-05-12,5,0,7,507,"5 0 7 1 1 8 1 1 60115102 19595 1000 0 320 45476 160"
2012127,2012-05-13,9,8,5,985,"9 8 5 9 5 8 1 1 60669008 13091 1000 0 320 31797 160"
2012128,2012-05-14,4,3,1,431,"4 3 1 4 4 6 1 1 61264606 15033 1000 0 320 22216 160"
2012129,2012-05-15,3,6,8,368,"3 6 8 8 4 6 1 1 61778934 44375 1000 0 320 67927 160"
2012130,2012-05-16,2,9,0,290,"2 9 0 8 5 5 1 1 65631210 41789 1000 0 320 57015 160"
2012131,2012-05-17,5,2,7,527,"5 2 7 0 5 1 1 1 64626672 70994 1000 0 320 97045 160"
2012132,2012-05-18,6,5,9,659,"6 5 9 2 5 1 1 1 66932364 37789 1000 0 320 31428 160"
2012133,2012-05-19,3,4,7,347,"3 4 7 6 3 5 1 1 65029462 21421 1000 0 320 61901 160"
2012134,2012-05-20,6,9,8,698,"6 9 8 5 3 5 1 1 66612780 14163 1000 0 320 31938 160"
2012135,2012-05-21,9,8,7,987,"9 8 7 3 7 2 1 1 68069378 44701 1000 0 320 55320 160"
2012136,2012-05-22,7,4,8,748,"7 4 8 3 1 3 1 1 67662384 10480 1000 0 320 29815 160"
2012137,2012-05-23,5,1,7,517,"5 1 7 3 7 0 1 1 69014460 30379 1000 0 320 51410 160"
2012138,2012-05-24,5,3,7,537,"5 3 7 4 6 6 1 1 70009316 9462 1000 0 320 37779 160"
2012139,2012-05-25,0,3,6,036,"0 3 6 0 5 7 1 1 69615300 15326 1000 0 320 47945 160"
2012140,2012-05-26,3,9,0,390,"3 9 0 0 4 9 1 1 67883814 12568 1000 0 320 25788 160"
2012141,2012-05-27,2,1,4,214,"2 1 4 3 9 0 1 1 67609678 18432 1000 0 320 47001 160"
2012142,2012-05-28,3,4,9,349,"3 4 9 4 4 7 1 1 70368552 20231 1000 0 320 33247 160"
2012143,2012-05-29,1,8,5,185,"1 8 5 5 4 9 1 1 68483624 40829 1000 0 320 63907 160"
2012144,2012-05-30,9,2,3,923,"9 2 3 9 9 5 1 1 71919606 15663 1000 0 320 32357 160"
2012145,2012-05-31,6,2,8,628,"6 2 8 0 6 5 1 1 70320026 25630 1000 0 320 59194 160"
2012146,2012-06-01,1,9,7,197,"1 9 7 5 5 1 1 1 70572986 25967 1000 0 320 79648 160"
2012147,2012-06-02,5,0,2,502,"5 0 2 5 3 2 1 1 69075970 29729 1000 0 320 39821 160"
2012148,2012-06-03,7,3,2,732,"7 3 2 3 5 9 1 1 67426878 17976 1000 0 320 50060 160"
2012149,2012-06-04,0,3,1,031,"0 3 1 6 7 8 1 1 70911996 8102 1000 0 320 27624 160"
2012150,2012-06-05,8,2,8,828,"8 2 8 5 5 0 1 1 67737408 40549 1000 39108 320 0 160"
2012151,2012-06-06,1,4,0,140,"1 4 0 3 9 2 1 1 62776178 23853 1000 0 320 35052 160"
2012152,2012-06-07,8,0,2,802,"8 0 2 6 0 5 1 1 63107282 15977 1000 0 320 30027 160"
2012153,2012-06-08,7,4,6,746,"7 4 6 0 3 5 1 1 61396820 21419 1000 0 320 67827 160"
2012154,2012-06-09,8,4,3,843,"8 4 3 7 1 8 1 1 59735056 20976 1000 0 320 70349 160"
2012155,2012-06-10,2,6,7,267,"2 6 7 8 3 3 1 1 60558866 24068 1000 0 320 49111 160"
2012156,2012-06-11,8,6,2,862,"8 6 2 9 4 6 1 1 64224888 11469 1000 0 320 39824 160"
2012157,2012-06-12,0,1,5,015,"0 1 5 0 9 4 1 1 62016684 32092 1000 0 320 68879 160"
2012158,2012-06-13,1,6,2,162,"1 6 2 5 2 3 1 1 63996970 10625 1000 0 320 38232 160"
2012159,2012-06-14,5,4,3,543,"5 4 3 9 8 3 1 1 64265428 21820 1000 0 320 82010 160"
2012160,2012-06-15,9,6,2,962,"9 6 2 0 9 8 1 1 66485250 22974 1000 0 320 63819 160"
2012161,2012-06-16,3,6,9,369,"3 6 9 3 8 9 1 1 65052116 37081 1000 0 320 48703 160"
2012162,2012-06-17,8,3,2,832,"8 3 2 6 3 2 1 1 64409010 26799 1000 0 320 66207 160"
2012163,2012-06-18,6,4,3,643,"6 4 3 9 4 4 1 1 68053198 23851 1000 0 320 52148 160"
2012164,2012-06-19,6,5,1,651,"6 5 1 5 1 6 1 1 67575728 18076 1000 0 320 54528 160"
2012165,2012-06-20,3,6,4,364,"3 6 4 7 4 2 1 1 66652440 10447 1000 0 320 21250 160"
2012166,2012-06-21,1,1,2,112,"1 1 2 4 2 0 1 1 64686218 14416 1000 14303 320 0 160"
2012167,2012-06-22,2,1,2,212,"2 1 2 6 8 1 1 1 59692852 22100 1000 23561 320 0 160"
2012168,2012-06-23,4,0,5,405,"4 0 5 5 3 3 1 1 55296564 22930 1000 0 320 42522 160"
2012169,2012-06-24,0,1,2,012,"0 1 2 5 9 0 1 1 58998428 10642 1000 0 320 37593 160"
2012170,2012-06-25,6,6,1,661,"6 6 1 3 0 4 1 1 61085716 9980 1000 10878 320 0 160"
2012171,2012-06-26,2,4,2,242,"2 4 2 9 5 8 1 1 60425750 9177 1000 10886 320 0 160"
2012172,2012-06-27,7,6,9,769,"7 6 9 9 3 6 1 1 60576230 16457 1000 0 320 40124 160"
2012173,2012-06-28,8,8,7,887,"8 8 7 9 6 1 1 1 59805204 25892 1000 21078 320 0 160"
2012174,2012-06-29,8,7,5,875,"8 7 5 5 4 0 1 1 58830878 28498 1000 0 320 61889 160"
2012175,2012-06-30,9,7,6,976,"9 7 6 3 2 5 1 1 55858544 14096 1000 0 320 29034 160"
2012176,2012-07-01,3,2,7,327,"3 2 7 7 6 1 1 1 56436098 20186 1000 0 320 27783 160"
2012177,2012-07-02,6,9,4,694,"6 9 4 9 6 9 1 1 58142612 28051 1000 0 320 44338 160"
2012178,2012-07-03,1,2,7,127,"1 2 7 3 1 3 1 1 59351146 18373 1000 0 320 37492 160"
2012179,2012-07-04,9,2,1,921,"9 2 1 5 1 1 1 1 59737412 8533 1000 0 320 23607 160"
2012180,2012-07-05,2,7,7,277,"2 7 7 4 3 6 1 1 58340026 15018 1000 14798 320 0 160"
2012181,2012-07-06,8,4,7,847,"8 4 7 9 7 1 1 1 57094566 12519 1000 0 320 40053 160"
2012182,2012-07-07,8,6,1,861,"8 6 1 2 3 2 1 1 56899004 13956 1000 0 320 56139 160"
2012183,2012-07-08,2,4,5,245,"2 4 5 9 7 3 1 1 58285600 24579 1000 0 320 56452 160"
2012184,2012-07-09,9,2,1,921,"9 2 1 9 0 9 1 1 58445946 14211 1000 0 320 37643 160"
2012185,2012-07-10,3,0,9,309,"3 0 9 7 4 3 1 1 58108768 19536 1000 0 320 38119 160"
2012186,2012-07-11,2,4,7,247,"2 4 7 2 4 2 1 1 57834294 39202 1000 0 320 63236 160"
2012187,2012-07-12,4,8,4,484,"4 8 4 7 8 1 1 1 60154406 22239 1000 18863 320 0 160"
2012188,2012-07-13,2,5,2,252,"2 5 2 5 6 9 1 1 57753826 11721 1000 13976 320 0 160"
2012189,2012-07-14,0,8,3,083,"0 8 3 5 1 6 1 1 54942918 16720 1000 0 320 44091 160"
2012190,2012-07-15,9,6,4,964,"9 6 4 7 8 5 1 1 56598348 23848 1000 0 320 48163 160"
2012191,2012-07-16,5,5,8,558,"5 5 8 6 1 8 1 1 58323130 24180 1000 25025 320 0 160"
2012192,2012-07-17,9,2,8,928,"9 2 8 4 0 6 1 1 57502782 11855 1000 0 320 29737 160"
2012193,2012-07-18,9,4,4,944,"9 4 4 1 9 3 1 1 57978292 10867 1000 16012 320 0 160"
2012194,2012-07-19,3,4,6,346,"3 4 6 2 4 8 1 1 56486164 20439 1000 0 320 52098 160"
2012195,2012-07-20,6,2,6,626,"6 2 6 3 8 6 1 1 58250150 36958 1000 34858 320 0 160"
2012196,2012-07-21,8,7,7,877,"8 7 7 5 0 4 1 1 55645730 8887 1000 6333 320 0 160"
2012197,2012-07-22,6,3,9,639,"6 3 9 3 5 6 1 1 52928454 13814 1000 0 320 32427 160"
2012198,2012-07-23,6,1,9,619,"6 1 9 2 6 6 1 1 55977916 13586 1000 0 320 25909 160"
2012199,2012-07-24,5,0,3,503,"5 0 3 1 8 9 1 1 55654412 14174 1000 0 320 38298 160"
2012200,2012-07-25,6,3,2,632,"6 3 2 3 2 8 1 1 55933284 21223 1000 0 320 70156 160"
2012201,2012-07-26,8,0,3,803,"8 0 3 0 6 3 1 1 57208172 13321 1000 0 320 26023 160"
2012202,2012-07-27,3,9,8,398,"3 9 8 3 8 7 1 1 57379486 19820 1000 0 320 32647 160"
2012203,2012-07-28,5,8,3,583,"5 8 3 1 0 3 1 1 54713956 14420 1000 0 320 29488 160"
2012204,2012-07-29,1,0,8,108,"1 0 8 4 2 7 1 1 54340844 13020 1000 0 320 23640 160"
2012205,2012-07-30,2,9,5,295,"2 9 5 0 0 8 1 1 55309426 14047 1000 0 320 36912 160"
2012206,2012-07-31,2,6,5,265,"2 6 5 8 3 1 1 1 55774478 11275 1000 0 320 35325 160"
2012207,2012-08-01,0,3,0,030,"0 3 0 5 4 8 1 1 54998476 29363 1000 14368 320 0 160"
2012208,2012-08-02,6,1,3,613,"6 1 3 1 1 1 1 1 51520210 26720 1000 0 320 46155 160"
2012209,2012-08-03,6,4,1,641,"6 4 1 4 6 6 1 1 55120378 15775 1000 0 320 49566 160"
2012210,2012-08-04,3,9,3,393,"3 9 3 9 9 2 1 1 54883746 20264 1000 17109 320 0 160"
2012211,2012-08-05,8,4,3,843,"8 4 3 0 4 4 1 1 52122908 15570 1000 0 320 42165 160"
2012212,2012-08-06,5,4,7,547,"5 4 7 4 5 5 1 1 53968640 46588 1000 0 320 107666 160"
2012213,2012-08-07,2,9,7,297,"2 9 7 9 6 8 1 1 54857956 26600 1000 0 320 77173 160"
2012214,2012-08-08,9,6,5,965,"9 6 5 0 8 5 1 1 54734512 21618 1000 0 320 44677 160"
2012215,2012-08-09,2,8,4,284,"2 8 4 6 5 6 1 1 56761356 14640 1000 0 320 49838 160"
2012216,2012-08-10,8,7,3,873,"8 7 3 0 7 2 1 1 56888704 39373 1000 0 320 68674 160"
2012217,2012-08-11,2,5,3,253,"2 5 3 8 4 5 1 1 56324370 13712 1000 0 320 47820 160"
2012218,2012-08-12,5,6,5,565,"5 6 5 0 2 8 1 1 56744340 13516 1000 14557 320 0 160"
2012219,2012-08-13,1,5,2,152,"1 5 2 8 8 1 1 1 56117752 14409 1000 0 320 27615 160"
2012220,2012-08-14,0,9,8,098,"0 9 8 2 0 4 1 1 56086852 23262 1000 0 320 49952 160"
2012221,2012-08-15,3,5,1,351,"3 5 1 9 6 5 1 1 55483846 20388 1000 0 320 20388 160"
2012222,2012-08-16,0,9,9,099,"0 9 9 7 7 6 1 1 56510350 25698 1000 19338 320 0 160"
2012223,2012-08-17,0,9,3,093,"0 9 3 4 5 2 1 1 55454828 7393 1000 0 320 29858 160"
2012224,2012-08-18,5,7,3,573,"5 7 3 9 3 3 1 1 53217480 18748 1000 0 320 64227 160"
2012225,2012-08-19,6,5,2,652,"6 5 2 9 1 8 1 1 54678736 21979 1000 0 320 57496 160"
2012226,2012-08-20,8,7,9,879,"8 7 9 8 5 3 1 1 57629802 12106 1000 0 320 40961 160"
2012227,2012-08-21,4,8,5,485,"4 8 5 7 6 9 1 1 56318792 32903 1000 0 320 55572 160"
2012228,2012-08-22,1,0,8,108,"1 0 8 1 1 7 1 1 58127860 21294 1000 0 320 27179 160"
2012229,2012-08-23,1,4,9,149,"1 4 9 5 3 5 1 1 57897730 23948 1000 0 320 56711 160"
2012230,2012-08-24,3,3,3,333,"3 3 3 4 0 6 1 1 58172484 51135 1000 0 320 0 160"
2012231,2012-08-25,9,0,8,908,"9 0 8 3 9 9 1 1 51221756 9059 1000 0 320 21794 160"
2012232,2012-08-26,7,0,8,708,"7 0 8 9 1 8 1 1 54156200 20095 1000 0 320 27278 160"
2012233,2012-08-27,8,9,7,897,"8 9 7 1 7 6 1 1 55496296 16444 1000 0 320 22824 160"
2012234,2012-08-28,4,1,8,418,"4 1 8 2 1 9 1 1 52765522 20527 1000 0 320 32394 160"
2012235,2012-08-29,4,2,2,422,"4 2 2 1 1 7 1 1 56684618 9703 1000 17604 320 0 160"
2012236,2012-08-30,3,3,2,332,"3 3 2 4 7 6 1 1 53421492 12247 1000 13214 320 0 160"
2012237,2012-08-31,7,3,9,739,"7 3 9 5 5 8 1 1 52458696 20815 1000 0 320 33932 160"
2012238,2012-09-01,3,0,7,307,"3 0 7 3 0 2 1 1 51835464 18607 1000 0 320 28830 160"
2012239,2012-09-02,8,1,0,810,"8 1 0 0 2 8 1 1 53118134 13207 1000 0 320 34565 160"
2012240,2012-09-03,1,6,7,167,"1 6 7 2 8 7 1 1 53949220 25788 1000 0 320 60426 160"
2012241,2012-09-04,2,4,7,247,"2 4 7 8 7 5 1 1 54639998 36639 1000 0 320 70920 160"
2012242,2012-09-05,5,7,2,572,"5 7 2 6 4 4 1 1 58574176 15511 1000 0 320 33175 160"
2012243,2012-09-06,2,3,7,237,"2 3 7 3 8 4 1 1 56319246 20226 1000 0 320 32897 160"
2012244,2012-09-07,9,3,6,936,"9 3 6 8 0 5 1 1 58598432 20118 1000 0 320 60082 160"
2012245,2012-09-08,7,4,9,749,"7 4 9 0 4 4 1 1 56232350 30767 1000 0 320 44349 160"
2012246,2012-09-09,5,7,8,578,"5 7 8 1 7 1 1 1 57802822 34662 1000 0 320 60111 160"
2012247,2012-09-10,5,1,4,514,"5 1 4 7 9 2 1 1 59434022 17049 1000 0 320 37759 160"
2012248,2012-09-11,6,9,0,690,"6 9 0 3 5 4 1 1 59126310 16972 1000 0 320 44050 160"
2012249,2012-09-12,4,1,2,412,"4 1 2 8 1 8 1 1 58305150 15093 1000 0 320 34537 160"
2012250,2012-09-13,0,2,3,023,"0 2 3 7 6 6 1 1 58133322 18893 1000 0 320 33971 160"
2012251,2012-09-14,1,9,5,195,"1 9 5 8 6 6 1 1 58913288 10133 1000 0 320 39812 160"
2012252,2012-09-15,6,7,0,670,"6 7 0 7 4 7 1 1 55878790 19570 1000 0 320 45168 160"
2012253,2012-09-16,4,6,6,466,"4 6 6 2 6 1 1 1 57811664 26838 1000 30663 320 0 160"
2012254,2012-09-17,2,0,3,203,"2 0 3 1 5 8 1 1 55191684 6451 1000 0 320 11622 160"
2012255,2012-09-18,1,3,2,132,"1 3 2 1 9 9 1 1 55599644 17761 1000 0 320 47662 160"
2012256,2012-09-19,6,9,4,694,"6 9 4 5 8 6 1 1 56340880 10915 1000 0 320 34142 160"
2012257,2012-09-20,7,7,3,773,"7 7 3 8 3 0 1 1 56869490 14165 1000 21519 320 0 160"
2012258,2012-09-21,9,1,3,913,"9 1 3 9 9 0 1 1 55827560 21485 1000 0 320 32871 160"
2012259,2012-09-22,3,4,0,340,"3 4 0 4 2 0 1 1 54842152 15225 1000 0 320 28929 160"
2012260,2012-09-23,4,4,2,442,"4 4 2 9 3 4 1 1 55339478 12875 1000 15525 320 0 160"
2012261,2012-09-24,4,0,1,401,"4 0 1 7 9 0 1 1 55833724 10647 1000 0 320 24341 160"
2012262,2012-09-25,8,6,9,869,"8 6 9 1 2 9 1 1 54097952 23391 1000 0 320 44431 160"
2012263,2012-09-26,7,9,9,799,"7 9 9 4 2 2 1 1 55425330 12785 1000 12304 320 0 160"
2012264,2012-09-27,7,9,7,797,"7 9 7 2 9 1 1 1 53266258 17205 1000 14802 320 0 160"
2012265,2012-09-28,4,1,9,419,"4 1 9 9 9 3 1 1 52378954 22104 1000 0 320 28133 160"
2012266,2012-09-29,1,8,1,181,"1 8 1 9 9 6 1 1 52778890 16063 1000 12373 320 0 160"
2012267,2012-09-30,3,4,3,343,"3 4 3 9 7 1 1 1 47174602 8074 1000 7076 320 0 160"
2012268,2012-10-01,3,3,9,339,"3 3 9 9 3 4 1 1 46926176 6194 1000 9036 320 0 160"
2012269,2012-10-02,6,2,5,625,"6 2 5 2 2 8 1 1 47820694 39366 1000 0 320 85507 160"
2012270,2012-10-03,9,9,2,992,"9 9 2 1 7 3 1 1 49213170 9137 1000 6596 320 0 160"
2012271,2012-10-04,1,4,0,140,"1 4 0 9 9 0 1 1 49284294 6852 1000 0 320 21169 160"
2012272,2012-10-05,9,8,9,989,"9 8 9 3 7 5 1 1 50366616 64947 1000 32534 320 0 160"
2012273,2012-10-06,6,6,7,667,"6 6 7 8 9 8 1 1 49572990 18417 1000 13843 320 0 160"
2012274,2012-10-07,2,6,7,267,"2 6 7 6 6 9 1 1 51946266 12486 1000 0 320 31101 160"
2012275,2012-10-08,4,4,7,447,"4 4 7 0 9 7 1 1 53647444 24199 1000 17513 320 0 160"
2012276,2012-10-09,4,6,8,468,"4 6 8 9 6 9 1 1 52738288 27263 1000 0 320 47668 160"
2012277,2012-10-10,9,9,4,994,"9 9 4 4 0 7 1 1 54822308 10144 1000 10536 320 0 160"
2012278,2012-10-11,0,2,1,021,"0 2 1 0 4 1 1 1 53161970 12504 1000 0 320 36541 160"
2012279,2012-10-12,5,3,8,538,"5 3 8 9 9 1 1 1 53693586 39443 1000 0 320 86012 160"
2012280,2012-10-13,7,1,8,718,"7 1 8 8 5 5 1 1 53958868 20965 1000 0 320 34529 160"
2012281,2012-10-14,4,3,8,438,"4 3 8 3 7 7 1 1 54825392 15649 1000 0 320 41135 160"
2012282,2012-10-15,8,6,6,866,"8 6 6 7 4 6 1 1 57072966 10524 1000 10594 320 0 160"
2012283,2012-10-16,1,6,6,166,"1 6 6 2 8 0 1 1 54101140 8459 1000 9332 320 0 160"
2012284,2012-10-17,7,5,6,756,"7 5 6 7 4 4 1 1 54179432 23209 1000 0 320 48896 160"
2012285,2012-10-18,9,9,7,997,"9 9 7 3 9 1 1 1 53785342 11127 1000 8915 320 0 160"
2012286,2012-10-19,3,0,4,304,"3 0 4 2 5 2 1 1 54503738 21105 1000 0 320 37981 160"
2012287,2012-10-20,2,7,1,271,"2 7 1 1 1 1 1 1 52452020 34328 1000 0 320 50619 160"
2012288,2012-10-21,0,9,4,094,"0 9 4 7 0 8 1 1 53638022 10525 1000 0 320 34383 160"
2012289,2012-10-22,0,3,4,034,"0 3 4 8 9 7 1 1 54329394 5207 1000 0 320 9542 160"
2012290,2012-10-23,0,9,9,099,"0 9 9 2 2 5 1 1 53742714 10920 1000 18597 320 0 160"
2012291,2012-10-24,1,9,9,199,"1 9 9 3 3 9 1 1 53519024 34093 1000 20010 320 0 160"
2012292,2012-10-25,6,4,6,646,"6 4 6 6 3 0 1 1 53512726 11766 1000 11217 320 0 160"
2012293,2012-10-26,0,6,1,061,"0 6 1 8 2 8 1 1 54944732 10270 1000 0 320 20200 160"
2012294,2012-10-27,0,0,5,005,"0 0 5 2 5 3 1 1 52220488 6882 1000 9578 320 0 160"
2012295,2012-10-28,1,0,3,103,"1 0 3 8 4 7 1 1 51252872 13560 1000 0 320 25718 160"
2012296,2012-10-29,4,0,7,407,"4 0 7 1 1 0 1 1 52522760 29908 1000 0 320 46276 160"
2012297,2012-10-30,1,5,6,156,"1 5 6 8 1 4 1 1 51051516 23573 1000 0 320 54629 160"
2012298,2012-10-31,4,0,8,408,"4 0 8 7 4 1 1 1 53010722 13943 1000 0 320 22018 160"
2012299,2012-11-01,9,2,5,925,"9 2 5 0 0 3 1 1 52478904 23148 1000 0 320 43437 160"
2012300,2012-11-02,5,3,9,539,"5 3 9 7 7 8 1 1 53462378 40371 1000 0 320 40435 160"
2012301,2012-11-03,7,0,6,706,"7 0 6 8 2 5 1 1 50604998 20247 1000 0 320 33778 160"
2012302,2012-11-04,3,1,7,317,"3 1 7 3 4 6 1 1 51944908 26968 1000 0 320 42387 160"
2012303,2012-11-05,7,6,4,764,"7 6 4 7 8 6 1 1 53426970 19642 1000 0 320 38655 160"
2012304,2012-11-06,1,5,0,150,"1 5 0 5 1 1 1 1 55394942 16286 1000 0 320 43356 160"
2012305,2012-11-07,0,4,2,042,"0 4 2 7 1 1 1 1 55339586 15189 1000 0 320 33216 160"
2012306,2012-11-08,0,5,7,057,"0 5 7 5 1 8 1 1 55481364 8308 1000 0 320 27584 160"
2012307,2012-11-09,9,7,4,974,"9 7 4 4 9 3 1 1 54990574 17382 1000 0 320 35434 160"
2012308,2012-11-10,9,2,1,921,"9 2 1 3 5 3 1 1 53530204 14932 1000 0 320 32926 160"
2012309,2012-11-11,0,7,1,071,"0 7 1 7 8 7 1 1 53418768 11677 1000 0 320 35419 160"
2012310,2012-11-12,8,9,9,899,"8 9 9 9 4 0 1 1 54434864 25960 1000 16018 320 0 160"
2012311,2012-11-13,7,4,3,743,"7 4 3 9 6 1 1 1 51734498 21407 1000 0 320 46224 160"
2012312,2012-11-14,8,3,1,831,"8 3 1 3 2 6 1 1 54396994 18181 1000 0 320 50830 160"
2012313,2012-11-15,7,4,3,743,"7 4 3 8 1 1 1 1 54829592 7325 1000 0 320 15363 160"
2012314,2012-11-16,1,8,1,181,"1 8 1 6 5 3 1 1 54346628 13260 1000 13733 320 0 160"
2012315,2012-11-17,3,7,1,371,"3 7 1 6 8 2 1 1 52220412 11117 1000 0 320 30550 160"
2012316,2012-11-18,7,0,9,709,"7 0 9 1 5 8 1 1 53580714 17087 1000 0 320 32413 160"
2012317,2012-11-19,3,1,5,315,"3 1 5 8 2 0 1 1 55355774 21625 1000 0 320 31944 160"
2012318,2012-11-20,1,1,0,110,"1 1 0 3 6 9 1 1 56458124 18465 1000 11804 320 0 160"
2012319,2012-11-21,2,8,6,286,"2 8 6 1 3 7 1 1 52750524 21095 1000 0 320 76618 160"
2012320,2012-11-22,4,2,8,428,"4 2 8 8 6 0 1 1 53154366 22074 1000 0 320 29753 160"
2012321,2012-11-23,9,3,6,936,"9 3 6 4 4 9 1 1 55332950 21789 1000 0 320 64016 160"
2012322,2012-11-24,5,2,4,524,"5 2 4 8 9 1 1 1 54132414 22492 1000 0 320 42617 160"
2012323,2012-11-25,8,8,9,889,"8 8 9 6 5 6 1 1 54423964 13703 1000 13452 320 0 160"
2012324,2012-11-26,1,1,4,114,"1 1 4 1 6 6 1 1 52275614 10652 1000 9064 320 0 160"
2012325,2012-11-27,6,5,6,656,"6 5 6 9 5 3 1 1 53013304 18722 1000 16435 320 0 160"
2012326,2012-11-28,8,1,4,814,"8 1 4 9 0 8 1 1 53021488 21320 1000 0 320 45017 160"
2012327,2012-11-29,3,1,0,310,"3 1 0 0 3 2 1 1 55599244 11213 1000 0 320 31883 160"
2012328,2012-11-30,6,4,4,644,"6 4 4 2 5 2 1 1 54891466 9193 1000 14013 320 0 160"
2012329,2012-12-01,5,9,5,595,"5 9 5 1 1 9 1 1 52069012 15323 1000 15706 320 0 160"
2012330,2012-12-02,5,3,4,534,"5 3 4 4 3 9 1 1 52381398 13853 1000 0 320 48771 160"
2012331,2012-12-03,3,8,2,382,"3 8 2 5 4 0 1 1 54301018 19232 1000 0 320 53950 160"
2012332,2012-12-04,5,2,3,523,"5 2 3 5 4 9 1 1 55776516 17817 1000 0 320 32767 160"
2012333,2012-12-05,7,4,4,744,"7 4 4 2 8 5 1 1 55858848 25384 1000 35870 320 0 160"
2012334,2012-12-06,0,0,6,006,"0 0 6 2 4 6 1 1 55904562 7860 1000 9655 320 0 160"
2012335,2012-12-07,4,9,3,493,"4 9 3 3 8 0 1 1 53833042 15408 1000 0 320 34670 160"
2012336,2012-12-08,2,5,0,250,"2 5 0 9 9 1 1 1 52598160 37290 1000 0 320 37290 160"
2012337,2012-12-09,5,7,6,576,"5 7 6 5 0 4 1 1 53888406 14359 1000 0 320 40334 160"
2012338,2012-12-10,0,9,7,097,"0 9 7 9 2 2 1 1 55169390 13223 1000 0 320 31781 160"
2012339,2012-12-11,2,9,4,294,"2 9 4 2 7 4 1 1 56140364 13123 1000 0 320 48180 160"
2012340,2012-12-12,0,4,6,046,"0 4 6 3 2 1 1 1 57222062 16096 1000 0 320 39529 160"
2012341,2012-12-13,2,0,4,204,"2 0 4 5 4 8 1 1 57221054 9034 1000 0 320 14923 160"
2012342,2012-12-14,3,7,3,373,"3 7 3 7 5 5 1 1 56877712 27698 1000 33445 320 0 160"
2012343,2012-12-15,2,9,6,296,"2 9 6 2 7 5 1 1 55135200 31408 1000 0 320 61486 160"
2012344,2012-12-16,2,9,3,293,"2 9 3 0 9 3 1 1 57556922 22530 1000 0 320 38880 160"
2012345,2012-12-17,8,9,6,896,"8 9 6 4 0 8 1 1 57295440 7543 1000 0 320 27355 160"
2012346,2012-12-18,9,9,2,992,"9 9 2 1 5 2 1 1 56193060 5846 1000 11052 320 0 160"
2012347,2012-12-19,5,7,6,576,"5 7 6 6 3 7 1 1 54529252 21696 1000 0 320 43322 160"
2012348,2012-12-20,8,5,1,851,"8 5 1 2 0 0 1 1 56771626 39645 1000 0 320 69282 160"
2012349,2012-12-21,2,6,6,266,"2 6 6 0 6 7 1 1 57642998 16746 1000 14907 320 0 160"
2012350,2012-12-22,6,7,6,676,"6 7 6 8 6 1 1 1 54365036 14141 1000 15010 320 0 160"
2012351,2012-12-23,0,3,5,035,"0 3 5 2 6 1 1 1 52562192 12543 1000 0 320 31615 160"
2012352,2012-12-24,1,2,3,123,"1 2 3 9 3 1 1 1 53469096 30346 1000 0 320 41672 160"
2012353,2012-12-25,8,2,3,823,"8 2 3 2 7 4 1 1 54571240 9626 1000 0 320 31570 160"
2012354,2012-12-26,7,7,9,779,"7 7 9 5 1 5 1 1 53978424 11766 1000 13912 320 0 160"
2012355,2012-12-27,6,3,6,636,"6 3 6 1 4 7 1 1 54582120 18272 1000 15724 320 0 160"
2012356,2012-12-28,5,4,6,546,"5 4 6 0 0 1 1 1 54702274 16579 1000 0 320 43688 160"
2012357,2012-12-29,1,9,4,194,"1 9 4 8 6 7 1 1 52061170 20507 1000 0 320 56049 160"
2012358,2012-12-30,5,5,4,554,"5 5 4 2 7 5 1 1 54936926 12100 1000 19497 320 0 160"
2012359,2012-12-31,3,0,9,309,"3 0 9 9 8 0 1 1 53680650 15906 1000 0 320 31103 160"
2013001,2013-01-01,2,0,3,203,"2 0 3 1 7 4 1 1 51205406 12712 1000 0 320 23739 160"
2013002,2013-01-02,6,7,0,670,"6 7 0 7 0 1 1 1 51488516 13837 1000 0 320 35043 160"
2013003,2013-01-03,1,6,6,166,"1 6 6 1 3 3 1 1 53738774 25183 1000 27442 320 0 160"
2013004,2013-01-04,7,6,0,760,"7 6 0 0 7 5 1 1 54718238 4783 1000 0 320 13636 160"
2013005,2013-01-05,6,2,2,622,"6 2 2 2 6 9 1 1 53740252 9377 1000 12187 320 0 160"
2013006,2013-01-06,4,5,7,457,"4 5 7 9 1 1 1 1 53780150 41738 1000 0 320 64451 160"
2013007,2013-01-07,1,4,7,147,"1 4 7 6 6 9 1 1 55928164 34132 1000 0 320 53919 160"
2013008,2013-01-08,5,5,6,556,"5 5 6 2 6 4 1 1 57451894 19977 1000 17563 320 0 160"
2013009,2013-01-09,9,2,1,921,"9 2 1 0 8 8 1 1 57996374 22799 1000 0 320 30945 160"
2013010,2013-01-10,6,3,2,632,"6 3 2 1 8 0 1 1 57925506 33624 1000 0 320 60344 160"
2013011,2013-01-11,2,0,9,209,"2 0 9 6 4 7 1 1 60309854 20471 1000 0 320 24748 160"
2013012,2013-01-12,6,8,8,688,"6 8 8 7 6 2 1 1 58977958 21461 1000 30214 320 0 160"
2013013,2013-01-13,9,2,2,922,"9 2 2 1 9 2 1 1 56006754 23014 1000 21856 320 0 160"
2013014,2013-01-14,4,1,7,417,"4 1 7 6 2 2 1 1 57139268 29831 1000 0 320 46664 160"
2013015,2013-01-15,2,2,8,228,"2 2 8 4 3 1 1 1 59555910 14263 1000 15172 320 0 160"
2013016,2013-01-16,0,3,8,038,"0 3 8 7 3 9 1 1 57442828 21759 1000 0 320 44549 160"
2013017,2013-01-17,3,8,0,380,"3 8 0 7 1 8 1 1 57845866 8465 1000 0 320 12280 160"
2013018,2013-01-18,3,4,7,347,"3 4 7 9 3 4 1 1 56286508 20923 1000 0 320 52036 160"
2013019,2013-01-19,8,6,6,866,"8 6 6 2 4 8 1 1 56479968 14364 1000 19012 320 0 160"
2013020,2013-01-20,9,2,9,929,"9 2 9 2 7 5 1 1 55475778 20457 1000 29682 320 0 160"
2013021,2013-01-21,9,1,8,918,"9 1 8 0 5 9 1 1 56768302 37143 1000 0 320 43055 160"
2013022,2013-01-22,2,5,0,250,"2 5 0 4 6 7 1 1 57679674 14142 1000 0 320 36153 160"
2013023,2013-01-23,8,0,7,807,"8 0 7 4 3 3 1 1 57365368 32665 1000 0 320 41872 160"
2013024,2013-01-24,2,6,8,268,"2 6 8 4 2 8 1 1 58246060 28368 1000 0 320 56005 160"
2013025,2013-01-25,5,4,0,540,"5 4 0 6 2 2 1 1 61130992 18881 1000 0 320 39121 160"
2013026,2013-01-26,8,5,7,857,"8 5 7 1 1 9 1 1 58905784 19580 1000 0 320 32532 160"
2013027,2013-01-27,3,0,8,308,"3 0 8 5 3 1 1 1 58222760 30881 1000 0 320 25864 160"
2013028,2013-01-28,1,1,3,113,"1 1 3 9 5 8 1 1 60423552 20102 1000 20253 320 0 160"
2013029,2013-01-29,1,4,9,149,"1 4 9 7 0 7 1 1 56171078 20614 1000 0 320 39740 160"
2013030,2013-01-30,7,3,2,732,"7 3 2 3 3 9 1 1 58841292 23827 1000 0 320 50281 160"
2013031,2013-01-31,7,6,2,762,"7 6 2 7 0 4 1 1 57891658 9434 1000 0 320 50727 160"
2013032,2013-02-01,8,4,9,849,"8 4 9 0 1 8 1 1 57250484 39234 1000 0 320 55312 160"
2013033,2013-02-02,2,7,7,277,"2 7 7 7 9 6 1 1 55643734 23560 1000 20480 320 0 160"
2013034,2013-02-03,3,3,0,330,"3 3 0 3 7 0 1 1 54456032 13502 1000 13890 320 0 160"
2013035,2013-02-04,6,3,2,632,"6 3 2 4 5 0 1 1 53610406 13887 1000 0 320 37170 160"
2013036,2013-02-05,6,5,8,658,"6 5 8 4 9 1 1 1 53335498 20849 1000 0 320 53150 160"
2013037,2013-02-06,3,6,4,364,"3 6 4 2 7 6 1 1 51778416 19449 1000 0 320 36066 160"
2013038,2013-02-07,6,4,0,640,"6 4 0 1 0 4 1 1 50105204 14054 1000 0 320 29102 160"
2013039,2013-02-08,6,3,9,639,"6 3 9 4 8 5 1 1 43491876 15188 1000 0 320 36702 160"
2013040,2013-02-16,5,4,9,549,"5 4 9 2 0 1 1 1 38967932 11073 1000 0 320 23901 160"
2013041,2013-02-17,8,5,1,851,"8 5 1 5 9 0 1 1 42206558 29578 1000 0 320 57503 160"
2013042,2013-02-18,4,9,6,496,"4 9 6 1 4 9 1 1 45872886 22427 1000 0 320 25759 160"
2013043,2013-02-19,5,3,6,536,"5 3 6 0 0 9 1 1 47806124 15969 1000 0 320 34729 160"
2013044,2013-02-20,3,1,8,318,"3 1 8 1 1 0 1 1 50331618 30993 1000 0 320 45571 160"
2013045,2013-02-21,0,3,9,039,"0 3 9 7 8 0 1 1 51612576 10842 1000 0 320 24013 160"
2013046,2013-02-22,9,6,6,966,"9 6 6 9 5 5 1 1 52090038 19337 1000 24495 320 0 160"
2013047,2013-02-23,7,8,4,784,"7 8 4 0 2 0 1 1 48253090 19349 1000 0 320 44393 160"
2013048,2013-02-24,2,9,0,290,"2 9 0 7 3 4 1 1 47788424 11798 1000 0 320 11798 160"
2013049,2013-02-25,6,3,6,636,"6 3 6 1 9 3 1 1 50335224 17600 1000 18751 320 0 160"
2013050,2013-02-26,5,5,6,556,"5 5 6 1 1 7 1 1 52021244 19435 1000 20721 320 0 160"
2013051,2013-02-27,6,7,6,676,"6 7 6 7 6 6 1 1 54318922 7047 1000 9789 320 0 160"
2013052,2013-02-28,5,5,6,556,"5 5 6 7 1 2 1 1 51247670 6069 1000 6297 320 0 160"
2013053,2013-03-01,5,6,4,564,"5 6 4 2 5 9 1 1 50047710 12137 1000 0 320 48354 160"
2013054,2013-03-02,4,9,7,497,"4 9 7 5 2 5 1 1 50454958 23465 1000 0 320 53533 160"
2013055,2013-03-03,4,5,6,456,"4 5 6 4 8 2 1 1 52651292 24679 1000 0 320 25491 160"
2013056,2013-03-04,1,3,9,139,"1 3 9 7 4 3 1 1 53947372 38462 1000 0 320 67400 160"
2013057,2013-03-05,2,4,3,243,"2 4 3 2 9 1 1 1 56736106 17012 1000 0 320 40014 160"
2013058,2013-03-06,0,8,2,082,"0 8 2 0 4 7 1 1 56366870 14035 1000 0 320 47059 160"
2013059,2013-03-07,2,5,1,251,"2 5 1 2 9 1 1 1 56973490 17008 1000 0 320 42073 160"
2013060,2013-03-08,5,4,9,549,"5 4 9 7 4 3 1 1 56593202 15694 1000 0 320 35695 160"
2013061,2013-03-09,6,7,5,675,"6 7 5 0 6 9 1 1 55177344 26269 1000 0 320 46244 160"
2013062,2013-03-10,6,6,9,669,"6 6 9 2 5 2 1 1 54074636 18670 1000 18652 320 0 160"
2013063,2013-03-11,6,4,1,641,"6 4 1 6 0 3 1 1 54223942 14831 1000 0 320 49447 160"
2013064,2013-03-12,1,7,6,176,"1 7 6 4 7 6 1 1 54961150 23039 1000 0 320 35554 160"
2013065,2013-03-13,3,2,8,328,"3 2 8 2 2 2 1 1 55330984 64229 1000 0 320 91698 160"
2013066,2013-03-14,0,4,1,041,"0 4 1 3 5 3 1 1 58223938 10460 1000 0 320 30920 160"
2013067,2013-03-15,8,3,2,832,"8 3 2 4 6 5 1 1 58134722 14293 1000 0 320 25118 160"
2013068,2013-03-16,7,7,0,770,"7 7 0 3 9 5 1 1 55694510 18922 1000 23245 320 0 160"
2013069,2013-03-17,1,1,5,115,"1 1 5 5 3 6 1 1 54609822 15499 1000 12693 320 0 160"
2013070,2013-03-18,2,3,5,235,"2 3 5 9 3 0 1 1 54080092 32403 1000 0 320 55755 160"
2013071,2013-03-19,3,6,0,360,"3 6 0 6 8 2 1 1 56808112 34340 1000 0 320 54690 160"
2013072,2013-03-20,8,3,1,831,"8 3 1 5 6 5 1 1 58030932 15963 1000 0 320 40277 160"
2013073,2013-03-21,2,2,2,222,"2 2 2 0 3 8 1 1 60128994 80133 1000 0 320 0 160"
2013074,2013-03-22,2,8,8,288,"2 8 8 0 7 2 1 1 54718670 11482 1000 14184 320 0 160"
2013075,2013-03-23,6,1,7,617,"6 1 7 5 5 5 1 1 52736716 20450 1000 0 320 36732 160"
2013076,2013-03-24,1,7,4,174,"1 7 4 1 6 9 1 1 56419230 13960 1000 0 320 37047 160"
2013077,2013-03-25,1,8,4,184,"1 8 4 8 8 9 1 1 59454290 9216 1000 0 320 30869 160"
2013078,2013-03-26,0,3,2,032,"0 3 2 1 3 4 1 1 58070700 13393 1000 0 320 47511 160"
2013079,2013-03-27,7,8,0,780,"7 8 0 4 2 4 1 1 58510720 14149 1000 0 320 31166 160"
2013080,2013-03-28,4,6,6,466,"4 6 6 7 8 8 1 1 58736374 19998 1000 21227 320 0 160"
2013081,2013-03-29,8,5,7,857,"8 5 7 3 7 2 1 1 58330284 15838 1000 0 320 39669 160"
2013082,2013-03-30,2,4,9,249,"2 4 9 4 1 9 1 1 55883762 32707 1000 0 320 56891 160"
2013083,2013-03-31,6,0,2,602,"6 0 2 5 3 7 1 1 57614130 16032 1000 0 320 24748 160"
2013084,2013-04-01,7,2,1,721,"7 2 1 5 5 5 1 1 58118434 21142 1000 0 320 41500 160"
2013085,2013-04-02,6,9,3,693,"6 9 3 7 0 0 1 1 58105884 9513 1000 0 320 52796 160"
2013086,2013-04-03,8,9,5,895,"8 9 5 7 0 7 1 1 57458402 14821 1000 0 320 40459 160"
2013087,2013-04-04,0,3,4,034,"0 3 4 8 0 4 1 1 53773954 11477 1000 0 320 35472 160"
2013088,2013-04-05,3,8,1,381,"3 8 1 6 9 3 1 1 54916814 17336 1000 0 320 38192 160"
2013089,2013-04-06,1,9,2,192,"1 9 2 4 0 5 1 1 56375304 18243 1000 0 320 35809 160"
2013090,2013-04-07,9,5,5,955,"9 5 5 2 6 2 1 1 59730012 28993 1000 20874 320 0 160"
2013091,2013-04-08,1,3,7,137,"1 3 7 6 6 8 1 1 56447310 23342 1000 0 320 38379 160"
2013092,2013-04-09,6,3,2,632,"6 3 2 5 8 5 1 1 57521316 19276 1000 0 320 52486 160"
2013093,2013-04-10,7,3,7,737,"7 3 7 1 5 8 1 1 59076588 33661 1000 24254 320 0 160"
2013094,2013-04-11,0,2,8,028,"0 2 8 4 2 3 1 1 54431016 19563 1000 0 320 49329 160"
2013095,2013-04-12,2,1,5,215,"2 1 5 1 2 5 1 1 56759410 45190 1000 0 320 62544 160"
2013096,2013-04-13,0,3,9,039,"0 3 9 2 8 1 1 1 55345358 17033 1000 0 320 41590 160"
2013097,2013-04-14,7,9,2,792,"7 9 2 4 2 0 1 1 56141016 15574 1000 0 320 32013 160"
2013098,2013-04-15,7,5,9,759,"7 5 9 7 3 0 1 1 57282494 11617 1000 0 320 31804 160"
2013099,2013-04-16,4,5,0,450,"4 5 0 8 4 9 1 1 56936026 17936 1000 0 320 51861 160"
2013100,2013-04-17,3,3,8,338,"3 3 8 4 4 6 1 1 57218932 25960 1000 31130 320 0 160"
2013101,2013-04-18,9,2,1,921,"9 2 1 6 3 4 1 1 54734762 19221 1000 0 320 49593 160"
2013102,2013-04-19,5,3,6,536,"5 3 6 0 6 6 1 1 56561892 20739 1000 0 320 53807 160"
2013103,2013-04-20,2,0,3,203,"2 0 3 2 6 2 1 1 54303116 15879 1000 0 320 25452 160"
2013104,2013-04-21,0,1,4,014,"0 1 4 9 2 4 1 1 54329426 16758 1000 0 320 28322 160"
2013105,2013-04-22,4,8,4,484,"4 8 4 9 3 0 1 1 55980892 16287 1000 19117 320 0 160"
2013106,2013-04-23,4,9,2,492,"4 9 2 4 9 4 1 1 54084550 20799 1000 0 320 37196 160"
2013107,2013-04-24,9,8,5,985,"9 8 5 9 6 9 1 1 55889962 11212 1000 0 320 37118 160"
2013108,2013-04-25,3,4,3,343,"3 4 3 2 3 9 1 1 55143700 17255 1000 14065 320 0 160"
2013109,2013-04-26,1,6,7,167,"1 6 7 1 8 3 1 1 55036706 58655 1000 0 320 107940 160"
2013110,2013-04-27,4,1,8,418,"4 1 8 7 6 8 1 1 57118496 35432 1000 0 320 56038 160"
2013111,2013-04-28,4,6,6,466,"4 6 6 9 6 0 1 1 57364056 11598 1000 16506 320 0 160"
2013112,2013-04-29,9,9,6,996,"9 9 6 6 2 5 1 1 51053390 9203 1000 9648 320 0 160"
2013113,2013-04-30,8,3,6,836,"8 3 6 8 4 8 1 1 49058762 28827 1000 0 320 73344 160"
2013114,2013-05-01,1,7,1,171,"1 7 1 2 1 1 1 1 50112036 13462 1000 15086 320 0 160"
2013115,2013-05-02,9,0,1,901,"9 0 1 3 4 9 1 1 52033944 26153 1000 0 320 55766 160"
2013116,2013-05-03,4,0,7,407,"4 0 7 6 5 8 1 1 51945998 15554 1000 0 320 43348 160"
2013117,2013-05-04,8,0,8,808,"8 0 8 1 9 4 1 1 51097094 17258 1000 14533 320 0 160"
2013118,2013-05-05,3,9,3,393,"3 9 3 7 5 7 1 1 51385794 19885 1000 21192 320 0 160"
2013119,2013-05-06,4,5,1,451,"4 5 1 1 7 1 1 1 53194996 14129 1000 0 320 50229 160"
2013120,2013-05-07,5,6,9,569,"5 6 9 0 8 3 1 1 52533936 35963 1000 0 320 42995 160"
2013121,2013-05-08,0,7,3,073,"0 7 3 1 8 3 1 1 52822504 9200 1000 0 320 27432 160"
2013122,2013-05-09,4,6,5,465,"4 6 5 3 8 6 1 1 53486726 17658 1000 0 320 56105 160"
2013123,2013-05-10,8,3,2,832,"8 3 2 3 5 8 1 1 54313932 44224 1000 0 320 81595 160"
2013124,2013-05-11,9,6,3,963,"9 6 3 9 8 8 1 1 53532440 15706 1000 0 320 52118 160"
2013125,2013-05-12,5,1,0,510,"5 1 0 4 8 2 1 1 53256156 18776 1000 0 320 26435 160"
2013126,2013-05-13,4,1,0,410,"4 1 0 2 6 5 1 1 54294900 9873 1000 0 320 21141 160"
2013127,2013-05-14,6,6,7,667,"6 6 7 3 7 5 1 1 52820314 19377 1000 21624 320 0 160"
2013128,2013-05-15,8,4,9,849,"8 4 9 7 8 3 1 1 51428752 22047 1000 0 320 40576 160"
2013129,2013-05-16,0,2,0,020,"0 2 0 5 2 8 1 1 53932556 10832 1000 10672 320 0 160"
2013130,2013-05-17,9,9,1,991,"9 9 1 7 2 2 1 1 50778870 8138 1000 9510 320 0 160"
2013131,2013-05-18,7,9,8,798,"7 9 8 3 5 4 1 1 47537386 22548 1000 0 320 42975 160"
2013132,2013-05-19,1,5,5,155,"1 5 5 9 2 9 1 1 48803698 14113 1000 11471 320 0 160"
2013133,2013-05-20,3,2,9,329,"3 2 9 2 6 3 1 1 49978068 30061 1000 0 320 52487 160"
2013134,2013-05-21,2,2,8,228,"2 2 8 9 6 2 1 1 51968206 15637 1000 16877 320 0 160"
2013135,2013-05-22,8,5,0,850,"8 5 0 0 1 8 1 1 49863468 17445 1000 0 320 42389 160"
2013136,2013-05-23,2,3,1,231,"2 3 1 1 9 8 1 1 50761102 20113 1000 0 320 33628 160"
2013137,2013-05-24,6,2,7,627,"6 2 7 1 0 6 1 1 52127046 41670 1000 0 320 66059 160"
2013138,2013-05-25,5,7,9,579,"5 7 9 0 1 7 1 1 50871788 23034 1000 0 320 35991 160"
2013139,2013-05-26,9,0,7,907,"9 0 7 9 5 0 1 1 51984940 12922 1000 0 320 23259 160"
2013140,2013-05-27,5,9,2,592,"5 9 2 5 6 5 1 1 53282804 12953 1000 0 320 24305 160"
2013141,2013-05-28,7,8,2,782,"7 8 2 4 0 4 1 1 53522782 32452 1000 0 320 48392 160"
2013142,2013-05-29,9,3,0,930,"9 3 0 6 2 7 1 1 51612554 9875 1000 0 320 21693 160"
2013143,2013-05-30,0,6,0,060,"0 6 0 9 6 8 1 1 51785116 10252 1000 10291 320 0 160"
2013144,2013-05-31,8,9,0,890,"8 9 0 4 3 3 1 1 48910892 21650 1000 0 320 23477 160"
2013145,2013-06-01,3,8,9,389,"3 8 9 0 3 3 1 1 47240968 19753 1000 0 320 22097 160"
2013146,2013-06-02,4,6,4,464,"4 6 4 0 1 9 1 1 49227664 14208 1000 20479 320 0 160"
2013147,2013-06-03,8,4,3,843,"8 4 3 3 3 1 1 1 49188316 21440 1000 0 320 45919 160"
2013148,2013-06-04,8,2,5,825,"8 2 5 0 2 5 1 1 49546152 27116 1000 0 320 73487 160"
2013149,2013-06-05,4,5,2,452,"4 5 2 3 5 1 1 1 50811430 24756 1000 0 320 32091 160"
2013150,2013-06-06,7,3,6,736,"7 3 6 9 4 6 1 1 51195058 92078 1000 0 320 131841 160"
2013151,2013-06-07,9,4,3,943,"9 4 3 5 1 4 1 1 54270796 24244 1000 0 320 40176 160"
2013152,2013-06-08,1,4,9,149,"1 4 9 3 4 2 1 1 54528784 22260 1000 0 320 33804 160"
2013153,2013-06-09,2,8,8,288,"2 8 8 1 4 5 1 1 53115290 17262 1000 19188 320 0 160"
2013154,2013-06-10,3,4,9,349,"3 4 9 1 6 4 1 1 49097680 10086 1000 0 320 15498 160"
2013155,2013-06-11,2,9,6,296,"2 9 6 5 6 6 1 1 48540036 20518 1000 0 320 44224 160"
2013156,2013-06-12,7,7,5,775,"7 7 5 4 4 6 1 1 48972954 16541 1000 22127 320 0 160"
2013157,2013-06-13,3,8,3,383,"3 8 3 1 2 0 1 1 50328028 14439 1000 14016 320 0 160"
2013158,2013-06-14,6,1,3,613,"6 1 3 0 2 7 1 1 51547480 29450 1000 0 320 51202 160"
2013159,2013-06-15,0,9,8,098,"0 9 8 3 0 7 1 1 51012658 11207 1000 0 320 27159 160"
2013160,2013-06-16,2,1,0,210,"2 1 0 5 2 8 1 1 50080826 11210 1000 0 320 27569 160"
2013161,2013-06-17,5,3,7,537,"5 3 7 3 5 7 1 1 48359420 45123 1000 0 320 53063 160"
2013162,2013-06-18,2,9,2,292,"2 9 2 6 1 9 1 1 51562818 11998 1000 19978 320 0 160"
2013163,2013-06-19,1,0,4,104,"1 0 4 8 9 9 1 1 50021706 16905 1000 0 320 23188 160"
2013164,2013-06-20,7,3,2,732,"7 3 2 3 8 3 1 1 50149378 18633 1000 0 320 52373 160"
2013165,2013-06-21,3,0,0,300,"3 0 0 9 5 9 1 1 51788378 8238 1000 7225 320 0 160"
2013166,2013-06-22,0,4,2,042,"0 4 2 3 7 6 1 1 46130978 8526 1000 0 320 26704 160"
2013167,2013-06-23,2,4,2,242,"2 4 2 5 5 0 1 1 47917318 13111 1000 12799 320 0 160"
2013168,2013-06-24,5,5,6,556,"5 5 6 8 2 8 1 1 47399792 13823 1000 13798 320 0 160"
2013169,2013-06-25,3,4,4,344,"3 4 4 9 7 5 1 1 48195230 11429 1000 11651 320 0 160"
2013170,2013-06-26,1,2,8,128,"1 2 8 7 0 0 1 1 48298332 22044 1000 0 320 42631 160"
2013171,2013-06-27,8,9,0,890,"8 9 0 4 2 8 1 1 49365826 20320 1000 0 320 46057 160"
2013172,2013-06-28,4,0,6,406,"4 0 6 1 5 1 1 1 50230274 31630 1000 0 320 40390 160"
2013173,2013-06-29,5,0,6,506,"5 0 6 0 9 5 1 1 49557644 15800 1000 0 320 24745 160"
2013174,2013-06-30,7,1,4,714,"7 1 4 1 3 9 1 1 48332742 36508 1000 0 320 71173 160"
2013175,2013-07-01,1,8,5,185,"1 8 5 1 7 3 1 1 50229052 27855 1000 0 320 49368 160"
2013176,2013-07-02,3,0,7,307,"3 0 7 5 4 0 1 1 50626150 13079 1000 0 320 24608 160"
2013177,2013-07-03,1,6,9,169,"1 6 9 0 1 8 1 1 51330434 20332 1000 0 320 59440 160"
2013178,2013-07-04,9,2,7,927,"9 2 7 0 2 4 1 1 51997938 31062 1000 0 320 48587 160"
2013179,2013-07-05,3,6,8,368,"3 6 8 1 2 1 1 1 53343650 27523 1000 0 320 57035 160"
2013180,2013-07-06,6,4,2,642,"6 4 2 0 4 1 1 1 53240908 26734 1000 0 320 32121 160"
2013181,2013-07-07,2,4,8,248,"2 4 8 9 2 9 1 1 53635916 11914 1000 0 320 24213 160"
2013182,2013-07-08,9,4,4,944,"9 4 4 1 8 9 1 1 54583536 9672 1000 17940 320 0 160"
2013183,2013-07-09,6,9,3,693,"6 9 3 1 9 2 1 1 50037916 14305 1000 0 320 45877 160"
2013184,2013-07-10,4,8,7,487,"4 8 7 4 8 8 1 1 50528942 19219 1000 0 320 47955 160"
2013185,2013-07-11,9,1,6,916,"9 1 6 1 0 3 1 1 51027762 13977 1000 0 320 24819 160"
2013186,2013-07-12,1,7,0,170,"1 7 0 9 8 0 1 1 52191654 20807 1000 0 320 44462 160"
2013187,2013-07-13,1,8,8,188,"1 8 8 7 5 8 1 1 49249794 13523 1000 19993 320 0 160"
2013188,2013-07-14,0,2,0,020,"0 2 0 8 7 4 1 1 48601326 4647 1000 5599 320 0 160"
2013189,2013-07-15,0,2,6,026,"0 2 6 4 3 5 1 1 47072312 4891 1000 0 320 21763 160"
2013190,2013-07-16,7,1,9,719,"7 1 9 2 3 1 1 1 47560468 18727 1000 0 320 40267 160"
2013191,2013-07-17,3,1,5,315,"3 1 5 0 4 8 1 1 49663388 24582 1000 0 320 55396 160"
2013192,2013-07-18,1,7,0,170,"1 7 0 0 3 1 1 1 49931280 6440 1000 0 320 20377 160"
2013193,2013-07-19,4,9,3,493,"4 9 3 3 3 9 1 1 51828136 23204 1000 0 320 54577 160"
2013194,2013-07-20,8,0,6,806,"8 0 6 4 2 7 1 1 49689328 32614 1000 0 320 37010 160"
2013195,2013-07-21,3,9,8,398,"3 9 8 6 6 7 1 1 51744134 13065 1000 0 320 31818 160"
2013196,2013-07-22,1,0,0,100,"1 0 0 9 3 6 1 1 51719348 23071 1000 16693 320 0 160"
2013197,2013-07-23,1,1,5,115,"1 1 5 1 0 9 1 1 47863562 9690 1000 12642 320 0 160"
2013198,2013-07-24,5,6,6,566,"5 6 6 9 7 4 1 1 48377452 11300 1000 11820 320 0 160"
2013199,2013-07-25,8,1,4,814,"8 1 4 2 2 9 1 1 47643064 18402 1000 0 320 33649 160"
2013200,2013-07-26,5,7,3,573,"5 7 3 9 7 0 1 1 49525736 20775 1000 0 320 66139 160"
2013201,2013-07-27,4,9,8,498,"4 9 8 8 3 4 1 1 48388210 18323 1000 0 320 30400 160"
2013202,2013-07-28,6,0,3,603,"6 0 3 0 9 6 1 1 49564312 23064 1000 0 320 47722 160"
2013203,2013-07-29,3,0,0,300,"3 0 0 1 5 4 1 1 50710596 8402 1000 8012 320 0 160"
2013204,2013-07-30,5,0,6,506,"5 0 6 0 3 3 1 1 48552028 11349 1000 0 320 26093 160"
2013205,2013-07-31,7,9,8,798,"7 9 8 0 3 1 1 1 50439752 26717 1000 0 320 50341 160"
2013206,2013-08-01,4,9,3,493,"4 9 3 6 6 7 1 1 47009482 15370 1000 0 320 35951 160"
2013207,2013-08-02,4,7,3,473,"4 7 3 2 5 5 1 1 51995032 12662 1000 0 320 36635 160"
2013208,2013-08-03,0,4,4,044,"0 4 4 0 9 4 1 1 49673960 9225 1000 9963 320 0 160"
2013209,2013-08-04,9,2,8,928,"9 2 8 1 5 7 1 1 47521646 27096 1000 0 320 37672 160"
2013210,2013-08-05,1,3,9,139,"1 3 9 5 7 7 1 1 49674864 41817 1000 0 320 55266 160"
2013211,2013-08-06,7,4,9,749,"7 4 9 7 3 5 1 1 50673604 15266 1000 0 320 33437 160"
2013212,2013-08-07,0,8,2,082,"0 8 2 9 4 3 1 1 50631466 14198 1000 0 320 40207 160"
2013213,2013-08-08,6,6,0,660,"6 6 0 3 1 4 1 1 51422732 22360 1000 21048 320 0 160"
2013214,2013-08-09,8,2,6,826,"8 2 6 5 9 8 1 1 50719044 21671 1000 0 320 41360 160"
2013215,2013-08-10,1,5,7,157,"1 5 7 9 9 4 1 1 50010648 26578 1000 0 320 72517 160"
2013216,2013-08-11,3,8,3,383,"3 8 3 5 5 2 1 1 51420732 24584 1000 19957 320 0 160"
2013217,2013-08-12,9,6,5,965,"9 6 5 9 3 4 1 1 52890082 13611 1000 0 320 31263 160"
2013218,2013-08-13,1,1,2,112,"1 1 2 2 7 7 1 1 52338032 16163 1000 19530 320 0 160"
2013219,2013-08-14,2,3,2,232,"2 3 2 1 2 8 1 1 51490344 14607 1000 13889 320 0 160"
2013220,2013-08-15,6,3,0,630,"6 3 0 9 9 3 1 1 51442686 17678 1000 0 320 52215 160"
2013221,2013-08-16,9,9,9,999,"9 9 9 5 5 9 1 1 52741656 78403 1000 0 320 0 160"
2013222,2013-08-17,2,6,0,260,"2 6 0 2 6 4 1 1 46680080 6817 1000 0 320 15111 160"
2013223,2013-08-18,8,1,1,811,"8 1 1 6 4 5 1 1 49736780 30998 1000 12974 320 0 160"
2013224,2013-08-19,5,7,9,579,"5 7 9 4 9 8 1 1 47180932 20704 1000 0 320 26798 160"
2013225,2013-08-20,8,8,4,884,"8 8 4 1 8 6 1 1 49007036 8352 1000 12435 320 0 160"
2013226,2013-08-21,5,5,0,550,"5 5 0 4 4 5 1 1 48448390 9828 1000 10935 320 0 160"
2013227,2013-08-22,4,2,7,427,"4 2 7 9 8 2 1 1 47351782 54140 1000 0 320 51560 160"
2013228,2013-08-23,4,1,0,410,"4 1 0 6 1 1 1 1 50778150 15882 1000 0 320 28074 160"
2013229,2013-08-24,0,0,3,003,"0 0 3 1 7 0 1 1 47307774 14286 1000 11256 320 0 160"
2013230,2013-08-25,9,6,2,962,"9 6 2 3 8 1 1 1 45781728 19507 1000 0 320 44326 160"
2013231,2013-08-26,4,6,8,468,"4 6 8 4 0 3 1 1 49444646 19430 1000 0 320 45191 160"
2013232,2013-08-27,4,4,1,441,"4 4 1 5 7 1 1 1 50169576 15737 1000 18825 320 0 160"
2013233,2013-08-28,3,6,7,367,"3 6 7 9 7 2 1 1 48461790 24241 1000 0 320 54116 160"
2013234,2013-08-29,8,4,6,846,"8 4 6 2 1 9 1 1 49816190 7602 1000 0 320 17155 160"
2013235,2013-08-30,6,2,5,625,"6 2 5 7 5 8 1 1 50810722 30569 1000 0 320 41562 160"
2013236,2013-08-31,7,1,4,714,"7 1 4 2 0 9 1 1 49064840 36014 1000 0 320 62697 160"
2013237,2013-09-01,8,7,4,874,"8 7 4 2 7 1 1 1 50383608 7763 1000 0 320 18976 160"
2013238,2013-09-02,1,1,7,117,"1 1 7 3 1 2 1 1 50572426 12373 1000 12810 320 0 160"
2013239,2013-09-03,0,9,1,091,"0 9 1 7 7 2 1 1 48853076 25593 1000 0 320 63436 160"
2013240,2013-09-04,5,6,9,569,"5 6 9 4 3 2 1 1 49479440 23766 1000 0 320 31128 160"
2013241,2013-09-05,7,1,8,718,"7 1 8 9 6 1 1 1 50969252 23340 1000 0 320 37282 160"
2013242,2013-09-06,5,2,8,528,"5 2 8 8 8 0 1 1 51918258 35915 1000 0 320 75681 160"
2013243,2013-09-07,3,6,1,361,"3 6 1 1 5 3 1 1 50162912 19648 1000 0 320 34465 160"
2013244,2013-09-08,3,9,3,393,"3 9 3 9 5 5 1 1 51159172 15164 1000 20453 320 0 160"
2013245,2013-09-09,7,4,2,742,"7 4 2 9 4 1 1 1 49860396 15615 1000 0 320 59091 160"
2013246,2013-09-10,9,0,6,906,"9 0 6 7 3 5 1 1 51719274 17640 1000 0 320 29483 160"
2013247,2013-09-11,5,5,9,559,"5 5 9 6 3 7 1 1 52062482 12846 1000 10718 320 0 160"
2013248,2013-09-12,1,1,5,115,"1 1 5 6 1 7 1 1 50868860 11299 1000 7711 320 0 160"
2013249,2013-09-13,3,0,7,307,"3 0 7 9 1 4 1 1 51072380 18299 1000 0 320 38550 160"
2013250,2013-09-14,9,0,4,904,"9 0 4 5 5 7 1 1 49180430 17759 1000 0 320 29479 160"
2013251,2013-09-15,7,5,3,753,"7 5 3 1 4 1 1 1 50850712 15386 1000 0 320 35530 160"
2013252,2013-09-16,5,7,3,573,"5 7 3 7 2 0 1 1 52079762 11160 1000 0 320 11278 160"
2013253,2013-09-17,6,8,3,683,"6 8 3 5 5 6 1 1 50720538 14562 1000 0 320 47374 160"
2013254,2013-09-18,9,5,6,956,"9 5 6 4 8 9 1 1 49934528 23947 1000 0 320 42684 160"
2013255,2013-09-19,2,9,5,295,"2 9 5 0 5 9 1 1 47728438 12383 1000 0 320 35769 160"
2013256,2013-09-20,5,9,8,598,"5 9 8 7 5 2 1 1 50103172 8630 1000 0 320 16093 160"
2013257,2013-09-21,3,9,8,398,"3 9 8 0 4 4 1 1 50296442 6528 1000 0 320 17566 160"
2013258,2013-09-22,0,5,5,055,"0 5 5 7 7 6 1 1 51279710 12041 1000 19372 320 0 160"
2013259,2013-09-23,4,1,3,413,"4 1 3 3 5 7 1 1 48626018 33582 1000 0 320 46399 160"
2013260,2013-09-24,6,2,6,626,"6 2 6 1 6 3 1 1 49926712 26949 1000 21787 320 0 160"
2013261,2013-09-25,2,2,7,227,"2 2 7 2 4 7 1 1 50523564 21013 1000 21427 320 0 160"
2013262,2013-09-26,6,4,3,643,"6 4 3 8 9 5 1 1 48612154 19082 1000 0 320 52645 160"
2013263,2013-09-27,6,8,1,681,"6 8 1 7 6 6 1 1 50606338 19829 1000 0 320 68987 160"
2013264,2013-09-28,7,4,8,748,"7 4 8 7 8 8 1 1 50237190 22348 1000 0 320 47449 160"
2013265,2013-09-29,3,7,3,373,"3 7 3 4 6 9 1 1 50447250 17057 1000 14022 320 0 160"
2013266,2013-09-30,5,5,2,552,"5 5 2 5 6 4 1 1 49560970 21582 1000 18536 320 0 160"
2013267,2013-10-01,0,5,1,051,"0 5 1 8 5 2 1 1 45282844 8893 1000 0 320 25647 160"
2013268,2013-10-02,4,1,4,414,"4 1 4 5 2 0 1 1 43795942 17269 1000 12595 320 0 160"
2013269,2013-10-03,1,6,6,166,"1 6 6 9 7 9 1 1 45437352 11720 1000 10031 320 0 160"
2013270,2013-10-04,2,9,5,295,"2 9 5 5 3 6 1 1 45992142 24466 1000 0 320 42262 160"
2013271,2013-10-05,3,8,5,385,"3 8 5 3 8 6 1 1 47373524 26402 1000 0 320 72041 160"
2013272,2013-10-06,3,0,9,309,"3 0 9 3 8 6 1 1 48627534 11300 1000 0 320 29988 160"
2013273,2013-10-07,5,6,8,568,"5 6 8 2 7 2 1 1 47758596 20171 1000 0 320 30043 160"
2013274,2013-10-08,6,0,0,600,"6 0 0 6 0 4 1 1 50173628 9471 1000 9201 320 0 160"
2013275,2013-10-09,2,5,0,250,"2 5 0 6 0 3 1 1 48957560 13492 1000 0 320 23030 160"
2013276,2013-10-10,9,5,4,954,"9 5 4 6 3 3 1 1 48437538 16248 1000 0 320 38538 160"
2013277,2013-10-11,3,9,3,393,"3 9 3 7 4 0 1 1 50386084 14014 1000 15537 320 0 160"
2013278,2013-10-12,1,3,4,134,"1 3 4 1 1 9 1 1 50031750 19406 1000 0 320 35266 160"
2013279,2013-10-13,4,0,9,409,"4 0 9 3 3 9 1 1 49697534 36561 1000 0 320 32411 160"
2013280,2013-10-14,1,9,4,194,"1 9 4 9 3 5 1 1 51232838 9104 1000 0 320 29813 160"
2013281,2013-10-15,0,0,5,005,"0 0 5 4 0 0 1 1 49949070 14197 1000 21246 320 0 160"
2013282,2013-10-16,8,4,6,846,"8 4 6 4 5 0 1 1 48962290 21674 1000 0 320 32337 160"
2013283,2013-10-17,5,4,7,547,"5 4 7 2 0 0 1 1 50269634 29971 1000 0 320 49565 160"
2013284,2013-10-18,1,6,9,169,"1 6 9 5 5 6 1 1 51746266 15153 1000 0 320 29105 160"
2013285,2013-10-19,1,6,5,165,"1 6 5 3 5 2 1 1 49492790 9421 1000 0 320 32188 160"
2013286,2013-10-20,1,9,2,192,"1 9 2 7 3 0 1 1 48928468 5679 1000 0 320 24205 160"
2013287,2013-10-21,2,0,0,200,"2 0 0 4 4 2 1 1 49970448 18442 1000 16359 320 0 160"
2013288,2013-10-22,7,4,8,748,"7 4 8 9 9 0 1 1 47553052 16053 1000 0 320 39680 160"
2013289,2013-10-23,7,4,0,740,"7 4 0 4 7 7 1 1 49654670 15262 1000 0 320 32068 160"
2013290,2013-10-24,3,2,3,323,"3 2 3 3 0 2 1 1 48963790 23512 1000 16314 320 0 160"
2013291,2013-10-25,6,6,7,667,"6 6 7 3 5 1 1 1 48861738 11684 1000 9881 320 0 160"
2013292,2013-10-26,0,9,3,093,"0 9 3 0 4 9 1 1 46178026 11023 1000 0 320 27039 160"
2013293,2013-10-27,9,5,6,956,"9 5 6 6 4 1 1 1 48767776 32886 1000 0 320 40447 160"
2013294,2013-10-28,1,9,8,198,"1 9 8 3 9 2 1 1 50519218 16404 1000 0 320 35337 160"
2013295,2013-10-29,3,4,2,342,"3 4 2 0 5 6 1 1 51237610 20215 1000 0 320 47652 160"
2013296,2013-10-30,9,4,3,943,"9 4 3 1 1 3 1 1 49873888 11958 1000 0 320 26497 160"
2013297,2013-10-31,8,0,3,803,"8 0 3 4 7 1 1 1 51533156 20996 1000 0 320 48761 160"
2013298,2013-11-01,7,3,2,732,"7 3 2 1 7 3 1 1 50686042 21792 1000 0 320 36158 160"
2013299,2013-11-02,2,0,7,207,"2 0 7 0 2 0 1 1 49072764 26547 1000 0 320 31744 160"
2013300,2013-11-03,3,8,3,383,"3 8 3 7 7 4 1 1 51071828 25633 1000 27952 320 0 160"
2013301,2013-11-04,7,7,6,776,"7 7 6 1 8 1 1 1 50873362 18641 1000 16899 320 0 160"
2013302,2013-11-05,8,8,2,882,"8 8 2 9 1 1 1 1 50394954 9723 1000 14026 320 0 160"
2013303,2013-11-06,2,8,9,289,"2 8 9 9 3 6 1 1 50217810 15236 1000 0 320 34760 160"
2013304,2013-11-07,2,1,2,212,"2 1 2 9 3 6 1 1 50025050 7841 1000 5752 320 0 160"
2013305,2013-11-08,8,6,0,860,"8 6 0 9 1 5 1 1 48221052 10911 1000 0 320 28494 160"
2013306,2013-11-09,2,9,1,291,"2 9 1 1 0 0 1 1 47562040 12436 1000 0 320 27919 160"
2013307,2013-11-10,6,9,4,694,"6 9 4 0 2 0 1 1 48184534 10049 1000 0 320 32242 160"
2013308,2013-11-11,3,7,8,378,"3 7 8 1 3 1 1 1 50014486 30558 1000 0 320 52660 160"
2013309,2013-11-12,9,8,2,982,"9 8 2 8 7 7 1 1 51459188 15619 1000 0 320 21973 160"
2013310,2013-11-13,2,7,1,271,"2 7 1 6 0 9 1 1 52116468 12378 1000 0 320 36566 160"
2013311,2013-11-14,3,5,8,358,"3 5 8 0 1 6 1 1 51627468 26844 1000 0 320 48947 160"
2013312,2013-11-15,7,8,4,784,"7 8 4 4 1 5 1 1 53709802 13161 1000 0 320 31942 160"
2013313,2013-11-16,8,9,8,898,"8 9 8 3 9 1 1 1 51261556 16558 1000 15326 320 0 160"
2013314,2013-11-17,7,1,1,711,"7 1 1 8 1 5 1 1 49106634 15262 1000 19416 320 0 160"
2013315,2013-11-18,8,9,9,899,"8 9 9 3 2 5 1 1 49951234 15493 1000 12302 320 0 160"
2013316,2013-11-19,0,8,8,088,"0 8 8 3 7 9 1 1 48057856 7987 1000 9755 320 0 160"
2013317,2013-11-20,1,9,7,197,"1 9 7 5 2 9 1 1 50163284 32121 1000 0 320 66420 160"
2013318,2013-11-21,2,4,4,244,"2 4 4 8 4 1 1 1 51184712 9644 1000 11662 320 0 160"
2013319,2013-11-22,4,6,0,460,"4 6 0 6 9 2 1 1 51043014 11338 1000 0 320 25498 160"
2013320,2013-11-23,5,7,3,573,"5 7 3 9 3 8 1 1 48034280 34186 1000 0 320 76841 160"
2013321,2013-11-24,9,8,7,987,"9 8 7 7 6 6 1 1 49586640 23288 1000 0 320 39155 160"
2013322,2013-11-25,6,4,8,648,"6 4 8 5 1 6 1 1 50565940 20578 1000 0 320 33111 160"
2013323,2013-11-26,1,1,4,114,"1 1 4 9 3 8 1 1 53362574 16771 1000 11359 320 0 160"
2013324,2013-11-27,1,6,7,167,"1 6 7 2 1 7 1 1 50499546 20030 1000 0 320 52171 160"
2013325,2013-11-28,8,6,3,863,"8 6 3 2 5 3 1 1 52291244 21471 1000 0 320 63101 160"
2013326,2013-11-29,2,3,3,233,"2 3 3 0 2 7 1 1 53901366 14159 1000 11671 320 0 160"
2013327,2013-11-30,4,0,5,405,"4 0 5 2 8 1 1 1 49747718 33173 1000 0 320 47418 160"
2013328,2013-12-01,9,5,7,957,"9 5 7 8 0 9 1 1 51567730 21625 1000 0 320 42153 160"
2013329,2013-12-02,5,2,9,529,"5 2 9 6 6 0 1 1 52562696 39796 1000 0 320 31629 160"
2013330,2013-12-03,0,0,4,004,"0 0 4 5 8 3 1 1 53387658 10087 1000 11104 320 0 160"
2013331,2013-12-04,2,2,4,224,"2 2 4 7 0 9 1 1 51715594 9372 1000 11636 320 0 160"
2013332,2013-12-05,4,2,3,423,"4 2 3 2 4 3 1 1 51518764 13329 1000 0 320 34839 160"
2013333,2013-12-06,7,8,9,789,"7 8 9 4 4 4 1 1 51838676 19910 1000 0 320 29897 160"
2013334,2013-12-07,6,8,0,680,"6 8 0 8 5 7 1 1 49381314 9212 1000 0 320 30941 160"
2013335,2013-12-08,0,0,8,008,"0 0 8 3 5 2 1 1 51332722 8464 1000 8756 320 0 160"
2013336,2013-12-09,4,2,3,423,"4 2 3 7 4 9 1 1 50453982 10031 1000 0 320 36889 160"
2013337,2013-12-10,0,3,0,030,"0 3 0 2 9 3 1 1 52612902 9094 1000 9321 320 0 160"
2013338,2013-12-11,5,1,7,517,"5 1 7 0 9 0 1 1 49595356 67055 1000 0 320 95367 160"
2013339,2013-12-12,8,6,7,867,"8 6 7 3 2 1 1 1 51471180 14754 1000 0 320 46446 160"
2013340,2013-12-13,8,0,5,805,"8 0 5 9 6 1 1 1 51392076 11808 1000 0 320 25009 160"
2013341,2013-12-14,9,8,0,980,"9 8 0 5 2 8 1 1 49851434 14157 1000 0 320 43439 160"
2013342,2013-12-15,8,9,9,899,"8 9 9 6 1 7 1 1 50185342 14102 1000 13286 320 0 160"
2013343,2013-12-16,7,7,6,776,"7 7 6 1 5 7 1 1 48577338 33288 1000 24284 320 0 160"
2013344,2013-12-17,1,4,9,149,"1 4 9 3 5 4 1 1 50558398 21141 1000 0 320 36040 160"
2013345,2013-12-18,0,7,2,072,"0 7 2 2 0 9 1 1 51951616 10927 1000 0 320 36461 160"
2013346,2013-12-19,0,1,9,019,"0 1 9 0 2 7 1 1 52939898 14937 1000 0 320 44513 160"
2013347,2013-12-20,5,5,4,554,"5 5 4 3 9 2 1 1 52460926 15557 1000 14131 320 0 160"
2013348,2013-12-21,5,7,4,574,"5 7 4 2 1 8 1 1 49751314 10476 1000 0 320 25590 160"
2013349,2013-12-22,5,2,4,524,"5 2 4 0 8 2 1 1 50242970 10082 1000 0 320 22218 160"
2013350,2013-12-23,3,2,2,322,"3 2 2 3 6 7 1 1 49793344 13228 1000 18021 320 0 160"
2013351,2013-12-24,7,2,6,726,"7 2 6 0 1 6 1 1 49368358 26265 1000 0 320 53509 160"
2013352,2013-12-25,1,7,6,176,"1 7 6 5 8 4 1 1 51516790 12593 1000 0 320 33602 160"
2013353,2013-12-26,1,8,5,185,"1 8 5 9 8 9 1 1 52915212 17650 1000 0 320 48814 160"
2013354,2013-12-27,0,2,4,024,"0 2 4 6 9 1 1 1 53670416 11857 1000 0 320 24456 160"
2013355,2013-12-28,2,9,3,293,"2 9 3 8 2 5 1 1 50684558 17331 1000 0 320 36362 160"
2013356,2013-12-29,1,6,4,164,"1 6 4 5 0 6 1 1 52582086 9957 1000 0 320 41975 160"
2013357,2013-12-30,3,2,0,320,"3 2 0 6 3 3 1 1 54169102 16946 1000 0 320 33867 160"
2013358,2013-12-31,9,6,8,968,"9 6 8 7 7 1 1 1 55034802 22774 1000 0 320 42421 160"
2014001,2014-01-01,6,8,7,687,"6 8 7 1 9 6 1 1 50650400 15638 1000 0 320 36452 160"
2014002,2014-01-02,6,3,4,634,"6 3 4 2 2 8 1 1 54252668 12367 1000 0 320 35465 160"
2014003,2014-01-03,6,4,3,643,"6 4 3 1 0 5 1 1 54487812 6017 1000 0 320 11430 160"
2014004,2014-01-04,9,5,5,955,"9 5 5 6 3 2 1 1 52258512 28167 1000 30966 320 0 160"
2014005,2014-01-05,7,5,5,755,"7 5 5 6 2 4 1 1 50874566 8646 1000 14507 320 0 160"
2014006,2014-01-06,9,9,2,992,"9 9 2 4 0 2 1 1 50911850 7705 1000 12695 320 0 160"
2014007,2014-01-07,2,8,3,283,"2 8 3 4 9 7 1 1 50817158 24407 1000 0 320 47842 160"
2014008,2014-01-08,5,9,0,590,"5 9 0 6 2 3 1 1 52167368 14573 1000 0 320 26593 160"
2014009,2014-01-09,4,3,2,432,"4 3 2 2 1 1 1 1 52673576 10866 1000 0 320 33504 160"
2014010,2014-01-10,6,4,5,645,"6 4 5 0 7 3 1 1 52135932 16910 1000 0 320 40232 160"
2014011,2014-01-11,3,1,9,319,"3 1 9 0 1 8 1 1 51948648 25740 1000 0 320 34502 160"
2014012,2014-01-12,3,6,8,368,"3 6 8 9 6 8 1 1 52496122 25988 1000 0 320 40887 160"
2014013,2014-01-13,6,1,3,613,"6 1 3 8 7 1 1 1 54290432 11165 1000 0 320 22872 160"
2014014,2014-01-14,9,4,5,945,"9 4 5 7 2 8 1 1 53671030 30472 1000 0 320 53039 160"
2014015,2014-01-15,7,4,2,742,"7 4 2 6 4 0 1 1 56161526 20988 1000 0 320 57795 160"
2014016,2014-01-16,2,2,4,224,"2 2 4 9 8 9 1 1 57758882 17610 1000 17832 320 0 160"
2014017,2014-01-17,0,5,7,057,"0 5 7 0 9 2 1 1 55453410 45116 1000 0 320 64867 160"
2014018,2014-01-18,4,7,4,474,"4 7 4 3 7 1 1 1 51495026 23374 1000 16492 320 0 160"
2014019,2014-01-19,6,1,0,610,"6 1 0 5 9 8 1 1 51068002 19388 1000 0 320 32032 160"
2014020,2014-01-20,0,8,7,087,"0 8 7 5 2 7 1 1 51250442 9048 1000 0 320 31284 160"
2014021,2014-01-21,8,7,5,875,"8 7 5 9 8 5 1 1 50719312 15290 1000 0 320 35743 160"
2014022,2014-01-22,9,6,9,969,"9 6 9 3 9 1 1 1 51684262 26403 1000 20763 320 0 160"
2014023,2014-01-23,3,0,3,303,"3 0 3 8 7 9 1 1 50982982 17847 1000 14205 320 0 160"
2014024,2014-01-24,3,4,4,344,"3 4 4 8 8 3 1 1 50375718 23593 1000 22071 320 0 160"
2014025,2014-01-25,6,8,3,683,"6 8 3 4 5 8 1 1 49709660 20419 1000 0 320 36202 160"
2014026,2014-01-26,3,0,0,300,"3 0 0 6 6 2 1 1 50542950 5418 1000 4726 320 0 160"
2014027,2014-01-27,7,7,4,774,"7 7 4 3 5 2 1 1 47216580 13692 1000 15103 320 0 160"
2014028,2014-01-28,8,0,5,805,"8 0 5 1 9 8 1 1 46991026 10869 1000 0 320 22536 160"
2014029,2014-01-29,6,1,8,618,"6 1 8 7 4 4 1 1 43169964 18500 1000 0 320 33696 160"
2014030,2014-02-07,4,8,8,488,"4 8 8 0 2 1 1 1 40093518 11386 1000 9298 320 0 160"
2014031,2014-02-08,2,0,4,204,"2 0 4 8 4 2 1 1 37478570 9527 1000 0 320 16371 160"
2014032,2014-02-09,2,5,6,256,"2 5 6 7 3 2 1 1 38982254 14382 1000 0 320 35152 160"
2014033,2014-02-10,4,4,4,444,"4 4 4 4 5 2 1 1 42234852 67186 1000 0 320 0 160"
2014034,2014-02-11,3,3,5,335,"3 3 5 6 5 7 1 1 40753266 30299 1000 28887 320 0 160"
2014035,2014-02-12,7,2,3,723,"7 2 3 3 0 3 1 1 42598796 15572 1000 0 320 27290 160"
2014036,2014-02-13,6,3,0,630,"6 3 0 6 6 7 1 1 45397788 13090 1000 0 320 26824 160"
2014037,2014-02-14,8,0,9,809,"8 0 9 2 0 5 1 1 44499994 29934 1000 0 320 40166 160"
2014038,2014-02-15,0,0,4,004,"0 0 4 7 6 5 1 1 45248970 5932 1000 7186 320 0 160"
2014039,2014-02-16,4,7,8,478,"4 7 8 3 2 3 1 1 44499028 19117 1000 0 320 22949 160"
2014040,2014-02-17,0,6,8,068,"0 6 8 8 4 7 1 1 46517886 11745 1000 0 320 27787 160"
2014041,2014-02-18,7,0,2,702,"7 0 2 8 9 8 1 1 48256458 17704 1000 0 320 16552 160"
2014042,2014-02-19,1,5,6,156,"1 5 6 7 3 1 1 1 49740970 27676 1000 0 320 48670 160"
2014043,2014-02-20,8,5,4,854,"8 5 4 7 2 4 1 1 49654044 18546 1000 0 320 39967 160"
2014044,2014-02-21,5,8,5,585,"5 8 5 3 8 8 1 1 52061154 33426 1000 24752 320 0 160"
2014045,2014-02-22,2,3,6,236,"2 3 6 5 7 0 1 1 49738726 31359 1000 0 320 50994 160"
2014046,2014-02-23,2,4,8,248,"2 4 8 9 6 7 1 1 51177838 19413 1000 0 320 32687 160"
2014047,2014-02-24,9,0,3,903,"9 0 3 0 7 7 1 1 54656496 15317 1000 0 320 30751 160"
2014048,2014-02-25,2,1,4,214,"2 1 4 8 0 7 1 1 53841670 19662 1000 0 320 31463 160"
2014049,2014-02-26,3,9,2,392,"3 9 2 5 5 2 1 1 55364382 14126 1000 0 320 20960 160"
2014050,2014-02-27,7,5,7,757,"7 5 7 2 3 7 1 1 55111208 33865 1000 33732 320 0 160"
2014051,2014-02-28,3,1,0,310,"3 1 0 1 0 7 1 1 55289972 12206 1000 0 320 24227 160"
2014052,2014-03-01,7,9,3,793,"7 9 3 0 3 8 1 1 52573072 12995 1000 0 320 28263 160"
2014053,2014-03-02,7,0,0,700,"7 0 0 0 8 6 1 1 53118520 7394 1000 9123 320 0 160"
2014054,2014-03-03,2,5,7,257,"2 5 7 1 9 1 1 1 53297148 29453 1000 0 320 35731 160"
2014055,2014-03-04,7,6,1,761,"7 6 1 4 7 1 1 1 55813832 42577 1000 0 320 28675 160"
2014056,2014-03-05,3,8,6,386,"3 8 6 1 6 8 1 1 50022000 21351 1000 0 320 56088 160"
2014057,2014-03-06,5,0,2,502,"5 0 2 8 0 5 1 1 51523394 13631 1000 0 320 28330 160"
2014058,2014-03-07,2,1,0,210,"2 1 0 0 5 8 1 1 52890778 12617 1000 0 320 20836 160"
2014059,2014-03-08,8,7,1,871,"8 7 1 6 9 6 1 1 48291824 31313 1000 0 320 33958 160"
2014060,2014-03-09,9,7,7,977,"9 7 7 1 6 2 1 1 48906980 13194 1000 16386 320 0 160"
2014061,2014-03-10,8,1,9,819,"8 1 9 8 2 5 1 1 48063072 21001 1000 0 320 36456 160"
2014062,2014-03-11,3,0,0,300,"3 0 0 1 9 3 1 1 50595602 12512 1000 9653 320 0 160"
2014063,2014-03-12,7,4,2,742,"7 4 2 6 7 9 1 1 48748060 21558 1000 0 320 45244 160"
2014064,2014-03-13,3,6,1,361,"3 6 1 2 6 8 1 1 51676508 23331 1000 0 320 58456 160"
2014065,2014-03-14,2,0,8,208,"2 0 8 1 1 4 1 1 52114946 17339 1000 0 320 31861 160"
2014066,2014-03-15,6,9,3,693,"6 9 3 4 6 9 1 1 50472426 19566 1000 0 320 48243 160"
2014067,2014-03-16,0,7,2,072,"0 7 2 5 0 3 1 1 50934560 9188 1000 0 320 27738 160"
2014068,2014-03-17,9,6,8,968,"9 6 8 4 7 9 1 1 53689304 9640 1000 0 320 25919 160"
2014069,2014-03-18,6,5,2,652,"6 5 2 6 4 9 1 1 53706146 13094 1000 0 320 35331 160"
2014070,2014-03-19,9,1,1,911,"9 1 1 6 7 3 1 1 53003314 21023 1000 23341 320 0 160"
2014071,2014-03-20,5,3,7,537,"5 3 7 6 4 2 1 1 50027580 35440 1000 0 320 58256 160"
2014072,2014-03-21,6,6,2,662,"6 6 2 4 9 4 1 1 51848328 17020 1000 20161 320 0 160"
2014073,2014-03-22,0,3,6,036,"0 3 6 1 3 5 1 1 49384562 10387 1000 0 320 23275 160"
2014074,2014-03-23,9,2,1,921,"9 2 1 4 6 5 1 1 50550040 33234 1000 0 320 59402 160"
2014075,2014-03-24,1,4,6,146,"1 4 6 7 2 4 1 1 53386148 22038 1000 0 320 42619 160"
2014076,2014-03-25,5,5,9,559,"5 5 9 9 5 8 1 1 52329694 15667 1000 13684 320 0 160"
2014077,2014-03-26,7,1,2,712,"7 1 2 6 6 6 1 1 50927424 18753 1000 0 320 38072 160"
2014078,2014-03-27,6,3,0,630,"6 3 0 0 9 0 1 1 52905938 17683 1000 0 320 40120 160"
2014079,2014-03-28,2,0,6,206,"2 0 6 5 3 4 1 1 53650332 14586 1000 0 320 28473 160"
2014080,2014-03-29,6,7,0,670,"6 7 0 7 6 3 1 1 51103120 8958 1000 0 320 22463 160"
2014081,2014-03-30,5,4,4,544,"5 4 4 7 0 3 1 1 50231424 15053 1000 23671 320 0 160"
2014082,2014-03-31,9,3,4,934,"9 3 4 1 3 2 1 1 50829152 23899 1000 0 320 61351 160"
2014083,2014-04-01,5,2,1,521,"5 2 1 7 1 3 1 1 51209914 38726 1000 0 320 48583 160"
2014084,2014-04-02,5,5,8,558,"5 5 8 4 6 1 1 1 52224426 15734 1000 14898 320 0 160"
2014085,2014-04-03,6,2,3,623,"6 2 3 0 7 5 1 1 50405126 34238 1000 0 320 86964 160"
2014086,2014-04-04,0,5,6,056,"0 5 6 9 1 7 1 1 53047898 13599 1000 0 320 19986 160"
2014087,2014-04-05,0,3,0,030,"0 3 0 4 4 1 1 1 47604872 6192 1000 6638 320 0 160"
2014088,2014-04-06,4,0,4,404,"4 0 4 1 6 9 1 1 47391112 18873 1000 10681 320 0 160"
2014089,2014-04-07,5,0,6,506,"5 0 6 8 4 0 1 1 47541322 7129 1000 0 320 12683 160"
2014090,2014-04-08,4,8,2,482,"4 8 2 8 2 8 1 1 50547640 13213 1000 0 320 43855 160"
2014091,2014-04-09,4,9,5,495,"4 9 5 2 5 1 1 1 50624402 19309 1000 0 320 50830 160"
2014092,2014-04-10,3,0,3,303,"3 0 3 1 7 5 1 1 50779188 13850 1000 15512 320 0 160"
2014093,2014-04-11,9,9,8,998,"9 9 8 9 6 9 1 1 50319158 16404 1000 9722 320 0 160"
2014094,2014-04-12,2,8,5,285,"2 8 5 9 3 8 1 1 45307376 20926 1000 0 320 47517 160"
2014095,2014-04-13,5,5,3,553,"5 5 3 9 1 0 1 1 47496852 10763 1000 9800 320 0 160"
2014096,2014-04-14,7,3,8,738,"7 3 8 8 2 7 1 1 49041302 47119 1000 0 320 51763 160"
2014097,2014-04-15,3,8,9,389,"3 8 9 0 9 7 1 1 50638680 23522 1000 0 320 24871 160"
2014098,2014-04-16,5,4,8,548,"5 4 8 2 4 5 1 1 50797208 18699 1000 0 320 39010 160"
2014099,2014-04-17,2,8,6,286,"2 8 6 0 9 2 1 1 52089690 16394 1000 0 320 36763 160"
2014100,2014-04-18,1,7,0,170,"1 7 0 7 2 0 1 1 51992918 16214 1000 0 320 45268 160"
2014101,2014-04-19,8,9,2,892,"8 9 2 3 8 0 1 1 48092362 14476 1000 0 320 27037 160"
2014102,2014-04-20,3,5,2,352,"3 5 2 7 4 7 1 1 49464556 17896 1000 0 320 40558 160"
2014103,2014-04-21,2,5,0,250,"2 5 0 3 4 5 1 1 51156938 10811 1000 0 320 17684 160"
2014104,2014-04-22,9,5,7,957,"9 5 7 3 6 5 1 1 52036580 10291 1000 0 320 26769 160"
2014105,2014-04-23,6,1,3,613,"6 1 3 2 1 9 1 1 50687742 22849 1000 0 320 37440 160"
2014106,2014-04-24,9,7,0,970,"9 7 0 5 7 2 1 1 52626868 14053 1000 0 320 31086 160"
2014107,2014-04-25,6,6,9,669,"6 6 9 7 1 6 1 1 52705332 17871 1000 19117 320 0 160"
2014108,2014-04-26,9,6,0,960,"9 6 0 1 3 4 1 1 46117734 10811 1000 0 320 25041 160"
2014109,2014-04-27,9,6,5,965,"9 6 5 4 4 5 1 1 47437364 6791 1000 0 320 26418 160"
2014110,2014-04-28,7,6,8,768,"7 6 8 6 2 4 1 1 47641284 8172 1000 0 320 34386 160"
2014111,2014-04-29,4,8,7,487,"4 8 7 6 2 4 1 1 46905720 18749 1000 0 320 42974 160"
2014112,2014-04-30,4,2,9,429,"4 2 9 0 1 3 1 1 46797136 17607 1000 0 320 31434 160"
2014113,2014-05-01,1,2,4,124,"1 2 4 8 5 0 1 1 43493652 8732 1000 0 320 18893 160"
2014114,2014-05-02,2,4,3,243,"2 4 3 4 4 1 1 1 44236698 11254 1000 0 320 34404 160"
2014115,2014-05-03,6,4,5,645,"6 4 5 7 2 0 1 1 45917614 8946 1000 0 320 28731 160"
2014116,2014-05-04,9,1,0,910,"9 1 0 8 8 0 1 1 47748808 22371 1000 0 320 37148 160"
2014117,2014-05-05,8,2,9,829,"8 2 9 3 8 2 1 1 48657978 21941 1000 0 320 32641 160"
2014118,2014-05-06,1,8,2,182,"1 8 2 5 8 8 1 1 50202628 11977 1000 0 320 29489 160"
2014119,2014-05-07,3,8,3,383,"3 8 3 9 6 1 1 1 50514652 31869 1000 44792 320 0 160"
2014120,2014-05-08,7,5,8,758,"7 5 8 8 8 5 1 1 48794720 30034 1000 0 320 38954 160"
2014121,2014-05-09,7,4,3,743,"7 4 3 6 3 8 1 1 50143030 16224 1000 0 320 56190 160"
2014122,2014-05-10,4,9,9,499,"4 9 9 6 7 9 1 1 47116280 27568 1000 17092 320 0 160"
2014123,2014-05-11,3,1,5,315,"3 1 5 0 2 9 1 1 46163976 22163 1000 0 320 36714 160"
2014124,2014-05-12,7,0,1,701,"7 0 1 7 7 1 1 1 48608398 17051 1000 0 320 43332 160"
2014125,2014-05-13,8,5,2,852,"8 5 2 0 1 6 1 1 49247064 16453 1000 0 320 49241 160"
2014126,2014-05-14,5,8,8,588,"5 8 8 1 1 1 1 1 49301714 21981 1000 12954 320 0 160"
2014127,2014-05-15,3,4,1,341,"3 4 1 5 0 0 1 1 48660404 9873 1000 0 320 26414 160"
2014128,2014-05-16,7,8,0,780,"7 8 0 0 2 4 1 1 49442780 14565 1000 0 320 27989 160"
2014129,2014-05-17,1,4,5,145,"1 4 5 8 3 4 1 1 47440828 16451 1000 0 320 39316 160"
2014130,2014-05-18,2,1,1,211,"2 1 1 0 1 9 1 1 49850178 14070 1000 10786 320 0 160"
2014131,2014-05-19,8,7,0,870,"8 7 0 6 6 9 1 1 48399618 7274 1000 0 320 12507 160"
2014132,2014-05-20,1,3,9,139,"1 3 9 9 2 5 1 1 48840976 23480 1000 0 320 33982 160"
2014133,2014-05-21,6,5,0,650,"6 5 0 1 9 1 1 1 49199448 15031 1000 0 320 44401 160"
2014134,2014-05-22,0,8,5,085,"0 8 5 9 2 1 1 1 49750660 24017 1000 0 320 24147 160"
2014135,2014-05-23,4,0,9,409,"4 0 9 0 6 7 1 1 50582202 15188 1000 0 320 27688 160"
2014136,2014-05-24,8,4,0,840,"8 4 0 1 4 0 1 1 46933784 34392 1000 0 320 38156 160"
2014137,2014-05-25,1,6,9,169,"1 6 9 8 9 5 1 1 47032368 26208 1000 0 320 46300 160"
2014138,2014-05-26,5,8,7,587,"5 8 7 4 9 9 1 1 49241742 20820 1000 0 320 44375 160"
2014139,2014-05-27,7,6,4,764,"7 6 4 8 7 0 1 1 49713532 27124 1000 0 320 57794 160"
2014140,2014-05-28,9,0,1,901,"9 0 1 9 6 1 1 1 49820224 14096 1000 0 320 19985 160"
2014141,2014-05-29,9,2,1,921,"9 2 1 6 5 8 1 1 49726198 9914 1000 0 320 23374 160"
2014142,2014-05-30,5,9,4,594,"5 9 4 1 1 1 1 1 49086860 9272 1000 0 320 20247 160"
2014143,2014-05-31,2,4,4,244,"2 4 4 8 2 6 1 1 46291068 10757 1000 20898 320 0 160"
2014144,2014-06-01,0,7,7,077,"0 7 7 6 5 5 1 1 41924850 16966 1000 16400 320 0 160"
2014145,2014-06-02,6,1,2,612,"6 1 2 5 5 3 1 1 41548422 37694 1000 0 320 44986 160"
2014146,2014-06-03,3,6,7,367,"3 6 7 2 4 5 1 1 46520552 23466 1000 0 320 44510 160"
2014147,2014-06-04,5,7,8,578,"5 7 8 0 8 2 1 1 47258330 18750 1000 0 320 37222 160"
2014148,2014-06-05,1,8,0,180,"1 8 0 7 0 4 1 1 48640408 19345 1000 0 320 29681 160"
2014149,2014-06-06,2,6,2,262,"2 6 2 4 8 4 1 1 48631970 13174 1000 12921 320 0 160"
2014150,2014-06-07,1,0,7,107,"1 0 7 5 7 8 1 1 45049952 9975 1000 0 320 20809 160"
2014151,2014-06-08,3,9,1,391,"3 9 1 3 2 5 1 1 46068024 12790 1000 0 320 27794 160"
2014152,2014-06-09,8,2,1,821,"8 2 1 2 0 0 1 1 47445102 12713 1000 0 320 31593 160"
2014153,2014-06-10,3,9,2,392,"3 9 2 9 5 0 1 1 47671154 11104 1000 0 320 32952 160"
2014154,2014-06-11,1,1,5,115,"1 1 5 0 6 5 1 1 47524560 14194 1000 15241 320 0 160"
2014155,2014-06-12,6,7,7,677,"6 7 7 6 8 8 1 1 45961654 12022 1000 13243 320 0 160"
2014156,2014-06-13,4,1,9,419,"4 1 9 1 9 5 1 1 45466318 23400 1000 0 320 44105 160"
2014157,2014-06-14,5,7,5,575,"5 7 5 3 3 7 1 1 45386698 8182 1000 9450 320 0 160"
2014158,2014-06-15,4,1,1,411,"4 1 1 5 3 5 1 1 45164914 9425 1000 9876 320 0 160"
2014159,2014-06-16,3,1,2,312,"3 1 2 1 1 8 1 1 45389024 16068 1000 0 320 25908 160"
2014160,2014-06-17,0,4,5,045,"0 4 5 9 0 3 1 1 45138190 16141 1000 0 320 38678 160"
2014161,2014-06-18,9,4,6,946,"9 4 6 9 8 6 1 1 45738734 51112 1000 0 320 44471 160"
2014162,2014-06-19,5,8,7,587,"5 8 7 8 2 3 1 1 45823774 39566 1000 0 320 79261 160"
2014163,2014-06-20,6,6,8,668,"6 6 8 9 8 0 1 1 48977490 18608 1000 15853 320 0 160"
2014164,2014-06-21,3,4,1,341,"3 4 1 9 7 8 1 1 44511804 12161 1000 0 320 26291 160"
2014165,2014-06-22,4,6,6,466,"4 6 6 4 7 9 1 1 46544384 7037 1000 6438 320 0 160"
2014166,2014-06-23,3,1,6,316,"3 1 6 7 5 6 1 1 45020512 11480 1000 0 320 21501 160"
2014167,2014-06-24,9,8,6,986,"9 8 6 6 0 7 1 1 47203616 7130 1000 0 320 17200 160"
2014168,2014-06-25,4,8,1,481,"4 8 1 2 7 6 1 1 44971920 9033 1000 0 320 35885 160"
2014169,2014-06-26,2,7,9,279,"2 7 9 5 5 8 1 1 45575288 28694 1000 0 320 42900 160"
2014170,2014-06-27,6,3,0,630,"6 3 0 8 5 4 1 1 46378156 25241 1000 0 320 52886 160"
2014171,2014-06-28,6,3,1,631,"6 3 1 1 7 9 1 1 44662392 6441 1000 0 320 18316 160"
2014172,2014-06-29,8,4,3,843,"8 4 3 2 0 6 1 1 43377408 24255 1000 0 320 46803 160"
2014173,2014-06-30,3,5,9,359,"3 5 9 0 0 8 1 1 44895042 25145 1000 0 320 32299 160"
2014174,2014-07-01,6,5,9,659,"6 5 9 5 1 7 1 1 46087300 6760 1000 0 320 27487 160"
2014175,2014-07-02,3,4,7,347,"3 4 7 3 1 1 1 1 45407950 32313 1000 0 320 50770 160"
2014176,2014-07-03,6,8,5,685,"6 8 5 5 0 5 1 1 48322042 16969 1000 0 320 47427 160"
2014177,2014-07-04,2,6,0,260,"2 6 0 5 2 1 1 1 48446554 11609 1000 0 320 20431 160"
2014178,2014-07-05,0,7,7,077,"0 7 7 7 7 5 1 1 46570396 12481 1000 21532 320 0 160"
2014179,2014-07-06,1,3,0,130,"1 3 0 1 1 5 1 1 44105362 10681 1000 0 320 20812 160"
2014180,2014-07-07,1,9,9,199,"1 9 9 2 3 9 1 1 44551920 7851 1000 10245 320 0 160"
2014181,2014-07-08,8,0,6,806,"8 0 6 3 1 1 1 1 43293880 10756 1000 0 320 19745 160"
2014182,2014-07-09,8,0,4,804,"8 0 4 9 6 5 1 1 44259704 9443 1000 0 320 14655 160"
2014183,2014-07-10,9,8,7,987,"9 8 7 2 9 1 1 1 43217458 12490 1000 0 320 31681 160"
2014184,2014-07-11,3,9,7,397,"3 9 7 4 4 7 1 1 43488668 8642 1000 0 320 28520 160"
2014185,2014-07-12,6,3,6,636,"6 3 6 8 8 2 1 1 42975584 26599 1000 21812 320 0 160"
2014186,2014-07-13,2,8,4,284,"2 8 4 3 5 9 1 1 43623752 9591 1000 0 320 31297 160"
2014187,2014-07-14,8,7,6,876,"8 7 6 5 0 2 1 1 44587434 9222 1000 0 320 27260 160"
2014188,2014-07-15,9,6,5,965,"9 6 5 2 1 6 1 1 45117154 26255 1000 0 320 43473 160"
2014189,2014-07-16,8,5,8,858,"8 5 8 9 3 2 1 1 44515430 12749 1000 10419 320 0 160"
2014190,2014-07-17,5,9,7,597,"5 9 7 9 2 2 1 1 44479066 10964 1000 0 320 25946 160"
2014191,2014-07-18,4,1,1,411,"4 1 1 3 3 1 1 1 45445912 8512 1000 8959 320 0 160"
2014192,2014-07-19,2,0,8,208,"2 0 8 1 5 6 1 1 41752332 12811 1000 0 320 27454 160"
2014193,2014-07-20,5,3,1,531,"5 3 1 6 4 4 1 1 43363562 10778 1000 0 320 33727 160"
2014194,2014-07-21,6,2,6,626,"6 2 6 6 2 8 1 1 44376558 17987 1000 13938 320 0 160"
2014195,2014-07-22,8,9,5,895,"8 9 5 0 0 2 1 1 44745986 9705 1000 0 320 27194 160"
2014196,2014-07-23,8,8,3,883,"8 8 3 8 6 3 1 1 45134548 13743 1000 12538 320 0 160"
2014197,2014-07-24,8,3,2,832,"8 3 2 5 5 7 1 1 43369400 11393 1000 0 320 27373 160"
2014198,2014-07-25,9,8,0,980,"9 8 0 1 2 6 1 1 44423464 10134 1000 0 320 20279 160"
2014199,2014-07-26,6,4,8,648,"6 4 8 5 1 5 1 1 41952820 10557 1000 0 320 20570 160"
2014200,2014-07-27,5,8,3,583,"5 8 3 6 5 4 1 1 43183178 18986 1000 0 320 35965 160"
2014201,2014-07-28,3,6,3,363,"3 6 3 2 0 5 1 1 44461982 18956 1000 16944 320 0 160"
2014202,2014-07-29,6,2,7,627,"6 2 7 0 9 5 1 1 43610444 26974 1000 0 320 60622 160"
2014203,2014-07-30,6,4,8,648,"6 4 8 3 3 2 1 1 44413876 6130 1000 0 320 19972 160"
2014204,2014-07-31,2,8,4,284,"2 8 4 0 0 1 1 1 44549286 14789 1000 0 320 21332 160"
2014205,2014-08-01,2,7,2,272,"2 7 2 0 9 2 1 1 45813938 24521 1000 25823 320 0 160"
2014206,2014-08-02,6,5,7,657,"6 5 7 1 3 5 1 1 42093298 9949 1000 0 320 42884 160"
2014207,2014-08-03,2,5,8,258,"2 5 8 5 9 2 1 1 42924628 35098 1000 0 320 47661 160"
2014208,2014-08-04,2,4,1,241,"2 4 1 7 1 4 1 1 45781598 11237 1000 0 320 27046 160"
2014209,2014-08-05,1,9,4,194,"1 9 4 2 6 9 1 1 46482598 10460 1000 0 320 26763 160"
2014210,2014-08-06,5,8,5,585,"5 8 5 1 2 6 1 1 46341180 16154 1000 15195 320 0 160"
2014211,2014-08-07,6,9,7,697,"6 9 7 9 3 8 1 1 45690002 15491 1000 0 320 56192 160"
2014212,2014-08-08,5,5,3,553,"5 5 3 1 4 3 1 1 46524396 7222 1000 9792 320 0 160"
2014213,2014-08-09,4,4,7,447,"4 4 7 5 4 0 1 1 42839972 11864 1000 11800 320 0 160"
2014214,2014-08-10,7,7,0,770,"7 7 0 2 5 1 1 1 43985988 21093 1000 9193 320 0 160"
2014215,2014-08-11,1,7,5,175,"1 7 5 7 7 4 1 1 41209832 10863 1000 0 320 28027 160"
2014216,2014-08-12,9,3,8,938,"9 3 8 5 0 3 1 1 42759754 21221 1000 0 320 42594 160"
2014217,2014-08-13,3,5,4,354,"3 5 4 3 9 9 1 1 43106708 19592 1000 0 320 40956 160"
2014218,2014-08-14,2,3,8,238,"2 3 8 7 0 1 1 1 44301710 14719 1000 0 320 30252 160"
2014219,2014-08-15,8,5,9,859,"8 5 9 6 1 2 1 1 46556494 11100 1000 0 320 21423 160"
2014220,2014-08-16,6,2,8,628,"6 2 8 1 7 1 1 1 43160200 28225 1000 0 320 40991 160"
2014221,2014-08-17,3,8,4,384,"3 8 4 9 5 9 1 1 45726412 21285 1000 0 320 34986 160"
2014222,2014-08-18,6,7,2,672,"6 7 2 0 0 5 1 1 46146104 15790 1000 0 320 30206 160"
2014223,2014-08-19,4,4,4,444,"4 4 4 5 2 6 1 1 46561702 35485 1000 0 320 0 160"
2014224,2014-08-20,6,8,9,689,"6 8 9 7 2 6 1 1 41884324 12940 1000 0 320 21293 160"
2014225,2014-08-21,9,0,2,902,"9 0 2 4 8 0 1 1 44575160 15330 1000 0 320 29451 160"
2014226,2014-08-22,6,7,5,675,"6 7 5 4 0 7 1 1 44175740 10515 1000 0 320 41392 160"
2014227,2014-08-23,7,0,3,703,"7 0 3 7 4 0 1 1 43745456 26679 1000 0 320 39552 160"
2014228,2014-08-24,8,5,5,855,"8 5 5 2 9 5 1 1 44301666 16742 1000 15549 320 0 160"
2014229,2014-08-25,6,8,1,681,"6 8 1 5 3 7 1 1 44291432 11993 1000 0 320 33449 160"
2014230,2014-08-26,6,8,8,688,"6 8 8 7 0 8 1 1 46149896 10333 1040 10816 346 0 173"
2014231,2014-08-27,8,0,3,803,"8 0 3 5 8 3 1 1 43453076 19208 1040 0 346 29800 173"
2014232,2014-08-28,1,1,9,119,"1 1 9 5 9 4 1 1 45050514 15669 1040 9718 346 0 173"
2014233,2014-08-29,2,8,3,283,"2 8 3 8 5 6 1 1 43826884 9262 1040 0 346 29484 173"
2014234,2014-08-30,5,8,0,580,"5 8 0 6 0 5 1 1 43088402 8696 1040 0 346 28141 173"
2014235,2014-08-31,3,3,0,330,"3 3 0 7 5 1 1 1 44146634 9754 1040 12079 346 0 173"
2014236,2014-09-01,4,3,0,430,"4 3 0 3 8 9 1 1 43187642 11089 1040 0 346 24658 173"
2014237,2014-09-02,2,6,0,260,"2 6 0 4 2 5 1 1 42623784 8468 1040 0 346 26624 173"
2014238,2014-09-03,4,2,5,425,"4 2 5 0 2 6 1 1 43525056 25386 1040 0 346 40402 173"
2014239,2014-09-04,5,5,2,552,"5 5 2 6 8 2 1 1 44945280 14979 1040 15542 346 0 173"
2014240,2014-09-05,4,1,1,411,"4 1 1 0 7 2 1 1 45279962 6289 1040 6857 346 0 173"
2014241,2014-09-06,1,4,3,143,"1 4 3 6 7 0 1 1 41877858 15283 1040 0 346 27317 173"
2014242,2014-09-07,1,2,4,124,"1 2 4 5 8 1 1 1 42506504 10906 1040 0 346 26638 173"
2014243,2014-09-08,8,7,6,876,"8 7 6 3 5 2 1 1 40613072 15329 1040 0 346 46485 173"
2014244,2014-09-09,1,2,2,122,"1 2 2 4 2 6 1 1 44126036 14425 1040 13214 346 0 173"
2014245,2014-09-10,6,0,8,608,"6 0 8 9 0 4 1 1 42603812 22918 1040 0 346 35084 173"
2014246,2014-09-11,6,2,7,627,"6 2 7 7 7 1 1 1 45522610 11530 1040 0 346 30864 173"
2014247,2014-09-12,7,1,4,714,"7 1 4 2 3 5 1 1 47158704 25949 1040 0 346 52751 173"
2014248,2014-09-13,7,0,8,708,"7 0 8 0 6 8 1 1 46299778 16974 1040 0 346 25204 173"
2014249,2014-09-14,2,8,1,281,"2 8 1 6 9 4 1 1 47010764 19909 1040 0 346 32800 173"
2014250,2014-09-15,1,8,0,180,"1 8 0 0 0 7 1 1 48402946 12857 1040 0 346 28771 173"
2014251,2014-09-16,4,2,4,424,"4 2 4 4 6 0 1 1 49944766 18005 1040 22526 346 0 173"
2014252,2014-09-17,9,0,2,902,"9 0 2 1 6 9 1 1 46419798 10578 1040 0 346 28017 173"
2014253,2014-09-18,2,9,8,298,"2 9 8 4 6 3 1 1 47893436 19575 1040 0 346 29282 173"
2014254,2014-09-19,0,3,1,031,"0 3 1 9 2 0 1 1 48781750 19169 1040 0 346 28821 173"
2014255,2014-09-20,3,9,5,395,"3 9 5 4 9 6 1 1 43970340 19147 1040 0 346 43536 173"
2014256,2014-09-21,7,6,7,767,"7 6 7 9 9 2 1 1 44640988 19258 1040 19609 346 0 173"
2014257,2014-09-22,1,9,4,194,"1 9 4 9 0 0 1 1 43949200 26315 1040 0 346 73513 173"
2014258,2014-09-23,7,1,8,718,"7 1 8 5 9 3 1 1 46456396 25626 1040 0 346 32842 173"
2014259,2014-09-24,5,5,1,551,"5 5 1 6 9 2 1 1 46834578 20618 1040 12473 346 0 173"
2014260,2014-09-25,5,7,8,578,"5 7 8 6 7 0 1 1 46539850 15369 1040 0 346 35645 173"
2014261,2014-09-26,9,8,8,988,"9 8 8 6 4 9 1 1 47231304 14099 1040 14301 346 0 173"
2014262,2014-09-27,9,4,1,941,"9 4 1 2 2 1 1 1 43281830 12057 1040 0 346 27422 173"
2014263,2014-09-28,3,0,4,304,"3 0 4 3 8 8 1 1 46078156 13351 1040 0 346 28117 173"
2014264,2014-09-29,3,9,5,395,"3 9 5 7 3 0 1 1 46658952 8156 1040 0 346 20154 173"
2014265,2014-09-30,5,0,2,502,"5 0 2 6 3 2 1 1 45535404 8285 1040 0 346 19612 173"
2014266,2014-10-01,5,8,2,582,"5 8 2 2 9 3 1 1 40930498 8142 1040 0 346 33934 173"
2014267,2014-10-02,1,6,2,162,"1 6 2 8 0 0 1 1 41500822 7830 1040 0 346 28976 173"
2014268,2014-10-03,6,2,1,621,"6 2 1 9 1 1 1 1 43140782 7415 1040 0 346 8614 173"
2014269,2014-10-04,9,4,2,942,"9 4 2 7 9 3 1 1 41550458 6325 1040 0 346 17841 173"
2014270,2014-10-05,2,7,5,275,"2 7 5 9 8 2 1 1 43266768 23327 1040 0 346 33548 173"
2014271,2014-10-06,3,9,2,392,"3 9 2 3 3 9 1 1 45126412 8669 1040 0 346 19953 173"
2014272,2014-10-07,4,7,8,478,"4 7 8 5 0 2 1 1 47195930 27004 1040 0 346 44542 173"
2014273,2014-10-08,3,7,0,370,"3 7 0 0 9 4 1 1 48877282 12098 1040 0 346 24342 173"
2014274,2014-10-09,3,6,1,361,"3 6 1 3 0 6 1 1 49932960 17150 1040 0 346 40041 173"
2014275,2014-10-10,8,9,7,897,"8 9 7 0 9 7 1 1 51509678 12398 1040 0 346 36571 173"
2014276,2014-10-11,4,6,0,460,"4 6 0 1 1 1 1 1 48959936 7355 1040 0 346 24620 173"
2014277,2014-10-12,6,6,9,669,"6 6 9 0 2 9 1 1 48751706 23314 1040 33637 346 0 173"
2014278,2014-10-13,2,0,9,209,"2 0 9 0 5 3 1 1 44251370 13945 1040 0 346 28759 173"
2014279,2014-10-14,0,6,6,066,"0 6 6 2 1 5 1 1 46340008 16965 1040 12917 346 0 173"
2014280,2014-10-15,5,2,4,524,"5 2 4 4 1 2 1 1 44347478 14883 1040 0 346 30713 173"
2014281,2014-10-16,3,3,9,339,"3 3 9 6 7 9 1 1 46252948 12312 1040 15455 346 0 173"
2014282,2014-10-17,6,8,4,684,"6 8 4 9 1 1 1 1 46206752 14402 1040 0 346 46825 173"
2014283,2014-10-18,1,5,0,150,"1 5 0 1 6 1 1 1 44953264 15140 1040 0 346 23934 173"
2014284,2014-10-19,6,7,0,670,"6 7 0 1 6 3 1 1 46042470 23178 1040 0 346 49974 173"
2014285,2014-10-20,1,3,9,139,"1 3 9 5 2 0 1 1 45988652 14724 1040 0 346 38872 173"
2014286,2014-10-21,6,6,7,667,"6 6 7 3 5 6 1 1 47388450 21890 1040 15714 346 0 173"
2014287,2014-10-22,7,3,8,738,"7 3 8 0 0 5 1 1 46866466 20445 1040 0 346 35970 173"
2014288,2014-10-23,1,0,0,100,"1 0 0 9 7 7 1 1 47748812 14043 1040 10107 346 0 173"
2014289,2014-10-24,4,7,5,475,"4 7 5 8 8 4 1 1 44534502 38822 1040 0 346 61832 173"
2014290,2014-10-25,0,7,6,076,"0 7 6 9 4 3 1 1 44809860 5775 1040 0 346 14791 173"
2014291,2014-10-26,0,7,3,073,"0 7 3 5 1 3 1 1 45784310 8816 1040 0 346 18804 173"
2014292,2014-10-27,8,0,2,802,"8 0 2 4 1 4 1 1 44872280 12359 1040 0 346 29491 173"
2014293,2014-10-28,0,8,1,081,"0 8 1 6 6 7 1 1 46601538 12785 1040 0 346 28808 173"
2014294,2014-10-29,8,1,7,817,"8 1 7 2 5 0 1 1 46289744 40836 1040 0 346 25413 173"
2014295,2014-10-30,8,2,9,829,"8 2 9 7 7 2 1 1 47458786 11514 1040 0 346 36808 173"
2014296,2014-10-31,9,2,4,924,"9 2 4 4 0 2 1 1 48334664 18068 1040 0 346 35964 173"
2014297,2014-11-01,1,6,1,161,"1 6 1 5 5 7 1 1 46002198 21517 1040 19524 346 0 173"
2014298,2014-11-02,0,1,1,011,"0 1 1 7 8 2 1 1 44777574 11936 1040 9839 346 0 173"
2014299,2014-11-03,5,5,7,557,"5 5 7 4 5 1 1 1 42493620 24526 1040 14549 346 0 173"
2014300,2014-11-04,6,0,5,605,"6 0 5 8 4 1 1 1 44576724 32549 1040 0 346 42513 173"
2014301,2014-11-05,2,1,3,213,"2 1 3 2 1 7 1 1 47265612 17307 1040 0 346 38522 173"
2014302,2014-11-06,6,0,5,605,"6 0 5 7 4 6 1 1 45979002 5539 1040 0 346 11138 173"
2014303,2014-11-07,9,4,9,949,"9 4 9 4 9 4 1 1 46151680 13961 1040 15703 346 0 173"
2014304,2014-11-08,0,4,1,041,"0 4 1 0 3 9 1 1 43280118 9558 1040 0 346 23916 173"
2014305,2014-11-09,4,7,4,474,"4 7 4 9 4 5 1 1 44309884 17796 1040 12990 346 0 173"
2014306,2014-11-10,3,9,1,391,"3 9 1 1 1 1 1 1 44911832 11523 1040 0 346 29690 173"
2014307,2014-11-11,6,4,2,642,"6 4 2 1 0 4 1 1 47280830 18086 1040 0 346 46049 173"
2014308,2014-11-12,4,2,9,429,"4 2 9 2 6 1 1 1 47330392 8139 1040 0 346 17518 173"
2014309,2014-11-13,4,6,1,461,"4 6 1 6 0 6 1 1 47729156 10072 1040 0 346 37492 173"
2014310,2014-11-14,9,6,3,963,"9 6 3 3 2 6 1 1 49232686 20563 1040 0 346 67469 173"
2014311,2014-11-15,2,9,6,296,"2 9 6 2 9 2 1 1 47095892 23841 1040 0 346 36226 173"
2014312,2014-11-16,3,0,8,308,"3 0 8 3 8 8 1 1 48685512 29400 1040 0 346 58529 173"
2014313,2014-11-17,1,9,2,192,"1 9 2 6 9 9 1 1 50907618 12553 1040 0 346 31986 173"
2014314,2014-11-18,7,1,3,713,"7 1 3 5 1 1 1 1 50601494 25880 1040 0 346 40108 173"
2014315,2014-11-19,3,1,2,312,"3 1 2 6 7 0 1 1 51638900 6435 1040 0 346 20259 173"
2014316,2014-11-20,6,7,8,678,"6 7 8 9 3 9 1 1 50503130 30661 1040 0 346 36853 173"
2014317,2014-11-21,0,4,1,041,"0 4 1 1 2 4 1 1 51209372 10435 1040 0 346 20970 173"
2014318,2014-11-22,3,8,2,382,"3 8 2 1 8 1 1 1 49859304 12271 1040 0 346 38748 173"
2014319,2014-11-23,7,7,4,774,"7 7 4 8 8 3 1 1 51608554 19965 1040 26498 346 0 173"
2014320,2014-11-24,1,8,2,182,"1 8 2 4 3 7 1 1 48442142 12712 1040 0 346 30540 173"
2014321,2014-11-25,9,7,4,974,"9 7 4 5 6 1 1 1 51964228 12874 1040 0 346 50433 173"
2014322,2014-11-26,6,6,7,667,"6 6 7 5 6 2 1 1 51296524 21744 1040 17582 346 0 173"
2014323,2014-11-27,9,4,5,945,"9 4 5 5 4 1 1 1 50277544 17922 1040 0 346 63297 173"
2014324,2014-11-28,9,3,5,935,"9 3 5 2 9 1 1 1 50871560 8754 1040 0 346 34276 173"
2014325,2014-11-29,2,8,8,288,"2 8 8 4 1 6 1 1 47373766 12768 1040 15077 346 0 173"
2014326,2014-11-30,9,7,8,978,"9 7 8 3 1 5 1 1 46927734 12143 1040 0 346 29605 173"
2014327,2014-12-01,0,8,8,088,"0 8 8 4 8 1 1 1 46536152 8461 1040 11255 346 0 173"
2014328,2014-12-02,3,6,2,362,"3 6 2 1 7 1 1 1 47610308 25005 1040 0 346 53993 173"
2014329,2014-12-03,7,8,5,785,"7 8 5 1 3 4 1 1 49097952 18391 1040 0 346 41544 173"
2014330,2014-12-04,6,1,4,614,"6 1 4 9 1 4 1 1 50831540 15994 1040 0 346 41826 173"
2014331,2014-12-05,2,8,7,287,"2 8 7 9 2 9 1 1 52116258 18285 1040 0 346 50818 173"
2014332,2014-12-06,3,3,0,330,"3 3 0 2 8 5 1 1 50503352 10346 1040 12748 346 0 173"
2014333,2014-12-07,4,3,7,437,"4 3 7 3 2 7 1 1 49273318 47638 1040 0 346 69682 173"
2014334,2014-12-08,1,4,2,142,"1 4 2 0 5 3 1 1 49904372 15293 1040 0 346 30902 173"
2014335,2014-12-09,4,0,7,407,"4 0 7 8 8 3 1 1 51029194 17596 1040 0 346 36721 173"
2014336,2014-12-10,5,1,3,513,"5 1 3 6 2 9 1 1 52184810 30005 1040 0 346 43641 173"
2014337,2014-12-11,6,6,8,668,"6 6 8 9 1 6 1 1 52071446 23692 1040 27757 346 0 173"
2014338,2014-12-12,9,1,7,917,"9 1 7 4 6 9 1 1 51039530 21876 1040 0 346 48397 173"
2014339,2014-12-13,6,4,9,649,"6 4 9 4 6 0 1 1 49832954 20740 1040 0 346 39610 173"
2014340,2014-12-14,3,7,0,370,"3 7 0 1 5 4 1 1 51593314 30425 1040 0 346 40157 173"
2014341,2014-12-15,7,7,3,773,"7 7 3 4 1 6 1 1 51672844 8182 1040 12305 346 0 173"
2014342,2014-12-16,7,9,7,797,"7 9 7 3 4 8 1 1 50064500 7799 1040 6370 346 0 173"
2014343,2014-12-17,6,1,4,614,"6 1 4 3 8 2 1 1 49198572 14106 1040 0 346 43482 173"
2014344,2014-12-18,2,0,9,209,"2 0 9 7 1 8 1 1 52265832 18031 1040 0 346 36725 173"
2014345,2014-12-19,6,9,5,695,"6 9 5 5 4 4 1 1 52372578 24406 1040 0 346 47712 173"
2014346,2014-12-20,3,5,1,351,"3 5 1 0 0 1 1 1 49200212 14026 1040 0 346 34207 173"
2014347,2014-12-21,9,9,8,998,"9 9 8 3 0 7 1 1 51576586 16727 1040 13868 346 0 173"
2014348,2014-12-22,5,2,2,522,"5 2 2 3 8 2 1 1 49233062 10842 1040 11158 346 0 173"
2014349,2014-12-23,7,7,1,771,"7 7 1 3 2 0 1 1 50366000 11531 1040 21848 346 0 173"
2014350,2014-12-24,2,2,3,223,"2 2 3 2 4 3 1 1 50149968 10419 1040 8275 346 0 173"
2014351,2014-12-25,5,0,5,505,"5 0 5 9 8 9 1 1 49872876 15648 1040 15453 346 0 173"
2014352,2014-12-26,7,2,7,727,"7 2 7 2 3 7 1 1 51537854 22989 1040 15004 346 0 173"
2014353,2014-12-27,5,1,5,515,"5 1 5 1 7 3 1 1 49585110 21742 1040 19481 346 0 173"
2014354,2014-12-28,7,1,3,713,"7 1 3 0 0 1 1 1 52294538 10464 1040 0 346 27739 173"
2014355,2014-12-29,7,7,3,773,"7 7 3 4 6 8 1 1 51823826 9692 1040 13994 346 0 173"
2014356,2014-12-30,3,7,1,371,"3 7 1 8 9 8 1 1 51968758 7927 1040 0 346 14842 173"
2014357,2014-12-31,6,1,0,610,"6 1 0 8 0 5 1 1 51476826 8734 1040 0 346 26321 173"
2015001,2015-01-01,2,4,5,245,"2 4 5 0 2 7 1 1 46560598 21912 1040 0 346 38322 173"
2015002,2015-01-02,0,4,7,047,"0 4 7 1 9 6 1 1 48854690 9586 1040 0 346 21982 173"
2015003,2015-01-03,0,2,9,029,"0 2 9 3 1 2 1 1 50112068 13579 1040 0 346 18312 173"
2015004,2015-01-04,9,3,7,937,"9 3 7 1 7 3 1 1 50201356 12417 1040 0 346 28330 173"
2015005,2015-01-05,0,3,1,031,"0 3 1 3 3 1 1 1 52263196 9537 1040 0 346 26544 173"
2015006,2015-01-06,0,5,3,053,"0 5 3 3 6 0 1 1 49375864 11307 1040 0 346 29632 173"
2015007,2015-01-07,0,5,5,055,"0 5 5 1 7 3 1 1 51106722 15733 1040 14591 346 0 173"
2015008,2015-01-08,9,1,9,919,"9 1 9 1 9 9 1 1 47797862 15895 1040 14349 346 0 173"
2015009,2015-01-09,7,3,0,730,"7 3 0 0 3 2 1 1 50660374 12357 1040 0 346 28785 173"
2015010,2015-01-10,5,9,9,599,"5 9 9 3 0 5 1 1 49660662 7758 1040 9106 346 0 173"
2015011,2015-01-11,6,6,0,660,"6 6 0 7 5 4 1 1 51453928 15762 1040 15660 346 0 173"
2015012,2015-01-12,0,4,7,047,"0 4 7 1 5 5 1 1 49689566 10462 1040 0 346 24723 173"
2015013,2015-01-13,7,6,4,764,"7 6 4 9 7 5 1 1 54263750 21623 1040 0 346 28877 173"
2015014,2015-01-14,4,0,2,402,"4 0 2 2 7 7 1 1 50221528 15432 1040 0 346 26100 173"
2015015,2015-01-15,2,0,7,207,"2 0 7 6 5 5 1 1 51270418 16114 1040 0 346 31695 173"
2015016,2015-01-16,6,5,6,656,"6 5 6 9 2 8 1 1 52049830 10512 1040 11598 346 0 173"
2015017,2015-01-17,0,2,7,027,"0 2 7 1 4 8 1 1 47219010 7388 1040 0 346 13203 173"
2015018,2015-01-18,9,0,2,902,"9 0 2 4 4 8 1 1 49691590 13042 1040 0 346 25489 173"
2015019,2015-01-19,9,0,9,909,"9 0 9 2 3 3 1 1 50571314 21168 1040 17444 346 0 173"
2015020,2015-01-20,7,3,1,731,"7 3 1 3 2 5 1 1 49719960 20017 1040 0 346 39758 173"
2015021,2015-01-21,7,0,0,700,"7 0 0 1 5 2 1 1 52350800 8644 1040 9846 346 0 173"
2015022,2015-01-22,9,8,2,982,"9 8 2 0 4 5 1 1 50511014 11071 1040 0 346 29204 173"
2015023,2015-01-23,3,2,5,325,"3 2 5 1 1 1 1 1 51394134 23624 1040 0 346 47318 173"
2015024,2015-01-24,8,7,5,875,"8 7 5 7 3 3 1 1 50564816 27140 1040 0 346 54506 173"
2015025,2015-01-25,2,1,8,218,"2 1 8 8 4 1 1 1 48658172 59286 1040 0 346 48598 173"
2015026,2015-01-26,0,6,8,068,"0 6 8 0 3 9 1 1 51361490 24448 1040 0 346 35255 173"
2015027,2015-01-27,4,5,2,452,"4 5 2 6 5 8 1 1 50801582 10333 1040 0 346 26436 173"
2015028,2015-01-28,2,8,3,283,"2 8 3 6 8 9 1 1 50215716 22491 1040 0 346 41379 173"
2015029,2015-01-29,3,6,7,367,"3 6 7 1 0 2 1 1 50577200 23054 1040 0 346 63484 173"
2015030,2015-01-30,2,7,8,278,"2 7 8 4 7 4 1 1 51807306 17164 1040 0 346 38495 173"
2015031,2015-01-31,1,1,7,117,"1 1 7 2 2 7 1 1 51632326 19484 1040 20873 346 0 173"
2015032,2015-02-01,7,1,1,711,"7 1 1 4 5 1 1 1 49289068 9757 1040 5955 346 0 173"
2015033,2015-02-02,1,5,0,150,"1 5 0 3 2 6 1 1 49927358 9996 1040 0 346 18402 173"
2015034,2015-02-03,1,7,8,178,"1 7 8 0 3 0 1 1 48805874 12065 1040 0 346 21072 173"
2015035,2015-02-04,7,4,4,744,"7 4 4 2 5 1 1 1 51732834 9504 1040 13641 346 0 173"
2015036,2015-02-05,2,7,5,275,"2 7 5 1 8 4 1 1 47797202 17240 1040 0 346 43368 173"
2015037,2015-02-06,8,3,3,833,"8 3 3 3 7 8 1 1 54291308 25377 1040 19785 346 0 173"
2015038,2015-02-07,0,4,3,043,"0 4 3 2 9 8 1 1 47290592 9203 1040 0 346 29492 173"
2015039,2015-02-08,0,9,4,094,"0 9 4 1 3 3 1 1 52292128 7422 1040 0 346 25944 173"
2015040,2015-02-09,0,7,6,076,"0 7 6 4 6 0 1 1 46847258 8294 1040 0 346 24463 173"
2015041,2015-02-10,7,9,4,794,"7 9 4 4 4 5 1 1 48684334 13962 1040 0 346 44821 173"
2015042,2015-02-11,5,2,1,521,"5 2 1 0 1 9 1 1 48338098 27098 1040 0 346 43113 173"
2015043,2015-02-12,2,2,4,224,"2 2 4 7 6 4 1 1 49707152 17191 1040 17233 346 0 173"
2015044,2015-02-13,8,6,1,861,"8 6 1 5 0 3 1 1 47861374 16068 1040 0 346 46879 173"
2015045,2015-02-14,6,5,6,656,"6 5 6 2 2 4 1 1 46120772 9826 1040 9809 346 0 173"
2015046,2015-02-15,6,3,6,636,"6 3 6 9 2 5 1 1 45476874 6479 1040 7984 346 0 173"
2015047,2015-02-16,7,9,9,799,"7 9 9 8 9 6 1 1 41979436 9035 1040 11272 346 0 173"
2015048,2015-02-17,4,7,2,472,"4 7 2 5 7 9 1 1 38984002 16449 1040 0 346 29288 173"
2015049,2015-02-25,0,4,3,043,"0 4 3 7 9 3 1 1 33739650 7323 1040 0 346 14684 173"
2015050,2015-02-26,6,8,3,683,"6 8 3 5 4 3 1 1 37250176 12226 1040 0 346 39155 173"
2015051,2015-02-27,1,6,3,163,"1 6 3 4 9 7 1 1 39256502 7532 1040 0 346 25803 173"
2015052,2015-02-28,1,9,7,197,"1 9 7 4 0 1 1 1 38963316 8527 1040 0 346 26194 173"
2015053,2015-03-01,6,2,2,622,"6 2 2 0 2 2 1 1 38631400 13484 1040 13498 346 0 173"
2015054,2015-03-02,3,9,5,395,"3 9 5 4 1 4 1 1 38054136 9101 1040 0 346 29751 173"
2015055,2015-03-03,4,6,4,464,"4 6 4 1 1 0 1 1 39988896 11231 1040 11809 346 0 173"
2015056,2015-03-04,7,8,3,783,"7 8 3 6 1 8 1 1 39377714 29083 1040 0 346 55988 173"
2015057,2015-03-05,8,5,6,856,"8 5 6 6 8 5 1 1 39611628 29793 1040 0 346 33248 173"
2015058,2015-03-06,5,6,9,569,"5 6 9 0 1 5 1 1 41675758 32180 1040 0 346 40972 173"
2015059,2015-03-07,8,8,9,889,"8 8 9 9 4 4 1 1 42254112 13094 1040 15147 346 0 173"
2015060,2015-03-08,6,4,0,640,"6 4 0 5 5 3 1 1 39901920 10319 1040 0 346 15213 173"
2015061,2015-03-09,2,8,5,285,"2 8 5 4 1 8 1 1 41148488 16919 1040 0 346 40351 173"
2015062,2015-03-10,8,2,7,827,"8 2 7 9 6 2 1 1 42617306 20011 1040 0 346 26477 173"
2015063,2015-03-11,5,4,7,547,"5 4 7 2 2 7 1 1 45371472 16661 1040 0 346 50395 173"
2015064,2015-03-12,3,6,8,368,"3 6 8 7 6 8 1 1 44249182 35559 1040 0 346 50169 173"
2015065,2015-03-13,7,9,9,799,"7 9 9 4 9 3 1 1 46189722 10724 1040 10547 346 0 173"
2015066,2015-03-14,6,8,8,688,"6 8 8 6 1 2 1 1 41863006 14300 1040 15618 346 0 173"
2015067,2015-03-15,4,4,2,442,"4 4 2 4 5 4 1 1 42858374 11780 1040 14017 346 0 173"
2015068,2015-03-16,7,5,7,757,"7 5 7 0 1 0 1 1 44329286 10523 1040 19106 346 0 173"
2015069,2015-03-17,1,5,8,158,"1 5 8 3 2 5 1 1 44861266 21488 1040 0 346 43557 173"
2015070,2015-03-18,1,9,6,196,"1 9 6 2 3 7 1 1 45881580 16014 1040 0 346 50925 173"
2015071,2015-03-19,8,0,7,807,"8 0 7 3 4 4 1 1 47376048 20954 1040 0 346 52527 173"
2015072,2015-03-20,5,6,1,561,"5 6 1 1 1 5 1 1 46638822 51407 1040 0 346 53083 173"
2015073,2015-03-21,6,8,0,680,"6 8 0 1 0 7 1 1 43847292 16536 1040 0 346 28885 173"
2015074,2015-03-22,8,4,0,840,"8 4 0 0 3 8 1 1 47772670 10253 1040 0 346 26718 173"
2015075,2015-03-23,4,9,0,490,"4 9 0 6 6 5 1 1 46331494 22546 1040 0 346 38559 173"
2015076,2015-03-24,2,8,8,288,"2 8 8 4 4 9 1 1 46972798 10993 1040 16542 346 0 173"
2015077,2015-03-25,3,0,1,301,"3 0 1 4 0 8 1 1 45250422 10040 1040 0 346 16923 173"
2015078,2015-03-26,4,9,1,491,"4 9 1 1 8 3 1 1 45929990 16537 1040 0 346 47952 173"
2015079,2015-03-27,6,2,2,622,"6 2 2 6 3 8 1 1 45574610 8500 1040 13687 346 0 173"
2015080,2015-03-28,8,1,0,810,"8 1 0 5 9 1 1 1 42557370 12100 1040 0 346 23773 173"
2015081,2015-03-29,2,2,4,224,"2 2 4 6 6 9 1 1 44000686 10294 1040 12272 346 0 173"
2015082,2015-03-30,0,6,9,069,"0 6 9 6 0 4 1 1 46106638 19105 1040 0 346 37311 173"
2015083,2015-03-31,1,7,8,178,"1 7 8 6 7 1 1 1 45361248 39720 1040 0 346 63815 173"
2015084,2015-04-01,7,1,8,718,"7 1 8 6 6 2 1 1 47715306 8322 1040 0 346 13313 173"
2015085,2015-04-02,9,4,7,947,"9 4 7 6 5 5 1 1 44787182 24114 1040 0 346 30039 173"
2015086,2015-04-03,4,7,2,472,"4 7 2 2 8 1 1 1 51102492 13421 1040 0 346 25920 173"
2015087,2015-04-04,3,1,4,314,"3 1 4 4 2 1 1 1 42400492 14942 1040 0 346 26535 173"
2015088,2015-04-05,9,5,5,955,"9 5 5 2 1 3 1 1 43286110 11376 1040 16116 346 0 173"
2015089,2015-04-06,8,3,6,836,"8 3 6 5 6 2 1 1 41742746 40415 1040 0 346 64666 173"
2015090,2015-04-07,8,9,9,899,"8 9 9 8 9 2 1 1 46051110 13614 1040 13859 346 0 173"
2015091,2015-04-08,3,4,9,349,"3 4 9 2 3 8 1 1 45105812 15673 1040 0 346 29157 173"
2015092,2015-04-09,6,3,4,634,"6 3 4 3 5 4 1 1 45528284 16730 1040 0 346 34927 173"
2015093,2015-04-10,3,6,7,367,"3 6 7 5 0 2 1 1 47940836 13912 1040 0 346 24087 173"
2015094,2015-04-11,5,6,5,565,"5 6 5 8 6 2 1 1 45586904 8516 1040 12166 346 0 173"
2015095,2015-04-12,7,4,6,746,"7 4 6 7 2 8 1 1 43384886 24077 1040 0 346 36045 173"
2015096,2015-04-13,7,9,6,796,"7 9 6 7 4 7 1 1 47564514 7376 1040 0 346 21882 173"
2015097,2015-04-14,2,6,8,268,"2 6 8 1 1 6 1 1 45855560 20260 1040 0 346 29706 173"
2015098,2015-04-15,3,0,9,309,"3 0 9 0 9 7 1 1 49096376 21758 1040 0 346 31510 173"
2015099,2015-04-16,3,2,6,326,"3 2 6 5 5 9 1 1 47604268 19413 1040 0 346 35425 173"
2015100,2015-04-17,8,8,7,887,"8 8 7 4 8 3 1 1 46966298 12620 1040 16433 346 0 173"
2015101,2015-04-18,4,3,8,438,"4 3 8 8 0 9 1 1 42888376 35141 1040 0 346 47986 173"
2015102,2015-04-19,9,3,6,936,"9 3 6 1 3 6 1 1 45473622 18582 1040 0 346 78718 173"
2015103,2015-04-20,7,7,6,776,"7 7 6 1 2 0 1 1 46913094 13499 1040 15691 346 0 173"
2015104,2015-04-21,6,7,4,674,"6 7 4 0 8 1 1 1 47422588 9499 1040 0 346 28936 173"
2015105,2015-04-22,1,3,9,139,"1 3 9 7 3 8 1 1 47252172 18027 1040 0 346 40184 173"
2015106,2015-04-23,2,4,1,241,"2 4 1 0 4 7 1 1 47984092 11242 1040 0 346 26252 173"
2015107,2015-04-24,4,1,5,415,"4 1 5 9 1 5 1 1 47870438 32888 1040 0 346 51604 173"
2015108,2015-04-25,7,5,8,758,"7 5 8 2 2 2 1 1 45858280 21923 1040 0 346 35110 173"
2015109,2015-04-26,4,7,4,474,"4 7 4 0 1 9 1 1 46639354 13228 1040 17441 346 0 173"
2015110,2015-04-27,9,8,8,988,"9 8 8 6 4 1 1 1 46508646 13326 1040 14753 346 0 173"
2015111,2015-04-28,8,7,1,871,"8 7 1 7 1 2 1 1 46770614 11664 1040 0 346 32455 173"
2015112,2015-04-29,4,5,1,451,"4 5 1 0 9 7 1 1 48326668 6778 1040 0 346 21742 173"
2015113,2015-04-30,4,0,5,405,"4 0 5 1 5 8 1 1 46792816 10270 1040 0 346 26227 173"
2015114,2015-05-01,8,4,4,844,"8 4 4 1 9 6 1 1 41920354 9353 1040 8466 346 0 173"
2015115,2015-05-02,5,9,8,598,"5 9 8 7 3 4 1 1 43143772 15905 1040 0 346 24002 173"
2015116,2015-05-03,7,7,1,771,"7 7 1 7 9 6 1 1 46162620 17210 1040 17733 346 0 173"
2015117,2015-05-04,7,1,6,716,"7 1 6 5 6 4 1 1 47307612 28627 1040 0 346 63971 173"
2015118,2015-05-05,6,0,7,607,"6 0 7 9 7 8 1 1 47301152 47714 1040 0 346 54574 173"
2015119,2015-05-06,0,7,9,079,"0 7 9 1 3 4 1 1 47030176 12365 1040 0 346 24781 173"
2015120,2015-05-07,7,8,4,784,"7 8 4 8 3 7 1 1 46512272 26247 1040 0 346 51188 173"
2015121,2015-05-08,2,2,7,227,"2 2 7 1 1 6 1 1 48333516 17065 1040 15556 346 0 173"
2015122,2015-05-09,2,7,4,274,"2 7 4 1 3 2 1 1 43836776 12338 1040 0 346 31472 173"
2015123,2015-05-10,2,4,0,240,"2 4 0 9 7 8 1 1 45210032 4788 1040 0 346 20428 173"
2015124,2015-05-11,5,9,9,599,"5 9 9 3 3 6 1 1 44177644 6864 1040 6558 346 0 173"
2015125,2015-05-12,2,5,9,259,"2 5 9 1 0 1 1 1 44029720 16833 1040 0 346 37244 173"
2015126,2015-05-13,9,7,1,971,"9 7 1 2 1 5 1 1 45281694 9289 1040 0 346 25878 173"
2015127,2015-05-14,0,9,7,097,"0 9 7 0 9 7 1 1 47210360 17525 1040 0 346 36160 173"
2015128,2015-05-15,3,1,3,313,"3 1 3 5 7 6 1 1 45536566 19943 1040 14949 346 0 173"
2015129,2015-05-16,0,5,5,055,"0 5 5 1 7 3 1 1 41602500 10501 1040 13774 346 0 173"
2015130,2015-05-17,2,1,8,218,"2 1 8 5 0 1 1 1 43220828 15555 1040 0 346 31874 173"
2015131,2015-05-18,4,7,1,471,"4 7 1 0 2 5 1 1 44319736 39415 1040 0 346 67430 173"
2015132,2015-05-19,6,8,5,685,"6 8 5 4 8 4 1 1 45885386 14347 1040 0 346 37074 173"
2015133,2015-05-20,0,0,1,001,"0 0 1 3 5 1 1 1 46927936 6010 1040 7242 346 0 173"
2015134,2015-05-21,6,6,1,661,"6 6 1 2 4 1 1 1 41296824 9100 1040 12761 346 0 173"
2015135,2015-05-22,2,3,1,231,"2 3 1 1 8 1 1 1 43203748 9362 1040 0 346 37359 173"
2015136,2015-05-23,3,7,8,378,"3 7 8 3 2 2 1 1 39945484 25917 1040 0 346 40108 173"
2015137,2015-05-24,2,3,9,239,"2 3 9 7 3 3 1 1 43312828 13855 1040 0 346 34214 173"
2015138,2015-05-25,1,8,2,182,"1 8 2 7 2 8 1 1 43161482 29094 1040 0 346 35612 173"
2015139,2015-05-26,3,3,9,339,"3 3 9 7 1 4 1 1 44678332 12576 1040 17731 346 0 173"
2015140,2015-05-27,7,5,5,755,"7 5 5 6 3 1 1 1 43259124 11336 1040 17258 346 0 173"
2015141,2015-05-28,8,1,2,812,"8 1 2 0 1 6 1 1 44561600 9264 1040 0 346 15989 173"
2015142,2015-05-29,3,6,0,360,"3 6 0 5 6 9 1 1 43865508 15297 1040 0 346 33916 173"
2015143,2015-05-30,8,8,0,880,"8 8 0 9 7 6 1 1 41583884 9040 1040 13102 346 0 173"
2015144,2015-05-31,9,8,0,980,"9 8 0 6 7 5 1 1 41242580 16060 1040 0 346 43416 173"
2015145,2015-06-01,1,9,7,197,"1 9 7 1 2 0 1 1 41867518 16269 1040 0 346 36280 173"
2015146,2015-06-02,4,6,1,461,"4 6 1 2 1 0 1 1 43979968 13191 1040 0 346 35099 173"
2015147,2015-06-03,3,3,1,331,"3 3 1 3 5 5 1 1 44354272 13789 1040 15726 346 0 173"
2015148,2015-06-04,7,5,0,750,"7 5 0 5 5 9 1 1 43834610 17445 1040 0 346 44331 173"
2015149,2015-06-05,0,2,2,022,"0 2 2 8 6 1 1 1 42845120 8047 1040 8520 346 0 173"
2015150,2015-06-06,2,7,5,275,"2 7 5 1 8 2 1 1 40212600 31616 1040 0 346 40490 173"
2015151,2015-06-07,4,3,0,430,"4 3 0 7 4 0 1 1 43189930 7936 1040 0 346 23760 173"
2015152,2015-06-08,6,6,0,660,"6 6 0 5 6 4 1 1 43727024 21693 1040 14958 346 0 173"
2015153,2015-06-09,4,5,1,451,"4 5 1 3 9 2 1 1 43463508 9488 1040 0 346 31105 173"
2015154,2015-06-10,4,1,1,411,"4 1 1 4 6 5 1 1 43519092 7298 1040 11098 346 0 173"
2015155,2015-06-11,1,8,8,188,"1 8 8 6 7 5 1 1 42453962 14676 1040 13800 346 0 173"
2015156,2015-06-12,8,2,7,827,"8 2 7 4 9 5 1 1 43228942 13544 1040 0 346 33525 173"
2015157,2015-06-13,2,2,2,222,"2 2 2 5 3 7 1 1 41704158 53363 1040 0 346 0 173"
2015158,2015-06-14,0,3,7,037,"0 3 7 2 9 9 1 1 38333490 9115 1040 0 346 27057 173"
2015159,2015-06-15,8,4,7,847,"8 4 7 5 9 8 1 1 42502270 9332 1040 0 346 36111 173"
2015160,2015-06-16,2,9,7,297,"2 9 7 6 5 5 1 1 43450898 10925 1040 0 346 30112 173"
2015161,2015-06-17,8,2,3,823,"8 2 3 3 3 1 1 1 43753284 17687 1040 0 346 43501 173"
2015162,2015-06-18,0,3,9,039,"0 3 9 4 6 3 1 1 44439488 12067 1040 0 346 26556 173"
2015163,2015-06-19,0,3,0,030,"0 3 0 6 7 4 1 1 44666130 13827 1040 15724 346 0 173"
2015164,2015-06-20,1,3,3,133,"1 3 3 9 1 1 1 1 36666482 8473 1040 8532 346 0 173"
2015165,2015-06-21,5,6,7,567,"5 6 7 0 0 5 1 1 38986494 32751 1040 0 346 40697 173"
2015166,2015-06-22,1,8,9,189,"1 8 9 3 4 3 1 1 38306072 16104 1040 0 346 31161 173"
2015167,2015-06-23,6,0,1,601,"6 0 1 6 8 4 1 1 41533716 15072 1040 0 346 30040 173"
2015168,2015-06-24,3,0,6,306,"3 0 6 6 8 4 1 1 42316082 15443 1040 0 346 24389 173"
2015169,2015-06-25,5,1,1,511,"5 1 1 4 6 8 1 1 43280382 10020 1040 10879 346 0 173"
2015170,2015-06-26,3,1,3,313,"3 1 3 7 4 3 1 1 41814534 10082 1040 9982 346 0 173"
2015171,2015-06-27,6,7,2,672,"6 7 2 0 4 8 1 1 39363482 17085 1040 0 346 41130 173"
2015172,2015-06-28,8,6,4,864,"8 6 4 1 5 2 1 1 41154850 13793 1040 0 346 40738 173"
2015173,2015-06-29,4,9,8,498,"4 9 8 3 5 3 1 1 41619678 28655 1040 0 346 37018 173"
2015174,2015-06-30,5,0,3,503,"5 0 3 3 7 3 1 1 41829996 16659 1040 0 346 31529 173"
2015175,2015-07-01,7,4,3,743,"7 4 3 3 8 5 1 1 41414308 20450 1040 0 346 51690 173"
2015176,2015-07-02,7,7,3,773,"7 7 3 7 7 7 1 1 42702346 24436 1040 35357 346 0 173"
2015177,2015-07-03,6,0,5,605,"6 0 5 4 2 3 1 1 42143130 14764 1040 0 346 29757 173"
2015178,2015-07-04,1,4,1,141,"1 4 1 2 5 8 1 1 40267172 6860 1040 10389 346 0 173"
2015179,2015-07-05,3,8,1,381,"3 8 1 3 9 7 1 1 40504808 20941 1040 0 346 50375 173"
2015180,2015-07-06,7,0,2,702,"7 0 2 8 2 8 1 1 42045786 18501 1040 0 346 36454 173"
2015181,2015-07-07,2,8,1,281,"2 8 1 9 9 6 1 1 43366950 8705 1040 0 346 25146 173"
2015182,2015-07-08,4,1,7,417,"4 1 7 7 9 3 1 1 42187610 23508 1040 0 346 39595 173"
2015183,2015-07-09,7,3,1,731,"7 3 1 2 7 2 1 1 44581994 9699 1040 0 346 25236 173"
2015184,2015-07-10,1,1,9,119,"1 1 9 6 5 3 1 1 44341510 15318 1040 19441 346 0 173"
2015185,2015-07-11,8,7,0,870,"8 7 0 1 3 7 1 1 39022590 16425 1040 0 346 28272 173"
2015186,2015-07-12,5,1,9,519,"5 1 9 7 7 5 1 1 41437496 28439 1040 0 346 38963 173"
2015187,2015-07-13,8,7,8,878,"8 7 8 4 0 1 1 1 41271792 6928 1040 9164 346 0 173"
2015188,2015-07-14,6,6,3,663,"6 6 3 6 6 4 1 1 39425744 11463 1040 10536 346 0 173"
2015189,2015-07-15,2,2,4,224,"2 2 4 7 6 3 1 1 40316110 12438 1040 11902 346 0 173"
2015190,2015-07-16,4,0,8,408,"4 0 8 1 5 6 1 1 40426190 13342 1040 0 346 19859 173"
2015191,2015-07-17,7,1,3,713,"7 1 3 8 1 3 1 1 41455152 41503 1040 0 346 47425 173"
2015192,2015-07-18,7,7,4,774,"7 7 4 9 1 4 1 1 41780612 12855 1040 13169 346 0 173"
2015193,2015-07-19,4,1,6,416,"4 1 6 3 7 3 1 1 41066152 15057 1040 0 346 25278 173"
2015194,2015-07-20,6,5,1,651,"6 5 1 8 6 4 1 1 41961698 14344 1040 0 346 33664 173"
2015195,2015-07-21,7,8,1,781,"7 8 1 9 2 7 1 1 42762840 11414 1040 0 346 46431 173"
2015196,2015-07-22,8,1,3,813,"8 1 3 2 8 6 1 1 42256774 18646 1040 0 346 25481 173"
2015197,2015-07-23,5,8,0,580,"5 8 0 0 0 4 1 1 43463464 21862 1040 0 346 46040 173"
2015198,2015-07-24,5,7,7,577,"5 7 7 4 9 3 1 1 44061534 12869 1040 20165 346 0 173"
2015199,2015-07-25,1,3,1,131,"1 3 1 4 9 4 1 1 39499948 10683 1040 11796 346 0 173"
2015200,2015-07-26,5,5,3,553,"5 5 3 1 4 0 1 1 40117832 11051 1040 12152 346 0 173"
2015201,2015-07-27,9,0,5,905,"9 0 5 6 8 3 1 1 40083530 33001 1040 0 346 36451 173"
2015202,2015-07-28,9,2,5,925,"9 2 5 0 9 0 1 1 39911602 11790 1040 0 346 28114 173"
2015203,2015-07-29,9,8,8,988,"9 8 8 4 5 9 1 1 39050130 8477 1040 10652 346 0 173"
2015204,2015-07-30,6,4,4,644,"6 4 4 8 9 4 1 1 38779616 11477 1040 14633 346 0 173"
2015205,2015-07-31,3,1,3,313,"3 1 3 7 3 4 1 1 39234080 41460 1040 26421 346 0 173"
2015206,2015-08-01,0,9,0,090,"0 9 0 1 4 4 1 1 38250106 12869 1040 10435 346 0 173"
2015207,2015-08-02,6,3,5,635,"6 3 5 5 5 8 1 1 36854306 13560 1040 0 346 39623 173"
2015208,2015-08-03,2,5,3,253,"2 5 3 2 6 7 1 1 38772010 15262 1040 0 346 36302 173"
2015209,2015-08-04,5,4,7,547,"5 4 7 0 4 0 1 1 40101322 17730 1040 0 346 42859 173"
2015210,2015-08-05,5,0,8,508,"5 0 8 9 6 2 1 1 40591138 13451 1040 0 346 19828 173"
2015211,2015-08-06,7,0,1,701,"7 0 1 6 4 4 1 1 41348946 11499 1040 0 346 20674 173"
2015212,2015-08-07,8,9,6,896,"8 9 6 1 0 7 1 1 41470846 9392 1040 0 346 23325 173"
2015213,2015-08-08,2,0,5,205,"2 0 5 5 8 2 1 1 37918860 8027 1040 0 346 14705 173"
2015214,2015-08-09,2,4,1,241,"2 4 1 1 6 7 1 1 39787160 6733 1040 0 346 22573 173"
2015215,2015-08-10,2,1,6,216,"2 1 6 1 4 1 1 1 41635850 11512 1040 0 346 19957 173"
2015216,2015-08-11,0,5,3,053,"0 5 3 1 3 8 1 1 41335050 8276 1040 0 346 22332 173"
2015217,2015-08-12,3,6,5,365,"3 6 5 9 7 2 1 1 41452752 15838 1040 0 346 19149 173"
2015218,2015-08-13,1,9,9,199,"1 9 9 7 6 6 1 1 41958804 15168 1040 20381 346 0 173"
2015219,2015-08-14,5,6,6,566,"5 6 6 5 4 1 1 1 40264250 16825 1040 17202 346 0 173"
2015220,2015-08-15,8,8,4,884,"8 8 4 3 2 4 1 1 38938746 24311 1040 23915 346 0 173"
2015221,2015-08-16,0,6,5,065,"0 6 5 7 2 8 1 1 38848960 8049 1040 0 346 17981 173"
2015222,2015-08-17,5,5,0,550,"5 5 0 3 1 4 1 1 39541912 11755 1040 12064 346 0 173"
2015223,2015-08-18,8,0,1,801,"8 0 1 8 2 7 1 1 38933452 18644 1040 0 346 27721 173"
2015224,2015-08-19,8,1,0,810,"8 1 0 6 5 9 1 1 39203270 4184 1040 0 346 8397 173"
2015225,2015-08-20,2,3,4,234,"2 3 4 0 9 1 1 1 38235222 14232 1040 0 346 30978 173"
2015226,2015-08-21,1,4,5,145,"1 4 5 6 7 8 1 1 38123368 18897 1040 0 346 30575 173"
2015227,2015-08-22,1,8,7,187,"1 8 7 1 9 9 1 1 37980920 11118 1040 0 346 35571 173"
2015228,2015-08-23,2,9,0,290,"2 9 0 3 4 5 1 1 38766562 7001 1040 0 346 24311 173"
2015229,2015-08-24,6,7,1,671,"6 7 1 3 0 6 1 1 38858320 13652 1040 0 346 26937 173"
2015230,2015-08-25,9,5,2,952,"9 5 2 7 3 5 1 1 40675500 17344 1040 0 346 20259 173"
2015231,2015-08-26,6,8,3,683,"6 8 3 9 1 9 1 1 40225730 16935 1040 0 346 55903 173"
2015232,2015-08-27,8,1,1,811,"8 1 1 2 0 6 1 1 42000674 19180 1040 20390 346 0 173"
2015233,2015-08-28,4,3,2,432,"4 3 2 5 4 6 1 1 41818238 9957 1040 0 346 17240 173"
2015234,2015-08-29,4,5,4,454,"4 5 4 3 1 4 1 1 39664582 15610 1040 21603 346 0 173"
2015235,2015-08-30,1,0,7,107,"1 0 7 0 0 0 1 1 39725992 25486 1040 0 346 34038 173"
2015236,2015-08-31,2,6,4,264,"2 6 4 7 4 5 1 1 41412958 13014 1040 0 346 37877 173"
2015237,2015-09-01,1,0,7,107,"1 0 7 5 0 6 1 1 40858232 4789 1040 0 346 10540 173"
2015238,2015-09-02,2,6,7,267,"2 6 7 8 9 6 1 1 40235620 15877 1040 0 346 43915 173"
2015239,2015-09-03,8,9,9,899,"8 9 9 0 5 5 1 1 37152328 11259 1040 11470 346 0 173"
2015240,2015-09-04,4,6,2,462,"4 6 2 5 5 8 1 1 37060802 6714 1040 0 346 12456 173"
2015241,2015-09-05,9,5,7,957,"9 5 7 4 7 7 1 1 38474482 10405 1040 0 346 31100 173"
2015242,2015-09-06,7,6,4,764,"7 6 4 4 6 1 1 1 38918980 13984 1040 0 346 56546 173"
2015243,2015-09-07,8,9,9,899,"8 9 9 5 4 3 1 1 39817802 12027 1040 10726 346 0 173"
2015244,2015-09-08,8,8,7,887,"8 8 7 6 5 8 1 1 38902744 7647 1040 11628 346 0 173"
2015245,2015-09-09,8,3,1,831,"8 3 1 5 6 0 1 1 38311842 7765 1040 0 346 23429 173"
2015246,2015-09-10,3,1,3,313,"3 1 3 3 2 3 1 1 38717948 21345 1040 14534 346 0 173"
2015247,2015-09-11,4,9,8,498,"4 9 8 7 2 4 1 1 39228826 5997 1040 0 346 12980 173"
2015248,2015-09-12,9,9,5,995,"9 9 5 1 6 6 1 1 37514914 5410 1040 7284 346 0 173"
2015249,2015-09-13,3,1,9,319,"3 1 9 9 6 3 1 1 37503562 14313 1040 0 346 27516 173"
2015250,2015-09-14,8,7,3,873,"8 7 3 8 8 9 1 1 38831752 14201 1040 0 346 41634 173"
2015251,2015-09-15,6,6,8,668,"6 6 8 7 7 5 1 1 39872536 19952 1040 15263 346 0 173"
2015252,2015-09-16,9,6,7,967,"9 6 7 2 1 3 1 1 39862426 8158 1040 0 346 26182 173"
2015253,2015-09-17,5,1,4,514,"5 1 4 6 6 4 1 1 40164614 14150 1040 0 346 32213 173"
2015254,2015-09-18,1,7,8,178,"1 7 8 1 1 4 1 1 41497734 19436 1040 0 346 49002 173"
2015255,2015-09-19,8,3,5,835,"8 3 5 4 5 5 1 1 40823298 22244 1040 0 346 37666 173"
2015256,2015-09-20,7,2,2,722,"7 2 2 7 3 2 1 1 41896472 26920 1040 29524 346 0 173"
2015257,2015-09-21,8,8,9,889,"8 8 9 6 7 4 1 1 40355100 9575 1040 10133 346 0 173"
2015258,2015-09-22,5,5,5,555,"5 5 5 8 8 5 1 1 40036868 43306 1040 0 346 0 173"
2015259,2015-09-23,0,6,4,064,"0 6 4 2 6 4 1 1 36397952 13057 1040 0 346 44310 173"
2015260,2015-09-24,1,1,8,118,"1 1 8 1 8 0 1 1 38798366 16693 1040 12111 346 0 173"
2015261,2015-09-25,3,2,0,320,"3 2 0 1 4 8 1 1 38931124 16085 1040 0 346 35956 173"
2015262,2015-09-26,9,6,3,963,"9 6 3 0 0 0 1 1 37092884 10486 1040 0 346 36567 173"
2015263,2015-09-27,0,8,2,082,"0 8 2 6 3 6 1 1 37072648 4701 1040 0 346 15069 173"
2015264,2015-09-28,9,1,4,914,"9 1 4 5 1 7 1 1 38594902 15338 1040 0 346 43567 173"
2015265,2015-09-29,0,1,9,019,"0 1 9 1 5 4 1 1 39797650 8125 1040 0 346 20099 173"
2015266,2015-09-30,7,5,2,752,"7 5 2 8 5 0 1 1 37811648 13133 1040 0 346 43899 173"
2015267,2015-10-01,7,8,7,787,"7 8 7 2 4 3 1 1 35783980 11312 1040 14686 346 0 173"
2015268,2015-10-02,3,3,4,334,"3 3 4 3 8 9 1 1 35065160 15739 1040 13402 346 0 173"
2015269,2015-10-03,7,7,7,777,"7 7 7 3 2 9 1 1 35818814 29198 1040 0 346 0 173"
2015270,2015-10-04,7,0,5,705,"7 0 5 1 8 8 1 1 33704850 6553 1040 0 346 14038 173"
2015271,2015-10-05,1,9,1,191,"1 9 1 2 7 9 1 1 35628928 11607 1040 14000 346 0 173"
2015272,2015-10-06,8,2,8,828,"8 2 8 7 4 9 1 1 36601086 14158 1040 11444 346 0 173"
2015273,2015-10-07,7,9,0,790,"7 9 0 4 8 4 1 1 37128254 6137 1040 0 346 19334 173"
2015274,2015-10-08,7,5,5,755,"7 5 5 3 2 8 1 1 39370758 8259 1040 12095 346 0 173"
2015275,2015-10-09,4,4,6,446,"4 4 6 3 4 4 1 1 39364824 30119 1040 22863 346 0 173"
2015276,2015-10-10,0,1,1,011,"0 1 1 4 4 3 1 1 39396272 7576 1040 15318 346 0 173"
2015277,2015-10-11,7,0,6,706,"7 0 6 6 3 0 1 1 36747736 15922 1040 0 346 33785 173"
2015278,2015-10-12,8,4,5,845,"8 4 5 9 5 5 1 1 39113234 18595 1040 0 346 36669 173"
2015279,2015-10-13,6,1,2,612,"6 1 2 6 9 8 1 1 40447452 18992 1040 0 346 34444 173"
2015280,2015-10-14,9,8,1,981,"9 8 1 4 3 5 1 1 40630616 18722 1040 0 346 39365 173"
2015281,2015-10-15,1,4,4,144,"1 4 4 9 3 1 1 1 42203388 15876 1040 12990 346 0 173"
2015282,2015-10-16,8,6,4,864,"8 6 4 8 9 8 1 1 42319938 9288 1040 0 346 22307 173"
2015283,2015-10-17,9,1,5,915,"9 1 5 4 4 8 1 1 38998182 17632 1040 0 346 39622 173"
2015284,2015-10-18,5,7,7,577,"5 7 7 1 1 4 1 1 41237302 21128 1040 18098 346 0 173"
2015285,2015-10-19,5,0,8,508,"5 0 8 2 7 9 1 1 40735206 10481 1040 0 346 28512 173"
2015286,2015-10-20,0,2,0,020,"0 2 0 2 3 8 1 1 41554566 10420 1040 9909 346 0 173"
2015287,2015-10-21,9,7,7,977,"9 7 7 5 6 0 1 1 38470446 6963 1040 8447 346 0 173"
2015288,2015-10-22,9,9,9,999,"9 9 9 7 1 7 1 1 39161456 62659 1040 0 346 0 173"
2015289,2015-10-23,6,9,6,696,"6 9 6 4 8 4 1 1 35327260 14162 1040 15387 346 0 173"
2015290,2015-10-24,7,9,5,795,"7 9 5 1 1 6 1 1 37481622 4902 1040 0 346 18076 173"
2015291,2015-10-25,8,9,6,896,"8 9 6 3 0 3 1 1 39605154 8233 1040 0 346 17467 173"
2015292,2015-10-26,1,0,0,100,"1 0 0 8 7 0 1 1 39126278 12124 1040 11012 346 0 173"
2015293,2015-10-27,9,2,0,920,"9 2 0 8 6 1 1 1 38060584 9373 1040 0 346 19866 173"
2015294,2015-10-28,6,2,8,628,"6 2 8 4 1 2 1 1 39526522 15924 1040 0 346 36930 173"
2015295,2015-10-29,2,3,2,232,"2 3 2 9 8 9 1 1 40503892 12569 1040 12003 346 0 173"
2015296,2015-10-30,3,6,1,361,"3 6 1 4 8 6 1 1 37964936 28923 1040 0 346 40929 173"
2015297,2015-10-31,8,8,8,888,"8 8 8 6 2 9 1 1 37768590 55683 1040 0 346 0 173"
2015298,2015-11-01,2,3,6,236,"2 3 6 4 2 4 1 1 36611276 11020 1040 0 346 21881 173"
2015299,2015-11-02,6,5,7,657,"6 5 7 4 3 5 1 1 39007656 17242 1040 0 346 34752 173"
2015300,2015-11-03,2,5,6,256,"2 5 6 9 6 0 1 1 41384776 10411 1040 0 346 21662 173"
2015301,2015-11-04,2,7,1,271,"2 7 1 2 0 8 1 1 40671034 9622 1040 0 346 31985 173"
2015302,2015-11-05,1,2,0,120,"1 2 0 8 7 7 1 1 41194900 16785 1040 0 346 21438 173"
2015303,2015-11-06,4,7,5,475,"4 7 5 5 7 3 1 1 39789950 12240 1040 0 346 33100 173"
2015304,2015-11-07,7,5,1,751,"7 5 1 2 0 2 1 1 39224074 10083 1040 0 346 21302 173"
2015305,2015-11-08,6,0,2,602,"6 0 2 6 8 2 1 1 40662198 13093 1040 0 346 27290 173"
2015306,2015-11-09,3,9,2,392,"3 9 2 7 1 4 1 1 42142750 12126 1040 0 346 31314 173"
2015307,2015-11-10,4,7,3,473,"4 7 3 9 7 9 1 1 42115324 14812 1040 0 346 30576 173"
2015308,2015-11-11,8,4,9,849,"8 4 9 6 7 1 1 1 41974294 17818 1040 0 346 25361 173"
2015309,2015-11-12,8,9,9,899,"8 9 9 5 6 8 1 1 42940324 14825 1040 23491 346 0 173"
2015310,2015-11-13,5,1,6,516,"5 1 6 5 7 5 1 1 40497162 42637 1040 0 346 41192 173"
2015311,2015-11-14,6,5,6,656,"6 5 6 8 0 5 1 1 40606758 13571 1040 27542 346 0 173"
2015312,2015-11-15,3,1,8,318,"3 1 8 2 9 5 1 1 40720532 17777 1040 0 346 33045 173"
2015313,2015-11-16,0,0,8,008,"0 0 8 1 2 2 1 1 43225400 11759 1040 13502 346 0 173"
2015314,2015-11-17,0,1,0,010,"0 1 0 2 8 8 1 1 41231628 11231 1040 8372 346 0 173"
2015315,2015-11-18,4,0,3,403,"4 0 3 3 0 3 1 1 40068740 15080 1040 0 346 26815 173"
2015316,2015-11-19,8,6,9,869,"8 6 9 6 2 0 1 1 41492600 7951 1040 0 346 22438 173"
2015317,2015-11-20,6,2,8,628,"6 2 8 5 7 8 1 1 42083218 13731 1040 0 346 36194 173"
2015318,2015-11-21,1,1,1,111,"1 1 1 8 4 2 1 1 42248074 52650 1040 0 346 0 173"
2015319,2015-11-22,8,6,0,860,"8 6 0 1 9 9 1 1 37465264 7756 1040 0 346 17847 173"
2015320,2015-11-23,7,8,5,785,"7 8 5 6 4 7 1 1 40463172 39782 1040 0 346 47019 173"
2015321,2015-11-24,2,8,6,286,"2 8 6 2 0 1 1 1 41386776 7548 1040 0 346 17335 173"
2015322,2015-11-25,9,3,9,939,"9 3 9 8 3 3 1 1 42479956 20179 1040 19472 346 0 173"
2015323,2015-11-26,7,6,4,764,"7 6 4 0 8 2 1 1 41872130 14154 1040 0 346 47576 173"
2015324,2015-11-27,6,9,8,698,"6 9 8 5 9 0 1 1 43542386 15093 1040 0 346 23893 173"
2015325,2015-11-28,6,0,7,607,"6 0 7 6 2 5 1 1 42015548 9488 1040 0 346 16334 173"
2015326,2015-11-29,8,1,8,818,"8 1 8 2 8 3 1 1 42586598 22420 1040 16467 346 0 173"
2015327,2015-11-30,8,1,9,819,"8 1 9 4 2 3 1 1 43118674 16547 1040 0 346 36166 173"
2015328,2015-12-01,3,7,3,373,"3 7 3 0 2 2 1 1 43326326 18025 1040 16766 346 0 173"
2015329,2015-12-02,4,5,1,451,"4 5 1 5 1 8 1 1 43400862 24728 1040 0 346 41704 173"
2015330,2015-12-03,3,6,9,369,"3 6 9 8 3 5 1 1 44788154 30070 1040 0 346 31827 173"
2015331,2015-12-04,0,7,0,070,"0 7 0 6 9 0 1 1 45123492 8522 1040 10783 346 0 173"
2015332,2015-12-05,4,3,4,434,"4 3 4 1 4 7 1 1 40696394 10616 1040 13137 346 0 173"
2015333,2015-12-06,9,8,0,980,"9 8 0 6 9 6 1 1 42639658 6927 1040 0 346 27474 173"
2015334,2015-12-07,2,6,1,261,"2 6 1 9 1 0 1 1 43890522 16480 1040 0 346 39259 173"
2015335,2015-12-08,9,9,6,996,"9 9 6 8 5 7 1 1 45751280 11563 1040 11961 346 0 173"
2015336,2015-12-09,3,6,9,369,"3 6 9 5 8 6 1 1 42713964 16796 1040 0 346 22274 173"
2015337,2015-12-10,6,2,4,624,"6 2 4 4 6 6 1 1 45236930 17606 1040 0 346 32725 173"
2015338,2015-12-11,2,5,4,254,"2 5 4 5 2 6 1 1 47244176 10127 1040 0 346 35764 173"
2015339,2015-12-12,0,1,4,014,"0 1 4 1 4 8 1 1 44451060 8957 1040 0 346 24614 173"
2015340,2015-12-13,0,7,9,079,"0 7 9 7 3 1 1 1 44081812 8371 1040 0 346 27179 173"
2015341,2015-12-14,0,7,0,070,"0 7 0 9 8 5 1 1 44610892 11206 1040 13583 346 0 173"
2015342,2015-12-15,6,4,2,642,"6 4 2 8 0 7 1 1 43749134 6480 1040 0 346 17593 173"
2015343,2015-12-16,6,5,5,655,"6 5 5 3 9 7 1 1 43287902 7939 1040 13161 346 0 173"
2015344,2015-12-17,1,3,4,134,"1 3 4 5 2 4 1 1 43772512 11841 1040 0 346 26431 173"
2015345,2015-12-18,6,1,2,612,"6 1 2 7 8 9 1 1 44554850 9303 1040 0 346 23501 173"
2015346,2015-12-19,2,2,9,229,"2 2 9 8 1 0 1 1 43449782 24335 1040 20538 346 0 173"
2015347,2015-12-20,2,3,2,232,"2 3 2 8 9 9 1 1 43853762 9661 1040 9086 346 0 173"
2015348,2015-12-21,9,9,7,997,"9 9 7 1 6 7 1 1 43777770 11925 1040 10510 346 0 173"
2015349,2015-12-22,6,8,0,680,"6 8 0 9 3 8 1 1 43644926 11503 1040 0 346 40361 173"
2015350,2015-12-23,4,6,1,461,"4 6 1 9 8 4 1 1 45834296 22021 1040 0 346 38346 173"
2015351,2015-12-24,9,9,3,993,"9 9 3 8 8 3 1 1 45962298 9540 1040 10485 346 0 173"
2015352,2015-12-25,4,3,8,438,"4 3 8 5 2 8 1 1 45464852 34461 1040 0 346 63091 173"
2015353,2015-12-26,3,9,1,391,"3 9 1 4 3 4 1 1 42807364 6564 1040 0 346 21460 173"
2015354,2015-12-27,3,5,6,356,"3 5 6 7 1 8 1 1 44336206 14892 1040 0 346 28011 173"
2015355,2015-12-28,3,4,4,344,"3 4 4 1 0 1 1 1 44047018 8766 1040 15376 346 0 173"
2015356,2015-12-29,4,7,5,475,"4 7 5 2 5 1 1 1 44433252 21599 1040 0 346 43304 173"
2015357,2015-12-30,2,5,8,258,"2 5 8 2 2 8 1 1 45299380 40827 1040 0 346 67013 173"
2015358,2015-12-31,2,6,1,261,"2 6 1 4 8 1 1 1 46563182 13860 1040 0 346 38408 173"
2016001,2016-01-01,8,7,9,879,"8 7 9 5 5 5 1 1 43865824 18635 1040 0 346 42592 173"
2016002,2016-01-02,2,7,3,273,"2 7 3 4 7 5 1 1 43688822 15572 1040 0 346 35648 173"
2016003,2016-01-03,1,5,9,159,"1 5 9 3 3 0 1 1 45537166 23042 1040 0 346 39101 173"
2016004,2016-01-04,6,7,1,671,"6 7 1 9 6 2 1 1 48191528 15721 1040 0 346 37166 173"
2016005,2016-01-05,5,8,1,581,"5 8 1 5 5 9 1 1 48984378 19899 1040 0 346 35532 173"
2016006,2016-01-06,7,0,9,709,"7 0 9 8 2 9 1 1 47772632 13827 1040 0 346 30942 173"
2016007,2016-01-07,9,5,2,952,"9 5 2 3 0 5 1 1 48777614 16658 1040 0 346 31538 173"
2016008,2016-01-08,5,8,3,583,"5 8 3 9 7 8 1 1 49908044 12929 1040 0 346 33382 173"
2016009,2016-01-09,3,5,3,353,"3 5 3 6 2 3 1 1 47987834 22672 1040 37086 346 0 173"
2016010,2016-01-10,8,0,2,802,"8 0 2 9 7 3 1 1 45953916 20646 1040 0 346 39046 173"
2016011,2016-01-11,8,1,5,815,"8 1 5 6 0 3 1 1 46633282 15667 1040 0 346 27836 173"
2016012,2016-01-12,1,8,0,180,"1 8 0 0 8 5 1 1 48226690 10557 1040 0 346 22899 173"
2016013,2016-01-13,3,2,4,324,"3 2 4 1 1 3 1 1 47732324 11769 1040 0 346 40027 173"
2016014,2016-01-14,9,3,8,938,"9 3 8 1 8 4 1 1 47482802 23700 1040 0 346 38954 173"
2016015,2016-01-15,3,4,9,349,"3 4 9 0 8 5 1 1 48174220 13589 1040 0 346 32505 173"
2016016,2016-01-16,4,4,7,447,"4 4 7 5 8 1 1 1 47042364 37827 1040 38950 346 0 173"
2016017,2016-01-17,5,3,1,531,"5 3 1 9 6 6 1 1 46572348 11831 1040 0 346 32777 173"
2016018,2016-01-18,5,6,3,563,"5 6 3 0 6 9 1 1 47385114 25672 1040 0 346 53810 173"
2016019,2016-01-19,2,7,8,278,"2 7 8 2 5 9 1 1 48882070 37704 1040 0 346 64205 173"
2016020,2016-01-20,5,2,1,521,"5 2 1 9 1 1 1 1 49447878 13781 1040 0 346 41068 173"
2016021,2016-01-21,6,9,9,699,"6 9 9 4 0 0 1 1 50374668 16322 1040 14729 346 0 173"
2016022,2016-01-22,9,1,6,916,"9 1 6 6 6 1 1 1 45950090 30215 1040 0 346 43577 173"
2016023,2016-01-23,7,2,9,729,"7 2 9 5 8 2 1 1 45183732 23229 1040 0 346 35615 173"
2016024,2016-01-24,6,2,4,624,"6 2 4 4 8 4 1 1 46396280 13709 1040 0 346 36202 173"
2016025,2016-01-25,1,1,0,110,"1 1 0 4 7 9 1 1 47227960 17105 1040 12169 346 0 173"
2016026,2016-01-26,3,2,4,324,"3 2 4 7 8 8 1 1 45040586 12013 1040 0 346 28038 173"
2016027,2016-01-27,2,8,0,280,"2 8 0 5 6 5 1 1 46927802 9198 1040 0 346 25467 173"
2016028,2016-01-28,4,1,6,416,"4 1 6 5 4 1 1 1 48242122 35370 1040 0 346 71683 173"
2016029,2016-01-29,0,2,6,026,"0 2 6 9 4 0 1 1 49816234 7743 1040 0 346 26363 173"
2016030,2016-01-30,2,9,3,293,"2 9 3 3 0 5 1 1 47489922 14927 1040 0 346 50563 173"
2016031,2016-01-31,5,9,2,592,"5 9 2 2 7 9 1 1 48147074 8638 1040 0 346 29886 173"
2016032,2016-02-01,7,7,8,778,"7 7 8 6 8 1 1 1 47126952 20880 1040 23713 346 0 173"
2016033,2016-02-02,3,8,7,387,"3 8 7 7 4 2 1 1 45108524 16259 1040 0 346 25897 173"
2016034,2016-02-03,6,0,6,606,"6 0 6 4 0 6 1 1 45779768 20951 1040 17445 346 0 173"
2016035,2016-02-04,9,8,1,981,"9 8 1 5 8 1 1 1 46088696 15675 1040 0 346 40281 173"
2016036,2016-02-05,9,6,8,968,"9 6 8 5 1 1 1 1 45623460 8357 1040 0 346 23410 173"
2016037,2016-02-06,4,6,8,468,"4 6 8 9 6 7 1 1 37433618 11146 1040 0 346 21033 173"
2016038,2016-02-14,9,6,0,960,"9 6 0 1 7 1 1 1 32402160 6020 1040 0 346 18564 173"
2016039,2016-02-15,2,4,8,248,"2 4 8 7 9 5 1 1 34585952 10338 1040 0 346 26019 173"
2016040,2016-02-16,1,4,3,143,"1 4 3 7 5 9 1 1 39280354 4703 1040 0 346 18400 173"
2016041,2016-02-17,5,1,9,519,"5 1 9 5 4 5 1 1 39734662 24039 1040 0 346 33392 173"
2016042,2016-02-18,7,0,1,701,"7 0 1 9 1 2 1 1 42258136 10221 1040 0 346 17976 173"
2016043,2016-02-19,5,5,7,557,"5 5 7 6 6 2 1 1 42766260 19167 1040 24624 346 0 173"
2016044,2016-02-20,0,1,0,010,"0 1 0 3 2 7 1 1 39535378 6690 1040 6329 346 0 173"
2016045,2016-02-21,6,9,2,692,"6 9 2 3 7 4 1 1 38070644 15859 1040 0 346 33080 173"
2016046,2016-02-22,3,8,3,383,"3 8 3 1 6 2 1 1 38638112 15662 1040 15673 346 0 173"
2016047,2016-02-23,6,0,6,606,"6 0 6 2 6 9 1 1 40820150 7519 1040 8690 346 0 173"
2016048,2016-02-24,8,5,1,851,"8 5 1 8 3 1 1 1 41084934 15777 1040 0 346 42149 173"
2016049,2016-02-25,7,3,9,739,"7 3 9 7 8 3 1 1 43198830 34692 1040 0 346 57269 173"
2016050,2016-02-26,7,3,1,731,"7 3 1 7 1 8 1 1 43545538 10374 1040 0 346 27359 173"
2016051,2016-02-27,5,2,8,528,"5 2 8 6 2 5 1 1 41480402 36519 1040 0 346 60819 173"
2016052,2016-02-28,6,4,1,641,"6 4 1 0 8 1 1 1 44441724 15787 1040 0 346 37884 173"
2016053,2016-02-29,9,4,9,949,"9 4 9 8 7 0 1 1 46282586 17083 1040 15137 346 0 173"
2016054,2016-03-01,3,2,8,328,"3 2 8 6 2 0 1 1 43742714 27812 1040 0 346 56094 173"
2016055,2016-03-02,5,5,3,553,"5 5 3 1 3 3 1 1 44308844 20194 1040 18420 346 0 173"
2016056,2016-03-03,9,4,1,941,"9 4 1 5 6 1 1 1 44370418 13033 1040 0 346 47677 173"
2016057,2016-03-04,5,4,3,543,"5 4 3 8 6 7 1 1 46855666 13392 1040 0 346 39668 173"
2016058,2016-03-05,1,2,6,126,"1 2 6 9 1 3 1 1 42511092 20371 1040 0 346 45298 173"
2016059,2016-03-06,7,4,1,741,"7 4 1 9 6 6 1 1 44763578 29929 1040 0 346 42842 173"
2016060,2016-03-07,0,3,9,039,"0 3 9 6 4 5 1 1 46265162 10664 1040 0 346 20813 173"
2016061,2016-03-08,7,5,4,754,"7 5 4 1 1 5 1 1 45634670 9563 1040 0 346 40720 173"
2016062,2016-03-09,8,0,3,803,"8 0 3 8 2 3 1 1 45095162 20208 1040 0 346 45198 173"
2016063,2016-03-10,3,5,6,356,"3 5 6 3 5 4 1 1 47703578 20996 1040 0 346 40928 173"
2016064,2016-03-11,0,6,2,062,"0 6 2 5 6 8 1 1 49115122 7817 1040 0 346 21370 173"
2016065,2016-03-12,4,5,0,450,"4 5 0 9 2 0 1 1 46354858 8107 1040 0 346 21478 173"
2016066,2016-03-13,1,8,1,181,"1 8 1 1 1 2 1 1 47023806 40543 1040 58737 346 0 173"
2016067,2016-03-14,0,0,1,001,"0 0 1 7 2 1 1 1 45837976 11889 1040 13888 346 0 173"
2016068,2016-03-15,0,7,5,075,"0 7 5 3 7 1 1 1 43527078 12294 1040 0 346 28466 173"
2016069,2016-03-16,6,4,3,643,"6 4 3 0 2 3 1 1 44163620 29174 1040 0 346 66664 173"
2016070,2016-03-17,8,9,6,896,"8 9 6 9 2 6 1 1 48049330 14478 1040 0 346 41058 173"
2016071,2016-03-18,6,5,0,650,"6 5 0 8 9 0 1 1 46649980 9250 1040 0 346 21469 173"
2016072,2016-03-19,0,2,0,020,"0 2 0 8 7 2 1 1 44884332 6746 1040 10828 346 0 173"
2016073,2016-03-20,8,1,5,815,"8 1 5 4 6 6 1 1 43032560 10637 1040 0 346 35920 173"
2016074,2016-03-21,7,7,7,777,"7 7 7 9 4 5 1 1 45320626 32421 1040 0 346 0 173"
2016075,2016-03-22,8,4,5,845,"8 4 5 7 8 8 1 1 42094948 17012 1040 0 346 42150 173"
2016076,2016-03-23,6,4,4,644,"6 4 4 2 7 4 1 1 44536516 10998 1040 12025 346 0 173"
2016077,2016-03-24,7,1,7,717,"7 1 7 8 1 4 1 1 44694604 12880 1040 12573 346 0 173"
2016078,2016-03-25,9,0,8,908,"9 0 8 5 2 6 1 1 43816078 23685 1040 0 346 39730 173"
2016079,2016-03-26,0,7,5,075,"0 7 5 6 0 0 1 1 42461052 9044 1040 0 346 24002 173"
2016080,2016-03-27,2,6,1,261,"2 6 1 6 9 8 1 1 43658390 23717 1040 0 346 59577 173"
2016081,2016-03-28,6,3,5,635,"6 3 5 6 0 9 1 1 46343084 20326 1040 0 346 62086 173"
2016082,2016-03-29,6,4,0,640,"6 4 0 3 5 8 1 1 48148038 11410 1040 0 346 32869 173"
2016083,2016-03-30,2,8,9,289,"2 8 9 9 8 0 1 1 47221494 24051 1040 0 346 47701 173"
2016084,2016-03-31,2,8,2,282,"2 8 2 0 9 0 1 1 46884494 14455 1040 19278 346 0 173"
2016085,2016-04-01,9,6,7,967,"9 6 7 9 7 2 1 1 43942488 14031 1040 0 346 28661 173"
2016086,2016-04-02,2,4,9,249,"2 4 9 5 5 8 1 1 41337486 10553 1040 0 346 27153 173"
2016087,2016-04-03,0,9,9,099,"0 9 9 4 8 7 1 1 41103256 11476 1040 11973 346 0 173"
2016088,2016-04-04,4,7,3,473,"4 7 3 9 5 7 1 1 39597830 30130 1040 0 346 54242 173"
2016089,2016-04-05,1,1,1,111,"1 1 1 2 4 2 1 1 44406292 31553 1040 0 346 0 173"
2016090,2016-04-06,9,5,4,954,"9 5 4 8 9 4 1 1 40053498 16747 1040 0 346 46932 173"
2016091,2016-04-07,4,0,5,405,"4 0 5 3 3 4 1 1 43909224 9354 1040 0 346 18054 173"
2016092,2016-04-08,8,7,5,875,"8 7 5 9 0 2 1 1 44374798 11146 1040 0 346 45549 173"
2016093,2016-04-09,6,2,2,622,"6 2 2 0 7 8 1 1 41489304 14171 1040 16347 346 0 173"
2016094,2016-04-10,8,2,4,824,"8 2 4 8 2 1 1 1 42667450 25836 1040 0 346 28136 173"
2016095,2016-04-11,7,0,4,704,"7 0 4 9 6 0 1 1 43572206 17745 1040 0 346 63419 173"
2016096,2016-04-12,3,4,8,348,"3 4 8 8 3 0 1 1 45023130 23614 1040 0 346 45517 173"
2016097,2016-04-13,5,3,2,532,"5 3 2 6 0 7 1 1 45093606 15881 1040 0 346 40293 173"
2016098,2016-04-14,4,1,4,414,"4 1 4 1 6 0 1 1 46674116 31174 1040 23587 346 0 173"
2016099,2016-04-15,2,1,7,217,"2 1 7 9 6 5 1 1 45329692 14419 1040 0 346 26610 173"
2016100,2016-04-16,5,5,1,551,"5 5 1 3 7 3 1 1 42305668 21861 1040 20469 346 0 173"
2016101,2016-04-17,0,6,1,061,"0 6 1 1 9 3 1 1 43715692 9529 1040 0 346 24160 173"
2016102,2016-04-18,2,8,2,282,"2 8 2 0 6 6 1 1 44141874 6681 1040 9257 346 0 173"
2016103,2016-04-19,1,2,6,126,"1 2 6 9 6 4 1 1 44156482 19886 1040 0 346 32112 173"
2016104,2016-04-20,9,0,0,900,"9 0 0 4 5 2 1 1 44308114 16289 1040 11077 346 0 173"
2016105,2016-04-21,6,9,9,699,"6 9 9 6 1 8 1 1 42985610 16949 1040 9470 346 0 173"
2016106,2016-04-22,0,4,3,043,"0 4 3 7 1 8 1 1 42401238 8315 1040 0 346 18645 173"
2016107,2016-04-23,2,3,8,238,"2 3 8 6 5 3 1 1 40227976 32268 1040 0 346 51563 173"
2016108,2016-04-24,4,8,0,480,"4 8 0 0 9 6 1 1 43378276 12460 1040 0 346 21875 173"
2016109,2016-04-25,1,0,0,100,"1 0 0 6 6 3 1 1 43612058 19791 1040 14483 346 0 173"
2016110,2016-04-26,6,5,0,650,"6 5 0 0 1 7 1 1 41282878 7021 1040 0 346 22197 173"
2016111,2016-04-27,3,3,6,336,"3 3 6 9 8 2 1 1 42866582 15529 1040 13242 346 0 173"
2016112,2016-04-28,3,4,0,340,"3 4 0 2 7 7 1 1 42887740 5223 1040 0 346 14099 173"
2016113,2016-04-29,6,7,9,679,"6 7 9 8 6 2 1 1 42572042 14051 1040 0 346 20988 173"
2016114,2016-04-30,9,8,1,981,"9 8 1 6 7 6 1 1 39517818 22241 1040 0 346 42978 173"
2016115,2016-05-01,6,3,1,631,"6 3 1 5 0 6 1 1 40096810 8857 1040 0 346 32740 173"
2016116,2016-05-02,4,2,5,425,"4 2 5 7 3 5 1 1 40914148 23036 1040 0 346 59511 173"
2016117,2016-05-03,3,2,6,326,"3 2 6 3 3 1 1 1 42922552 11787 1040 0 346 29769 173"
2016118,2016-05-04,7,0,3,703,"7 0 3 8 9 6 1 1 43666246 18936 1040 0 346 32949 173"
2016119,2016-05-05,3,0,8,308,"3 0 8 3 1 0 1 1 44753156 12043 1040 0 346 21280 173"
2016120,2016-05-06,9,3,6,936,"9 3 6 4 1 5 1 1 45264440 8700 1040 0 346 33114 173"
2016121,2016-05-07,8,4,3,843,"8 4 3 2 2 3 1 1 43622160 14658 1040 0 346 27174 173"
2016122,2016-05-08,7,6,2,762,"7 6 2 3 5 1 1 1 45398000 12166 1040 0 346 37557 173"
2016123,2016-05-09,7,0,8,708,"7 0 8 8 5 7 1 1 44985464 8756 1040 0 346 22024 173"
2016124,2016-05-10,9,1,4,914,"9 1 4 9 7 1 1 1 46860652 18875 1040 0 346 47203 173"
2016125,2016-05-11,5,9,4,594,"5 9 4 1 0 8 1 1 47613346 7511 1040 0 346 19982 173"
2016126,2016-05-12,1,3,4,134,"1 3 4 8 1 9 1 1 48092158 7900 1040 0 346 21686 173"
2016127,2016-05-13,9,5,7,957,"9 5 7 0 7 0 1 1 49205300 10745 1040 0 346 28051 173"
2016128,2016-05-14,1,2,3,123,"1 2 3 6 7 0 1 1 45386564 23815 1040 0 346 29751 173"
2016129,2016-05-15,6,4,1,641,"6 4 1 4 7 7 1 1 44776880 20181 1040 0 346 30149 173"
2016130,2016-05-16,8,6,2,862,"8 6 2 6 9 1 1 1 48159204 26258 1040 0 346 47174 173"
2016131,2016-05-17,7,5,3,753,"7 5 3 6 8 0 1 1 48325436 33488 1040 0 346 69055 173"
2016132,2016-05-18,4,5,3,453,"4 5 3 4 6 9 1 1 49516936 7986 1040 0 346 34128 173"
2016133,2016-05-19,6,9,1,691,"6 9 1 4 4 9 1 1 48884596 12772 1040 0 346 36594 173"
2016134,2016-05-20,1,0,7,107,"1 0 7 8 1 1 1 1 50298404 13506 1040 0 346 31769 173"
2016135,2016-05-21,7,3,2,732,"7 3 2 9 9 5 1 1 47511666 11121 1040 0 346 25308 173"
2016136,2016-05-22,6,1,9,619,"6 1 9 2 1 9 1 1 48632000 11849 1040 0 346 18427 173"
2016137,2016-05-23,3,9,3,393,"3 9 3 3 2 7 1 1 48712018 34702 1040 31812 346 0 173"
2016138,2016-05-24,5,6,0,560,"5 6 0 0 0 0 1 1 45578394 16038 1040 0 346 32287 173"
2016139,2016-05-25,2,5,0,250,"2 5 0 3 9 3 1 1 46382592 11575 1040 0 346 22213 173"
2016140,2016-05-26,7,8,7,787,"7 8 7 0 5 3 1 1 45715702 10854 1040 16525 346 0 173"
2016141,2016-05-27,6,8,8,688,"6 8 8 0 9 8 1 1 44366068 12596 1040 16693 346 0 173"
2016142,2016-05-28,4,3,5,435,"4 3 5 0 4 4 1 1 40655006 19588 1040 0 346 36199 173"
2016143,2016-05-29,5,0,3,503,"5 0 3 0 2 9 1 1 43069182 12552 1040 0 346 20379 173"
2016144,2016-05-30,6,2,5,625,"6 2 5 3 6 0 1 1 45039942 22046 1040 0 346 48933 173"
2016145,2016-05-31,9,4,1,941,"9 4 1 0 7 0 1 1 45219020 31879 1040 0 346 59941 173"
2016146,2016-06-01,7,6,1,761,"7 6 1 3 5 4 1 1 46899486 22151 1040 0 346 57351 173"
2016147,2016-06-02,9,8,9,989,"9 8 9 5 8 6 1 1 48066190 16356 1040 19422 346 0 173"
2016148,2016-06-03,8,1,3,813,"8 1 3 2 0 7 1 1 44776738 19462 1040 0 346 33613 173"
2016149,2016-06-04,7,5,3,753,"7 5 3 6 2 4 1 1 44450786 15572 1040 0 346 59206 173"
2016150,2016-06-05,9,1,2,912,"9 1 2 2 7 7 1 1 46666300 17495 1040 0 346 32845 173"
2016151,2016-06-06,3,3,6,336,"3 3 6 8 8 7 1 1 47322338 12565 1040 11532 346 0 173"
2016152,2016-06-07,4,9,8,498,"4 9 8 5 1 2 1 1 46463600 23180 1040 0 346 24063 173"
2016153,2016-06-08,1,7,4,174,"1 7 4 7 8 8 1 1 44363544 28225 1040 0 346 43150 173"
2016154,2016-06-09,8,3,9,839,"8 3 9 2 9 6 1 1 41714748 10329 1040 0 346 24575 173"
2016155,2016-06-10,7,8,4,784,"7 8 4 5 5 3 1 1 42879162 14789 1040 0 346 33624 173"
2016156,2016-06-11,2,7,8,278,"2 7 8 0 0 2 1 1 43591738 17298 1040 0 346 31034 173"
2016157,2016-06-12,1,5,1,151,"1 5 1 4 2 3 1 1 45063084 11331 1040 15082 346 0 173"
2016158,2016-06-13,9,2,0,920,"9 2 0 6 9 6 1 1 42792956 14786 1040 0 346 30963 173"
2016159,2016-06-14,6,9,1,691,"6 9 1 7 2 9 1 1 43742926 13228 1040 0 346 35271 173"
2016160,2016-06-15,0,1,7,017,"0 1 7 5 2 3 1 1 44815532 28946 1040 0 346 42676 173"
2016161,2016-06-16,0,4,1,041,"0 4 1 8 5 4 1 1 44923292 6831 1040 0 346 19345 173"
2016162,2016-06-17,6,3,4,634,"6 3 4 0 3 8 1 1 42900858 18807 1040 0 346 57042 173"
2016163,2016-06-18,0,3,3,033,"0 3 3 0 0 0 1 1 42101126 8836 1040 15488 346 0 173"
2016164,2016-06-19,2,7,3,273,"2 7 3 6 7 4 1 1 39942706 14091 1040 0 346 36740 173"
2016165,2016-06-20,0,4,1,041,"0 4 1 0 6 2 1 1 42626756 5112 1040 0 346 14753 173"
2016166,2016-06-21,3,9,6,396,"3 9 6 6 7 5 1 1 42402536 18188 1040 0 346 38224 173"
2016167,2016-06-22,2,4,9,249,"2 4 9 5 6 2 1 1 41937100 11703 1040 0 346 30921 173"
2016168,2016-06-23,1,1,9,119,"1 1 9 1 6 5 1 1 43123530 24238 1040 16745 346 0 173"
2016169,2016-06-24,7,0,6,706,"7 0 6 8 2 6 1 1 41127212 15326 1040 0 346 36179 173"
2016170,2016-06-25,9,0,9,909,"9 0 9 3 2 8 1 1 40333788 9312 1040 7877 346 0 173"
2016171,2016-06-26,5,9,8,598,"5 9 8 9 0 0 1 1 39207234 14617 1040 0 346 29425 173"
2016172,2016-06-27,3,2,3,323,"3 2 3 0 0 6 1 1 41292230 9605 1040 8169 346 0 173"
2016173,2016-06-28,6,9,5,695,"6 9 5 6 4 1 1 1 40470750 10791 1040 0 346 23893 173"
2016174,2016-06-29,0,0,7,007,"0 0 7 0 5 0 1 1 40962692 16146 1040 12048 346 0 173"
2016175,2016-06-30,6,4,1,641,"6 4 1 5 8 3 1 1 39852806 16416 1040 0 346 38947 173"
2016176,2016-07-01,7,1,2,712,"7 1 2 6 9 2 1 1 42812498 32883 1040 0 346 41044 173"
2016177,2016-07-02,1,9,5,195,"1 9 5 1 9 1 1 1 40714158 15902 1040 0 346 32671 173"
2016178,2016-07-03,2,4,4,244,"2 4 4 5 8 2 1 1 41897664 9989 1040 13610 346 0 173"
2016179,2016-07-04,3,8,7,387,"3 8 7 5 1 7 1 1 40352178 20380 1040 0 346 57184 173"
2016180,2016-07-05,6,5,9,659,"6 5 9 0 9 0 1 1 41861970 14685 1040 0 346 34048 173"
2016181,2016-07-06,8,6,9,869,"8 6 9 5 3 4 1 1 41723708 7359 1040 0 346 18551 173"
2016182,2016-07-07,4,8,9,489,"4 8 9 6 1 4 1 1 41403472 8615 1040 0 346 18409 173"
2016183,2016-07-08,6,9,5,695,"6 9 5 0 9 0 1 1 41693314 8030 1040 0 346 28895 173"
2016184,2016-07-09,7,0,3,703,"7 0 3 6 7 4 1 1 40703944 15070 1040 0 346 33002 173"
2016185,2016-07-10,3,8,0,380,"3 8 0 9 0 6 1 1 41648920 14158 1040 0 346 54020 173"
2016186,2016-07-11,6,1,8,618,"6 1 8 7 2 6 1 1 41756854 33969 1040 0 346 37866 173"
2016187,2016-07-12,1,3,9,139,"1 3 9 0 5 0 1 1 43386034 15146 1040 0 346 24837 173"
2016188,2016-07-13,0,9,9,099,"0 9 9 0 3 8 1 1 42905252 12528 1040 20974 346 0 173"
2016189,2016-07-14,7,9,0,790,"7 9 0 3 1 1 1 1 40520418 6239 1040 0 346 20132 173"
2016190,2016-07-15,8,2,3,823,"8 2 3 4 5 0 1 1 40829780 17831 1040 0 346 38312 173"
2016191,2016-07-16,3,0,8,308,"3 0 8 0 7 5 1 1 40463290 17388 1040 0 346 16460 173"
2016192,2016-07-17,6,6,1,661,"6 6 1 9 4 5 1 1 41719440 10858 1040 13389 346 0 173"
2016193,2016-07-18,6,9,5,695,"6 9 5 7 4 6 1 1 41527416 10536 1040 0 346 31255 173"
2016194,2016-07-19,4,0,7,407,"4 0 7 1 7 0 1 1 41697926 25989 1040 0 346 52434 173"
2016195,2016-07-20,6,1,0,610,"6 1 0 9 7 2 1 1 41471354 7953 1040 0 346 16847 173"
2016196,2016-07-21,9,0,7,907,"9 0 7 6 0 9 1 1 42335906 11975 1040 0 346 23830 173"
2016197,2016-07-22,9,1,5,915,"9 1 5 8 7 6 1 1 42422336 14613 1040 0 346 58466 173"
2016198,2016-07-23,3,0,3,303,"3 0 3 1 5 0 1 1 41328672 12209 1040 10109 346 0 173"
2016199,2016-07-24,3,4,7,347,"3 4 7 9 0 1 1 1 39602624 14558 1040 0 346 46606 173"
2016200,2016-07-25,9,3,2,932,"9 3 2 4 6 3 1 1 40051532 8001 1040 0 346 26845 173"
2016201,2016-07-26,3,2,0,320,"3 2 0 1 4 6 1 1 41638390 14065 1040 0 346 19409 173"
2016202,2016-07-27,7,8,4,784,"7 8 4 4 3 1 1 1 40083642 16267 1040 0 346 41822 173"
2016203,2016-07-28,9,7,5,975,"9 7 5 0 9 6 1 1 41478544 11896 1040 0 346 34160 173"
2016204,2016-07-29,3,2,9,329,"3 2 9 0 9 4 1 1 42580814 8604 1040 0 346 19773 173"
2016205,2016-07-30,4,9,9,499,"4 9 9 9 5 2 1 1 40108134 10833 1040 9256 346 0 173"
2016206,2016-07-31,1,7,3,173,"1 7 3 9 4 2 1 1 39251110 23140 1040 0 346 37294 173"
2016207,2016-08-01,5,9,6,596,"5 9 6 2 0 7 1 1 42093602 14415 1040 0 346 28054 173"
2016208,2016-08-02,9,5,0,950,"9 5 0 9 1 1 1 1 41160436 11456 1040 0 346 18914 173"
2016209,2016-08-03,0,2,3,023,"0 2 3 7 7 8 1 1 41931180 8206 1040 0 346 17301 173"
2016210,2016-08-04,2,7,9,279,"2 7 9 8 3 7 1 1 41035104 18107 1040 0 346 27899 173"
2016211,2016-08-05,6,3,4,634,"6 3 4 5 0 4 1 1 42142748 24180 1040 0 346 45369 173"
2016212,2016-08-06,0,3,8,038,"0 3 8 4 6 1 1 1 40906620 13339 1040 0 346 40926 173"
2016213,2016-08-07,1,7,3,173,"1 7 3 0 3 1 1 1 42447994 8074 1040 0 346 24187 173"
2016214,2016-08-08,9,4,2,942,"9 4 2 5 9 4 1 1 43073220 17934 1040 0 346 38492 173"
2016215,2016-08-09,1,4,4,144,"1 4 4 2 6 9 1 1 44093920 12154 1040 16707 346 0 173"
2016216,2016-08-10,3,3,4,334,"3 3 4 6 1 0 1 1 40771344 8242 1040 9516 346 0 173"
2016217,2016-08-11,0,3,8,038,"0 3 8 0 9 2 1 1 40562920 13245 1040 0 346 33435 173"
2016218,2016-08-12,2,3,3,233,"2 3 3 3 1 8 1 1 41972872 6635 1040 8550 346 0 173"
2016219,2016-08-13,4,1,0,410,"4 1 0 2 4 1 1 1 38538612 20729 1040 0 346 41196 173"
2016220,2016-08-14,3,6,7,367,"3 6 7 7 3 4 1 1 40778184 32911 1040 0 346 54371 173"
2016221,2016-08-15,8,0,8,808,"8 0 8 5 1 9 1 1 43293408 19650 1040 13428 346 0 173"
2016222,2016-08-16,4,0,4,404,"4 0 4 6 5 3 1 1 40905258 8992 1040 8493 346 0 173"
2016223,2016-08-17,2,9,7,297,"2 9 7 9 2 8 1 1 40547054 13339 1040 0 346 34659 173"
2016224,2016-08-18,2,7,8,278,"2 7 8 8 0 1 1 1 42516996 14131 1040 0 346 38828 173"
2016225,2016-08-19,2,1,2,212,"2 1 2 7 1 5 1 1 43063912 6906 1040 9239 346 0 173"
2016226,2016-08-20,2,8,9,289,"2 8 9 6 3 3 1 1 39424994 8195 1040 0 346 19062 173"
2016227,2016-08-21,6,9,8,698,"6 9 8 2 0 1 1 1 40095056 11908 1040 0 346 23613 173"
2016228,2016-08-22,1,8,8,188,"1 8 8 0 8 1 1 1 41491342 11617 1040 13481 346 0 173"
2016229,2016-08-23,3,7,8,378,"3 7 8 9 7 4 1 1 40315072 20451 1040 0 346 34705 173"
2016230,2016-08-24,4,9,7,497,"4 9 7 4 9 5 1 1 42508308 24757 1040 0 346 52296 173"
2016231,2016-08-25,4,5,8,458,"4 5 8 9 2 2 1 1 44229936 15163 1040 0 346 37990 173"
2016232,2016-08-26,1,3,2,132,"1 3 2 7 1 1 1 1 43508322 8552 1040 0 346 30582 173"
2016233,2016-08-27,6,9,4,694,"6 9 4 2 7 0 1 1 40935824 15042 1040 0 346 31070 173"
2016234,2016-08-28,2,0,4,204,"2 0 4 1 8 9 1 1 42145274 7409 1040 0 346 15578 173"
2016235,2016-08-29,5,5,4,554,"5 5 4 7 0 0 1 1 42092464 11129 1040 16683 346 0 173"
2016236,2016-08-30,8,9,1,891,"8 9 1 9 4 6 1 1 40562520 17430 1040 0 346 38421 173"
2016237,2016-08-31,5,3,1,531,"5 3 1 9 7 9 1 1 41095060 7069 1040 0 346 28067 173"
2016238,2016-09-01,0,3,7,037,"0 3 7 0 2 1 1 1 41787074 16482 1040 0 346 56526 173"
2016239,2016-09-02,5,6,0,560,"5 6 0 3 1 0 1 1 45095038 31460 1040 0 346 88988 173"
2016240,2016-09-03,0,8,7,087,"0 8 7 1 9 9 1 1 42939496 9178 1040 0 346 34620 173"
2016241,2016-09-04,4,9,9,499,"4 9 9 0 1 0 1 1 43401280 10234 1040 13478 346 0 173"
2016242,2016-09-05,3,9,5,395,"3 9 5 9 0 4 1 1 42642040 13525 1040 0 346 32682 173"
2016243,2016-09-06,4,4,6,446,"4 4 6 6 0 0 1 1 43952770 9855 1040 16134 346 0 173"
2016244,2016-09-07,6,9,9,699,"6 9 9 2 6 1 1 1 42097386 7960 1040 7927 346 0 173"
2016245,2016-09-08,7,6,0,760,"7 6 0 4 0 6 1 1 41669160 18828 1040 0 346 39090 173"
2016246,2016-09-09,3,1,9,319,"3 1 9 2 1 6 1 1 43001032 14556 1040 0 346 39154 173"
2016247,2016-09-10,4,4,1,441,"4 4 1 7 0 0 1 1 41736174 8256 1040 9486 346 0 173"
2016248,2016-09-11,1,3,9,139,"1 3 9 8 8 6 1 1 41949878 10479 1040 0 346 14351 173"
2016249,2016-09-12,1,0,9,109,"1 0 9 2 6 5 1 1 43506724 8919 1040 0 346 19224 173"
2016250,2016-09-13,4,1,6,416,"4 1 6 0 1 4 1 1 41853568 26574 1040 0 346 39933 173"
2016251,2016-09-14,8,6,0,860,"8 6 0 4 2 4 1 1 43398960 31966 1040 0 346 36923 173"
2016252,2016-09-15,0,5,2,052,"0 5 2 5 2 2 1 1 39993702 9417 1040 0 346 26869 173"
2016253,2016-09-16,2,6,5,265,"2 6 5 1 0 4 1 1 41616574 10321 1040 0 346 25170 173"
2016254,2016-09-17,5,6,4,564,"5 6 4 3 9 9 1 1 43542480 12866 1040 0 346 40495 173"
2016255,2016-09-18,4,5,1,451,"4 5 1 7 8 9 1 1 44518332 10331 1040 0 346 19915 173"
2016256,2016-09-19,6,2,8,628,"6 2 8 3 0 8 1 1 45331496 23306 1040 0 346 28950 173"
2016257,2016-09-20,9,7,6,976,"9 7 6 6 0 9 1 1 45821552 23097 1040 0 346 29301 173"
2016258,2016-09-21,2,6,6,266,"2 6 6 0 6 4 1 1 45396264 10742 1040 15927 346 0 173"
2016259,2016-09-22,3,2,8,328,"3 2 8 8 4 3 1 1 43243140 23076 1040 0 346 50717 173"
2016260,2016-09-23,0,6,1,061,"0 6 1 2 6 8 1 1 46218434 5827 1040 0 346 16198 173"
2016261,2016-09-24,0,4,9,049,"0 4 9 6 1 7 1 1 43155976 8921 1040 0 346 27889 173"
2016262,2016-09-25,6,5,9,659,"6 5 9 2 4 4 1 1 44509880 11167 1040 0 346 32639 173"
2016263,2016-09-26,4,8,9,489,"4 8 9 5 9 1 1 1 44343260 13242 1040 0 346 31036 173"
2016264,2016-09-27,8,9,8,898,"8 9 8 0 6 9 1 1 45461304 20393 1040 17305 346 0 173"
2016265,2016-09-28,5,2,5,525,"5 2 5 5 4 8 1 1 42388164 38254 1040 30614 346 0 173"
2016266,2016-09-29,9,1,4,914,"9 1 4 1 4 4 1 1 40197892 24062 1040 0 346 37320 173"
2016267,2016-09-30,9,8,9,989,"9 8 9 7 9 1 1 1 42928820 14050 1040 11964 346 0 173"
2016268,2016-10-01,1,0,5,105,"1 0 5 6 4 4 1 1 36730246 7857 1040 0 346 16046 173"
2016269,2016-10-02,8,6,0,860,"8 6 0 6 5 8 1 1 36689086 7335 1040 0 346 21489 173"
2016270,2016-10-03,4,1,1,411,"4 1 1 3 3 9 1 1 37761616 6638 1040 7041 346 0 173"
2016271,2016-10-04,4,4,3,443,"4 4 3 9 6 4 1 1 37742022 9689 1040 10661 346 0 173"
2016272,2016-10-05,3,7,3,373,"3 7 3 9 2 1 1 1 36792314 12193 1040 16414 346 0 173"
2016273,2016-10-06,5,6,5,565,"5 6 5 4 0 4 1 1 37064248 6871 1040 8643 346 0 173"
2016274,2016-10-07,8,8,3,883,"8 8 3 3 8 7 1 1 38681282 13603 1040 23307 346 0 173"
2016275,2016-10-08,8,7,4,874,"8 7 4 6 1 0 1 1 39767144 7196 1040 0 346 25564 173"
2016276,2016-10-09,2,7,7,277,"2 7 7 4 7 7 1 1 39972550 12896 1040 13342 346 0 173"
2016277,2016-10-10,0,8,5,085,"0 8 5 3 3 9 1 1 39432884 12225 1040 0 346 29781 173"
2016278,2016-10-11,4,3,5,435,"4 3 5 4 9 4 1 1 40946036 15962 1040 0 346 43221 173"
2016279,2016-10-12,6,2,4,624,"6 2 4 8 0 8 1 1 40203606 19760 1040 0 346 27312 173"
2016280,2016-10-13,3,7,8,378,"3 7 8 9 9 7 1 1 41755336 23129 1040 0 346 40663 173"
2016281,2016-10-14,9,9,8,998,"9 9 8 7 8 7 1 1 42476988 14459 1040 15236 346 0 173"
2016282,2016-10-15,6,2,6,626,"6 2 6 3 1 6 1 1 38372192 14713 1040 16678 346 0 173"
2016283,2016-10-16,7,4,0,740,"7 4 0 1 4 1 1 1 40480304 19901 1040 0 346 40369 173"
2016284,2016-10-17,1,4,3,143,"1 4 3 7 9 0 1 1 41499642 9308 1040 0 346 37056 173"
2016285,2016-10-18,8,4,8,848,"8 4 8 3 9 8 1 1 41472348 12025 1040 11844 346 0 173"
2016286,2016-10-19,9,0,7,907,"9 0 7 4 2 1 1 1 40479204 13261 1040 0 346 26668 173"
2016287,2016-10-20,6,2,1,621,"6 2 1 7 7 3 1 1 40920248 13393 1040 0 346 42946 173"
2016288,2016-10-21,0,1,0,010,"0 1 0 0 9 1 1 1 42021728 14888 1040 12873 346 0 173"
2016289,2016-10-22,3,5,9,359,"3 5 9 8 2 5 1 1 36637668 27867 1040 0 346 34366 173"
2016290,2016-10-23,4,3,0,430,"4 3 0 9 3 6 1 1 39796992 8170 1040 0 346 17169 173"
2016291,2016-10-24,1,3,7,137,"1 3 7 3 7 2 1 1 40888890 17777 1040 0 346 37256 173"
2016292,2016-10-25,5,0,7,507,"5 0 7 2 9 1 1 1 42559570 13858 1040 0 346 32981 173"
2016293,2016-10-26,3,2,6,326,"3 2 6 1 8 5 1 1 41252076 13290 1040 0 346 29964 173"
2016294,2016-10-27,3,3,4,334,"3 3 4 6 4 5 1 1 41483236 16795 1040 24375 346 0 173"
2016295,2016-10-28,7,8,9,789,"7 8 9 8 4 4 1 1 41086940 21965 1040 0 346 30382 173"
2016296,2016-10-29,7,8,4,784,"7 8 4 0 9 5 1 1 37843092 5179 1040 0 346 24531 173"
2016297,2016-10-30,1,6,0,160,"1 6 0 0 8 9 1 1 39095938 10492 1040 0 346 22726 173"
2016298,2016-10-31,6,5,1,651,"6 5 1 5 1 7 1 1 41043580 20826 1040 0 346 38529 173"
2016299,2016-11-01,0,4,5,045,"0 4 5 0 1 8 1 1 41445288 14885 1040 0 346 23653 173"
2016300,2016-11-02,8,0,5,805,"8 0 5 5 8 9 1 1 42179804 11541 1040 0 346 25222 173"
2016301,2016-11-03,5,7,2,572,"5 7 2 6 3 2 1 1 42545742 31089 1040 0 346 41279 173"
2016302,2016-11-04,6,5,6,656,"6 5 6 3 8 9 1 1 43677508 14754 1040 15703 346 0 173"
2016303,2016-11-05,8,0,1,801,"8 0 1 9 6 1 1 1 39691252 9223 1040 0 346 27349 173"
2016304,2016-11-06,8,5,6,856,"8 5 6 6 3 4 1 1 41529302 10865 1040 0 346 24301 173"
2016305,2016-11-07,7,4,4,744,"7 4 4 1 1 5 1 1 40425628 13576 1040 23132 346 0 173"
2016306,2016-11-08,0,7,3,073,"0 7 3 1 6 2 1 1 40487244 13447 1040 0 346 33588 173"
2016307,2016-11-09,9,9,7,997,"9 9 7 0 6 6 1 1 40973656 16349 1040 10600 346 0 173"
2016308,2016-11-10,7,4,3,743,"7 4 3 9 9 5 1 1 39908614 10877 1040 0 346 27867 173"
2016309,2016-11-11,8,3,0,830,"8 3 0 2 3 1 1 1 42892722 25977 1040 0 346 51110 173"
2016310,2016-11-12,0,4,5,045,"0 4 5 8 1 4 1 1 42064528 6283 1040 0 346 18783 173"
2016311,2016-11-13,3,9,8,398,"3 9 8 2 2 5 1 1 42642760 17694 1040 0 346 29562 173"
2016312,2016-11-14,1,1,3,113,"1 1 3 4 5 9 1 1 42672804 8384 1040 9331 346 0 173"
2016313,2016-11-15,3,7,3,373,"3 7 3 6 4 8 1 1 41153572 7766 1040 9993 346 0 173"
2016314,2016-11-16,1,5,7,157,"1 5 7 9 6 8 1 1 42162790 11436 1040 0 346 25929 173"
2016315,2016-11-17,8,8,8,888,"8 8 8 7 0 5 1 1 42870330 67131 1040 0 346 0 173"
2016316,2016-11-18,7,7,4,774,"7 7 4 9 4 3 1 1 40201326 10732 1040 12298 346 0 173"
2016317,2016-11-19,2,4,3,243,"2 4 3 1 2 4 1 1 39283724 16992 1040 0 346 35736 173"
2016318,2016-11-20,4,7,0,470,"4 7 0 2 9 1 1 1 41311046 9809 1040 0 346 26471 173"
2016319,2016-11-21,5,5,7,557,"5 5 7 5 6 3 1 1 42103764 8974 1040 12322 346 0 173"
2016320,2016-11-22,5,2,9,529,"5 2 9 4 2 9 1 1 40866434 31887 1040 0 346 47034 173"
2016321,2016-11-23,8,3,2,832,"8 3 2 9 2 3 1 1 40879448 31748 1040 0 346 53307 173"
2016322,2016-11-24,1,5,3,153,"1 5 3 9 5 5 1 1 43358478 11356 1040 0 346 29784 173"
2016323,2016-11-25,8,7,7,877,"8 7 7 1 3 3 1 1 44710760 9281 1040 14283 346 0 173"
2016324,2016-11-26,6,6,3,663,"6 6 3 7 6 0 1 1 40346660 13893 1040 18042 346 0 173"
2016325,2016-11-27,9,6,1,961,"9 6 1 8 2 3 1 1 41473742 18208 1040 0 346 36690 173"
2016326,2016-11-28,6,9,0,690,"6 9 0 0 4 1 1 1 42541846 12287 1040 0 0 26668 173"
2016327,2016-11-29,8,3,1,831,"8 3 1 3 4 7 1 1 42539856 16535 1040 0 346 49158 173"
2016328,2016-11-30,7,0,9,709,"7 0 9 3 9 5 1 1 44190290 11045 1040 0 346 18607 173"
2016329,2016-12-01,2,4,4,244,"2 4 4 8 3 4 1 1 44087274 19113 1040 19799 346 0 173"
2016330,2016-12-02,3,1,8,318,"3 1 8 5 3 9 1 1 44177708 21012 1040 0 346 24105 173"
2016331,2016-12-03,9,8,3,983,"9 8 3 4 2 7 1 1 43134226 12328 1040 0 346 25603 173"
2016332,2016-12-04,7,7,6,776,"7 7 6 8 2 7 1 1 43761868 13945 1040 19304 346 0 173"
2016333,2016-12-05,0,5,4,054,"0 5 4 4 1 0 1 1 43419912 19621 1040 0 346 41892 173"
2016334,2016-12-06,1,8,9,189,"1 8 9 5 3 1 1 1 44846308 30505 1040 0 346 49499 173"
2016335,2016-12-07,5,5,0,550,"5 5 0 8 7 9 1 1 46286226 8557 1040 12020 346 0 173"
2016336,2016-12-08,0,9,7,097,"0 9 7 8 0 8 1 1 44799792 9043 1040 0 346 22013 173"
2016337,2016-12-09,2,9,9,299,"2 9 9 4 9 9 1 1 46263506 15866 1040 13402 346 0 173"
2016338,2016-12-10,3,0,1,301,"3 0 1 1 9 0 1 1 42022660 31697 1040 0 346 41760 173"
2016339,2016-12-11,2,6,2,262,"2 6 2 6 5 6 1 1 43039880 11446 1040 14179 346 0 173"
2016340,2016-12-12,4,9,3,493,"4 9 3 4 1 2 1 1 43981072 23726 1040 0 346 35632 173"
2016341,2016-12-13,1,5,1,151,"1 5 1 8 4 4 1 1 45244674 8367 1040 11033 346 0 173"
2016342,2016-12-14,4,4,8,448,"4 4 8 9 7 6 1 1 43937532 9641 1040 8579 346 0 173"
2016343,2016-12-15,2,2,5,225,"2 2 5 9 1 3 1 1 44529884 14151 1040 12296 346 0 173"
2016344,2016-12-16,3,6,7,367,"3 6 7 9 2 5 1 1 43810790 20298 1040 0 346 51564 173"
2016345,2016-12-17,5,5,9,559,"5 5 9 6 1 7 1 1 43946466 11521 1040 9952 346 0 173"
2016346,2016-12-18,0,2,9,029,"0 2 9 6 8 6 1 1 43957972 10691 1040 0 346 32479 173"
2016347,2016-12-19,8,0,6,806,"8 0 6 0 2 2 1 1 45118676 24994 1040 0 346 39097 173"
2016348,2016-12-20,2,8,9,289,"2 8 9 3 5 7 1 1 45846326 13336 1040 0 346 21751 173"
2016349,2016-12-21,0,4,9,049,"0 4 9 8 2 8 1 1 44993862 7963 1040 0 346 22566 173"
2016350,2016-12-22,3,8,3,383,"3 8 3 1 2 3 1 1 46463106 19701 1040 24623 346 0 173"
2016351,2016-12-23,8,1,8,818,"8 1 8 0 8 9 1 1 45944990 21347 1040 18536 346 0 173"
2016352,2016-12-24,0,1,6,016,"0 1 6 9 9 8 1 1 43102150 8177 1040 0 346 22900 173"
2016353,2016-12-25,0,8,4,084,"0 8 4 8 2 8 1 1 43502218 11773 1040 0 346 32633 173"
2016354,2016-12-26,4,2,8,428,"4 2 8 9 0 6 1 1 44430754 10236 1040 0 346 20967 173"
2016355,2016-12-27,9,4,2,942,"9 4 2 8 5 1 1 1 45168040 14108 1040 0 346 22473 173"
2016356,2016-12-28,1,2,5,125,"1 2 5 2 7 2 1 1 43606390 18633 1040 0 346 32356 173"
2016357,2016-12-29,4,1,5,415,"4 1 5 9 8 3 1 1 45880896 9197 1040 0 346 21341 173"
2016358,2016-12-30,1,1,0,110,"1 1 0 4 3 0 1 1 46185540 18929 1040 15797 346 0 173"
2016359,2016-12-31,8,8,3,883,"8 8 3 7 2 9 1 1 41004312 11824 1040 12001 346 0 173"
2017001,2017-01-01,3,6,9,369,"3 6 9 9 5 6 1 1 40532262 42606 1040 0 346 52680 173"
2017002,2017-01-02,7,7,9,779,"7 7 9 9 7 9 1 1 42048806 16594 1040 22885 346 0 173"
2017003,2017-01-03,6,5,0,650,"6 5 0 3 2 0 1 1 42206588 16062 1040 0 346 41742 173"
2017004,2017-01-04,3,1,7,317,"3 1 7 5 4 6 1 1 43890190 11572 1040 0 346 25424 173"
2017005,2017-01-05,2,4,6,246,"2 4 6 2 4 9 1 1 44818408 39722 1040 0 346 53970 173"
2017006,2017-01-06,8,8,8,888,"8 8 8 4 6 5 1 1 45881388 42818 1040 0 346 0 173"
2017007,2017-01-07,7,8,3,783,"7 8 3 8 8 8 1 1 40703854 14541 1040 0 346 37632 173"
2017008,2017-01-08,1,6,9,169,"1 6 9 7 0 2 1 1 44452040 37743 1040 0 346 52484 173"
2017009,2017-01-09,2,0,2,202,"2 0 2 7 5 4 1 1 46734400 13129 1040 12348 346 0 173"
2017010,2017-01-10,9,7,6,976,"9 7 6 3 3 2 1 1 44273782 9235 1040 0 346 24744 173"
2017011,2017-01-11,9,0,9,909,"9 0 9 5 3 4 1 1 44494992 8901 1040 10937 346 0 173"
2017012,2017-01-12,1,2,5,125,"1 2 5 7 7 5 1 1 44116942 8939 1040 0 346 20329 173"
2017013,2017-01-13,5,8,2,582,"5 8 2 9 9 1 1 1 45404526 17861 1040 0 346 47799 173"
2017014,2017-01-14,2,2,1,221,"2 2 1 8 9 8 1 1 43540354 9180 1040 10359 346 0 173"
2017015,2017-01-15,9,5,0,950,"9 5 0 4 6 0 1 1 41649168 8937 1040 0 346 24004 173"
2017016,2017-01-16,4,6,9,469,"4 6 9 8 3 2 1 1 42816064 20332 1040 0 346 36967 173"
2017017,2017-01-17,8,1,7,817,"8 1 7 9 2 3 1 1 44841668 37535 1040 0 346 51387 173"
2017018,2017-01-18,3,1,5,315,"3 1 5 4 0 0 1 1 45338116 26849 1040 0 346 31936 173"
2017019,2017-01-19,6,0,6,606,"6 0 6 7 7 2 1 1 47163972 20402 1040 19570 346 0 173"
2017020,2017-01-20,8,9,3,893,"8 9 3 2 5 7 1 1 44602200 16826 1040 0 346 41599 173"
2017021,2017-01-21,8,5,4,854,"8 5 4 6 1 6 1 1 43560544 11820 1040 0 346 50750 173"
2017022,2017-01-22,0,2,8,028,"0 2 8 8 6 2 1 1 44862754 23428 1040 0 346 26759 173"
2017023,2017-01-23,2,5,0,250,"2 5 0 1 1 1 1 1 44587890 11090 1040 0 346 24425 173"
2017024,2017-01-24,7,0,9,709,"7 0 9 4 7 2 1 1 45068642 16691 1040 0 346 24521 173"
2017025,2017-01-25,3,5,9,359,"3 5 9 4 8 1 1 1 43549888 11819 1040 0 346 25260 173"
2017026,2017-01-26,2,5,9,259,"2 5 9 9 7 8 1 1 41206326 6499 1040 0 346 12258 173"
2017027,2017-02-03,8,7,3,873,"8 7 3 1 5 0 1 1 33280928 11507 1040 0 346 23841 173"
2017028,2017-02-04,1,9,3,193,"1 9 3 5 7 9 1 1 36527012 9881 1040 0 346 28381 173"
2017029,2017-02-05,2,7,2,272,"2 7 2 1 4 5 1 1 38513422 16970 1040 23260 346 0 173"
2017030,2017-02-06,1,0,7,107,"1 0 7 5 4 1 1 1 39176878 11742 1040 0 346 19374 173"
2017031,2017-02-07,3,7,6,376,"3 7 6 5 7 9 1 1 39475188 17016 1040 0 346 28675 173"
2017032,2017-02-08,2,3,7,237,"2 3 7 3 9 4 1 1 39955650 14682 1040 0 346 17037 173"
2017033,2017-02-09,1,1,4,114,"1 1 4 5 0 5 1 1 40052228 14159 1040 16903 346 0 173"
2017034,2017-02-10,3,4,8,348,"3 4 8 5 6 3 1 1 38998338 26244 1040 0 346 48641 173"
2017035,2017-02-11,6,2,4,624,"6 2 4 1 9 2 1 1 37761014 12321 1040 0 346 24372 173"
2017036,2017-02-12,6,5,0,650,"6 5 0 6 4 7 1 1 40375428 13211 1040 0 346 36621 173"
2017037,2017-02-13,8,9,7,897,"8 9 7 5 8 6 1 1 41779470 12870 1040 0 346 39742 173"
2017038,2017-02-14,1,3,4,134,"1 3 4 5 8 9 1 1 41215136 11892 1040 0 346 27915 173"
2017039,2017-02-15,3,9,5,395,"3 9 5 9 9 7 1 1 41892482 7629 1040 0 346 22577 173"
2017040,2017-02-16,8,9,9,899,"8 9 9 4 0 8 1 1 43566574 23435 1040 23900 346 0 173"
2017041,2017-02-17,4,8,0,480,"4 8 0 6 3 1 1 1 40449832 11343 1040 0 346 21673 173"
2017042,2017-02-18,0,0,0,000,"0 0 0 9 6 1 1 1 40592188 97715 1040 0 346 0 173"
2017043,2017-02-19,0,5,0,050,"0 5 0 8 3 5 1 1 36851842 9060 1040 12849 346 0 173"
2017044,2017-02-20,8,6,1,861,"8 6 1 8 0 5 1 1 38257620 14708 1040 0 346 38414 173"
2017045,2017-02-21,6,7,9,679,"6 7 9 7 9 2 1 1 40797910 14937 1040 0 346 29155 173"
2017046,2017-02-22,5,7,0,570,"5 7 0 7 1 4 1 1 41158480 7119 1040 0 346 20085 173"
2017047,2017-02-23,9,4,5,945,"9 4 5 1 9 2 1 1 42280860 29944 1040 0 346 43344 173"
2017048,2017-02-24,5,5,7,557,"5 5 7 0 4 5 1 1 44328926 17326 1040 15753 346 0 173"
2017049,2017-02-25,0,3,6,036,"0 3 6 6 4 9 1 1 41312528 15489 1040 0 346 30972 173"
2017050,2017-02-26,2,7,8,278,"2 7 8 9 6 6 1 1 42907740 17261 1040 0 346 34051 173"
2017051,2017-02-27,7,0,2,702,"7 0 2 8 2 8 1 1 44679886 18667 1040 0 346 20926 173"
2017052,2017-02-28,7,3,1,731,"7 3 1 8 8 9 1 1 45451026 10603 1040 0 346 31302 173"
2017053,2017-03-01,6,5,2,652,"6 5 2 7 4 7 1 1 45304308 17547 1040 0 346 48794 173"
2017054,2017-03-02,7,5,4,754,"7 5 4 0 6 9 1 1 46643308 7856 1040 0 346 48245 173"
2017055,2017-03-03,2,7,6,276,"2 7 6 5 5 2 1 1 47008498 22480 1040 0 346 34386 173"
2017056,2017-03-04,1,0,2,102,"1 0 2 2 9 7 1 1 45252372 11735 1040 0 346 18216 173"
2017057,2017-03-05,2,4,2,242,"2 4 2 2 0 7 1 1 43898312 12360 1040 20378 346 0 173"
2017058,2017-03-06,2,6,2,262,"2 6 2 0 5 6 1 1 43354494 7662 1040 10195 346 0 173"
2017059,2017-03-07,1,4,3,143,"1 4 3 3 6 2 1 1 42945878 7436 1040 0 346 26046 173"
2017060,2017-03-08,8,6,8,868,"8 6 8 8 7 3 1 1 43575824 7266 1040 10910 346 0 173"
2017061,2017-03-09,4,5,4,454,"4 5 4 0 1 9 1 1 43367368 13072 1040 12380 346 0 173"
2017062,2017-03-10,9,7,5,975,"9 7 5 7 6 1 1 1 43768582 25426 1040 0 346 50285 173"
2017063,2017-03-11,8,6,4,864,"8 6 4 4 5 0 1 1 42859730 13249 1040 0 346 39192 173"
2017064,2017-03-12,1,5,8,158,"1 5 8 2 7 7 1 1 43622914 35580 1040 0 346 59442 173"
2017065,2017-03-13,5,7,7,577,"5 7 7 7 8 9 1 1 44735852 18156 1040 19084 346 0 173"
2017066,2017-03-14,3,2,2,322,"3 2 2 1 5 9 1 1 45035348 8829 1040 12205 346 0 173"
2017067,2017-03-15,6,4,4,644,"6 4 4 7 6 6 1 1 43917184 14463 1040 14566 346 0 173"
2017068,2017-03-16,9,1,0,910,"9 1 0 6 8 5 1 1 44923374 20034 1040 0 346 43789 173"
2017069,2017-03-17,5,1,8,518,"5 1 8 6 1 0 1 1 44593002 24674 1040 0 346 27229 173"
2017070,2017-03-18,2,3,1,231,"2 3 1 8 0 6 1 1 44084318 15107 1040 0 346 25484 173"
2017071,2017-03-19,8,8,2,882,"8 8 2 4 3 4 1 1 44904382 10629 1040 13431 346 0 173"
2017072,2017-03-20,1,7,4,174,"1 7 4 2 4 1 1 1 45123368 21475 1040 0 346 55124 173"
2017073,2017-03-21,0,7,5,075,"0 7 5 4 4 5 1 1 47167150 9105 1040 0 346 30377 173"
2017074,2017-03-22,5,7,6,576,"5 7 6 9 8 3 1 1 46658832 8933 1040 0 346 30605 173"
2017075,2017-03-23,7,8,7,787,"7 8 7 6 0 7 1 1 45894818 15892 1040 14023 346 0 173"
2017076,2017-03-24,0,7,4,074,"0 7 4 6 3 1 1 1 45023604 8259 1040 0 346 22078 173"
2017077,2017-03-25,0,2,0,020,"0 2 0 0 7 3 1 1 43399836 9052 1040 8032 346 0 173"
2017078,2017-03-26,4,4,9,449,"4 4 9 6 7 6 1 1 42107808 28513 1040 19683 346 0 173"
2017079,2017-03-27,4,8,7,487,"4 8 7 2 9 4 1 1 44365062 9090 1040 0 346 35115 173"
2017080,2017-03-28,7,3,5,735,"7 3 5 7 5 9 1 1 44498616 33744 1040 0 346 53676 173"
2017081,2017-03-29,1,2,9,129,"1 2 9 1 6 7 1 1 46244244 18231 1040 0 346 49240 173"
2017082,2017-03-30,6,2,5,625,"6 2 5 0 4 9 1 1 45942054 14172 1040 0 346 46786 173"
2017083,2017-03-31,1,0,5,105,"1 0 5 7 3 0 1 1 46846248 7383 1040 0 346 18941 173"
2017084,2017-04-01,8,2,2,822,"8 2 2 7 0 0 1 1 43719256 10292 1040 16847 346 0 173"
2017085,2017-04-02,5,6,0,560,"5 6 0 5 5 3 1 1 40739688 11254 1040 0 346 19278 173"
2017086,2017-04-03,6,9,7,697,"6 9 7 9 3 4 1 1 40272908 17944 1040 0 346 30221 173"
2017087,2017-04-04,3,7,7,377,"3 7 7 4 8 6 1 1 40992440 15909 1040 18970 346 0 173"
2017088,2017-04-05,3,6,6,366,"3 6 6 8 1 0 1 1 43016550 12121 1040 13258 346 0 173"
2017089,2017-04-06,5,1,8,518,"5 1 8 7 4 2 1 1 41863478 23178 1040 0 346 51631 173"
2017090,2017-04-07,3,9,0,390,"3 9 0 5 2 6 1 1 44751828 6846 1040 0 346 27694 173"
2017091,2017-04-08,3,4,1,341,"3 4 1 2 9 4 1 1 41542080 8793 1040 0 346 32797 173"
2017092,2017-04-09,3,0,5,305,"3 0 5 6 5 1 1 1 43027944 8003 1040 0 346 17993 173"
2017093,2017-04-10,8,4,0,840,"8 4 0 7 3 8 1 1 43017514 10001 1040 0 346 26410 173"
2017094,2017-04-11,5,7,3,573,"5 7 3 5 8 8 1 1 44910682 21866 1040 0 346 35000 173"
2017095,2017-04-12,5,9,3,593,"5 9 3 3 8 3 1 1 44541754 7264 1040 0 346 20241 173"
2017096,2017-04-13,4,7,0,470,"4 7 0 2 0 4 1 1 44555580 11259 1040 0 346 29813 173"
2017097,2017-04-14,7,4,9,749,"7 4 9 7 0 1 1 1 46174158 22866 1040 0 346 30813 173"
2017098,2017-04-15,4,0,7,407,"4 0 7 0 9 0 1 1 42929664 10468 1040 0 346 11257 173"
2017099,2017-04-16,0,4,6,046,"0 4 6 2 7 7 1 1 45310288 15048 1040 0 346 20849 173"
2017100,2017-04-17,5,9,6,596,"5 9 6 4 5 0 1 1 45892166 14971 1040 0 346 37573 173"
2017101,2017-04-18,8,0,9,809,"8 0 9 4 3 1 1 1 45854574 17321 1040 0 346 29955 173"
2017102,2017-04-19,6,9,8,698,"6 9 8 2 9 3 1 1 45755206 13429 1040 0 346 23536 173"
2017103,2017-04-20,3,5,0,350,"3 5 0 5 8 9 1 1 45823514 12916 1040 0 346 16728 173"
2017104,2017-04-21,5,2,4,524,"5 2 4 0 6 1 1 1 46943324 18990 1040 0 346 30129 173"
2017105,2017-04-22,4,2,1,421,"4 2 1 0 8 5 1 1 44206138 9021 1040 0 346 24249 173"
2017106,2017-04-23,9,3,6,936,"9 3 6 3 4 7 1 1 44246402 16024 1040 0 346 39168 173"
2017107,2017-04-24,7,2,5,725,"7 2 5 8 4 0 1 1 46256916 17026 1040 0 346 38241 173"
2017108,2017-04-25,5,5,7,557,"5 5 7 8 9 2 1 1 46320892 33963 1040 28477 346 0 173"
2017109,2017-04-26,4,8,8,488,"4 8 8 0 4 8 1 1 44488796 14821 1040 24785 346 0 173"
2017110,2017-04-27,2,6,6,266,"2 6 6 6 8 6 1 1 44360496 17228 1040 18816 346 0 173"
2017111,2017-04-28,3,3,1,331,"3 3 1 8 8 0 1 1 44401830 22154 1040 33354 346 0 173"
2017112,2017-04-29,6,9,5,695,"6 9 5 6 0 9 1 1 41820696 14510 1040 0 346 25345 173"
2017113,2017-04-30,7,4,5,745,"7 4 5 1 2 7 1 1 41777008 23333 1040 0 346 58329 173"
2017114,2017-05-01,1,6,7,167,"1 6 7 4 7 6 1 1 42230190 17344 1040 0 346 36020 173"
2017115,2017-05-02,1,6,0,160,"1 6 0 9 3 3 1 1 45477648 4558 1040 0 346 17647 173"
2017116,2017-05-03,8,1,4,814,"8 1 4 3 2 0 1 1 43473884 55326 1040 0 346 51422 173"
2017117,2017-05-04,7,3,1,731,"7 3 1 7 1 0 1 1 45885628 21813 1040 0 346 31923 173"
2017118,2017-05-05,6,0,5,605,"6 0 5 3 8 3 1 1 47774940 11560 1040 0 346 23475 173"
2017119,2017-05-06,5,0,9,509,"5 0 9 3 7 3 1 1 44682694 12883 1040 0 346 22310 173"
2017120,2017-05-07,2,8,4,284,"2 8 4 8 8 0 1 1 45424838 8690 1040 0 346 35204 173"
2017121,2017-05-08,4,3,9,439,"4 3 9 1 3 8 1 1 44961962 13419 1040 0 346 30141 173"
2017122,2017-05-09,0,4,5,045,"0 4 5 0 7 6 1 1 46235448 16433 1040 0 346 30013 173"
2017123,2017-05-10,0,0,8,008,"0 0 8 7 8 9 1 1 45870366 7531 1040 11358 346 0 173"
2017124,2017-05-11,0,1,5,015,"0 1 5 9 0 0 1 1 43537924 4047 1040 0 346 14872 173"
2017125,2017-05-12,8,7,8,878,"8 7 8 9 1 0 1 1 43219378 9650 1040 11920 346 0 173"
2017126,2017-05-13,4,9,9,499,"4 9 9 2 8 1 1 1 39144288 12229 1040 15637 346 0 173"
2017127,2017-05-14,6,2,3,623,"6 2 3 0 9 0 1 1 41931160 23885 1040 0 346 55357 173"
2017128,2017-05-15,0,5,5,055,"0 5 5 5 3 5 1 1 42728342 12449 1040 22412 346 0 173"
2017129,2017-05-16,5,6,6,566,"5 6 6 3 3 3 1 1 42733118 18945 1040 18181 346 0 173"
2017130,2017-05-17,6,7,6,676,"6 7 6 5 9 3 1 1 42489708 10362 1040 13057 346 0 173"
2017131,2017-05-18,4,8,2,482,"4 8 2 2 6 1 1 1 43107264 24513 1040 0 346 33148 173"
2017132,2017-05-19,5,5,6,556,"5 5 6 7 5 3 1 1 44636886 12549 1040 10464 346 0 173"
2017133,2017-05-20,9,2,0,920,"9 2 0 3 1 6 1 1 41330984 15126 1040 0 346 23160 173"
2017134,2017-05-21,3,5,9,359,"3 5 9 2 9 2 1 1 42802782 11702 1040 0 346 24392 173"
2017135,2017-05-22,0,7,7,077,"0 7 7 7 9 3 1 1 43284670 16515 1040 16054 346 0 173"
2017136,2017-05-23,8,8,8,888,"8 8 8 0 4 3 1 1 42971232 44814 1040 0 346 0 173"
2017137,2017-05-24,1,1,9,119,"1 1 9 3 6 6 1 1 39792742 15842 1040 16747 346 0 173"
2017138,2017-05-25,1,8,1,181,"1 8 1 4 2 6 1 1 41452834 10867 1040 10740 346 0 173"
2017139,2017-05-26,6,9,5,695,"6 9 5 2 2 0 1 1 42451252 18837 1040 0 346 28473 173"
2017140,2017-05-27,6,1,4,614,"6 1 4 6 3 3 1 1 41107686 10467 1040 0 346 25988 173"
2017141,2017-05-28,1,1,5,115,"1 1 5 5 6 1 1 1 39543958 10958 1040 10089 346 0 173"
2017142,2017-05-29,8,7,7,877,"8 7 7 0 3 3 1 1 39079958 10531 1040 9034 346 0 173"
2017143,2017-05-30,6,9,8,698,"6 9 8 3 3 6 1 1 39202064 17070 1040 0 346 31426 173"
2017144,2017-05-31,5,8,5,585,"5 8 5 2 4 1 1 1 42335594 14647 1040 14702 346 0 173"
2017145,2017-06-01,9,4,5,945,"9 4 5 4 1 3 1 1 41967748 8962 1040 0 346 25102 173"
2017146,2017-06-02,5,4,9,549,"5 4 9 1 8 3 1 1 43307326 6692 1040 0 346 10385 173"
2017147,2017-06-03,2,9,9,299,"2 9 9 2 7 7 1 1 40236988 13461 1040 13323 346 0 173"
2017148,2017-06-04,7,3,9,739,"7 3 9 0 8 0 1 1 42030312 10838 1040 0 346 22016 173"
2017149,2017-06-05,7,3,9,739,"7 3 9 2 7 7 1 1 41898850 4109 1040 0 346 14636 173"
2017150,2017-06-06,1,1,3,113,"1 1 3 1 0 4 1 1 40290746 10426 1040 10570 346 0 173"
2017151,2017-06-07,0,7,6,076,"0 7 6 6 2 6 1 1 40133208 14859 1040 0 346 36766 173"
2017152,2017-06-08,7,0,7,707,"7 0 7 7 2 0 1 1 41178018 17217 1040 14346 346 0 173"
2017153,2017-06-09,6,0,8,608,"6 0 8 0 0 5 1 1 41463492 25381 1040 0 346 32527 173"
2017154,2017-06-10,3,6,3,363,"3 6 3 2 7 1 1 1 40079362 17242 1040 16198 346 0 173"
2017155,2017-06-11,9,3,5,935,"9 3 5 1 6 0 1 1 40493882 17203 1040 0 346 26015 173"
2017156,2017-06-12,2,4,8,248,"2 4 8 1 1 4 1 1 43057114 13891 1040 0 346 40162 173"
2017157,2017-06-13,1,7,3,173,"1 7 3 2 4 9 1 1 44125152 22456 1040 0 346 60181 173"
2017158,2017-06-14,2,8,5,285,"2 8 5 1 1 0 1 1 45034730 19982 1040 0 346 44615 173"
2017159,2017-06-15,8,7,2,872,"8 7 2 6 3 4 1 1 44772604 10782 1040 0 346 22938 173"
2017160,2017-06-16,2,1,0,210,"2 1 0 4 6 4 1 1 43493006 8793 1040 0 346 15452 173"
2017161,2017-06-17,7,9,7,797,"7 9 7 0 1 7 1 1 39118936 9694 1040 12880 346 0 173"
2017162,2017-06-18,3,9,8,398,"3 9 8 9 7 0 1 1 39096630 12353 1040 0 346 35196 173"
2017163,2017-06-19,0,0,8,008,"0 0 8 3 3 5 1 1 41126294 4989 1040 6641 346 0 173"
2017164,2017-06-20,3,1,2,312,"3 1 2 3 9 1 1 1 39537828 8713 1040 0 346 21820 173"
2017165,2017-06-21,3,3,3,333,"3 3 3 0 1 1 1 1 39235576 49152 1040 0 346 0 173"
2017166,2017-06-22,4,9,6,496,"4 9 6 0 7 8 1 1 37301602 13980 1040 0 346 35327 173"
2017167,2017-06-23,4,7,1,471,"4 7 1 3 9 5 1 1 40413596 9395 1040 0 346 33830 173"
2017168,2017-06-24,1,3,6,136,"1 3 6 9 6 4 1 1 38781356 14528 1040 0 346 29021 173"
2017169,2017-06-25,8,5,4,854,"8 5 4 8 8 4 1 1 40559766 25306 1040 0 346 45578 173"
2017170,2017-06-26,8,8,1,881,"8 8 1 3 4 5 1 1 41884216 14911 1040 14873 346 0 173"
2017171,2017-06-27,3,4,6,346,"3 4 6 3 5 4 1 1 40244766 16356 1040 0 346 41338 173"
2017172,2017-06-28,5,5,8,558,"5 5 8 0 9 0 1 1 40771396 15463 1040 12116 346 0 173"
2017173,2017-06-29,6,9,4,694,"6 9 4 6 5 8 1 1 42055536 12879 1040 0 346 29936 173"
2017174,2017-06-30,4,1,4,414,"4 1 4 4 6 9 1 1 43272894 15729 1040 18369 346 0 173"
2017175,2017-07-01,0,0,1,001,"0 0 1 7 9 7 1 1 40239944 17197 1040 16689 346 0 173"
2017176,2017-07-02,2,7,6,276,"2 7 6 4 9 5 1 1 37497772 17242 1040 0 346 33729 173"
2017177,2017-07-03,9,7,5,975,"9 7 5 1 2 6 1 1 40251648 12972 1040 0 346 36376 173"
2017178,2017-07-04,7,4,4,744,"7 4 4 9 8 1 1 1 40880322 20413 1040 18542 346 0 173"
2017179,2017-07-05,1,5,9,159,"1 5 9 4 2 4 1 1 40487080 18570 1040 0 346 26499 173"
2017180,2017-07-06,3,6,4,364,"3 6 4 4 1 2 1 1 42529264 11041 1040 0 346 30424 173"
2017181,2017-07-07,5,6,9,569,"5 6 9 3 3 0 1 1 42893156 13699 1040 0 346 29672 173"
2017182,2017-07-08,1,4,8,148,"1 4 8 4 2 5 1 1 40332100 11251 1040 0 346 26835 173"
2017183,2017-07-09,9,9,4,994,"9 9 4 8 8 1 1 1 41816460 7541 1040 10591 346 0 173"
2017184,2017-07-10,8,9,9,899,"8 9 9 5 6 8 1 1 40389394 21369 1040 16548 346 0 173"
2017185,2017-07-11,2,2,8,228,"2 2 8 0 4 3 1 1 40075260 16104 1040 11744 346 0 173"
2017186,2017-07-12,0,3,3,033,"0 3 3 6 9 6 1 1 39155126 10230 1040 14290 346 0 173"
2017187,2017-07-13,6,1,3,613,"6 1 3 9 6 8 1 1 38887678 14793 1040 0 346 27930 173"
2017188,2017-07-14,7,4,1,741,"7 4 1 6 0 2 1 1 40685166 17278 1040 0 346 39667 173"
2017189,2017-07-15,5,6,2,562,"5 6 2 0 7 2 1 1 40337008 24587 1040 0 346 48503 173"
2017190,2017-07-16,8,8,3,883,"8 8 3 8 0 6 1 1 40429880 13538 1040 18214 346 0 173"
2017191,2017-07-17,5,6,7,567,"5 6 7 1 3 7 1 1 39909308 18217 1040 0 346 28778 173"
2017192,2017-07-18,4,0,6,406,"4 0 6 6 4 5 1 1 40257720 14138 1040 0 346 20514 173"
2017193,2017-07-19,3,5,2,352,"3 5 2 0 4 5 1 1 41050352 11886 1040 0 346 39105 173"
2017194,2017-07-20,4,6,6,466,"4 6 6 0 8 0 1 1 41225452 16459 1040 18562 346 0 173"
2017195,2017-07-21,6,8,6,686,"6 8 6 6 8 3 1 1 40691606 11957 1040 13884 346 0 173"
2017196,2017-07-22,1,7,4,174,"1 7 4 7 9 6 1 1 38706398 13569 1040 0 346 32444 173"
2017197,2017-07-23,6,8,1,681,"6 8 1 2 7 8 1 1 40723654 16633 1040 0 346 36615 173"
2017198,2017-07-24,7,0,3,703,"7 0 3 4 6 5 1 1 41452254 10728 1040 0 346 25364 173"
2017199,2017-07-25,3,6,7,367,"3 6 7 2 3 0 1 1 41558864 16922 1040 0 346 23728 173"
2017200,2017-07-26,8,2,7,827,"8 2 7 8 8 9 1 1 42140884 18813 1040 0 346 35641 173"
2017201,2017-07-27,3,5,8,358,"3 5 8 9 2 6 1 1 41862850 29892 1040 0 346 48971 173"
2017202,2017-07-28,9,9,6,996,"9 9 6 3 1 1 1 1 44215164 14761 1040 21835 346 0 173"
2017203,2017-07-29,0,7,0,070,"0 7 0 4 8 7 1 1 40514018 11466 1040 9278 346 0 173"
2017204,2017-07-30,0,5,3,053,"0 5 3 1 6 0 1 1 38999878 6401 1040 0 346 20576 173"
2017205,2017-07-31,7,7,0,770,"7 7 0 0 5 2 1 1 39560170 8560 1040 9015 346 0 173"
2017206,2017-08-01,3,4,4,344,"3 4 4 6 5 9 1 1 39439176 16001 1040 15805 346 0 173"
2017207,2017-08-02,3,3,1,331,"3 3 1 4 0 5 1 1 38976356 9030 1040 10282 346 0 173"
2017208,2017-08-03,8,2,2,822,"8 2 2 0 3 3 1 1 39367408 11207 1040 12337 346 0 173"
2017209,2017-08-04,3,5,4,354,"3 5 4 7 4 7 1 1 39885640 9438 1040 0 346 26369 173"
2017210,2017-08-05,2,5,6,256,"2 5 6 9 3 6 1 1 38158814 18466 1040 0 346 39628 173"
2017211,2017-08-06,1,2,4,124,"1 2 4 6 8 6 1 1 39941024 12800 1040 0 346 18322 173"
2017212,2017-08-07,7,1,6,716,"7 1 6 1 2 5 1 1 40483604 20572 1040 0 346 56139 173"
2017213,2017-08-08,9,8,6,986,"9 8 6 1 2 9 1 1 42404644 8137 1040 0 346 26392 173"
2017214,2017-08-09,3,1,3,313,"3 1 3 7 1 0 1 1 40933828 10082 1040 7734 346 0 173"
2017215,2017-08-10,3,6,9,369,"3 6 9 5 1 2 1 1 40945436 30080 1040 0 346 34474 173"
2017216,2017-08-11,0,6,3,063,"0 6 3 6 5 2 1 1 42607836 8531 1040 0 346 21831 173"
2017217,2017-08-12,8,1,2,812,"8 1 2 4 8 3 1 1 39080998 33438 1040 0 346 44625 173"
2017218,2017-08-13,9,1,1,911,"9 1 1 5 6 2 1 1 41470712 27839 1040 17442 346 0 173"
2017219,2017-08-14,5,1,3,513,"5 1 3 1 8 7 1 1 41264474 9004 1040 0 346 20824 173"
2017220,2017-08-15,2,8,7,287,"2 8 7 1 2 2 1 1 41461492 27984 1040 0 346 35413 173"
2017221,2017-08-16,8,5,7,857,"8 5 7 9 0 4 1 1 43089762 11491 1040 0 346 31794 173"
2017222,2017-08-17,7,3,1,731,"7 3 1 8 4 6 1 1 43602030 15006 1040 0 346 26537 173"
2017223,2017-08-18,7,7,8,778,"7 7 8 6 7 8 1 1 46352062 18839 1040 16470 346 0 173"
2017224,2017-08-19,2,6,5,265,"2 6 5 2 8 4 1 1 42381042 17641 1040 0 346 39065 173"
2017225,2017-08-20,8,0,1,801,"8 0 1 8 1 8 1 1 44219078 11689 1040 0 346 27261 173"
2017226,2017-08-21,9,0,3,903,"9 0 3 8 3 3 1 1 44145550 18588 1040 0 346 38155 173"
2017227,2017-08-22,8,8,5,885,"8 8 5 7 8 0 1 1 43710284 17382 1040 22414 346 0 173"
2017228,2017-08-23,5,3,5,535,"5 3 5 8 9 5 1 1 42908974 17082 1040 19900 346 0 173"
2017229,2017-08-24,7,0,7,707,"7 0 7 9 7 2 1 1 43605552 12473 1040 13275 346 0 173"
2017230,2017-08-25,5,9,8,598,"5 9 8 7 6 5 1 1 45020612 13101 1040 0 346 28580 173"
2017231,2017-08-26,7,4,8,748,"7 4 8 6 4 4 1 1 43337268 15487 1040 0 346 44121 173"
2017232,2017-08-27,0,9,1,091,"0 9 1 8 4 4 1 1 43359946 8756 1040 0 346 23112 173"
2017233,2017-08-28,9,5,2,952,"9 5 2 8 5 5 1 1 44778444 20002 1040 0 346 39673 173"
2017234,2017-08-29,8,9,5,895,"8 9 5 5 6 1 1 1 46262480 8647 1040 0 346 16198 173"
2017235,2017-08-30,3,6,2,362,"3 6 2 6 2 7 1 1 46547720 19578 1040 0 346 44928 173"
2017236,2017-08-31,9,3,7,937,"9 3 7 2 4 1 1 1 47150848 11656 1040 0 346 24977 173"
2017237,2017-09-01,1,3,5,135,"1 3 5 8 3 3 1 1 49140876 12879 1040 0 346 22685 173"
2017238,2017-09-02,5,1,7,517,"5 1 7 8 7 0 1 1 46701460 15836 1040 0 346 23051 173"
2017239,2017-09-03,3,8,9,389,"3 8 9 9 2 7 1 1 48559834 22861 1040 0 346 31849 173"
2017240,2017-09-04,5,9,1,591,"5 9 1 8 5 2 1 1 48655236 12681 1040 0 346 39997 173"
2017241,2017-09-05,6,6,4,664,"6 6 4 3 1 4 1 1 49543152 29496 1040 43220 346 0 173"
2017242,2017-09-06,2,3,7,237,"2 3 7 2 2 4 1 1 47487396 44062 1040 0 346 54204 173"
2017243,2017-09-07,7,5,1,751,"7 5 1 0 6 5 1 1 49512124 9965 1040 0 346 29874 173"
2017244,2017-09-08,0,4,8,048,"0 4 8 1 4 5 1 1 51131260 13971 1040 0 346 36949 173"
2017245,2017-09-09,2,8,4,284,"2 8 4 3 7 9 1 1 47435854 8626 1040 0 346 31157 173"
2017246,2017-09-10,7,7,8,778,"7 7 8 0 1 7 1 1 47665310 9975 1040 15860 346 0 173"
2017247,2017-09-11,3,7,0,370,"3 7 0 4 1 1 1 1 47586980 12001 1040 0 346 21640 173"
2017248,2017-09-12,8,5,6,856,"8 5 6 2 3 4 1 1 47791284 19581 1040 0 346 38950 173"
2017249,2017-09-13,3,0,2,302,"3 0 2 5 1 1 1 1 48147378 14811 1040 0 346 31147 173"
2017250,2017-09-14,1,4,2,142,"1 4 2 6 1 1 1 1 47491358 7077 1040 0 346 30730 173"
2017251,2017-09-15,9,5,1,951,"9 5 1 6 9 7 1 1 48189604 15921 1040 0 346 36818 173"
2017252,2017-09-16,3,8,7,387,"3 8 7 3 1 3 1 1 47393168 20715 1040 0 346 65243 173"
2017253,2017-09-17,3,2,6,326,"3 2 6 3 4 0 1 1 48226254 12095 1040 0 346 36141 173"
2017254,2017-09-18,6,3,9,639,"6 3 9 2 1 3 1 1 49277494 16388 1040 0 346 31940 173"
2017255,2017-09-19,5,2,1,521,"5 2 1 9 8 8 1 1 49232200 10384 1040 0 346 28856 173"
2017256,2017-09-20,3,6,2,362,"3 6 2 1 3 0 1 1 49097560 7495 1040 0 346 18379 173"
2017257,2017-09-21,2,3,4,234,"2 3 4 5 0 4 1 1 49665770 17951 1040 0 346 29692 173"
2017258,2017-09-22,3,6,1,361,"3 6 1 1 4 5 1 1 50454842 14413 1040 0 346 46242 173"
2017259,2017-09-23,4,8,1,481,"4 8 1 5 3 3 1 1 49183776 17649 1040 0 346 36227 173"
2017260,2017-09-24,0,9,5,095,"0 9 5 2 0 4 1 1 47780724 18270 1040 0 346 44454 173"
2017261,2017-09-25,6,8,6,686,"6 8 6 4 2 9 1 1 48218734 11380 1040 21039 346 0 173"
2017262,2017-09-26,9,1,2,912,"9 1 2 5 9 7 1 1 45315412 18830 1040 0 346 26770 173"
2017263,2017-09-27,6,7,2,672,"6 7 2 0 5 2 1 1 45258508 14564 1040 0 346 62695 173"
2017264,2017-09-28,9,3,3,933,"9 3 3 9 3 1 1 1 46577604 16745 1040 25172 346 0 173"
2017265,2017-09-29,3,7,2,372,"3 7 2 5 4 1 1 1 45242790 13746 1040 0 346 26565 173"
2017266,2017-09-30,2,0,3,203,"2 0 3 3 5 0 1 1 43599998 6844 1040 0 346 12147 173"
2017267,2017-10-01,7,7,0,770,"7 7 0 8 4 8 1 1 40098116 10107 1040 12710 346 0 173"
2017268,2017-10-02,5,7,8,578,"5 7 8 6 8 7 1 1 38277492 20431 1040 0 346 36078 173"
2017269,2017-10-03,9,3,8,938,"9 3 8 9 9 5 1 1 39614646 7988 1040 0 346 26606 173"
2017270,2017-10-04,1,3,5,135,"1 3 5 4 0 8 1 1 37636860 9744 1040 0 346 27716 173"
2017271,2017-10-05,4,2,8,428,"4 2 8 9 9 2 1 1 40788424 12896 1040 0 346 35369 173"
2017272,2017-10-06,9,3,4,934,"9 3 4 8 2 1 1 1 42942024 12354 1040 0 346 37314 173"
2017273,2017-10-07,2,6,7,267,"2 6 7 6 5 9 1 1 43177616 25126 1040 0 346 44280 173"
2017274,2017-10-08,9,4,4,944,"9 4 4 6 7 6 1 1 44671164 15796 1040 25896 346 0 173"
2017275,2017-10-09,8,9,8,898,"8 9 8 8 2 3 1 1 42506964 28086 1040 25047 346 0 173"
2017276,2017-10-10,8,8,7,887,"8 8 7 9 6 6 1 1 42971914 10290 1040 11815 346 0 173"
2017277,2017-10-11,5,5,7,557,"5 5 7 0 3 2 1 1 41909102 17263 1040 16314 346 0 173"
2017278,2017-10-12,9,0,2,902,"9 0 2 4 9 1 1 1 43072046 10192 1040 0 346 23352 173"
2017279,2017-10-13,4,5,3,453,"4 5 3 2 8 9 1 1 44073566 12888 1040 0 346 35375 173"
2017280,2017-10-14,6,5,8,658,"6 5 8 3 4 8 1 1 42359996 12041 1040 0 346 33905 173"
2017281,2017-10-15,6,0,9,609,"6 0 9 7 6 0 1 1 42865390 17396 1040 0 346 26084 173"
2017282,2017-10-16,5,6,8,568,"5 6 8 4 6 0 1 1 44235396 10896 1040 0 346 14141 173"
2017283,2017-10-17,3,5,5,355,"3 5 5 0 1 7 1 1 45544890 11718 1040 12752 346 0 173"
2017284,2017-10-18,1,3,1,131,"1 3 1 7 4 8 1 1 45631900 11564 1040 11106 346 0 173"
2017285,2017-10-19,4,3,4,434,"4 3 4 5 6 0 1 1 44388588 11097 1040 16721 346 0 173"
2017286,2017-10-20,5,1,2,512,"5 1 2 6 1 0 1 1 45923590 59445 1040 0 346 36436 173"
2017287,2017-10-21,2,8,5,285,"2 8 5 5 2 7 1 1 44017476 23076 1040 0 346 44703 173"
2017288,2017-10-22,3,0,0,300,"3 0 0 2 2 6 1 1 45874932 8971 1040 7820 346 0 173"
2017289,2017-10-23,2,3,6,236,"2 3 6 5 3 1 1 1 44242786 21445 1040 0 346 37962 173"
2017290,2017-10-24,2,8,5,285,"2 8 5 6 5 2 1 1 47170852 5754 1040 0 346 30449 173"
2017291,2017-10-25,7,6,5,765,"7 6 5 8 9 4 1 1 47301744 16266 1040 0 346 44445 173"
2017292,2017-10-26,7,1,5,715,"7 1 5 6 2 8 1 1 46514584 9296 1040 0 346 22774 173"
2017293,2017-10-27,6,6,9,669,"6 6 9 3 3 1 1 1 47577208 20842 1040 20384 346 0 173"
2017294,2017-10-28,7,5,7,757,"7 5 7 3 9 5 1 1 43424260 12457 1040 16615 346 0 173"
2017295,2017-10-29,7,2,3,723,"7 2 3 7 2 2 1 1 45576568 16577 1040 0 346 42636 173"
2017296,2017-10-30,9,5,9,959,"9 5 9 9 8 7 1 1 45661316 10944 1040 11192 346 0 173"
2017297,2017-10-31,4,6,2,462,"4 6 2 4 9 2 1 1 45914766 15153 1040 0 346 43590 173"
2017298,2017-11-01,2,1,8,218,"2 1 8 7 3 2 1 1 47646122 30079 1040 0 346 37766 173"
2017299,2017-11-02,9,2,1,921,"9 2 1 3 6 5 1 1 47817180 17617 1040 0 346 20340 173"
2017300,2017-11-03,0,5,0,050,"0 5 0 6 1 0 1 1 48033958 7951 1040 11323 346 0 173"
2017301,2017-11-04,3,9,1,391,"3 9 1 2 5 3 1 1 42535182 10215 1040 0 346 24685 173"
2017302,2017-11-05,2,4,1,241,"2 4 1 8 1 7 1 1 44021582 9208 1040 0 346 23157 173"
2017303,2017-11-06,4,9,7,497,"4 9 7 7 5 9 1 1 45892834 18493 1040 0 346 45025 173"
2017304,2017-11-07,1,0,9,109,"1 0 9 5 2 6 1 1 45811526 23991 1040 0 346 23538 173"
2017305,2017-11-08,4,2,0,420,"4 2 0 6 5 0 1 1 46460116 16427 1040 0 346 36172 173"
2017306,2017-11-09,8,1,7,817,"8 1 7 1 5 6 1 1 44258698 16932 1040 0 346 34428 173"
2017307,2017-11-10,5,1,7,517,"5 1 7 8 5 6 1 1 45391188 9417 1040 0 346 22257 173"
2017308,2017-11-11,7,1,0,710,"7 1 0 2 1 9 1 1 44160650 7086 1040 0 346 12749 173"
2017309,2017-11-12,8,7,9,879,"8 7 9 6 8 9 1 1 43350128 16500 1040 0 346 35155 173"
2017310,2017-11-13,1,3,6,136,"1 3 6 8 7 8 1 1 44248742 11584 1040 0 346 22553 173"
2017311,2017-11-14,9,7,9,979,"9 7 9 6 4 5 1 1 45056664 18429 1040 16671 346 0 173"
2017312,2017-11-15,1,1,4,114,"1 1 4 3 3 6 1 1 44521734 13362 1040 12052 346 0 173"
2017313,2017-11-16,2,3,2,232,"2 3 2 5 9 4 1 1 43668512 13298 1040 18095 346 0 173"
2017314,2017-11-17,3,0,0,300,"3 0 0 2 5 1 1 1 44723526 9847 1040 8595 346 0 173"
2017315,2017-11-18,7,9,1,791,"7 9 1 5 8 9 1 1 39603236 14817 1040 0 346 27533 173"
2017316,2017-11-19,7,2,3,723,"7 2 3 6 0 7 1 1 41815870 12466 1040 0 346 35672 173"
2017317,2017-11-20,7,7,1,771,"7 7 1 9 1 5 1 1 43848220 9774 1040 13554 346 0 173"
2017318,2017-11-21,8,5,6,856,"8 5 6 3 2 8 1 1 43231828 21627 1040 0 346 64604 173"
2017319,2017-11-22,1,0,5,105,"1 0 5 1 0 9 1 1 44556732 15845 1040 0 346 19499 173"
2017320,2017-11-23,5,4,3,543,"5 4 3 8 0 8 1 1 44117094 12453 1040 0 346 30138 173"
2017321,2017-11-24,1,8,8,188,"1 8 8 9 0 1 1 1 44805466 16192 1040 20501 346 0 173"
2017322,2017-11-25,4,1,9,419,"4 1 9 6 4 9 1 1 42769366 49764 1040 0 346 51860 173"
2017323,2017-11-26,2,8,0,280,"2 8 0 2 4 3 1 1 45097704 13278 1040 0 346 31378 173"
2017324,2017-11-27,6,3,7,637,"6 3 7 2 2 7 1 1 46445008 56235 1040 0 346 89076 173"
2017325,2017-11-28,4,0,6,406,"4 0 6 9 8 5 1 1 46664766 10431 1040 0 346 19243 173"
2017326,2017-11-29,4,9,0,490,"4 9 0 1 7 3 1 1 46917384 8043 1040 0 346 25153 173"
2017327,2017-11-30,3,5,1,351,"3 5 1 9 7 8 1 1 46263686 18049 1040 0 346 36597 173"
2017328,2017-12-01,0,3,0,030,"0 3 0 2 9 6 1 1 48445592 6431 1040 7285 346 0 173"
2017329,2017-12-02,9,1,3,913,"9 1 3 9 8 6 1 1 42449064 20206 1040 0 346 28156 173"
2017330,2017-12-03,4,3,0,430,"4 3 0 8 0 7 1 1 44873136 8790 1040 0 346 18739 173"
2017331,2017-12-04,7,8,2,782,"7 8 2 4 8 1 1 1 46440576 19881 1040 0 346 61907 173"
2017332,2017-12-05,8,0,4,804,"8 0 4 0 2 0 1 1 46145498 21629 1040 0 346 24817 173"
2017333,2017-12-06,4,4,2,442,"4 4 2 5 2 6 1 1 48594470 12071 1040 16241 346 0 173"
2017334,2017-12-07,9,0,5,905,"9 0 5 3 5 7 1 1 45612242 16726 1040 0 346 36125 173"
2017335,2017-12-08,7,0,5,705,"7 0 5 5 9 0 1 1 47711014 11375 1040 0 346 23078 173"
2017336,2017-12-09,7,7,5,775,"7 7 5 0 2 9 1 1 44639760 12415 1040 16141 346 0 173"
2017337,2017-12-10,4,4,4,444,"4 4 4 1 2 7 1 1 43859716 66808 1040 0 346 0 173"
2017338,2017-12-11,9,0,1,901,"9 0 1 5 8 0 1 1 42529768 14883 1040 0 346 23473 173"
2017339,2017-12-12,8,5,3,853,"8 5 3 4 3 0 1 1 44756400 28645 1040 0 346 56181 173"
2017340,2017-12-13,7,1,4,714,"7 1 4 8 1 1 1 1 47185344 22203 1040 0 346 46928 173"
2017341,2017-12-14,1,6,2,162,"1 6 2 5 1 7 1 1 49214898 41213 1040 0 346 48495 173"
2017342,2017-12-15,9,6,0,960,"9 6 0 8 3 6 1 1 49671162 23060 1040 0 346 40784 173"
2017343,2017-12-16,8,6,1,861,"8 6 1 6 0 3 1 1 46578380 18599 1040 0 346 33273 173"
2017344,2017-12-17,6,9,8,698,"6 9 8 6 6 4 1 1 48071954 13184 1040 0 346 20814 173"
2017345,2017-12-18,1,7,3,173,"1 7 3 5 6 4 1 1 46790300 21618 1040 0 346 47409 173"
2017346,2017-12-19,8,6,1,861,"8 6 1 7 5 1 1 1 49205350 7124 1040 0 346 19008 173"
2017347,2017-12-20,6,6,6,666,"6 6 6 0 6 8 1 1 49463058 90658 1040 0 346 0 173"
2017348,2017-12-21,3,1,1,311,"3 1 1 7 3 1 1 1 45113192 10735 1040 12431 346 0 173"
2017349,2017-12-22,5,3,7,537,"5 3 7 9 7 2 1 1 47051056 24157 1040 0 346 32178 173"
2017350,2017-12-23,7,2,6,726,"7 2 6 0 4 8 1 1 47609926 19881 1040 0 346 27440 173"
2017351,2017-12-24,1,0,9,109,"1 0 9 9 4 5 1 1 47677460 17165 1040 0 346 29931 173"
2017352,2017-12-25,8,5,5,855,"8 5 5 1 2 2 1 1 48489138 17611 1040 17613 346 0 173"
2017353,2017-12-26,0,9,4,094,"0 9 4 6 1 6 1 1 47232570 12172 1040 0 346 22009 173"
2017354,2017-12-27,2,9,4,294,"2 9 4 4 1 7 1 1 48270332 7927 1040 0 346 26860 173"
2017355,2017-12-28,0,3,1,031,"0 3 1 2 0 6 1 1 46945714 12371 1040 0 346 29519 173"
2017356,2017-12-29,6,4,7,647,"6 4 7 2 5 6 1 1 47229832 24328 1040 0 346 43443 173"
2017357,2017-12-30,6,6,5,665,"6 6 5 5 1 7 1 1 46328368 14010 1040 18408 346 0 173"
2017358,2017-12-31,6,1,2,612,"6 1 2 1 3 1 1 1 45404058 14879 1040 0 346 28116 173"
2018001,2018-01-01,3,2,6,326,"3 2 6 4 8 0 1 1 44047350 17082 1040 0 346 26608 173"
2018002,2018-01-02,9,2,8,928,"9 2 8 8 6 4 1 1 46624244 16495 1040 0 346 29288 173"
2018003,2018-01-03,7,3,6,736,"7 3 6 8 0 2 1 1 45961674 25852 1040 0 346 38875 173"
2018004,2018-01-04,3,9,3,393,"3 9 3 2 4 9 1 1 47759896 19134 1040 17080 346 0 173"
2018005,2018-01-05,8,2,8,828,"8 2 8 3 6 4 1 1 47138854 16346 1040 14950 346 0 173"
2018006,2018-01-06,7,2,0,720,"7 2 0 6 5 7 1 1 44928872 9695 1040 0 346 25044 173"
2018007,2018-01-07,0,2,1,021,"0 2 1 5 5 2 1 1 45694678 6429 1040 0 346 21436 173"
2018008,2018-01-08,5,8,3,583,"5 8 3 7 3 7 1 1 44794146 25503 1040 0 346 55362 173"
2018009,2018-01-09,8,1,3,813,"8 1 3 1 6 8 1 1 46964346 16123 1040 0 346 37661 173"
2018010,2018-01-10,8,5,8,858,"8 5 8 3 8 4 1 1 47804654 12337 1040 13644 346 0 173"
2018011,2018-01-11,0,7,8,078,"0 7 8 4 8 2 1 1 46063512 11762 1040 0 346 24198 173"
2018012,2018-01-12,8,9,1,891,"8 9 1 6 9 6 1 1 47206654 15829 1040 0 346 34017 173"
2018013,2018-01-13,7,4,6,746,"7 4 6 4 0 8 1 1 45751350 26732 1040 0 346 49520 173"
2018014,2018-01-14,0,8,4,084,"0 8 4 7 4 8 1 1 47473310 6958 1040 0 346 19152 173"
2018015,2018-01-15,8,7,5,875,"8 7 5 3 7 5 1 1 48490130 18183 1040 0 346 39449 173"
2018016,2018-01-16,4,0,1,401,"4 0 1 1 1 4 1 1 48990110 12039 1040 0 346 23928 173"
2018017,2018-01-17,6,5,9,659,"6 5 9 9 9 2 1 1 48547166 19493 1040 0 346 35883 173"
2018018,2018-01-18,8,1,0,810,"8 1 0 6 8 7 1 1 48776502 16370 1040 0 346 26229 173"
2018019,2018-01-19,1,7,9,179,"1 7 9 8 5 5 1 1 51127954 18836 1040 0 346 29118 173"
2018020,2018-01-20,7,4,9,749,"7 4 9 9 5 2 1 1 48570764 10667 1040 0 346 23526 173"
2018021,2018-01-21,2,7,2,272,"2 7 2 6 1 4 1 1 49013348 17059 1040 25725 346 0 173"
2018022,2018-01-22,9,9,2,992,"9 9 2 5 3 1 1 1 46875682 20763 1040 18665 346 0 173"
2018023,2018-01-23,1,0,2,102,"1 0 2 3 7 7 1 1 46343884 6642 1040 0 346 13753 173"
2018024,2018-01-24,6,6,4,664,"6 6 4 8 3 2 1 1 44574490 8669 1040 10091 346 0 173"
2018025,2018-01-25,6,4,7,647,"6 4 7 9 8 1 1 1 44070002 11748 1040 0 346 26865 173"
2018026,2018-01-26,9,3,2,932,"9 3 2 8 2 2 1 1 50484014 21917 1040 0 346 58008 173"
2018027,2018-01-27,9,7,3,973,"9 7 3 0 7 7 1 1 43855270 8015 1040 0 346 32557 173"
2018028,2018-01-28,8,2,8,828,"8 2 8 4 1 4 1 1 44335790 18433 1040 17342 346 0 173"
2018029,2018-01-29,3,1,3,313,"3 1 3 4 2 6 1 1 45190750 18781 1040 15667 346 0 173"
2018030,2018-01-30,6,8,2,682,"6 8 2 9 7 0 1 1 45155570 18231 1040 0 346 32944 173"
2018031,2018-01-31,3,2,8,328,"3 2 8 2 3 1 1 1 46704910 22961 1040 0 346 41829 173"
2018032,2018-02-01,7,1,2,712,"7 1 2 9 8 8 1 1 46521728 21016 1040 0 346 36039 173"
2018033,2018-02-02,7,6,7,767,"7 6 7 4 0 0 1 1 48357268 12539 1040 18771 346 0 173"
2018034,2018-02-03,6,7,6,676,"6 7 6 7 5 6 1 1 43880072 20812 1040 17089 346 0 173"
2018035,2018-02-04,8,5,6,856,"8 5 6 4 1 9 1 1 43785694 12163 1040 0 346 36023 173"
2018036,2018-02-05,3,6,5,365,"3 6 5 8 4 4 1 1 44937402 22680 1040 0 346 34238 173"
2018037,2018-02-06,6,9,5,695,"6 9 5 1 0 7 1 1 45296160 11591 1040 0 346 20952 173"
2018038,2018-02-07,8,5,9,859,"8 5 9 2 2 9 1 1 45667958 22086 1040 0 346 34534 173"
2018039,2018-02-08,7,0,6,706,"7 0 6 9 2 4 1 1 47545878 15511 1040 0 346 26553 173"
2018040,2018-02-09,6,8,4,684,"6 8 4 4 2 8 1 1 48529764 14851 1040 0 346 33544 173"
2018041,2018-02-10,6,5,1,651,"6 5 1 3 6 2 1 1 47306102 8147 1040 0 346 27188 173"
2018042,2018-02-11,1,3,1,131,"1 3 1 5 7 4 1 1 46484892 11089 1040 16103 346 0 173"
2018043,2018-02-12,5,2,7,527,"5 2 7 9 4 1 1 1 44812116 41210 1040 0 346 43582 173"
2018044,2018-02-13,9,0,2,902,"9 0 2 5 6 1 1 1 45646112 27363 1040 0 346 41380 173"
2018045,2018-02-14,2,0,3,203,"2 0 3 2 0 0 1 1 41689550 11981 1040 0 346 16781 173"
2018046,2018-02-22,3,4,7,347,"3 4 7 3 2 0 1 1 36418904 16720 1040 0 346 39917 173"
2018047,2018-02-23,5,5,8,558,"5 5 8 3 8 8 1 1 39530466 18599 1040 19137 346 0 173"
2018048,2018-02-24,6,9,3,693,"6 9 3 0 2 8 1 1 39632498 19707 1040 0 346 49415 173"
2018049,2018-02-25,5,4,1,541,"5 4 1 1 9 4 1 1 41675858 10057 1040 0 346 39868 173"
2018050,2018-02-26,8,7,5,875,"8 7 5 4 7 1 1 1 43719032 25209 1040 0 346 50560 173"
2018051,2018-02-27,6,2,0,620,"6 2 0 7 7 3 1 1 45102720 13791 1040 0 346 24875 173"
2018052,2018-02-28,3,6,9,369,"3 6 9 1 4 0 1 1 44879062 31656 1040 0 346 24462 173"
2018053,2018-03-01,1,5,4,154,"1 5 4 2 9 8 1 1 45993444 19442 1040 0 346 28595 173"
2018054,2018-03-02,3,2,5,325,"3 2 5 7 9 2 1 1 45457814 20883 1040 0 346 43093 173"
2018055,2018-03-03,1,6,0,160,"1 6 0 9 2 1 1 1 45074496 17680 1040 0 346 30492 173"
2018056,2018-03-04,9,0,8,908,"9 0 8 6 2 2 1 1 45921966 15893 1040 0 346 40492 173"
2018057,2018-03-05,9,7,7,977,"9 7 7 7 4 3 1 1 47393740 18573 1040 23725 346 0 173"
2018058,2018-03-06,7,2,3,723,"7 2 3 3 0 4 1 1 45436898 18104 1040 0 346 36051 173"
2018059,2018-03-07,9,4,7,947,"9 4 7 7 0 2 1 1 47146198 8263 1040 0 346 26048 173"
2018060,2018-03-08,7,6,7,767,"7 6 7 4 5 3 1 1 46477714 13530 1040 13990 346 0 173"
2018061,2018-03-09,5,2,5,525,"5 2 5 6 4 2 1 1 46719902 18534 1040 15522 346 0 173"
2018062,2018-03-10,7,9,2,792,"7 9 2 2 1 7 1 1 44589900 9493 1040 0 346 26913 173"
2018063,2018-03-11,6,1,3,613,"6 1 3 9 8 9 1 1 46520988 21064 1040 0 346 37041 173"
2018064,2018-03-12,3,3,9,339,"3 3 9 4 0 6 1 1 48205822 17713 1040 16369 346 0 173"
2018065,2018-03-13,8,4,8,848,"8 4 8 1 9 8 1 1 47186352 17384 1040 23787 346 0 173"
2018066,2018-03-14,0,9,5,095,"0 9 5 2 4 6 1 1 47555650 9959 1040 0 346 23895 173"
2018067,2018-03-15,8,5,8,858,"8 5 8 9 8 1 1 1 46278596 13663 1040 12111 346 0 173"
2018068,2018-03-16,4,4,8,448,"4 4 8 3 3 2 1 1 47386764 12902 1040 13158 346 0 173"
2018069,2018-03-17,1,1,9,119,"1 1 9 8 4 7 1 1 44070860 24312 1040 19646 346 0 173"
2018070,2018-03-18,5,6,7,567,"5 6 7 4 5 5 1 1 44008802 34849 1040 0 346 44975 173"
2018071,2018-03-19,7,7,9,779,"7 7 9 4 6 3 1 1 45253654 10132 1040 11454 346 0 173"
2018072,2018-03-20,4,7,3,473,"4 7 3 5 4 8 1 1 46875830 13818 1040 0 346 37380 173"
2018073,2018-03-21,2,7,5,275,"2 7 5 6 7 6 1 1 46218088 11455 1040 0 346 32806 173"
2018074,2018-03-22,8,1,5,815,"8 1 5 7 8 6 1 1 46576900 13534 1040 0 346 38983 173"
2018075,2018-03-23,8,6,1,861,"8 6 1 9 6 6 1 1 47824422 10698 1040 0 346 37433 173"
2018076,2018-03-24,7,8,5,785,"7 8 5 7 9 5 1 1 45545204 14971 1040 0 346 39150 173"
2018077,2018-03-25,2,4,6,246,"2 4 6 0 6 1 1 1 47961462 19935 1040 0 346 42830 173"
2018078,2018-03-26,6,1,6,616,"6 1 6 6 7 0 1 1 47923616 32581 1040 28178 346 0 173"
2018079,2018-03-27,3,6,9,369,"3 6 9 5 2 1 1 1 46621876 55744 1040 0 346 52486 173"
2018080,2018-03-28,8,7,9,879,"8 7 9 1 7 9 1 1 49797060 21465 1040 0 346 48345 173"
2018081,2018-03-29,7,5,8,758,"7 5 8 0 5 2 1 1 49750588 31987 1040 0 346 45689 173"
2018082,2018-03-30,5,4,9,549,"5 4 9 1 5 7 1 1 51913686 16199 1040 0 346 36718 173"
2018083,2018-03-31,2,6,6,266,"2 6 6 9 4 8 1 1 47751736 13954 1040 14617 346 0 173"
2018084,2018-04-01,5,1,9,519,"5 1 9 4 2 9 1 1 47774304 23111 1040 0 346 45184 173"
2018085,2018-04-02,9,0,3,903,"9 0 3 7 1 9 1 1 50198870 11493 1040 0 346 22060 173"
2018086,2018-04-03,1,8,6,186,"1 8 6 3 9 6 1 1 47441654 13400 1040 0 346 30407 173"
2018087,2018-04-04,5,1,3,513,"5 1 3 7 2 7 1 1 47196302 12700 1040 0 346 31816 173"
2018088,2018-04-05,0,9,9,099,"0 9 9 0 1 7 1 1 44623164 14553 1040 20762 346 0 173"
2018089,2018-04-06,6,6,8,668,"6 6 8 8 8 2 1 1 44208102 27314 1040 25847 346 0 173"
2018090,2018-04-07,6,7,1,671,"6 7 1 6 6 2 1 1 45703498 14143 1040 0 346 40137 173"
2018091,2018-04-08,1,0,2,102,"1 0 2 2 1 4 1 1 47561388 9070 1040 0 346 22765 173"
2018092,2018-04-09,2,3,1,231,"2 3 1 6 3 2 1 1 45128988 10587 1040 0 346 37259 173"
2018093,2018-04-10,2,0,9,209,"2 0 9 0 6 3 1 1 45341800 10954 1040 0 346 20785 173"
2018094,2018-04-11,1,3,6,136,"1 3 6 3 6 4 1 1 45939196 19493 1040 0 346 42166 173"
2018095,2018-04-12,2,4,1,241,"2 4 1 8 5 0 1 1 47171954 8026 1040 0 346 26290 173"
2018096,2018-04-13,2,4,3,243,"2 4 3 9 7 3 1 1 47563804 9657 1040 0 346 38518 173"
2018097,2018-04-14,0,3,8,038,"0 3 8 6 4 7 1 1 44492858 14375 1040 0 346 31541 173"
2018098,2018-04-15,6,6,5,665,"6 6 5 5 7 5 1 1 46160176 17842 1040 24956 346 0 173"
2018099,2018-04-16,9,1,9,919,"9 1 9 4 7 5 1 1 45221064 28653 1040 26837 346 0 173"
2018100,2018-04-17,2,7,0,270,"2 7 0 0 8 7 1 1 46005682 8486 1040 0 346 23141 173"
2018101,2018-04-18,3,4,5,345,"3 4 5 7 5 2 1 1 45587818 27506 1040 0 346 51116 173"
2018102,2018-04-19,5,7,3,573,"5 7 3 2 5 9 1 1 46869148 22216 1040 0 346 42818 173"
2018103,2018-04-20,2,2,2,222,"2 2 2 2 4 6 1 1 49318644 73902 1040 0 346 0 173"
2018104,2018-04-21,7,1,7,717,"7 1 7 7 5 5 1 1 41655810 17356 1040 16884 346 0 173"
2018105,2018-04-22,8,4,7,847,"8 4 7 8 6 9 1 1 45124358 13703 1040 0 346 40869 173"
2018106,2018-04-23,3,3,6,336,"3 3 6 8 9 5 1 1 46697734 16551 1040 13528 346 0 173"
2018107,2018-04-24,6,6,3,663,"6 6 3 1 0 7 1 1 46338292 47277 1040 24100 346 0 173"
2018108,2018-04-25,6,9,2,692,"6 9 2 1 4 1 1 1 47508212 16747 1040 0 346 40380 173"
2018109,2018-04-26,2,1,8,218,"2 1 8 9 2 6 1 1 48240536 31347 1040 0 346 46320 173"
2018110,2018-04-27,9,4,0,940,"9 4 0 7 0 0 1 1 50531496 14808 1040 0 346 37432 173"
2018111,2018-04-28,7,2,0,720,"7 2 0 9 7 4 1 1 48311568 7003 1040 0 346 16388 173"
2018112,2018-04-29,9,5,5,955,"9 5 5 1 1 1 1 1 45675910 16302 1040 22182 346 0 173"
2018113,2018-04-30,6,1,5,615,"6 1 5 1 0 1 1 1 44711840 19549 1040 0 346 38967 173"
2018114,2018-05-01,4,4,1,441,"4 4 1 7 1 9 1 1 45690776 13061 1040 14677 346 0 173"
2018115,2018-05-02,9,9,9,999,"9 9 9 6 8 2 1 1 46596912 70366 1040 0 346 0 173"
2018116,2018-05-03,0,0,3,003,"0 0 3 3 6 2 1 1 43473700 7141 1040 9708 346 0 173"
2018117,2018-05-04,0,4,3,043,"0 4 3 7 1 4 1 1 44688152 5567 1040 0 346 22293 173"
2018118,2018-05-05,9,3,0,930,"9 3 0 2 2 5 1 1 44056638 6116 1040 0 346 12627 173"
2018119,2018-05-06,9,7,8,978,"9 7 8 6 9 4 1 1 44600704 9961 1040 0 346 26750 173"
2018120,2018-05-07,4,9,8,498,"4 9 8 9 4 3 1 1 43943536 13387 1040 0 346 32185 173"
2018121,2018-05-08,7,6,1,761,"7 6 1 2 2 4 1 1 45733084 21852 1040 0 346 37286 173"
2018122,2018-05-09,1,8,1,181,"1 8 1 9 3 7 1 1 47378670 23937 1040 22646 346 0 173"
2018123,2018-05-10,9,0,6,906,"9 0 6 7 8 4 1 1 46637562 14046 1040 0 346 25797 173"
2018124,2018-05-11,6,8,9,689,"6 8 9 5 0 7 1 1 47955774 17885 1040 0 346 27411 173"
2018125,2018-05-12,8,3,2,832,"8 3 2 1 4 7 1 1 46026868 23570 1040 0 346 40694 173"
2018126,2018-05-13,3,6,1,361,"3 6 1 0 4 2 1 1 45676000 27426 1040 0 346 34841 173"
2018127,2018-05-14,0,2,0,020,"0 2 0 3 2 1 1 1 48463534 9980 1040 9278 346 0 173"
2018128,2018-05-15,0,3,3,033,"0 3 3 7 2 5 1 1 44064578 11770 1040 15190 346 0 173"
2018129,2018-05-16,3,5,6,356,"3 5 6 9 2 2 1 1 44772220 20688 1040 0 346 31224 173"
2018130,2018-05-17,2,4,5,245,"2 4 5 9 7 5 1 1 46512902 28498 1040 0 346 60535 173"
2018131,2018-05-18,2,9,7,297,"2 9 7 1 7 3 1 1 48882014 12919 1040 0 346 41644 173"
2018132,2018-05-19,9,6,6,966,"9 6 6 8 6 2 1 1 45479802 14059 1040 17179 346 0 173"
2018133,2018-05-20,6,9,1,691,"6 9 1 5 1 9 1 1 47275258 33740 1040 0 346 55395 173"
2018134,2018-05-21,6,1,7,617,"6 1 7 3 0 8 1 1 47939342 16657 1040 0 346 25350 173"
2018135,2018-05-22,6,9,8,698,"6 9 8 6 8 7 1 1 48342720 8940 1040 0 346 22440 173"
2018136,2018-05-23,6,4,3,643,"6 4 3 1 8 7 1 1 46704298 7027 1040 0 346 28473 173"
2018137,2018-05-24,5,3,7,537,"5 3 7 5 1 4 1 1 47790478 24509 1040 0 346 71281 173"
2018138,2018-05-25,0,6,8,068,"0 6 8 4 1 3 1 1 50938294 19142 1040 0 346 31624 173"
2018139,2018-05-26,4,4,7,447,"4 4 7 7 0 5 1 1 48350178 11496 1040 21326 346 0 173"
2018140,2018-05-27,1,3,3,133,"1 3 3 2 3 9 1 1 46425088 16724 1040 16225 346 0 173"
2018141,2018-05-28,5,3,6,536,"5 3 6 7 4 3 1 1 48190526 17480 1040 0 346 42079 173"
2018142,2018-05-29,9,3,7,937,"9 3 7 9 7 3 1 1 49494282 9229 1040 0 346 26680 173"
2018143,2018-05-30,4,5,4,454,"4 5 4 1 6 1 1 1 48253118 27378 1040 17401 346 0 173"
2018144,2018-05-31,0,9,1,091,"0 9 1 1 2 1 1 1 45927288 12816 1040 0 346 29546 173"
2018145,2018-06-01,3,8,6,386,"3 8 6 6 9 5 1 1 46493152 41498 1040 0 346 68949 173"
2018146,2018-06-02,5,6,9,569,"5 6 9 0 8 8 1 1 45467016 36137 1040 0 346 49646 173"
2018147,2018-06-03,6,3,6,636,"6 3 6 3 3 2 1 1 48441372 21479 1040 20430 346 0 173"
2018148,2018-06-04,0,8,7,087,"0 8 7 9 3 3 1 1 48138948 9580 1040 0 346 24842 173"
2018149,2018-06-05,9,2,3,923,"9 2 3 2 2 9 1 1 47130974 24390 1040 0 346 40762 173"
2018150,2018-06-06,3,3,5,335,"3 3 5 8 0 6 1 1 47316278 18858 1040 17094 346 0 173"
2018151,2018-06-07,5,1,4,514,"5 1 4 1 4 4 1 1 48027364 33711 1040 0 346 54069 173"
2018152,2018-06-08,2,5,8,258,"2 5 8 2 3 4 1 1 48942858 51029 1040 0 346 49536 173"
2018153,2018-06-09,3,2,9,329,"3 2 9 6 8 0 1 1 47757520 11328 1040 0 346 22793 173"
2018154,2018-06-10,6,6,9,669,"6 6 9 7 7 5 1 1 48348210 16099 1040 16939 346 0 173"
2018155,2018-06-11,2,8,9,289,"2 8 9 4 3 8 1 1 48129060 11348 1040 0 346 27594 173"
2018156,2018-06-12,3,2,4,324,"3 2 4 2 3 0 1 1 48057174 14650 1040 0 346 36298 173"
2018157,2018-06-13,0,2,2,022,"0 2 2 7 9 6 1 1 48554614 9540 1040 11987 346 0 173"
2018158,2018-06-14,3,6,3,363,"3 6 3 9 4 0 1 1 44828746 12667 1040 14002 346 0 173"
2018159,2018-06-15,3,4,0,340,"3 4 0 7 1 5 1 1 46328144 7652 1040 0 346 19683 173"
2018160,2018-06-16,4,7,7,477,"4 7 7 8 5 5 1 1 43657556 14681 1040 14921 346 0 173"
2018161,2018-06-17,7,9,4,794,"7 9 4 8 8 0 1 1 43079102 32205 1040 0 346 37930 173"
2018162,2018-06-18,1,3,7,137,"1 3 7 3 3 0 1 1 44073142 18751 1040 0 346 34853 173"
2018163,2018-06-19,8,6,9,869,"8 6 9 3 1 8 1 1 46712686 17942 1040 0 346 32381 173"
2018164,2018-06-20,1,5,7,157,"1 5 7 2 4 6 1 1 48948196 12151 1040 0 346 30599 173"
2018165,2018-06-21,9,0,2,902,"9 0 2 5 4 7 1 1 48986916 17513 1040 0 346 22498 173"
2018166,2018-06-22,9,4,1,941,"9 4 1 4 6 9 1 1 48967350 15785 1040 0 346 40561 173"
2018167,2018-06-23,4,8,9,489,"4 8 9 8 2 6 1 1 46318710 15054 1040 0 346 21239 173"
2018168,2018-06-24,1,7,4,174,"1 7 4 8 0 8 1 1 48087722 22363 1040 0 346 50440 173"
2018169,2018-06-25,5,3,0,530,"5 3 0 8 4 1 1 1 48197198 31966 1040 0 346 36058 173"
2018170,2018-06-26,1,1,7,117,"1 1 7 9 4 5 1 1 48007958 18780 1040 19618 346 0 173"
2018171,2018-06-27,8,1,9,819,"8 1 9 6 4 0 1 1 46137868 17718 1040 0 346 30314 173"
2018172,2018-06-28,5,1,3,513,"5 1 3 8 5 1 1 1 45987140 8761 1040 0 346 23849 173"
2018173,2018-06-29,4,6,3,463,"4 6 3 6 3 0 1 1 48874394 17135 1040 0 346 53586 173"
2018174,2018-06-30,8,8,6,886,"8 8 6 7 8 3 1 1 46454328 24581 1040 27010 346 0 173"
2018175,2018-07-01,3,3,8,338,"3 3 8 6 8 0 1 1 45327534 35914 1040 21429 346 0 173"
2018176,2018-07-02,2,3,5,235,"2 3 5 2 0 9 1 1 46068100 31536 1040 0 346 47733 173"
2018177,2018-07-03,1,0,2,102,"1 0 2 7 6 1 1 1 47860236 17141 1040 0 346 21765 173"
2018178,2018-07-04,3,3,6,336,"3 3 6 2 0 8 1 1 46406364 11468 1040 11570 346 0 173"
2018179,2018-07-05,7,2,4,724,"7 2 4 5 0 9 1 1 46947538 42642 1040 0 346 53437 173"
2018180,2018-07-06,7,6,1,761,"7 6 1 1 1 9 1 1 48704002 20504 1040 0 346 60698 173"
2018181,2018-07-07,4,9,8,498,"4 9 8 4 7 0 1 1 46897816 23145 1040 0 346 40632 173"
2018182,2018-07-08,3,2,9,329,"3 2 9 1 0 2 1 1 48685566 14738 1040 0 346 30015 173"
2018183,2018-07-09,3,5,9,359,"3 5 9 0 5 2 1 1 49272544 15935 1040 0 346 28812 173"
2018184,2018-07-10,4,7,3,473,"4 7 3 3 9 9 1 1 48482166 14233 1040 0 346 36294 173"
2018185,2018-07-11,5,7,0,570,"5 7 0 3 0 3 1 1 49038240 10452 1040 0 346 26574 173"
2018186,2018-07-12,1,4,1,141,"1 4 1 9 7 2 1 1 47783056 18360 1040 17263 346 0 173"
2018187,2018-07-13,8,0,7,807,"8 0 7 1 3 0 1 1 47770364 26595 1040 0 346 26110 173"
2018188,2018-07-14,0,4,8,048,"0 4 8 7 9 2 1 1 45618312 6202 1040 0 346 16972 173"
2018189,2018-07-15,7,6,0,760,"7 6 0 1 5 3 1 1 45878570 10971 1040 0 346 21858 173"
2018190,2018-07-16,5,5,6,556,"5 5 6 3 1 1 1 1 46783260 35830 1040 40147 346 0 173"
2018191,2018-07-17,5,0,3,503,"5 0 3 0 2 0 1 1 45734044 13080 1040 0 346 21458 173"
2018192,2018-07-18,8,9,3,893,"8 9 3 9 0 6 1 1 45513230 15964 1040 0 346 56266 173"
2018193,2018-07-19,0,6,1,061,"0 6 1 3 9 5 1 1 46602346 6731 1040 0 346 19399 173"
2018194,2018-07-20,3,7,5,375,"3 7 5 5 3 0 1 1 46948712 22647 1040 0 346 47504 173"
2018195,2018-07-21,7,3,6,736,"7 3 6 1 5 4 1 1 46324112 20491 1040 0 346 29380 173"
2018196,2018-07-22,0,0,5,005,"0 0 5 3 0 4 1 1 46401818 7886 1040 11089 346 0 173"
2018197,2018-07-23,1,5,0,150,"1 5 0 7 5 4 1 1 43907342 14712 1040 0 346 22994 173"
2018198,2018-07-24,3,7,9,379,"3 7 9 6 7 2 1 1 44710690 19178 1040 0 346 29671 173"
2018199,2018-07-25,5,1,0,510,"5 1 0 4 4 2 1 1 47185914 4677 1040 0 346 6421 173"
2018200,2018-07-26,3,5,0,350,"3 5 0 1 3 9 1 1 45528166 6073 1040 0 346 18140 173"
2018201,2018-07-27,6,1,5,615,"6 1 5 2 0 0 1 1 47365472 18006 1040 0 346 24946 173"
2018202,2018-07-28,6,1,4,614,"6 1 4 5 8 6 1 1 45225790 11096 1040 0 346 28951 173"
2018203,2018-07-29,0,4,5,045,"0 4 5 8 0 4 1 1 45064842 11083 1040 0 346 29676 173"
2018204,2018-07-30,0,4,2,042,"0 4 2 2 4 9 1 1 46271362 6541 1040 0 346 21196 173"
2018205,2018-07-31,4,1,8,418,"4 1 8 4 6 0 1 1 44163050 20283 1040 0 346 24889 173"
2018206,2018-08-01,6,2,6,626,"6 2 6 7 7 6 1 1 46483098 20116 1040 30669 346 0 173"
2018207,2018-08-02,7,5,6,756,"7 5 6 7 4 0 1 1 44537572 14445 1040 0 346 35990 173"
2018208,2018-08-03,4,5,2,452,"4 5 2 9 3 4 1 1 44688602 11082 1040 0 346 32535 173"
2018209,2018-08-04,9,5,0,950,"9 5 0 0 1 8 1 1 42838658 7616 1040 0 346 23895 173"
2018210,2018-08-05,8,2,9,829,"8 2 9 9 2 0 1 1 43118678 21426 1040 0 346 34672 173"
2018211,2018-08-06,6,2,8,628,"6 2 8 3 2 7 1 1 44967340 23095 1040 0 346 36007 173"
2018212,2018-08-07,5,7,8,578,"5 7 8 1 7 4 1 1 45238900 21429 1040 0 346 43601 173"
2018213,2018-08-08,2,0,3,203,"2 0 3 7 1 4 1 1 46344146 11185 1040 0 346 16691 173"
2018214,2018-08-09,8,8,1,881,"8 8 1 6 5 8 1 1 44601264 20792 1040 21409 346 0 173"
2018215,2018-08-10,4,2,5,425,"4 2 5 6 9 5 1 1 44498222 13486 1040 0 346 19521 173"
2018216,2018-08-11,8,2,1,821,"8 2 1 3 1 4 1 1 43776598 10787 1040 0 346 22068 173"
2018217,2018-08-12,5,8,7,587,"5 8 7 1 6 7 1 1 43513142 13125 1040 0 346 25683 173"
2018218,2018-08-13,6,9,7,697,"6 9 7 5 2 5 1 1 44869418 11735 1040 0 346 34873 173"
2018219,2018-08-14,3,9,1,391,"3 9 1 8 0 5 1 1 43250378 11802 1040 0 346 38539 173"
2018220,2018-08-15,6,4,8,648,"6 4 8 9 0 1 1 1 44456996 18223 1040 0 346 42942 173"
2018221,2018-08-16,0,1,4,014,"0 1 4 7 8 0 1 1 45123564 9926 1040 0 346 30840 173"
2018222,2018-08-17,1,7,3,173,"1 7 3 9 7 5 1 1 45577480 15735 1040 0 346 35214 173"
2018223,2018-08-18,4,9,9,499,"4 9 9 2 8 8 1 1 44201974 17343 1040 18946 346 0 173"
2018224,2018-08-19,0,3,0,030,"0 3 0 8 1 6 1 1 41312366 5741 1040 6529 346 0 173"
2018225,2018-08-20,1,6,0,160,"1 6 0 4 1 7 1 1 40579728 14444 1040 0 346 27303 173"
2018226,2018-08-21,9,6,7,967,"9 6 7 8 0 2 1 1 42673804 5496 1040 0 346 15439 173"
2018227,2018-08-22,9,7,7,977,"9 7 7 0 8 3 1 1 42071822 9343 1040 12781 346 0 173"
2018228,2018-08-23,4,7,0,470,"4 7 0 7 6 4 1 1 41053530 15023 1040 0 346 29044 173"
2018229,2018-08-24,5,5,6,556,"5 5 6 7 0 5 1 1 43128470 14877 1040 11306 346 0 173"
2018230,2018-08-25,7,5,0,750,"7 5 0 3 5 3 1 1 40651648 10718 1040 0 346 18762 173"
2018231,2018-08-26,6,2,9,629,"6 2 9 1 9 7 1 1 41225566 32204 1040 0 346 27041 173"
2018232,2018-08-27,7,1,5,715,"7 1 5 1 8 2 1 1 42542528 17002 1040 0 346 35671 173"
2018233,2018-08-28,5,7,9,579,"5 7 9 4 9 1 1 1 43915580 25969 1040 0 346 28017 173"
2018234,2018-08-29,9,5,3,953,"9 5 3 7 1 2 1 1 44403396 12443 1040 0 346 18626 173"
2018235,2018-08-30,8,2,8,828,"8 2 8 2 3 4 1 1 45302886 29863 1040 27124 346 0 173"
2018236,2018-08-31,6,4,2,642,"6 4 2 2 0 1 1 1 44562086 23241 1040 0 346 42181 173"
2018237,2018-09-01,6,3,1,631,"6 3 1 7 6 1 1 1 44229016 21170 1040 0 346 54882 173"
2018238,2018-09-02,7,2,0,720,"7 2 0 0 3 4 1 1 43203216 19640 1040 0 346 33015 173"
2018239,2018-09-03,7,4,9,749,"7 4 9 7 9 9 1 1 43538284 24897 1040 0 346 43228 173"
2018240,2018-09-04,5,0,6,506,"5 0 6 7 6 8 1 1 45306558 29984 1040 0 346 44299 173"
2018241,2018-09-05,2,1,5,215,"2 1 5 5 7 5 1 1 46480160 29849 1040 0 346 39512 173"
2018242,2018-09-06,6,2,3,623,"6 2 3 9 0 0 1 1 45836780 21563 1040 0 346 39558 173"
2018243,2018-09-07,6,3,9,639,"6 3 9 3 9 4 1 1 47919246 21279 1040 0 346 51968 173"
2018244,2018-09-08,3,6,4,364,"3 6 4 3 4 7 1 1 45944558 26478 1040 0 346 29359 173"
2018245,2018-09-09,3,5,1,351,"3 5 1 6 3 6 1 1 47285980 8456 1040 0 346 22289 173"
2018246,2018-09-10,6,0,3,603,"6 0 3 6 4 1 1 1 48898272 10841 1040 0 346 17409 173"
2018247,2018-09-11,6,2,6,626,"6 2 6 3 5 3 1 1 49268332 20967 1040 27488 346 0 173"
2018248,2018-09-12,2,5,1,251,"2 5 1 7 5 7 1 1 46427864 9833 1040 0 346 24175 173"
2018249,2018-09-13,6,3,6,636,"6 3 6 0 8 9 1 1 47014968 15130 1040 14806 346 0 173"
2018250,2018-09-14,5,5,1,551,"5 5 1 0 7 9 1 1 46197436 9319 1040 12588 346 0 173"
2018251,2018-09-15,9,8,3,983,"9 8 3 2 7 5 1 1 43988158 14183 1040 0 346 28876 173"
2018252,2018-09-16,0,6,7,067,"0 6 7 7 1 5 1 1 45284128 18956 1040 0 346 27118 173"
2018253,2018-09-17,0,9,8,098,"0 9 8 7 5 3 1 1 46658928 15459 1040 0 346 36650 173"
2018254,2018-09-18,6,5,7,657,"6 5 7 5 3 5 1 1 46776648 12092 1040 0 346 40076 173"
2018255,2018-09-19,2,8,9,289,"2 8 9 6 3 0 1 1 47384190 27362 1040 0 346 43468 173"
2018256,2018-09-20,0,8,7,087,"0 8 7 0 4 8 1 1 48589652 10985 1040 0 346 30723 173"
2018257,2018-09-21,0,9,4,094,"0 9 4 4 3 8 1 1 48206964 9507 1040 0 346 24407 173"
2018258,2018-09-22,3,0,0,300,"3 0 0 1 7 5 1 1 45980922 8269 1040 8321 346 0 173"
2018259,2018-09-23,0,1,0,010,"0 1 0 0 1 1 1 1 42384134 25764 1040 21436 346 0 173"
2018260,2018-09-24,4,7,4,474,"4 7 4 4 2 0 1 1 40286210 10332 1040 11316 346 0 173"
2018261,2018-09-25,8,0,9,809,"8 0 9 4 7 4 1 1 44781452 9971 1040 0 346 26804 173"
2018262,2018-09-26,5,3,2,532,"5 3 2 5 3 7 1 1 46754282 23001 1040 0 346 53470 173"
2018263,2018-09-27,8,1,3,813,"8 1 3 6 9 1 1 1 46611318 24123 1040 0 346 53585 173"
2018264,2018-09-28,0,0,4,004,"0 0 4 3 0 2 1 1 49609780 12153 1040 11926 346 0 173"
2018265,2018-09-29,6,4,8,648,"6 4 8 0 4 7 1 1 45394766 15195 1040 0 346 26381 173"
2018266,2018-09-30,6,2,1,621,"6 2 1 1 9 8 1 1 45697178 23321 1040 0 346 45090 173"
2018267,2018-10-01,0,0,1,001,"0 0 1 9 2 6 1 1 43260116 14559 1040 12292 346 0 173"
2018268,2018-10-02,7,2,8,728,"7 2 8 8 2 6 1 1 41059182 21307 1040 0 346 34051 173"
2018269,2018-10-03,6,5,9,659,"6 5 9 8 4 3 1 1 42266254 22999 1040 0 346 49344 173"
2018270,2018-10-04,3,4,9,349,"3 4 9 2 6 2 1 1 44885460 19513 1040 0 346 51761 173"
2018271,2018-10-05,5,3,6,536,"5 3 6 7 7 3 1 1 45584112 29735 1040 0 346 50707 173"
2018272,2018-10-06,0,8,5,085,"0 8 5 3 6 7 1 1 47254316 19511 1040 0 346 39541 173"
2018273,2018-10-07,4,5,7,457,"4 5 7 8 1 1 1 1 46582144 25419 1040 0 346 41374 173"
2018274,2018-10-08,5,5,7,557,"5 5 7 4 4 0 1 1 47885094 16793 1040 17394 346 0 173"
2018275,2018-10-09,2,6,4,264,"2 6 4 2 8 1 1 1 46271394 26214 1040 0 346 47736 173"
2018276,2018-10-10,2,6,1,261,"2 6 1 6 0 0 1 1 47437936 17628 1040 0 346 30338 173"
2018277,2018-10-11,7,0,9,709,"7 0 9 6 0 5 1 1 45330210 18749 1040 0 346 35152 173"
2018278,2018-10-12,5,6,3,563,"5 6 3 1 5 6 1 1 47465790 15723 1040 0 346 41372 173"
2018279,2018-10-13,3,7,5,375,"3 7 5 6 6 8 1 1 45541042 25778 1040 0 346 43418 173"
2018280,2018-10-14,6,6,9,669,"6 6 9 4 8 1 1 1 46954364 12406 1040 15644 346 0 173"
2018281,2018-10-15,9,4,7,947,"9 4 7 1 0 3 1 1 46093830 23928 1040 0 346 41605 173"
2018282,2018-10-16,6,1,7,617,"6 1 7 7 2 7 1 1 47475964 15347 1040 0 346 41854 173"
2018283,2018-10-17,5,5,8,558,"5 5 8 0 4 5 1 1 48142000 32175 1040 22709 346 0 173"
2018284,2018-10-18,6,3,4,634,"6 3 4 0 8 4 1 1 48133660 15840 1040 0 346 49997 173"
2018285,2018-10-19,9,8,2,982,"9 8 2 8 6 7 1 1 49663384 22338 1040 0 346 48720 173"
2018286,2018-10-20,6,9,1,691,"6 9 1 3 3 8 1 1 47676548 25686 1040 0 346 46436 173"
2018287,2018-10-21,3,8,7,387,"3 8 7 8 1 5 1 1 48676610 24214 1040 0 346 49234 173"
2018288,2018-10-22,3,4,4,344,"3 4 4 8 3 5 1 1 49720348 14420 1040 19760 346 0 173"
2018289,2018-10-23,9,5,4,954,"9 5 4 4 3 6 1 1 47219782 8987 1040 0 346 27534 173"
2018290,2018-10-24,0,3,6,036,"0 3 6 7 7 3 1 1 48095156 15531 1040 0 346 35265 173"
2018291,2018-10-25,9,3,5,935,"9 3 5 3 4 7 1 1 47671764 8419 1040 0 346 29205 173"
2018292,2018-10-26,9,2,2,922,"9 2 2 6 1 6 1 1 48928854 16891 1040 16237 346 0 173"
2018293,2018-10-27,8,9,5,895,"8 9 5 9 4 1 1 1 45026612 11591 1040 0 346 25704 173"
2018294,2018-10-28,5,3,7,537,"5 3 7 7 2 1 1 1 45274554 21614 1040 0 346 48559 173"
2018295,2018-10-29,5,1,3,513,"5 1 3 9 7 3 1 1 48851614 7431 1040 0 346 22735 173"
2018296,2018-10-30,8,8,1,881,"8 8 1 0 1 2 1 1 47868556 13507 1040 14469 346 0 173"
2018297,2018-10-31,2,8,9,289,"2 8 9 6 8 1 1 1 47669534 11638 1040 0 346 27063 173"
2018298,2018-11-01,1,1,1,111,"1 1 1 2 2 6 1 1 48015456 104554 1040 0 346 0 173"
2018299,2018-11-02,3,3,1,331,"3 3 1 6 7 2 1 1 43317192 14358 1040 21626 346 0 173"
2018300,2018-11-03,7,7,7,777,"7 7 7 0 2 0 1 1 44400944 56899 1040 0 346 0 173"
2018301,2018-11-04,9,2,6,926,"9 2 6 3 1 3 1 1 44546232 14609 1040 0 346 24130 173"
2018302,2018-11-05,8,8,3,883,"8 8 3 3 7 9 1 1 46494328 11551 1040 12304 346 0 173"
2018303,2018-11-06,8,1,0,810,"8 1 0 6 4 0 1 1 46863504 14554 1040 0 346 25526 173"
2018304,2018-11-07,3,4,0,340,"3 4 0 6 9 5 1 1 46799412 6170 1040 0 346 23147 173"
2018305,2018-11-08,8,4,5,845,"8 4 5 5 1 8 1 1 47366966 10903 1040 0 346 31888 173"
2018306,2018-11-09,3,1,6,316,"3 1 6 3 5 4 1 1 48680642 29420 1040 0 346 51117 173"
2018307,2018-11-10,8,3,7,837,"8 3 7 0 4 4 1 1 47068928 22420 1040 0 346 36337 173"
2018308,2018-11-11,6,8,2,682,"6 8 2 3 0 6 1 1 47630438 20897 1040 0 346 50923 173"
2018309,2018-11-12,3,8,0,380,"3 8 0 4 2 9 1 1 49241864 9640 1040 0 346 19872 173"
2018310,2018-11-13,3,4,7,347,"3 4 7 2 1 5 1 1 48009014 22153 1040 0 346 57362 173"
2018311,2018-11-14,0,8,1,081,"0 8 1 0 1 5 1 1 49996742 5354 1040 0 346 17955 173"
2018312,2018-11-15,2,5,6,256,"2 5 6 4 9 4 1 1 49195538 28586 1040 0 346 45628 173"
2018313,2018-11-16,2,8,9,289,"2 8 9 0 7 7 1 1 51728128 13495 1040 0 346 27988 173"
2018314,2018-11-17,7,8,7,787,"7 8 7 4 8 3 1 1 50184776 29311 1040 33462 346 0 173"
2018315,2018-11-18,0,8,8,088,"0 8 8 3 4 8 1 1 47184822 10577 1040 12543 346 0 173"
2018316,2018-11-19,7,0,8,708,"7 0 8 7 0 2 1 1 46744748 20250 1040 0 346 29579 173"
2018317,2018-11-20,2,0,3,203,"2 0 3 9 9 3 1 1 47012864 10111 1040 0 346 21277 173"
2018318,2018-11-21,8,7,0,870,"8 7 0 2 9 5 1 1 47272172 5868 1040 0 346 12206 173"
2018319,2018-11-22,2,1,6,216,"2 1 6 9 6 3 1 1 47154638 15884 1040 0 346 34626 173"
2018320,2018-11-23,5,6,5,565,"5 6 5 4 3 3 1 1 50138830 19616 1040 16919 346 0 173"
2018321,2018-11-24,8,3,7,837,"8 3 7 5 4 1 1 1 46865038 23812 1040 0 346 42618 173"
2018322,2018-11-25,1,3,0,130,"1 3 0 0 8 5 1 1 48307536 10826 1040 0 346 22019 173"
2018323,2018-11-26,9,2,4,924,"9 2 4 0 0 6 1 1 47763676 32987 1040 0 346 49505 173"
2018324,2018-11-27,3,1,9,319,"3 1 9 6 2 6 1 1 49067454 24158 1040 0 346 42011 173"
2018325,2018-11-28,0,6,1,061,"0 6 1 1 5 6 1 1 50077944 18600 1040 0 346 28432 173"
2018326,2018-11-29,4,5,4,454,"4 5 4 4 3 3 1 1 49987750 18717 1040 18616 346 0 173"
2018327,2018-11-30,4,3,2,432,"4 3 2 6 1 3 1 1 49643258 21793 1040 0 346 45608 173"
2018328,2018-12-01,4,8,1,481,"4 8 1 6 9 5 1 1 47194828 8787 1040 0 346 27944 173"
2018329,2018-12-02,1,6,5,165,"1 6 5 9 4 4 1 1 48216414 32111 1040 0 346 50988 173"
2018330,2018-12-03,1,7,1,171,"1 7 1 2 7 9 1 1 48640634 10763 1040 10343 346 0 173"
2018331,2018-12-04,1,0,8,108,"1 0 8 3 7 4 1 1 46106776 27006 1040 0 346 27194 173"
2018332,2018-12-05,3,8,8,388,"3 8 8 2 6 2 1 1 47222732 12704 1040 12058 346 0 173"
2018333,2018-12-06,2,8,8,288,"2 8 8 9 2 4 1 1 46001896 9887 1040 7650 346 0 173"
2018334,2018-12-07,3,4,9,349,"3 4 9 5 2 2 1 1 45235928 12392 1040 0 346 32845 173"
2018335,2018-12-08,4,0,7,407,"4 0 7 2 6 9 1 1 43838518 35305 1040 0 346 46476 173"
2018336,2018-12-09,9,0,6,906,"9 0 6 8 7 3 1 1 45413814 14395 1040 0 346 36495 173"
2018337,2018-12-10,7,3,1,731,"7 3 1 2 5 6 1 1 46142278 21750 1040 0 346 35376 173"
2018338,2018-12-11,1,7,8,178,"1 7 8 1 7 3 1 1 48470754 15820 1040 0 346 31768 173"
2018339,2018-12-12,7,7,4,774,"7 7 4 3 7 4 1 1 47931300 17388 1040 22859 346 0 173"
2018340,2018-12-13,7,9,8,798,"7 9 8 2 8 6 1 1 47858652 14536 1040 0 346 33882 173"
2018341,2018-12-14,7,9,9,799,"7 9 9 0 8 3 1 1 47134494 24025 1040 21056 346 0 173"
2018342,2018-12-15,4,9,7,497,"4 9 7 5 3 9 1 1 44585320 19934 1040 0 346 35554 173"
2018343,2018-12-16,0,5,2,052,"0 5 2 3 1 5 1 1 47214380 14463 1040 0 346 37529 173"
2018344,2018-12-17,3,9,7,397,"3 9 7 7 6 9 1 1 47549156 10752 1040 0 346 25097 173"
2018345,2018-12-18,6,9,2,692,"6 9 2 3 5 0 1 1 49005036 14672 1040 0 346 41046 173"
2018346,2018-12-19,1,8,6,186,"1 8 6 2 5 1 1 1 49926526 19998 1040 0 346 52274 173"
2018347,2018-12-20,5,1,3,513,"5 1 3 4 1 1 1 1 50501368 41114 1040 0 346 55820 173"
2018348,2018-12-21,4,6,9,469,"4 6 9 8 4 7 1 1 53060898 18047 1040 0 346 30017 173"
2018349,2018-12-22,8,2,1,821,"8 2 1 7 2 8 1 1 49960112 15428 1040 0 346 28417 173"
2018350,2018-12-23,3,2,2,322,"3 2 2 0 8 0 1 1 51214024 9835 1040 17078 346 0 173"
2018351,2018-12-24,1,5,6,156,"1 5 6 6 9 9 1 1 49047412 22050 1040 0 346 30861 173"
2018352,2018-12-25,5,4,2,542,"5 4 2 7 1 7 1 1 49768222 10876 1040 0 346 29421 173"
2018353,2018-12-26,5,8,9,589,"5 8 9 1 2 3 1 1 49919826 15737 1040 0 346 25584 173"
2018354,2018-12-27,6,0,9,609,"6 0 9 1 1 0 1 1 48788656 14196 1040 0 346 28075 173"
2018355,2018-12-28,7,8,7,787,"7 8 7 8 1 8 1 1 49924886 14032 1040 17005 346 0 173"
2018356,2018-12-29,6,1,1,611,"6 1 1 7 4 0 1 1 46518202 22088 1040 17997 346 0 173"
2018357,2018-12-30,1,4,7,147,"1 4 7 8 3 4 1 1 44782100 45284 1040 0 346 45313 173"
2018358,2018-12-31,3,2,9,329,"3 2 9 6 0 4 1 1 48351522 27971 1040 0 346 44045 173"
2019001,2019-01-01,6,4,4,644,"6 4 4 9 8 5 1 1 47676292 8372 1040 10619 346 0 173"
2019002,2019-01-02,2,7,2,272,"2 7 2 2 2 7 1 1 46925192 14808 1040 13226 346 0 173"
2019003,2019-01-03,4,3,5,435,"4 3 5 8 3 1 1 1 47257462 23065 1040 0 346 33643 173"
2019004,2019-01-04,1,1,8,118,"1 1 8 8 2 1 1 1 49369934 30907 1040 19922 346 0 173"
2019005,2019-01-05,5,0,1,501,"5 0 1 3 9 1 1 1 47636854 17877 1040 0 346 21477 173"
2019006,2019-01-06,7,5,5,755,"7 5 5 3 6 5 1 1 48141258 9985 1040 11895 346 0 173"
2019007,2019-01-07,3,7,0,370,"3 7 0 8 2 9 1 1 46849816 14601 1040 0 346 25288 173"
2019008,2019-01-08,5,8,7,587,"5 8 7 7 1 6 1 1 47295692 16411 1040 0 346 37457 173"
2019009,2019-01-09,7,4,6,746,"7 4 6 1 9 2 1 1 47825002 17260 1040 0 346 36151 173"
2019010,2019-01-10,5,3,8,538,"5 3 8 3 0 1 1 1 49282480 32993 1040 0 346 65122 173"
2019011,2019-01-11,2,6,6,266,"2 6 6 0 2 9 1 1 51386462 38308 1040 24386 346 0 173"
2019012,2019-01-12,1,3,1,131,"1 3 1 5 0 9 1 1 49444204 10833 1040 10005 346 0 173"
2019013,2019-01-13,9,1,0,910,"9 1 0 2 3 7 1 1 48408048 21504 1040 0 346 38116 173"
2019014,2019-01-14,7,9,4,794,"7 9 4 7 6 0 1 1 48824900 15275 1040 0 346 43458 173"
2019015,2019-01-15,2,3,0,230,"2 3 0 7 9 6 1 1 50807796 11583 1040 0 346 33199 173"
2019016,2019-01-16,6,8,3,683,"6 8 3 8 8 8 1 1 50427124 41676 1040 0 346 52302 173"
2019017,2019-01-17,5,5,9,559,"5 5 9 2 3 7 1 1 50784508 25068 1040 18654 346 0 173"
2019018,2019-01-18,1,4,2,142,"1 4 2 6 5 5 1 1 52358720 13742 1040 0 346 34408 173"
2019019,2019-01-19,7,9,7,797,"7 9 7 2 9 5 1 1 50363970 13086 1040 11680 346 0 173"
2019020,2019-01-20,4,2,8,428,"4 2 8 4 0 8 1 1 48984718 31312 1040 0 346 53000 173"
2019021,2019-01-21,0,8,8,088,"0 8 8 6 2 7 1 1 50587058 13392 1040 13295 346 0 173"
2019022,2019-01-22,1,7,3,173,"1 7 3 2 2 3 1 1 49831492 20093 1040 0 346 52717 173"
2019023,2019-01-23,7,6,7,767,"7 6 7 0 0 1 1 1 50947288 10452 1040 16182 346 0 173"
2019024,2019-01-24,6,3,7,637,"6 3 7 8 9 7 1 1 50354586 14635 1040 0 346 30833 173"
2019025,2019-01-25,2,3,7,237,"2 3 7 3 8 4 1 1 50888312 12416 1040 0 346 28538 173"
2019026,2019-01-26,5,9,4,594,"5 9 4 7 3 5 1 1 48259222 44424 1040 0 346 61139 173"
2019027,2019-01-27,3,0,1,301,"3 0 1 0 3 9 1 1 50835954 22659 1040 0 346 27420 173"
2019028,2019-01-28,7,4,1,741,"7 4 1 1 4 9 1 1 50153656 15112 1040 0 346 34615 173"
2019029,2019-01-29,5,4,6,546,"5 4 6 7 6 9 1 1 51283488 21949 1040 0 346 53522 173"
2019030,2019-01-30,2,8,0,280,"2 8 0 7 8 6 1 1 50739814 15890 1040 0 346 31230 173"
2019031,2019-01-31,7,9,3,793,"7 9 3 5 4 6 1 1 51268986 19725 1040 0 346 47100 173"
2019032,2019-02-01,1,6,1,161,"1 6 1 8 9 2 1 1 52965358 13064 1040 16262 346 0 173"
2019033,2019-02-02,2,0,7,207,"2 0 7 3 1 3 1 1 48970120 13078 1040 0 346 22392 173"
2019034,2019-02-03,6,6,7,667,"6 6 7 9 3 0 1 1 47118920 16262 1040 12752 346 0 173"
2019035,2019-02-11,8,8,8,888,"8 8 8 9 7 4 1 1 38262214 73519 1040 0 346 0 173"
2019036,2019-02-12,4,3,4,434,"4 3 4 5 9 3 1 1 39041950 9709 1040 10103 346 0 173"
2019037,2019-02-13,7,5,6,756,"7 5 6 9 0 6 1 1 41579140 16576 1040 0 346 29790 173"
2019038,2019-02-14,9,8,8,988,"9 8 8 0 7 4 1 1 43858980 21269 1040 17910 346 0 173"
2019039,2019-02-15,7,5,4,754,"7 5 4 7 9 5 1 1 45119860 11433 1040 0 346 35732 173"
2019040,2019-02-16,7,5,4,754,"7 5 4 1 6 2 1 1 45593438 4854 1040 0 346 11835 173"
2019041,2019-02-17,4,2,8,428,"4 2 8 5 9 3 1 1 43981358 14764 1040 0 346 24835 173"
2019042,2019-02-18,5,7,9,579,"5 7 9 6 9 2 1 1 46882892 30899 1040 0 346 42435 173"
2019043,2019-02-19,0,9,6,096,"0 9 6 4 0 9 1 1 46978968 18213 1040 0 346 45419 173"
2019044,2019-02-20,0,2,0,020,"0 2 0 7 2 9 1 1 48140768 11601 1040 10625 346 0 173"
2019045,2019-02-21,3,5,7,357,"3 5 7 7 7 8 1 1 45795900 23972 1040 0 346 40557 173"
2019046,2019-02-22,1,4,5,145,"1 4 5 2 2 4 1 1 50222594 32865 1040 0 346 43757 173"
2019047,2019-02-23,9,2,3,923,"9 2 3 0 1 2 1 1 48294426 16933 1040 0 346 40336 173"
2019048,2019-02-24,3,2,6,326,"3 2 6 5 8 0 1 1 49340138 13696 1040 0 346 32335 173"
2019049,2019-02-25,8,0,1,801,"8 0 1 9 6 8 1 1 50233986 22670 1040 0 346 31831 173"
2019050,2019-02-26,9,4,8,948,"9 4 8 0 5 4 1 1 50755350 9685 1040 0 346 21921 173"
2019051,2019-02-27,0,1,3,013,"0 1 3 1 3 5 1 1 51062468 8284 1040 0 346 16541 173"
2019052,2019-02-28,5,2,7,527,"5 2 7 4 6 4 1 1 50212768 25565 1040 0 346 54231 173"
2019053,2019-03-01,1,3,6,136,"1 3 6 5 4 1 1 1 53156228 29141 1040 0 346 42483 173"
2019054,2019-03-02,8,4,9,849,"8 4 9 5 4 6 1 1 52397900 10592 1040 0 346 24592 173"
2019055,2019-03-03,1,2,8,128,"1 2 8 1 1 0 1 1 53168456 18596 1040 0 346 29522 173"
2019056,2019-03-04,6,3,9,639,"6 3 9 4 0 7 1 1 54185678 16347 1040 0 346 48812 173"
2019057,2019-03-05,7,6,0,760,"7 6 0 4 1 3 1 1 54926416 52045 1040 0 346 54590 173"
2019058,2019-03-06,0,2,0,020,"0 2 0 0 8 0 1 1 53446952 13481 1040 18649 346 0 173"
2019059,2019-03-07,1,4,0,140,"1 4 0 4 5 0 1 1 48640070 9403 1040 0 346 23916 173"
2019060,2019-03-08,4,1,1,411,"4 1 1 8 5 2 1 1 50349406 16391 1040 13379 346 0 173"
2019061,2019-03-09,0,9,4,094,"0 9 4 7 5 0 1 1 46104406 14235 1040 0 346 24416 173"
2019062,2019-03-10,4,0,8,408,"4 0 8 8 1 5 1 1 47564392 12666 1040 0 346 18553 173"
2019063,2019-03-11,9,7,1,971,"9 7 1 0 1 8 1 1 47944518 19875 1040 0 346 60670 173"
2019064,2019-03-12,5,8,7,587,"5 8 7 4 0 4 1 1 49006828 41834 1040 0 346 62360 173"
2019065,2019-03-13,0,3,2,032,"0 3 2 0 8 6 1 1 50931030 11023 1040 0 346 24084 173"
2019066,2019-03-14,3,0,8,308,"3 0 8 4 7 1 1 1 50120526 18198 1040 0 346 23629 173"
2019067,2019-03-15,4,8,8,488,"4 8 8 1 5 2 1 1 52317110 11972 1040 17124 346 0 173"
2019068,2019-03-16,4,4,1,441,"4 4 1 0 8 5 1 1 46801354 9392 1040 15066 346 0 173"
2019069,2019-03-17,8,7,6,876,"8 7 6 1 4 4 1 1 48126130 21221 1040 0 346 45094 173"
2019070,2019-03-18,7,9,8,798,"7 9 8 0 0 3 1 1 48176652 11297 1040 0 346 35124 173"
2019071,2019-03-19,0,0,6,006,"0 0 6 3 3 4 1 1 49722366 7999 1040 11220 346 0 173"
2019072,2019-03-20,5,2,1,521,"5 2 1 6 4 8 1 1 46671402 19958 1040 0 346 47242 173"
2019073,2019-03-21,3,3,0,330,"3 3 0 8 1 6 1 1 48488086 10252 1040 10653 346 0 173"
2019074,2019-03-22,2,6,5,265,"2 6 5 1 5 3 1 1 48378740 60060 1040 0 346 52108 173"
2019075,2019-03-23,0,1,2,012,"0 1 2 1 7 0 1 1 46928902 14417 1040 0 346 27641 173"
2019076,2019-03-24,0,0,5,005,"0 0 5 6 5 6 1 1 47609682 9251 1040 10838 346 0 173"
2019077,2019-03-25,9,7,2,972,"9 7 2 5 1 9 1 1 46866200 11418 1040 0 346 36573 173"
2019078,2019-03-26,0,4,6,046,"0 4 6 8 3 3 1 1 48361984 8326 1040 0 346 27187 173"
2019079,2019-03-27,5,3,9,539,"5 3 9 1 9 4 1 1 48806580 29206 1040 0 346 54894 173"
2019080,2019-03-28,3,4,1,341,"3 4 1 4 4 0 1 1 50281808 12479 1040 0 346 36298 173"
2019081,2019-03-29,4,3,1,431,"4 3 1 1 4 7 1 1 50828932 4846 1040 0 346 12184 173"
2019082,2019-03-30,8,7,1,871,"8 7 1 8 5 5 1 1 45627074 20934 1040 0 346 49751 173"
2019083,2019-03-31,9,8,2,982,"9 8 2 3 9 4 1 1 47498944 26198 1040 0 346 47118 173"
2019084,2019-04-01,9,7,8,978,"9 7 8 3 5 4 1 1 49081774 8378 1040 0 346 31922 173"
2019085,2019-04-02,5,0,5,505,"5 0 5 2 1 4 1 1 48891036 26787 1040 22109 346 0 173"
2019086,2019-04-03,2,8,3,283,"2 8 3 3 1 8 1 1 47203552 33367 1040 0 346 55605 173"
2019087,2019-04-04,1,7,4,174,"1 7 4 0 6 4 1 1 47399486 25123 1040 0 346 69369 173"
2019088,2019-04-05,9,3,6,936,"9 3 6 1 8 3 1 1 46721624 17169 1040 0 346 61050 173"
2019089,2019-04-06,4,5,0,450,"4 5 0 5 5 0 1 1 48060110 22415 1040 0 346 42118 173"
2019090,2019-04-07,7,8,9,789,"7 8 9 4 0 8 1 1 49534516 26202 1040 0 346 26796 173"
2019091,2019-04-08,5,2,6,526,"5 2 6 9 9 3 1 1 50776294 24241 1040 0 346 39410 173"
2019092,2019-04-09,6,3,0,630,"6 3 0 0 9 1 1 1 51076428 12950 1040 0 346 28129 173"
2019093,2019-04-10,2,5,8,258,"2 5 8 6 7 4 1 1 51282736 42751 1040 0 346 58288 173"
2019094,2019-04-11,8,9,1,891,"8 9 1 0 4 2 1 1 52643036 17604 1040 0 346 42797 173"
2019095,2019-04-12,9,3,5,935,"9 3 5 1 4 9 1 1 54300448 13861 1040 0 346 36232 173"
2019096,2019-04-13,0,6,6,066,"0 6 6 9 4 1 1 1 52929558 29227 1040 31055 346 0 173"
2019097,2019-04-14,2,4,3,243,"2 4 3 7 3 4 1 1 50355472 12326 1040 0 346 41761 173"
2019098,2019-04-15,0,8,7,087,"0 8 7 8 5 2 1 1 51016540 14372 1040 0 346 34504 173"
2019099,2019-04-16,7,3,8,738,"7 3 8 5 9 0 1 1 51991218 20124 1040 0 346 34867 173"
2019100,2019-04-17,4,8,7,487,"4 8 7 6 3 3 1 1 52068014 6818 1040 0 346 24604 173"
2019101,2019-04-18,5,5,9,559,"5 5 9 1 9 7 1 1 53640408 15682 1040 14710 346 0 173"
2019102,2019-04-19,5,5,9,559,"5 5 9 2 1 0 1 1 52823500 6130 1040 5858 346 0 173"
2019103,2019-04-20,7,5,0,750,"7 5 0 9 0 9 1 1 46613472 9628 1040 0 346 23208 173"
2019104,2019-04-21,5,9,3,593,"5 9 3 6 9 5 1 1 48478856 9820 1040 0 346 25155 173"
2019105,2019-04-22,3,8,2,382,"3 8 2 4 5 6 1 1 51302288 20820 1040 0 346 49302 173"
2019106,2019-04-23,0,4,0,040,"0 4 0 8 4 2 1 1 51494660 7646 1040 8741 346 0 173"
2019107,2019-04-24,1,7,7,177,"1 7 7 8 5 2 1 1 48035592 18629 1040 17286 346 0 173"
2019108,2019-04-25,5,1,5,515,"5 1 5 5 7 5 1 1 47898496 15501 1040 11488 346 0 173"
2019109,2019-04-26,1,3,6,136,"1 3 6 3 8 1 1 1 49528884 27581 1040 0 346 64310 173"
2019110,2019-04-27,6,1,2,612,"6 1 2 8 5 9 1 1 48467544 15555 1040 0 346 31190 173"
2019111,2019-04-28,7,1,6,716,"7 1 6 6 5 3 1 1 49809380 20024 1040 0 346 36830 173"
2019112,2019-04-29,9,2,2,922,"9 2 2 1 5 2 1 1 49786448 13349 1040 19216 346 0 173"
2019113,2019-04-30,2,3,8,238,"2 3 8 6 3 7 1 1 47839856 21947 1040 0 346 33777 173"
2019114,2019-05-01,5,5,8,558,"5 5 8 0 2 7 1 1 45414888 15099 1040 16573 346 0 173"
2019115,2019-05-02,4,6,6,466,"4 6 6 5 5 7 1 1 45822826 11109 1040 13760 346 0 173"
2019116,2019-05-03,0,4,7,047,"0 4 7 8 9 0 1 1 46431052 27720 1040 0 346 53330 173"
2019117,2019-05-04,2,9,6,296,"2 9 6 8 5 0 1 1 48288834 11077 1040 0 346 31840 173"
2019118,2019-05-05,4,1,8,418,"4 1 8 5 4 2 1 1 49334966 17807 1040 0 346 32857 173"
2019119,2019-05-06,2,4,9,249,"2 4 9 2 8 2 1 1 50407680 10672 1040 0 346 24350 173"
2019120,2019-05-07,9,0,0,900,"9 0 0 9 1 3 1 1 50467130 15406 1040 20439 346 0 173"
2019121,2019-05-08,6,0,8,608,"6 0 8 2 9 1 1 1 47649220 20930 1040 0 346 40543 173"
2019122,2019-05-09,8,6,5,865,"8 6 5 1 2 6 1 1 49221224 17689 1040 0 346 34003 173"
2019123,2019-05-10,1,5,7,157,"1 5 7 6 2 3 1 1 50552190 31841 1040 0 346 56305 173"
2019124,2019-05-11,2,1,1,211,"2 1 1 0 0 0 1 1 49462498 16788 1040 19249 346 0 173"
2019125,2019-05-12,0,8,1,081,"0 8 1 0 8 6 1 1 47011660 13392 1040 0 346 29757 173"
2019126,2019-05-13,4,7,0,470,"4 7 0 7 4 5 1 1 48571358 13317 1040 0 346 28663 173"
2019127,2019-05-14,7,5,8,758,"7 5 8 0 8 8 1 1 50236882 40055 1040 0 346 54836 173"
2019128,2019-05-15,9,8,0,980,"9 8 0 3 6 4 1 1 50865610 12166 1040 0 346 32835 173"
2019129,2019-05-16,5,0,4,504,"5 0 4 7 6 2 1 1 51041100 14442 1040 0 346 21118 173"
2019130,2019-05-17,2,9,8,298,"2 9 8 1 5 5 1 1 51354252 24377 1040 0 346 27878 173"
2019131,2019-05-18,0,3,1,031,"0 3 1 0 5 0 1 1 49835388 12424 1040 0 346 25864 173"
2019132,2019-05-19,7,8,7,787,"7 8 7 0 1 5 1 1 49768656 17648 1040 14018 346 0 173"
2019133,2019-05-20,2,1,9,219,"2 1 9 2 6 8 1 1 48158756 24955 1040 0 346 36418 173"
2019134,2019-05-21,3,9,4,394,"3 9 4 6 8 0 1 1 49918590 16608 1040 0 346 35282 173"
2019135,2019-05-22,7,8,9,789,"7 8 9 1 6 5 1 1 48913018 13890 1040 0 346 22979 173"
2019136,2019-05-23,6,7,0,670,"6 7 0 5 7 5 1 1 48602548 24611 1040 0 346 39814 173"
2019137,2019-05-24,3,4,7,347,"3 4 7 3 6 8 1 1 50622682 29296 1040 0 346 45620 173"
2019138,2019-05-25,3,3,1,331,"3 3 1 5 6 6 1 1 48452642 21192 1040 23873 346 0 173"
2019139,2019-05-26,8,4,9,849,"8 4 9 3 1 1 1 1 47600472 9009 1040 0 346 24760 173"
2019140,2019-05-27,2,7,6,276,"2 7 6 6 2 4 1 1 48426226 29236 1040 0 346 69150 173"
2019141,2019-05-28,3,1,5,315,"3 1 5 4 9 5 1 1 49878612 32989 1040 0 346 73294 173"
2019142,2019-05-29,7,9,2,792,"7 9 2 5 7 9 1 1 51211010 27505 1040 0 346 41163 173"
2019143,2019-05-30,4,7,1,471,"4 7 1 1 1 9 1 1 51856056 20481 1040 0 346 38912 173"
2019144,2019-05-31,3,8,8,388,"3 8 8 6 6 2 1 1 53107838 22051 1040 24554 346 0 173"
2019145,2019-06-01,3,1,5,315,"3 1 5 1 2 6 1 1 49554950 7142 1040 0 346 20513 173"
2019146,2019-06-02,0,1,3,013,"0 1 3 2 0 4 1 1 50785130 9165 1040 0 346 18597 173"
2019147,2019-06-03,4,7,0,470,"4 7 0 9 4 9 1 1 48958128 16466 1040 0 346 35631 173"
2019148,2019-06-04,3,6,2,362,"3 6 2 5 8 7 1 1 50797016 10351 1040 0 346 30756 173"
2019149,2019-06-05,3,5,0,350,"3 5 0 0 1 4 1 1 50384960 14202 1040 0 346 38008 173"
2019150,2019-06-06,2,5,8,258,"2 5 8 2 1 2 1 1 49978530 32316 1040 0 346 58021 173"
2019151,2019-06-07,3,4,7,347,"3 4 7 3 6 2 1 1 48623372 21768 1040 0 346 47917 173"
2019152,2019-06-08,0,5,1,051,"0 5 1 8 7 4 1 1 50188412 6936 1040 0 346 16644 173"
2019153,2019-06-09,3,2,6,326,"3 2 6 9 7 3 1 1 50349598 14076 1040 0 346 34088 173"
2019154,2019-06-10,6,3,2,632,"6 3 2 8 9 1 1 1 51551056 10355 1040 0 346 11530 173"
2019155,2019-06-11,0,5,0,050,"0 5 0 1 4 9 1 1 51628392 9659 1040 13149 346 0 173"
2019156,2019-06-12,8,7,9,879,"8 7 9 8 7 8 1 1 49378972 19847 1040 0 346 54953 173"
2019157,2019-06-13,6,2,6,626,"6 2 6 3 4 8 1 1 49008544 18193 1040 13864 346 0 173"
2019158,2019-06-14,7,0,8,708,"7 0 8 1 7 4 1 1 50668376 21211 1040 0 346 23722 173"
2019159,2019-06-15,1,7,0,170,"1 7 0 6 0 2 1 1 48557616 14528 1040 0 346 25858 173"
2019160,2019-06-16,1,3,5,135,"1 3 5 2 8 6 1 1 50664308 13072 1040 0 346 35916 173"
2019161,2019-06-17,9,7,2,972,"9 7 2 2 3 2 1 1 50712618 14026 1040 0 346 40856 173"
2019162,2019-06-18,0,3,3,033,"0 3 3 5 9 6 1 1 51292446 7651 1040 9928 346 0 173"
2019163,2019-06-19,8,9,4,894,"8 9 4 9 2 0 1 1 48796902 15684 1040 0 346 30552 173"
2019164,2019-06-20,9,5,1,951,"9 5 1 5 5 0 1 1 49140974 18834 1040 0 346 48803 173"
2019165,2019-06-21,8,8,3,883,"8 8 3 3 3 2 1 1 52791708 10012 1040 12552 346 0 173"
2019166,2019-06-22,5,3,1,531,"5 3 1 8 9 5 1 1 47041166 22509 1040 0 346 65489 173"
2019167,2019-06-23,8,1,3,813,"8 1 3 0 1 4 1 1 50778380 16335 1040 0 346 33968 173"
2019168,2019-06-24,0,6,1,061,"0 6 1 8 1 8 1 1 49978722 11213 1040 0 346 31642 173"
2019169,2019-06-25,0,6,0,060,"0 6 0 6 6 2 1 1 50660058 8461 1040 9089 346 0 173"
2019170,2019-06-26,5,7,8,578,"5 7 8 4 3 4 1 1 47325892 28100 1040 0 346 58602 173"
2019171,2019-06-27,6,6,1,661,"6 6 1 2 0 4 1 1 49654370 11620 1040 13815 346 0 173"
2019172,2019-06-28,4,1,6,416,"4 1 6 7 0 0 1 1 49542162 20165 1040 0 346 25601 173"
2019173,2019-06-29,8,4,6,846,"8 4 6 0 7 3 1 1 47666572 14188 1040 0 346 24993 173"
2019174,2019-06-30,8,4,8,848,"8 4 8 5 8 7 1 1 48165384 11246 1040 13306 346 0 173"
2019175,2019-07-01,4,6,4,464,"4 6 4 7 4 1 1 1 46695110 19821 1040 13821 346 0 173"
2019176,2019-07-02,5,0,1,501,"5 0 1 0 2 4 1 1 47389664 11915 1040 0 346 35593 173"
2019177,2019-07-03,0,6,1,061,"0 6 1 6 9 8 1 1 48219730 7512 1040 0 346 28257 173"
2019178,2019-07-04,7,9,6,796,"7 9 6 8 9 4 1 1 49140818 15116 1040 0 346 36954 173"
2019179,2019-07-05,4,0,2,402,"4 0 2 4 5 8 1 1 48968628 8601 1040 0 346 15056 173"
2019180,2019-07-06,9,2,6,926,"9 2 6 8 1 9 1 1 46243968 22367 1040 0 346 32880 173"
2019181,2019-07-07,1,6,8,168,"1 6 8 7 5 1 1 1 47648636 41748 1040 0 346 48653 173"
2019182,2019-07-08,3,5,1,351,"3 5 1 2 9 2 1 1 49556548 29983 1040 0 346 73858 173"
2019183,2019-07-09,7,2,9,729,"7 2 9 1 6 4 1 1 51500900 74493 1040 0 346 88306 173"
2019184,2019-07-10,0,6,0,060,"0 6 0 1 8 1 1 1 52478850 14089 1040 18467 346 0 173"
2019185,2019-07-11,1,9,4,194,"1 9 4 2 4 0 1 1 51698652 16689 1040 0 346 33433 173"
2019186,2019-07-12,1,5,7,157,"1 5 7 0 8 2 1 1 52121374 15280 1040 0 346 45657 173"
2019187,2019-07-13,1,1,2,112,"1 1 2 6 0 2 1 1 49863034 17588 1040 40742 346 0 173"
2019188,2019-07-14,4,4,6,446,"4 4 6 9 2 0 1 1 49129910 12327 1040 8534 346 0 173"
2019189,2019-07-15,3,1,7,317,"3 1 7 4 9 4 1 1 49084344 15970 1040 0 346 41451 173"
2019190,2019-07-16,4,6,4,464,"4 6 4 8 4 1 1 1 50565204 5619 1040 5871 346 0 173"
2019191,2019-07-17,2,8,7,287,"2 8 7 4 9 3 1 1 49870884 18036 1040 0 346 47612 173"
2019192,2019-07-18,7,4,6,746,"7 4 6 5 4 2 1 1 49102286 18631 1040 0 346 29432 173"
2019193,2019-07-19,9,4,3,943,"9 4 3 0 7 9 1 1 51404180 18080 1040 0 346 37588 173"
2019194,2019-07-20,5,5,0,550,"5 5 0 3 3 3 1 1 48599682 25084 1040 26148 346 0 173"
2019195,2019-07-21,7,3,4,734,"7 3 4 0 2 9 1 1 47672518 16686 1040 0 346 33159 173"
2019196,2019-07-22,8,5,3,853,"8 5 3 2 7 2 1 1 49303264 16267 1040 0 346 51750 173"
2019197,2019-07-23,5,4,4,544,"5 4 4 0 8 5 1 1 49201596 12476 1040 12458 346 0 173"
2019198,2019-07-24,5,9,4,594,"5 9 4 0 2 3 1 1 47680404 7038 1040 0 346 27158 173"
2019199,2019-07-25,0,0,3,003,"0 0 3 9 6 9 1 1 46243774 7367 1040 8304 346 0 173"
2019200,2019-07-26,0,1,4,014,"0 1 4 9 2 8 1 1 46415966 14578 1040 0 346 29948 173"
2019201,2019-07-27,9,4,1,941,"9 4 1 0 6 3 1 1 45403904 14281 1040 0 346 25334 173"
2019202,2019-07-28,2,4,9,249,"2 4 9 6 2 2 1 1 47531152 9057 1040 0 346 23654 173"
2019203,2019-07-29,1,4,0,140,"1 4 0 5 6 8 1 1 47209038 7880 1040 0 346 12825 173"
2019204,2019-07-30,3,9,0,390,"3 9 0 4 5 2 1 1 47455542 13777 1040 0 346 35712 173"
2019205,2019-07-31,5,0,0,500,"5 0 0 1 0 4 1 1 46573118 18643 1040 14629 346 0 173"
2019206,2019-08-01,8,7,9,879,"8 7 9 9 8 9 1 1 46649848 40625 1040 0 346 103382 173"
2019207,2019-08-02,9,2,4,924,"9 2 4 3 2 1 1 1 49410478 11198 1040 0 346 24664 173"
2019208,2019-08-03,6,7,4,674,"6 7 4 1 8 7 1 1 48224164 10501 1040 0 346 40103 173"
2019209,2019-08-04,3,0,6,306,"3 0 6 4 4 1 1 1 48696654 18954 1040 0 346 32473 173"
2019210,2019-08-05,3,7,1,371,"3 7 1 3 9 1 1 1 49748142 11144 1040 0 346 39702 173"
2019211,2019-08-06,1,2,3,123,"1 2 3 8 1 3 1 1 50226942 23108 1040 0 346 30844 173"
2019212,2019-08-07,7,8,6,786,"7 8 6 9 4 2 1 1 48266696 12108 1040 0 346 28500 173"
2019213,2019-08-08,2,4,5,245,"2 4 5 4 5 1 1 1 48339886 19714 1040 0 346 36448 173"
2019214,2019-08-09,7,8,0,780,"7 8 0 4 7 5 1 1 49585958 7048 1040 0 346 22956 173"
2019215,2019-08-10,4,8,7,487,"4 8 7 6 0 8 1 1 47769370 9276 1040 0 346 26284 173"
2019216,2019-08-11,4,0,8,408,"4 0 8 3 7 6 1 1 47983868 9232 1040 0 346 18623 173"
2019217,2019-08-12,3,6,1,361,"3 6 1 4 0 3 1 1 49750002 33251 1040 0 346 55827 173"
2019218,2019-08-13,5,3,2,532,"5 3 2 8 2 5 1 1 51154324 24719 1040 0 346 49243 173"
2019219,2019-08-14,4,7,5,475,"4 7 5 2 0 3 1 1 51571678 18044 1040 0 346 37196 173"
2019220,2019-08-15,0,1,0,010,"0 1 0 1 0 1 1 1 53281712 35847 1040 39560 346 0 173"
2019221,2019-08-16,4,8,4,484,"4 8 4 1 7 7 1 1 48265236 10707 1040 12758 346 0 173"
2019222,2019-08-17,1,5,5,155,"1 5 5 2 9 0 1 1 47406676 10962 1040 12624 346 0 173"
2019223,2019-08-18,4,0,5,405,"4 0 5 7 2 4 1 1 48954082 11874 1040 0 346 29414 173"
2019224,2019-08-19,0,4,3,043,"0 4 3 6 8 6 1 1 49474702 14809 1040 0 346 25583 173"
2019225,2019-08-20,6,0,1,601,"6 0 1 7 7 6 1 1 50037474 9477 1040 0 346 21522 173"
2019226,2019-08-21,2,5,2,252,"2 5 2 4 2 0 1 1 50491744 17889 1040 16913 346 0 173"
2019227,2019-08-22,2,6,5,265,"2 6 5 1 5 1 1 1 49986754 10436 1040 0 346 40242 173"
2019228,2019-08-23,0,5,4,054,"0 5 4 5 6 3 1 1 51214620 6685 1040 0 346 19699 173"
2019229,2019-08-24,8,4,5,845,"8 4 5 5 9 5 1 1 49317542 12612 1040 0 346 25865 173"
2019230,2019-08-25,8,8,7,887,"8 8 7 1 7 9 1 1 49447606 10926 1040 14637 346 0 173"
2019231,2019-08-26,1,1,0,110,"1 1 0 7 6 5 1 1 48021094 16841 1040 10560 346 0 173"
2019232,2019-08-27,7,8,9,789,"7 8 9 7 8 6 1 1 46888698 45156 1040 0 346 62928 173"
2019233,2019-08-28,6,1,0,610,"6 1 0 2 1 8 1 1 48293646 9145 1040 0 346 19015 173"
2019234,2019-08-29,3,4,0,340,"3 4 0 8 3 1 1 1 49214668 15137 1040 0 346 26519 173"
2019235,2019-08-30,7,7,0,770,"7 7 0 7 5 3 1 1 51672840 19213 1040 21769 346 0 173"
2019236,2019-08-31,2,1,9,219,"2 1 9 0 2 0 1 1 47200802 37251 1040 0 346 56173 173"
2019237,2019-09-01,9,5,9,959,"9 5 9 6 4 4 1 1 50145210 8409 1040 13814 346 0 173"
2019238,2019-09-02,2,1,7,217,"2 1 7 9 0 0 1 1 48404740 14189 1040 0 346 30281 173"
2019239,2019-09-03,1,3,8,138,"1 3 8 9 9 0 1 1 49092720 32473 1040 0 346 44879 173"
2019240,2019-09-04,6,6,4,664,"6 6 4 3 7 0 1 1 50292306 20083 1040 14781 346 0 173"
2019241,2019-09-05,6,0,8,608,"6 0 8 2 9 2 1 1 49966932 10470 1040 0 346 20492 173"
2019242,2019-09-06,6,9,1,691,"6 9 1 7 3 9 1 1 51441366 15171 1040 0 346 32145 173"
2019243,2019-09-07,6,8,2,682,"6 8 2 7 6 6 1 1 48249510 14598 1040 0 346 26357 173"
2019244,2019-09-08,5,7,5,575,"5 7 5 3 4 3 1 1 49437262 41015 1040 28363 346 0 173"
2019245,2019-09-09,8,1,2,812,"8 1 2 4 7 7 1 1 48800276 18625 1040 0 346 35634 173"
2019246,2019-09-10,6,1,5,615,"6 1 5 2 3 1 1 1 49265422 11669 1040 0 346 37484 173"
2019247,2019-09-11,6,7,0,670,"6 7 0 5 4 8 1 1 48739190 12405 1040 0 346 36327 173"
2019248,2019-09-12,2,6,2,262,"2 6 2 2 1 7 1 1 49316858 13115 1040 17014 346 0 173"
2019249,2019-09-13,7,1,9,719,"7 1 9 5 5 9 1 1 44168920 15796 1040 0 346 29817 173"
2019250,2019-09-14,5,7,5,575,"5 7 5 6 6 8 1 1 46924260 7382 1040 10530 346 0 173"
2019251,2019-09-15,0,5,0,050,"0 5 0 1 7 3 1 1 48958204 5896 1040 6126 346 0 173"
2019252,2019-09-16,8,3,1,831,"8 3 1 1 6 7 1 1 49165412 28314 1040 0 346 50353 173"
2019253,2019-09-17,2,8,1,281,"2 8 1 1 9 3 1 1 50890314 9555 1040 0 346 34574 173"
2019254,2019-09-18,5,7,5,575,"5 7 5 4 3 2 1 1 51180018 15567 1040 15865 346 0 173"
2019255,2019-09-19,2,6,3,263,"2 6 3 4 0 8 1 1 51893196 15146 1040 0 346 39024 173"
2019256,2019-09-20,0,1,8,018,"0 1 8 8 8 3 1 1 53183748 25949 1040 0 346 40409 173"
2019257,2019-09-21,0,1,0,010,"0 1 0 1 4 6 1 1 50969510 15954 1040 13629 346 0 173"
2019258,2019-09-22,1,0,3,103,"1 0 3 4 3 2 1 1 49732680 15740 1040 0 346 25941 173"
2019259,2019-09-23,9,8,9,989,"9 8 9 6 0 2 1 1 49523654 29480 1040 26572 346 0 173"
2019260,2019-09-24,9,9,7,997,"9 9 7 1 0 6 1 1 49170182 19358 1040 23691 346 0 173"
2019261,2019-09-25,5,9,1,591,"5 9 1 3 2 8 1 1 49167122 8383 1040 0 346 25633 173"
2019262,2019-09-26,1,0,3,103,"1 0 3 1 4 6 1 1 51105400 10573 1040 0 346 22189 173"
2019263,2019-09-27,9,4,9,949,"9 4 9 4 0 4 1 1 52872814 8725 1040 12592 346 0 173"
2019264,2019-09-28,9,8,7,987,"9 8 7 7 1 5 1 1 49952376 46473 1040 0 346 64460 173"
2019265,2019-09-29,9,9,9,999,"9 9 9 6 6 8 1 1 52888854 149502 1040 0 346 0 173"
2019266,2019-09-30,9,8,5,985,"9 8 5 6 0 0 1 1 50078022 9883 1040 0 346 24591 173"
2019267,2019-10-08,8,9,8,898,"8 9 8 2 1 4 1 1 49041746 31749 1040 21472 346 0 173"
2019268,2019-10-09,3,7,3,373,"3 7 3 8 7 8 1 1 47912294 17082 1040 14896 346 0 173"
2019269,2019-10-10,4,1,7,417,"4 1 7 9 2 0 1 1 49266492 28730 1040 0 346 52012 173"
2019270,2019-10-11,4,7,8,478,"4 7 8 4 2 5 1 1 52131682 19177 1040 0 346 26455 173"
2019271,2019-10-12,6,9,5,695,"6 9 5 3 3 2 1 1 50567192 28383 1040 0 346 67333 173"
2019272,2019-10-13,0,0,7,007,"0 0 7 3 5 0 1 1 50261790 12145 1040 13600 346 0 173"
2019273,2019-10-14,1,3,4,134,"1 3 4 1 1 6 1 1 49310800 32115 1040 0 346 53363 173"
2019274,2019-10-15,4,9,3,493,"4 9 3 1 4 1 1 1 50482998 12834 1040 0 346 22498 173"
2019275,2019-10-16,4,9,7,497,"4 9 7 0 5 2 1 1 49940810 16041 1040 0 346 34903 173"
2019276,2019-10-17,8,7,3,873,"8 7 3 2 2 4 1 1 51375390 13932 1040 0 346 47878 173"
2019277,2019-10-18,0,4,6,046,"0 4 6 9 6 4 1 1 52327778 13744 1040 0 346 27523 173"
2019278,2019-10-19,8,4,2,842,"8 4 2 3 8 4 1 1 49087090 11237 1040 0 346 28600 173"
2019279,2019-10-20,2,6,6,266,"2 6 6 1 3 9 1 1 49654432 16385 1040 18255 346 0 173"
2019280,2019-10-21,0,6,1,061,"0 6 1 1 3 7 1 1 49878890 12648 1040 0 346 29551 173"
2019281,2019-10-22,9,8,0,980,"9 8 0 6 1 3 1 1 50047472 17937 1040 0 346 43175 173"
2019282,2019-10-23,8,5,8,858,"8 5 8 1 1 8 1 1 49135928 19058 1040 19223 346 0 173"
2019283,2019-10-24,4,4,4,444,"4 4 4 1 6 0 1 1 49284480 41103 1040 0 346 0 173"
2019284,2019-10-25,5,6,2,562,"5 6 2 9 4 6 1 1 46722744 13476 1040 0 346 40763 173"
2019285,2019-10-26,0,5,9,059,"0 5 9 1 8 2 1 1 47193624 13653 1040 0 346 28586 173"
2019286,2019-10-27,2,9,3,293,"2 9 3 6 4 7 1 1 49078450 12828 1040 0 346 27275 173"
2019287,2019-10-28,7,1,5,715,"7 1 5 5 2 5 1 1 50071124 30356 1040 0 346 42306 173"
2019288,2019-10-29,7,5,8,758,"7 5 8 1 4 6 1 1 52665838 14296 1040 0 346 45777 173"
2019289,2019-10-30,3,6,2,362,"3 6 2 4 1 4 1 1 52389726 25063 1040 0 346 55061 173"
2019290,2019-10-31,3,2,8,328,"3 2 8 4 0 9 1 1 54132250 23940 1040 0 346 31215 173"
2019291,2019-11-01,8,8,2,882,"8 8 2 0 4 1 1 1 52644322 11582 1040 19408 346 0 173"
2019292,2019-11-02,0,6,8,068,"0 6 8 5 7 9 1 1 47233500 11022 1040 0 346 23946 173"
2019293,2019-11-03,6,6,3,663,"6 6 3 6 5 9 1 1 49857672 13799 1040 21134 346 0 173"
2019294,2019-11-04,6,1,2,612,"6 1 2 4 2 6 1 1 48474550 18388 1040 0 346 49797 173"
2019295,2019-11-05,8,7,7,877,"8 7 7 7 8 8 1 1 50530332 16973 1040 16923 346 0 173"
2019296,2019-11-06,3,4,5,345,"3 4 5 2 6 2 1 1 48922004 39862 1040 0 346 55860 173"
2019297,2019-11-07,9,5,6,956,"9 5 6 4 3 6 1 1 50159340 18772 1040 0 346 38047 173"
2019298,2019-11-08,3,3,5,335,"3 3 5 5 8 1 1 1 51575226 11836 1040 15694 346 0 173"
2019299,2019-11-09,3,2,8,328,"3 2 8 9 9 0 1 1 48259852 17493 1040 0 346 48844 173"
2019300,2019-11-10,9,3,6,936,"9 3 6 3 8 4 1 1 50187738 19469 1040 0 346 66111 173"
2019301,2019-11-11,1,0,9,109,"1 0 9 0 5 9 1 1 51922982 36052 1040 0 346 42728 173"
2019302,2019-11-12,4,2,6,426,"4 2 6 7 3 2 1 1 50465404 17830 1040 0 346 33809 173"
2019303,2019-11-13,9,0,9,909,"9 0 9 8 2 8 1 1 51208598 21899 1040 16156 346 0 173"
2019304,2019-11-14,4,6,5,465,"4 6 5 2 1 2 1 1 48816052 11280 1040 0 346 36571 173"
2019305,2019-11-15,4,3,9,439,"4 3 9 1 9 1 1 1 51505150 18646 1040 0 346 34521 173"
2019306,2019-11-16,1,5,3,153,"1 5 3 1 2 6 1 1 50605628 19415 1040 0 346 55554 173"
2019307,2019-11-17,0,3,6,036,"0 3 6 4 2 1 1 1 50744790 10810 1040 0 346 20942 173"
2019308,2019-11-18,6,7,2,672,"6 7 2 5 3 1 1 1 50830532 27929 1040 0 346 46738 173"
2019309,2019-11-19,3,4,1,341,"3 4 1 0 8 6 1 1 51094128 18275 1040 0 346 32833 173"
2019310,2019-11-20,7,6,5,765,"7 6 5 4 9 7 1 1 52210846 14977 1040 0 346 37043 173"
2019311,2019-11-21,2,4,8,248,"2 4 8 0 9 5 1 1 52634832 24521 1040 0 346 45837 173"
2019312,2019-11-22,0,3,1,031,"0 3 1 4 1 3 1 1 56823986 8084 1040 0 346 25552 173"
2019313,2019-11-23,0,4,8,048,"0 4 8 2 6 9 1 1 51955238 7299 1040 0 346 17647 173"
2019314,2019-11-24,5,9,4,594,"5 9 4 5 7 5 1 1 52344878 27542 1040 0 346 32626 173"
2019315,2019-11-25,9,8,3,983,"9 8 3 4 7 1 1 1 52892524 16364 1040 0 346 39815 173"
2019316,2019-11-26,8,8,5,885,"8 8 5 2 3 6 1 1 53860634 15604 1040 25047 346 0 173"
2019317,2019-11-27,5,4,8,548,"5 4 8 4 0 9 1 1 50245748 24052 1040 0 346 42678 173"
2019318,2019-11-28,2,3,2,232,"2 3 2 3 3 0 1 1 52192596 40665 1040 32832 346 0 173"
2019319,2019-11-29,3,3,3,333,"3 3 3 4 8 9 1 1 53838644 75219 1040 0 346 0 173"
2019320,2019-11-30,5,8,8,588,"5 8 8 5 3 9 1 1 47037654 13000 1040 9084 346 0 173"
2019321,2019-12-01,8,5,3,853,"8 5 3 7 2 0 1 1 49668668 27168 1040 0 346 58442 173"
2019322,2019-12-02,0,4,4,044,"0 4 4 7 3 0 1 1 53195472 11297 1040 14061 346 0 173"
2019323,2019-12-03,1,7,0,170,"1 7 0 3 1 0 1 1 52528100 22781 1040 0 346 37000 173"
2019324,2019-12-04,4,3,2,432,"4 3 2 9 5 6 1 1 53338038 21687 1040 0 346 40162 173"
2019325,2019-12-05,7,9,8,798,"7 9 8 2 6 4 1 1 53637026 22450 1040 0 346 50179 173"
2019326,2019-12-06,5,4,5,545,"5 4 5 0 8 8 1 1 55306060 23944 1040 21363 346 0 173"
2019327,2019-12-07,2,4,2,242,"2 4 2 5 9 6 1 1 52224394 11832 1040 11801 346 0 173"
2019328,2019-12-08,1,2,5,125,"1 2 5 0 6 7 1 1 52390798 18684 1040 0 346 29366 173"
2019329,2019-12-09,0,4,7,047,"0 4 7 1 6 0 1 1 54665966 14734 1040 0 346 33750 173"
2019330,2019-12-10,2,6,5,265,"2 6 5 6 4 8 1 1 53494648 23264 1040 0 346 56730 173"
2019331,2019-12-11,8,8,3,883,"8 8 3 6 0 2 1 1 55237728 24798 1040 25404 346 0 173"
2019332,2019-12-12,7,7,6,776,"7 7 6 5 6 5 1 1 55423370 20270 1040 19245 346 0 173"
2019333,2019-12-13,5,3,6,536,"5 3 6 8 8 3 1 1 56470988 32425 1040 0 346 54505 173"
2019334,2019-12-14,0,0,0,000,"0 0 0 7 0 5 1 1 52611832 66862 1040 0 346 0 173"
2019335,2019-12-15,6,7,7,677,"6 7 7 1 2 7 1 1 48590484 9382 1040 7297 346 0 173"
2019336,2019-12-16,6,6,5,665,"6 6 5 2 8 4 1 1 51262892 15429 1040 16762 346 0 173"
2019337,2019-12-17,9,5,9,959,"9 5 9 3 0 2 1 1 53017670 18363 1040 11701 346 0 173"
2019338,2019-12-18,9,1,4,914,"9 1 4 5 2 5 1 1 52269144 27565 1040 0 346 41468 173"
2019339,2019-12-19,6,0,2,602,"6 0 2 7 1 2 1 1 52817084 13059 1040 0 346 28591 173"
2019340,2019-12-20,0,5,1,051,"0 5 1 9 3 9 1 1 53843532 10794 1040 0 346 23383 173"
2019341,2019-12-21,8,0,2,802,"8 0 2 3 3 8 1 1 50642422 12563 1040 0 346 24429 173"
2019342,2019-12-22,7,8,9,789,"7 8 9 8 7 8 1 1 52092730 44455 1040 0 346 57215 173"
2019343,2019-12-23,5,3,8,538,"5 3 8 6 9 8 1 1 53837278 32466 1040 0 346 39987 173"
2019344,2019-12-24,7,0,4,704,"7 0 4 9 7 7 1 1 56396098 14152 1040 0 346 37269 173"
2019345,2019-12-25,5,1,1,511,"5 1 1 1 5 2 1 1 55564466 16664 1040 19736 346 0 173"
2019346,2019-12-26,4,7,2,472,"4 7 2 4 1 1 1 1 54675528 22282 1040 0 346 54130 173"
2019347,2019-12-27,3,4,8,348,"3 4 8 7 8 5 1 1 57773292 42497 1040 0 346 73658 173"
2019348,2019-12-28,8,2,2,822,"8 2 2 2 1 0 1 1 55349204 17749 1040 21614 346 0 173"
2019349,2019-12-29,8,7,8,878,"8 7 8 2 1 0 1 1 55298356 14571 1040 17696 346 0 173"
2019350,2019-12-30,2,9,0,290,"2 9 0 5 3 2 1 1 54045920 26324 1040 0 346 41561 173"
2019351,2019-12-31,8,5,2,852,"8 5 2 2 5 7 1 1 55072180 23134 1040 0 346 52118 173"
2020001,2020-01-01,0,8,7,087,"0 8 7 8 8 8 1 1 54445222 16931 1040 0 346 30240 173"
2020002,2020-01-02,3,3,7,337,"3 3 7 4 4 1 1 1 56697296 26726 1040 18183 346 0 173"
2020003,2020-01-03,0,0,4,004,"0 0 4 3 6 8 1 1 56958150 9853 1040 9825 346 0 173"
2020004,2020-01-04,8,0,7,807,"8 0 7 6 7 8 1 1 52674916 9311 1040 0 346 16663 173"
2020005,2020-01-05,8,0,4,804,"8 0 4 4 8 9 1 1 53801958 8806 1040 0 346 23485 173"
2020006,2020-01-06,2,9,6,296,"2 9 6 1 4 8 1 1 53386838 27188 1040 0 346 49867 173"
2020007,2020-01-07,4,9,6,496,"4 9 6 1 6 2 1 1 55397054 13993 1040 0 346 40684 173"
2020008,2020-01-08,6,0,2,602,"6 0 2 3 7 7 1 1 55273444 11129 1040 0 346 21663 173"
2020009,2020-01-09,5,7,4,574,"5 7 4 3 3 0 1 1 56165148 19774 1040 0 346 45167 173"
2020010,2020-01-10,3,8,9,389,"3 8 9 9 7 0 1 1 57062116 39041 1040 0 346 52676 173"
2020011,2020-01-11,3,9,7,397,"3 9 7 8 9 9 1 1 57699334 12310 1040 0 346 31402 173"
2020012,2020-01-12,7,0,5,705,"7 0 5 8 9 2 1 1 55309806 21683 1040 0 346 29096 173"
2020013,2020-01-13,4,4,7,447,"4 4 7 6 0 6 1 1 57053458 29523 1040 38220 346 0 173"
2020014,2020-01-14,1,3,7,137,"1 3 7 7 1 8 1 1 56382366 18634 1040 0 346 42221 173"
2020015,2020-01-15,5,8,6,586,"5 8 6 8 7 5 1 1 56361312 43085 1040 0 346 54065 173"
2020016,2020-01-16,2,5,1,251,"2 5 1 7 5 3 1 1 58405100 28917 1040 0 346 34807 173"
2020017,2020-01-17,4,3,4,434,"4 3 4 1 3 6 1 1 59785862 15908 1040 23930 346 0 173"
2020018,2020-01-18,6,2,3,623,"6 2 3 3 2 8 1 1 55811304 33673 1040 0 346 42809 173"
2020019,2020-01-19,0,4,9,049,"0 4 9 3 5 8 1 1 57944896 14179 1040 0 346 25573 173"
2020020,2020-01-20,2,9,6,296,"2 9 6 5 0 6 1 1 57794952 19696 1040 0 346 35762 173"
2020021,2020-01-21,9,0,1,901,"9 0 1 4 2 7 1 1 61713208 17101 1040 0 346 26209 173"
2020022,2020-03-11,4,8,5,485,"4 8 5 5 2 3 1 1 20223386 6057 1040 0 346 10656 173"
2020023,2020-03-12,5,1,1,511,"5 1 1 1 3 5 1 1 17862892 4047 1040 4195 346 0 173"
2020024,2020-03-13,8,2,7,827,"8 2 7 5 8 7 1 1 22079690 10284 1040 0 346 15533 173"
2020025,2020-03-14,1,4,3,143,"1 4 3 6 2 6 1 1 22340486 6037 1040 0 346 15695 173"
2020026,2020-03-15,8,8,5,885,"8 8 5 5 5 3 1 1 23948054 5832 1040 5800 346 0 173"
2020027,2020-03-16,2,3,1,231,"2 3 1 2 0 5 1 1 27537694 6719 1040 0 346 14485 173"
2020028,2020-03-17,2,6,5,265,"2 6 5 6 0 4 1 1 28969874 6407 1040 0 346 25236 173"
2020029,2020-03-18,0,4,2,042,"0 4 2 2 3 7 1 1 30774626 4476 1040 0 346 10072 173"
2020030,2020-03-19,0,3,7,037,"0 3 7 4 6 6 1 1 31620776 8411 1040 0 346 35620 173"
2020031,2020-03-20,8,1,8,818,"8 1 8 1 0 3 1 1 34351132 12191 1040 9921 346 0 173"
2020032,2020-03-21,7,9,4,794,"7 9 4 1 5 6 1 1 32368690 15675 1040 0 346 30264 173"
2020033,2020-03-22,1,1,6,116,"1 1 6 5 5 5 1 1 34406060 9287 1040 8707 346 0 173"
2020034,2020-03-23,5,3,1,531,"5 3 1 7 1 5 1 1 34730190 21274 1040 0 346 39083 173"
2020035,2020-03-24,7,7,6,776,"7 7 6 4 3 1 1 1 37881234 5880 1040 7554 346 0 173"
2020036,2020-03-25,7,4,0,740,"7 4 0 5 6 8 1 1 37218534 11436 1040 0 346 24268 173"
2020037,2020-03-26,6,8,3,683,"6 8 3 0 9 2 1 1 38445000 26792 1040 0 346 47240 173"
2020038,2020-03-27,3,9,2,392,"3 9 2 5 7 7 1 1 41075536 26847 1040 0 346 58849 173"
2020039,2020-03-28,4,7,2,472,"4 7 2 6 3 7 1 1 39329594 9180 1040 0 346 35953 173"
2020040,2020-03-29,9,0,0,900,"9 0 0 3 7 0 1 1 40500670 7547 1040 9008 346 0 173"
2020041,2020-03-30,8,7,9,879,"8 7 9 6 8 6 1 1 39691580 27022 1040 0 346 70697 173"
2020042,2020-03-31,0,3,4,034,"0 3 4 6 8 3 1 1 42023254 8999 1040 0 346 19913 173"
2020043,2020-04-01,5,6,7,567,"5 6 7 3 8 1 1 1 42499454 37119 1040 0 346 40264 173"
2020044,2020-04-02,2,2,7,227,"2 2 7 4 7 3 1 1 43593374 15530 1040 13489 346 0 173"
2020045,2020-04-03,2,3,4,234,"2 3 4 2 6 8 1 1 44660288 24319 1040 0 346 37303 173"
2020046,2020-04-04,8,2,2,822,"8 2 2 3 5 9 1 1 44400960 5897 1040 8458 346 0 173"
2020047,2020-04-05,8,7,4,874,"8 7 4 1 1 9 1 1 43788504 7975 1040 0 346 33299 173"
2020048,2020-04-06,9,9,7,997,"9 9 7 6 6 9 1 1 45337398 10134 1040 10966 346 0 173"
2020049,2020-04-07,2,9,7,297,"2 9 7 0 3 0 1 1 44631354 10099 1040 0 346 30554 173"
2020050,2020-04-08,3,1,4,314,"3 1 4 0 8 8 1 1 46026572 19490 1040 0 346 43889 173"
2020051,2020-04-09,2,2,1,221,"2 2 1 6 5 2 1 1 47775790 10834 1040 13857 346 0 173"
2020052,2020-04-10,5,0,3,503,"5 0 3 6 8 2 1 1 47969096 15945 1040 0 346 29171 173"
2020053,2020-04-11,4,3,0,430,"4 3 0 3 8 9 1 1 46039066 9890 1040 0 346 18201 173"
2020054,2020-04-12,9,7,8,978,"9 7 8 0 2 8 1 1 46853226 25454 1040 0 346 65684 173"
2020055,2020-04-13,4,6,8,468,"4 6 8 7 2 5 1 1 48056876 14024 1040 0 346 38950 173"
2020056,2020-04-14,4,6,2,462,"4 6 2 7 7 4 1 1 49319086 6944 1040 0 346 26558 173"
2020057,2020-04-15,8,8,0,880,"8 8 0 3 1 9 1 1 48864752 19994 1040 23418 346 0 173"
2020058,2020-04-16,9,0,2,902,"9 0 2 2 1 6 1 1 48927044 13222 1040 0 346 37584 173"
2020059,2020-04-17,9,4,8,948,"9 4 8 6 6 0 1 1 51608608 9087 1040 0 346 32583 173"
2020060,2020-04-18,8,2,8,828,"8 2 8 1 5 2 1 1 50090050 19857 1040 17408 346 0 173"
2020061,2020-04-19,5,3,5,535,"5 3 5 2 7 2 1 1 49776926 24083 1040 24690 346 0 173"
2020062,2020-04-20,9,0,2,902,"9 0 2 0 6 1 1 1 50124918 6238 1040 0 346 18298 173"
2020063,2020-04-21,6,6,3,663,"6 6 3 0 0 6 1 1 50868078 19984 1040 15628 346 0 173"
2020064,2020-04-22,8,5,3,853,"8 5 3 3 4 3 1 1 49618330 12438 1040 0 346 57395 173"
2020065,2020-04-23,2,9,4,294,"2 9 4 9 2 5 1 1 50364890 16041 1040 0 346 48500 173"
2020066,2020-04-24,2,1,9,219,"2 1 9 2 4 0 1 1 52045212 16957 1040 0 346 29665 173"
2020067,2020-04-25,9,4,2,942,"9 4 2 4 0 8 1 1 49951644 5341 1040 0 346 12417 173"
2020068,2020-04-26,1,5,3,153,"1 5 3 8 8 0 1 1 50628080 15625 1040 0 346 54980 173"
2020069,2020-04-27,2,6,0,260,"2 6 0 0 6 7 1 1 51672716 15722 1040 0 346 36813 173"
2020070,2020-04-28,8,3,5,835,"8 3 5 3 0 4 1 1 51536016 25004 1040 0 346 48107 173"
2020071,2020-04-29,0,5,9,059,"0 5 9 2 2 5 1 1 52518522 15856 1040 0 346 28993 173"
2020072,2020-04-30,9,2,1,921,"9 2 1 1 2 0 1 1 51848168 23822 1040 0 346 37498 173"
2020073,2020-05-01,6,8,5,685,"6 8 5 2 2 4 1 1 52430196 14883 1040 0 346 29603 173"
2020074,2020-05-02,0,7,9,079,"0 7 9 6 2 5 1 1 50109170 8552 1040 0 346 21257 173"
2020075,2020-05-03,2,7,6,276,"2 7 6 0 4 6 1 1 50731570 16581 1040 0 346 46139 173"
2020076,2020-05-04,0,8,2,082,"0 8 2 9 9 0 1 1 51907210 7850 1040 0 346 27442 173"
2020077,2020-05-05,0,2,0,020,"0 2 0 3 4 2 1 1 52401932 22031 1040 22946 346 0 173"
2020078,2020-05-06,5,9,7,597,"5 9 7 0 8 0 1 1 47952242 19412 1040 0 346 42623 173"
2020079,2020-05-07,5,7,0,570,"5 7 0 0 9 1 1 1 50771038 9125 1040 0 346 25784 173"
2020080,2020-05-08,6,6,2,662,"6 6 2 3 3 3 1 1 52406050 16647 1040 19871 346 0 173"
2020081,2020-05-09,1,4,8,148,"1 4 8 6 2 1 1 1 50295044 25727 1040 0 346 55220 173"
2020082,2020-05-10,1,9,1,191,"1 9 1 7 6 8 1 1 49718758 11763 1040 18625 346 0 173"
2020083,2020-05-11,4,4,0,440,"4 4 0 1 9 3 1 1 49301010 8098 1040 10290 346 0 173"
2020084,2020-05-12,6,1,2,612,"6 1 2 4 2 4 1 1 49913240 23526 1040 0 346 38962 173"
2020085,2020-05-13,3,3,6,336,"3 3 6 6 6 1 1 1 51545788 28481 1040 20086 346 0 173"
2020086,2020-05-14,5,1,6,516,"5 1 6 7 0 7 1 1 51418484 17130 1040 0 346 24793 173"
2020087,2020-05-15,1,1,4,114,"1 1 4 4 5 5 1 1 52783636 15226 1040 15133 346 0 173"
2020088,2020-05-16,7,4,6,746,"7 4 6 3 1 9 1 1 49180204 27117 1040 0 346 57379 173"
2020089,2020-05-17,5,7,7,577,"5 7 7 7 2 4 1 1 50203882 16936 1040 19745 346 0 173"
2020090,2020-05-18,5,7,5,575,"5 7 5 1 4 1 1 1 49942476 12877 1040 15382 346 0 173"
2020091,2020-05-19,0,8,8,088,"0 8 8 5 5 3 1 1 50315020 15702 1040 16860 346 0 173"
2020092,2020-05-20,4,9,7,497,"4 9 7 6 3 0 1 1 51030176 17732 1040 0 346 44150 173"
2020093,2020-05-21,1,2,4,124,"1 2 4 0 9 0 1 1 51429870 17567 1040 0 346 29685 173"
2020094,2020-05-22,9,1,1,911,"9 1 1 0 0 4 1 1 52246588 15326 1040 13128 346 0 173"
2020095,2020-05-23,7,4,0,740,"7 4 0 4 8 2 1 1 49219876 14890 1040 0 346 30528 173"
2020096,2020-05-24,6,6,6,666,"6 6 6 5 5 9 1 1 51314394 87640 1040 0 346 0 173"
2020097,2020-05-25,8,4,0,840,"8 4 0 3 2 8 1 1 48148280 7235 1040 0 346 19188 173"
2020098,2020-05-26,2,9,2,292,"2 9 2 5 2 3 1 1 50963212 34560 1040 22848 346 0 173"
2020099,2020-05-27,6,8,1,681,"6 8 1 0 3 3 1 1 51786866 11957 1040 0 346 38494 173"
2020100,2020-05-28,6,6,8,668,"6 6 8 2 0 3 1 1 53559284 17084 1040 16161 346 0 173"
2020101,2020-05-29,2,9,8,298,"2 9 8 3 7 8 1 1 53396134 15376 1040 0 346 42579 173"
2020102,2020-05-30,7,8,6,786,"7 8 6 2 8 9 1 1 52286306 13987 1040 0 346 38887 173"
2020103,2020-05-31,8,7,2,872,"8 7 2 2 5 5 1 1 52306248 16600 1040 0 346 27273 173"
2020104,2020-06-01,3,9,7,397,"3 9 7 5 7 6 1 1 53890268 20883 1040 0 346 45540 173"
2020105,2020-06-02,1,9,8,198,"1 9 8 1 9 3 1 1 55390302 19033 1040 0 346 44013 173"
2020106,2020-06-03,9,6,4,964,"9 6 4 9 6 1 1 1 54457170 11389 1040 0 346 32130 173"
2020107,2020-06-04,8,5,6,856,"8 5 6 8 4 5 1 1 55883970 21904 1040 0 346 42624 173"
2020108,2020-06-05,1,5,5,155,"1 5 5 0 3 3 1 1 58357952 11495 1040 23942 346 0 173"
2020109,2020-06-06,8,1,8,818,"8 1 8 5 0 4 1 1 52747450 26679 1040 18368 346 0 173"
2020110,2020-06-07,4,5,0,450,"4 5 0 5 8 9 1 1 54957030 9469 1040 0 346 36307 173"
2020111,2020-06-08,2,2,0,220,"2 2 0 8 2 1 1 1 55036796 12156 1040 17252 346 0 173"
2020112,2020-06-09,5,0,3,503,"5 0 3 8 0 9 1 1 53188020 46110 1040 0 346 40622 173"
2020113,2020-06-10,5,2,4,524,"5 2 4 9 8 1 1 1 54287010 14980 1040 0 346 40775 173"
2020114,2020-06-11,7,3,7,737,"7 3 7 0 6 2 1 1 55146612 27609 1040 27954 346 0 173"
2020115,2020-06-12,0,3,6,036,"0 3 6 2 0 7 1 1 55409124 11495 1040 0 346 39677 173"
2020116,2020-06-13,0,0,8,008,"0 0 8 7 7 6 1 1 53413910 20672 1040 16390 346 0 173"
2020117,2020-06-14,7,2,1,721,"7 2 1 7 7 8 1 1 52506464 22071 1040 0 346 50291 173"
2020118,2020-06-15,2,9,7,297,"2 9 7 9 9 4 1 1 54227698 17895 1040 0 346 37094 173"
2020119,2020-06-16,1,2,5,125,"1 2 5 9 6 4 1 1 55127214 10921 1040 0 346 27271 173"
2020120,2020-06-17,1,0,9,109,"1 0 9 2 3 7 1 1 54661454 22613 1040 0 346 35779 173"
2020121,2020-06-18,8,7,0,870,"8 7 0 4 6 2 1 1 53513890 22678 1040 0 346 39477 173"
2020122,2020-06-19,3,8,4,384,"3 8 4 1 0 9 1 1 55188344 24240 1040 0 346 47614 173"
2020123,2020-06-20,0,1,5,015,"0 1 5 1 8 7 1 1 52891278 12783 1040 0 346 18640 173"
2020124,2020-06-21,1,8,5,185,"1 8 5 3 9 7 1 1 53537900 14218 1040 0 346 40767 173"
2020125,2020-06-22,7,4,9,749,"7 4 9 1 3 5 1 1 53513818 20714 1040 0 346 48803 173"
2020126,2020-06-23,9,1,5,915,"9 1 5 7 6 3 1 1 54615708 18429 1040 0 346 34136 173"
2020127,2020-06-24,8,8,5,885,"8 8 5 2 5 5 1 1 54553328 26254 1040 43091 346 0 173"
2020128,2020-06-25,8,6,8,868,"8 6 8 3 7 0 1 1 49272444 13733 1040 18758 346 0 173"
2020129,2020-06-26,3,6,0,360,"3 6 0 3 1 5 1 1 51855324 12911 1040 0 346 29220 173"
2020130,2020-06-27,4,5,5,455,"4 5 5 0 2 4 1 1 51330424 15115 1040 16834 346 0 173"
2020131,2020-06-28,0,5,3,053,"0 5 3 9 0 2 1 1 50440222 7786 1040 0 346 24095 173"
2020132,2020-06-29,6,4,9,649,"6 4 9 7 4 2 1 1 50588730 15906 1040 0 346 30139 173"
2020133,2020-06-30,2,7,6,276,"2 7 6 8 4 3 1 1 51105690 33645 1040 0 346 46579 173"
2020134,2020-07-01,8,8,4,884,"8 8 4 5 1 2 1 1 52884086 27287 1040 27567 346 0 173"
2020135,2020-07-02,5,6,9,569,"5 6 9 0 4 2 1 1 53338474 20734 1040 0 346 38031 173"
2020136,2020-07-03,7,4,6,746,"7 4 6 1 3 2 1 1 55643140 31316 1040 0 346 61540 173"
2020137,2020-07-04,9,9,4,994,"9 9 4 5 8 5 1 1 55495000 24250 1040 16486 346 0 173"
2020138,2020-07-05,0,2,0,020,"0 2 0 3 1 4 1 1 53305610 12392 1040 9753 346 0 173"
2020139,2020-07-06,9,5,0,950,"9 5 0 1 4 5 1 1 50705244 6817 1040 0 346 24388 173"
2020140,2020-07-07,4,8,1,481,"4 8 1 5 6 8 1 1 52537126 33739 1040 0 346 77995 173"
2020141,2020-07-08,8,0,5,805,"8 0 5 9 8 6 1 1 53413072 16978 1040 0 346 29651 173"
2020142,2020-07-09,8,9,9,899,"8 9 9 1 0 1 1 1 54349078 34712 1040 29770 346 0 173"
2020143,2020-07-10,0,8,6,086,"0 8 6 1 3 8 1 1 53111074 12430 1040 0 346 22951 173"
2020144,2020-07-11,8,6,9,869,"8 6 9 1 8 1 1 1 53290382 15089 1040 0 346 39568 173"
2020145,2020-07-12,1,0,9,109,"1 0 9 8 7 4 1 1 52662790 11729 1040 0 346 24098 173"
2020146,2020-07-13,5,3,5,535,"5 3 5 0 9 1 1 1 52504486 14000 1040 18296 346 0 173"
2020147,2020-07-14,0,8,6,086,"0 8 6 5 6 3 1 1 51975092 9331 1040 0 346 25277 173"
2020148,2020-07-15,9,8,1,981,"9 8 1 7 4 6 1 1 53143090 11907 1040 0 346 36551 173"
2020149,2020-07-16,3,9,1,391,"3 9 1 4 0 0 1 1 54157484 8716 1040 0 346 29449 173"
2020150,2020-07-17,6,1,2,612,"6 1 2 3 1 8 1 1 55172862 43891 1040 0 346 35778 173"
2020151,2020-07-18,7,8,8,788,"7 8 8 5 5 2 1 1 53508940 14813 1040 20326 346 0 173"
2020152,2020-07-19,7,0,4,704,"7 0 4 4 5 4 1 1 50842688 9676 1040 0 346 35091 173"
2020153,2020-07-20,9,1,6,916,"9 1 6 7 8 6 1 1 52010410 39198 1040 0 346 62809 173"
2020154,2020-07-21,8,8,6,886,"8 8 6 0 9 0 1 1 53611496 29976 1040 22117 346 0 173"
2020155,2020-07-22,9,9,3,993,"9 9 3 0 9 1 1 1 52889424 14033 1040 17734 346 0 173"
2020156,2020-07-23,1,1,2,112,"1 1 2 4 6 2 1 1 50744134 11938 1040 11400 346 0 173"
2020157,2020-07-24,2,0,0,200,"2 0 0 1 6 3 1 1 51303070 12778 1040 11242 346 0 173"
2020158,2020-07-25,3,2,0,320,"3 2 0 4 0 9 1 1 47482068 27701 1040 0 346 54457 173"
2020159,2020-07-26,9,1,5,915,"9 1 5 5 8 3 1 1 48388886 13423 1040 0 346 39516 173"
2020160,2020-07-27,5,9,3,593,"5 9 3 5 2 8 1 1 51393264 10312 1040 0 346 27662 173"
2020161,2020-07-28,6,8,8,688,"6 8 8 7 2 7 1 1 51792716 31466 1040 26171 346 0 173"
2020162,2020-07-29,8,1,0,810,"8 1 0 9 4 3 1 1 52058006 17723 1040 0 346 31188 173"
2020163,2020-07-30,8,0,4,804,"8 0 4 5 9 3 1 1 52088820 22875 1040 0 346 26464 173"
2020164,2020-07-31,7,6,9,769,"7 6 9 4 7 6 1 1 53246900 16360 1040 0 346 38218 173"
2020165,2020-08-01,9,1,0,910,"9 1 0 0 2 6 1 1 50282840 19994 1040 0 346 30414 173"
2020166,2020-08-02,8,0,8,808,"8 0 8 2 3 3 1 1 52206994 34900 1040 31844 346 0 173"
2020167,2020-08-03,6,4,1,641,"6 4 1 5 8 7 1 1 51899248 22174 1040 0 346 44188 173"
2020168,2020-08-04,2,1,5,215,"2 1 5 8 8 2 1 1 53598760 21391 1040 0 346 39653 173"
2020169,2020-08-05,9,6,5,965,"9 6 5 6 3 2 1 1 52435740 11260 1040 0 346 34235 173"
2020170,2020-08-06,9,4,2,942,"9 4 2 4 2 2 1 1 52303322 9151 1040 0 346 43566 173"
2020171,2020-08-07,7,1,0,710,"7 1 0 5 7 0 1 1 54464362 20386 1040 0 346 29658 173"
2020172,2020-08-08,7,6,9,769,"7 6 9 6 6 2 1 1 53124980 8914 1040 0 346 19319 173"
2020173,2020-08-09,9,0,9,909,"9 0 9 8 5 3 1 1 51482022 29452 1040 23324 346 0 173"
2020174,2020-08-10,6,8,7,687,"6 8 7 8 6 2 1 1 52004062 25281 1040 0 346 43649 173"
2020175,2020-08-11,3,0,4,304,"3 0 4 9 4 2 1 1 50371974 21254 1040 0 346 30622 173"
2020176,2020-08-12,9,3,3,933,"9 3 3 4 9 2 1 1 50754548 10034 1040 15254 346 0 173"
2020177,2020-08-13,1,3,7,137,"1 3 7 4 5 4 1 1 49940338 13374 1040 0 346 26670 173"
2020178,2020-08-14,2,0,5,205,"2 0 5 7 7 8 1 1 51442316 22633 1040 0 346 34873 173"
2020179,2020-08-15,6,6,0,660,"6 6 0 4 4 1 1 1 51664118 24195 1040 19945 346 0 173"
2020180,2020-08-16,6,4,4,644,"6 4 4 7 7 9 1 1 50260522 11886 1040 16869 346 0 173"
2020181,2020-08-17,2,2,7,227,"2 2 7 3 6 4 1 1 50515650 16088 1040 14326 346 0 173"
2020182,2020-08-18,8,4,5,845,"8 4 5 9 8 8 1 1 51278272 12556 1040 0 346 42836 173"
2020183,2020-08-19,5,4,9,549,"5 4 9 2 9 2 1 1 50627570 14781 1040 0 346 30965 173"
2020184,2020-08-20,0,1,1,011,"0 1 1 3 7 9 1 1 51525752 9305 1040 11935 346 0 173"
2020185,2020-08-21,1,6,3,163,"1 6 3 8 3 6 1 1 49420054 25127 1040 0 346 47152 173"
2020186,2020-08-22,9,0,3,903,"9 0 3 1 1 3 1 1 50204768 14003 1040 0 346 24676 173"
2020187,2020-08-23,6,1,2,612,"6 1 2 5 5 6 1 1 51002998 21361 1040 0 346 28557 173"
2020188,2020-08-24,4,6,5,465,"4 6 5 1 5 9 1 1 52292706 19513 1040 0 346 46274 173"
2020189,2020-08-25,6,2,5,625,"6 2 5 8 5 8 1 1 52539702 14417 1040 0 346 32161 173"
2020190,2020-08-26,7,3,3,733,"7 3 3 7 7 1 1 1 52546452 18665 1040 29425 346 0 173"
2020191,2020-08-27,6,4,1,641,"6 4 1 7 3 8 1 1 51186940 12834 1040 0 346 28053 173"
2020192,2020-08-28,7,0,8,708,"7 0 8 0 3 6 1 1 53278868 13932 1040 0 346 39379 173"
2020193,2020-08-29,9,3,3,933,"9 3 3 6 0 1 1 1 52208932 8713 1040 10530 346 0 173"
2020194,2020-08-30,9,4,1,941,"9 4 1 8 4 1 1 1 51574456 17791 1040 0 346 41751 173"
2020195,2020-08-31,2,4,3,243,"2 4 3 9 2 8 1 1 52168904 9216 1040 0 346 28350 173"
2020196,2020-09-01,4,7,1,471,"4 7 1 1 5 2 1 1 51889922 24051 1040 0 346 56805 173"
2020197,2020-09-02,7,8,4,784,"7 8 4 7 5 9 1 1 51986036 17618 1040 0 346 34473 173"
2020198,2020-09-03,8,3,2,832,"8 3 2 9 6 8 1 1 52446312 16486 1040 0 346 43506 173"
2020199,2020-09-04,5,6,7,567,"5 6 7 3 1 8 1 1 53578848 37655 1040 0 346 49746 173"
2020200,2020-09-05,6,0,2,602,"6 0 2 2 9 6 1 1 51862892 8553 1040 0 346 21433 173"
2020201,2020-09-06,9,4,2,942,"9 4 2 6 9 4 1 1 52510562 14263 1040 0 346 38087 173"
2020202,2020-09-07,4,8,2,482,"4 8 2 5 4 1 1 1 53962308 7107 1040 0 346 22963 173"
2020203,2020-09-08,1,0,0,100,"1 0 0 7 9 0 1 1 54004866 22887 1040 26952 346 0 173"
2020204,2020-09-09,1,2,6,126,"1 2 6 7 3 2 1 1 49601596 14800 1040 0 346 29557 173"
2020205,2020-09-10,9,9,3,993,"9 9 3 1 1 4 1 1 52164360 10335 1040 15064 346 0 173"
2020206,2020-09-11,9,6,0,960,"9 6 0 6 0 3 1 1 52985814 16155 1040 0 346 44818 173"
2020207,2020-09-12,2,3,4,234,"2 3 4 5 1 1 1 1 51571532 30072 1040 0 346 31718 173"
2020208,2020-09-13,2,0,2,202,"2 0 2 4 1 4 1 1 53253462 15017 1040 12562 346 0 173"
2020209,2020-09-14,3,7,7,377,"3 7 7 9 9 2 1 1 50847670 16888 1040 15505 346 0 173"
2020210,2020-09-15,4,9,6,496,"4 9 6 2 3 9 1 1 51558226 24462 1040 0 346 57600 173"
2020211,2020-09-16,2,4,1,241,"2 4 1 7 6 6 1 1 53543378 12759 1040 0 346 34616 173"
2020212,2020-09-17,4,1,8,418,"4 1 8 4 7 1 1 1 53161928 19465 1040 0 346 32554 173"
2020213,2020-09-18,0,2,7,027,"0 2 7 2 6 8 1 1 56064924 10654 1040 0 346 26713 173"
2020214,2020-09-19,6,5,1,651,"6 5 1 6 5 2 1 1 53608208 23359 1040 0 346 50172 173"
2020215,2020-09-20,1,1,4,114,"1 1 4 7 1 1 1 1 53792032 28805 1040 27208 346 0 173"
2020216,2020-09-21,3,8,5,385,"3 8 5 6 3 2 1 1 52597838 40827 1040 0 346 70323 173"
2020217,2020-09-22,6,7,9,679,"6 7 9 8 6 2 1 1 53291592 25076 1040 0 346 57930 173"
2020218,2020-09-23,8,5,3,853,"8 5 3 0 5 6 1 1 53196640 8691 1040 0 346 19788 173"
2020219,2020-09-24,2,8,5,285,"2 8 5 4 0 3 1 1 53383460 18980 1040 0 346 55572 173"
2020220,2020-09-25,9,7,3,973,"9 7 3 5 2 8 1 1 55060184 8287 1040 0 346 40384 173"
2020221,2020-09-26,9,8,8,988,"9 8 8 3 6 9 1 1 53975434 23837 1040 29863 346 0 173"
2020222,2020-09-27,6,3,8,638,"6 3 8 2 1 7 1 1 52690546 27972 1040 0 346 46141 173"
2020223,2020-09-28,4,2,1,421,"4 2 1 8 7 1 1 1 53485510 12364 1040 0 346 31742 173"
2020224,2020-09-29,7,5,8,758,"7 5 8 4 3 0 1 1 53916772 29560 1040 0 346 51407 173"
2020225,2020-09-30,0,9,7,097,"0 9 7 2 4 1 1 1 53033832 13717 1040 0 346 27207 173"
2020226,2020-10-05,8,3,0,830,"8 3 0 0 3 9 1 1 46525474 20667 1040 0 346 42384 173"
2020227,2020-10-06,3,5,6,356,"3 5 6 6 6 1 1 1 49383540 31528 1040 0 346 62228 173"
2020228,2020-10-07,0,5,3,053,"0 5 3 0 6 9 1 1 52063292 8570 1040 0 346 24710 173"
2020229,2020-10-08,1,2,1,121,"1 2 1 5 2 9 1 1 53101760 28059 1040 22641 346 0 173"
2020230,2020-10-09,6,3,9,639,"6 3 9 2 1 1 1 1 53026004 33581 1040 0 346 58390 173"
2020231,2020-10-10,8,6,7,867,"8 6 7 4 6 4 1 1 54813014 22004 1040 0 346 52928 173"
2020232,2020-10-11,2,8,1,281,"2 8 1 2 0 6 1 1 53858674 21219 1040 0 346 42825 173"
2020233,2020-10-12,4,7,2,472,"4 7 2 1 6 6 1 1 55953104 31002 1040 0 346 57667 173"
2020234,2020-10-13,6,7,1,671,"6 7 1 4 6 8 1 1 55953612 17380 1040 0 346 54070 173"
2020235,2020-10-14,3,4,1,341,"3 4 1 2 5 9 1 1 55999260 10797 1040 0 346 33912 173"
2020236,2020-10-15,1,3,6,136,"1 3 6 1 1 9 1 1 56975264 31051 1040 0 346 40853 173"
2020237,2020-10-16,3,9,6,396,"3 9 6 9 0 9 1 1 59558058 10391 1040 0 346 47021 173"
2020238,2020-10-17,3,3,4,334,"3 3 4 9 9 9 1 1 57435928 16921 1040 29212 346 0 173"
2020239,2020-10-18,5,4,7,547,"5 4 7 1 0 6 1 1 52603292 27178 1040 0 346 47935 173"
2020240,2020-10-19,5,7,5,575,"5 7 5 6 8 5 1 1 55340682 31724 1040 31341 346 0 173"
2020241,2020-10-20,1,1,2,112,"1 1 2 8 0 7 1 1 54625248 8789 1040 10688 346 0 173"
2020242,2020-10-21,7,0,8,708,"7 0 8 1 4 9 1 1 54776416 28520 1040 0 346 40697 173"
2020243,2020-10-22,2,5,8,258,"2 5 8 9 7 0 1 1 55895030 29239 1040 0 346 45896 173"
2020244,2020-10-23,4,3,3,433,"4 3 3 2 7 1 1 1 58433178 19383 1040 13587 346 0 173"
2020245,2020-10-24,0,9,3,093,"0 9 3 9 1 2 1 1 55151378 13402 1040 0 346 36128 173"
2020246,2020-10-25,4,8,6,486,"4 8 6 0 1 9 1 1 56725912 18808 1040 0 346 62414 173"
2020247,2020-10-26,4,2,8,428,"4 2 8 6 1 1 1 1 56637986 12346 1040 0 346 29330 173"
2020248,2020-10-27,8,2,2,822,"8 2 2 2 0 3 1 1 57150844 11531 1040 17932 346 0 173"
2020249,2020-10-28,7,0,4,704,"7 0 4 6 4 7 1 1 54856806 28577 1040 0 346 51417 173"
2020250,2020-10-29,8,6,3,863,"8 6 3 1 4 8 1 1 56374908 18263 1040 0 346 60248 173"
2020251,2020-10-30,8,8,2,882,"8 8 2 5 2 7 1 1 57361298 21090 1040 20003 346 0 173"
2020252,2020-10-31,9,7,4,974,"9 7 4 4 1 5 1 1 53454318 27713 1040 0 346 60349 173"
2020253,2020-11-01,7,5,5,755,"7 5 5 6 3 4 1 1 54906476 11057 1040 14746 346 0 173"
2020254,2020-11-02,6,6,9,669,"6 6 9 5 2 4 1 1 54328804 21805 1040 19725 346 0 173"
2020255,2020-11-03,1,0,6,106,"1 0 6 4 4 4 1 1 53897822 21471 1040 0 346 38093 173"
2020256,2020-11-04,8,4,4,844,"8 4 4 2 8 8 1 1 54177992 21758 1040 20123 346 0 173"
2020257,2020-11-05,8,9,4,894,"8 9 4 3 8 7 1 1 55246022 7514 1040 0 346 30177 173"
2020258,2020-11-06,0,2,4,024,"0 2 4 9 2 8 1 1 54896696 9127 1040 0 346 26316 173"
2020259,2020-11-07,2,4,0,240,"2 4 0 2 6 0 1 1 51452764 5992 1040 0 346 11822 173"
2020260,2020-11-08,8,2,0,820,"8 2 0 5 4 0 1 1 50530122 10414 1040 0 346 24024 173"
2020261,2020-11-09,1,4,2,142,"1 4 2 1 5 7 1 1 53104500 7502 1040 0 346 21995 173"
2020262,2020-11-10,7,0,6,706,"7 0 6 8 8 1 1 1 53571162 25065 1040 0 346 34500 173"
2020263,2020-11-11,0,0,7,007,"0 0 7 5 2 6 1 1 54894102 9581 1040 13838 346 0 173"
2020264,2020-11-12,4,7,1,471,"4 7 1 8 8 8 1 1 51891206 23120 1040 0 346 35715 173"
2020265,2020-11-13,7,4,6,746,"7 4 6 5 2 4 1 1 54993846 24395 1040 0 346 37154 173"
2020266,2020-11-14,8,2,7,827,"8 2 7 7 4 3 1 1 54058228 18803 1040 0 346 37806 173"
2020267,2020-11-15,5,8,5,585,"5 8 5 8 3 2 1 1 54916836 34171 1040 34338 346 0 173"
2020268,2020-11-16,0,8,7,087,"0 8 7 7 9 2 1 1 55833344 8710 1040 0 346 27042 173"
2020269,2020-11-17,3,9,1,391,"3 9 1 4 4 4 1 1 55067576 19772 1040 0 346 72413 173"
2020270,2020-11-18,3,6,9,369,"3 6 9 5 4 4 1 1 55301918 53291 1040 0 346 64587 173"
2020271,2020-11-19,5,5,0,550,"5 5 0 4 9 2 1 1 55905100 15045 1040 17212 346 0 173"
2020272,2020-11-20,6,4,7,647,"6 4 7 5 6 3 1 1 55914964 19280 1040 0 346 48919 173"
2020273,2020-11-21,0,6,8,068,"0 6 8 5 1 1 1 1 54583322 14535 1040 0 346 29460 173"
2020274,2020-11-22,8,9,1,891,"8 9 1 7 4 7 1 1 55911914 26314 1040 0 346 57457 173"
2020275,2020-11-23,0,7,7,077,"0 7 7 6 6 1 1 1 57774460 18043 1040 24558 346 0 173"
2020276,2020-11-24,7,2,7,727,"7 2 7 6 9 7 1 1 55687720 14742 1040 13068 346 0 173"
2020277,2020-11-25,1,0,2,102,"1 0 2 7 1 2 1 1 55548038 41690 1040 0 346 53654 173"
2020278,2020-11-26,0,2,1,021,"0 2 1 4 5 4 1 1 54824196 13930 1040 0 346 25581 173"
2020279,2020-11-27,2,3,3,233,"2 3 3 2 7 9 1 1 56064108 30377 1040 21506 346 0 173"
2020280,2020-11-28,2,0,0,200,"2 0 0 9 5 4 1 1 52937998 8771 1040 9600 346 0 173"
2020281,2020-11-29,1,1,4,114,"1 1 4 4 8 8 1 1 51831466 27823 1040 19617 346 0 173"
2020282,2020-11-30,5,1,1,511,"5 1 1 7 0 4 1 1 54852898 11013 1040 14038 346 0 173"
2020283,2020-12-01,9,8,4,984,"9 8 4 1 3 7 1 1 53644184 11851 1040 0 346 32281 173"
2020284,2020-12-02,5,0,2,502,"5 0 2 4 1 6 1 1 54278218 14389 1040 0 346 31094 173"
2020285,2020-12-03,8,7,5,875,"8 7 5 6 9 7 1 1 55249250 46234 1040 0 346 64241 173"
2020286,2020-12-04,6,2,8,628,"6 2 8 7 8 9 1 1 58676900 49328 1040 0 346 56138 173"
2020287,2020-12-05,4,6,2,462,"4 6 2 2 5 7 1 1 58045226 19543 1040 0 346 43847 173"
2020288,2020-12-06,9,5,6,956,"9 5 6 4 9 2 1 1 58903182 18222 1040 0 346 44129 173"
2020289,2020-12-07,0,8,6,086,"0 8 6 6 5 0 1 1 57865692 10820 1040 0 346 26422 173"
2020290,2020-12-08,4,1,8,418,"4 1 8 3 3 9 1 1 59369102 18710 1040 0 346 40160 173"
2020291,2020-12-09,7,5,3,753,"7 5 3 4 7 9 1 1 60361616 41109 1040 0 346 97616 173"
2020292,2020-12-10,9,4,1,941,"9 4 1 7 4 8 1 1 61293462 15722 1040 0 346 31891 173"
2020293,2020-12-11,5,6,6,566,"5 6 6 6 7 6 1 1 63327892 31889 1040 41274 346 0 173"
2020294,2020-12-12,4,6,0,460,"4 6 0 1 3 0 1 1 57759752 11260 1040 0 346 34359 173"
2020295,2020-12-13,7,0,2,702,"7 0 2 4 4 6 1 1 58105642 28260 1040 0 346 46025 173"
2020296,2020-12-14,8,9,8,898,"8 9 8 9 3 3 1 1 58309436 18764 1040 23076 346 0 173"
2020297,2020-12-15,0,4,2,042,"0 4 2 1 7 8 1 1 55842588 6080 1040 0 346 17235 173"
2020298,2020-12-16,6,2,4,624,"6 2 4 4 2 4 1 1 57289118 27854 1040 0 346 53202 173"
2020299,2020-12-17,9,6,4,964,"9 6 4 9 4 4 1 1 59970704 17368 1040 0 346 51946 173"
2020300,2020-12-18,2,9,9,299,"2 9 9 3 7 5 1 1 60344968 26209 1040 25985 346 0 173"
2020301,2020-12-19,4,7,1,471,"4 7 1 4 5 1 1 1 55630070 20868 1040 0 346 45689 173"
2020302,2020-12-20,3,9,7,397,"3 9 7 3 0 9 1 1 58532522 17233 1040 0 346 44681 173"
2020303,2020-12-21,4,6,3,463,"4 6 3 1 7 2 1 1 58831366 17878 1040 0 346 56118 173"
2020304,2020-12-22,6,5,8,658,"6 5 8 9 1 9 1 1 60428922 22570 1040 0 346 59922 173"
2020305,2020-12-23,5,0,6,506,"5 0 6 5 9 6 1 1 61519238 29023 1040 0 346 43610 173"
2020306,2020-12-24,1,0,8,108,"1 0 8 3 2 1 1 1 60876588 20989 1040 0 346 39482 173"
2020307,2020-12-25,7,8,9,789,"7 8 9 9 2 2 1 1 62131114 75974 1040 0 346 84531 173"
2020308,2020-12-26,1,1,5,115,"1 1 5 1 8 1 1 1 60962440 26494 1040 27474 346 0 173"
2020309,2020-12-27,5,3,6,536,"5 3 6 5 4 6 1 1 59896060 26301 1040 0 346 54683 173"
2020310,2020-12-28,6,1,1,611,"6 1 1 0 0 4 1 1 63153920 33558 1040 22159 346 0 173"
2020311,2020-12-29,5,7,4,574,"5 7 4 6 7 7 1 1 59850846 17391 1040 0 346 52995 173"
2020312,2020-12-30,3,4,4,344,"3 4 4 8 2 9 1 1 61126372 13874 1040 15799 346 0 173"
2020313,2020-12-31,5,3,8,538,"5 3 8 1 3 4 1 1 60320250 33456 1040 0 346 64520 173"
2021001,2021-01-01,1,7,7,177,"1 7 7 5 4 4 1 1 58635204 20366 1040 20512 346 0 173"
2021002,2021-01-02,6,6,7,667,"6 6 7 4 5 6 1 1 57839894 18827 1040 20885 346 0 173"
2021003,2021-01-03,1,1,3,113,"1 1 3 2 3 0 1 1 58468656 22490 1040 16645 346 0 173"
2021004,2021-01-04,9,8,1,981,"9 8 1 0 2 8 1 1 59924158 21048 1040 0 346 36334 173"
2021005,2021-01-05,8,3,9,839,"8 3 9 8 8 2 1 1 59457084 23484 1040 0 346 44069 173"
2021006,2021-01-06,7,3,3,733,"7 3 3 6 2 0 1 1 59872416 9989 1040 14163 346 0 173"
2021007,2021-01-07,2,9,0,290,"2 9 0 4 3 1 1 1 57221124 39585 1040 0 346 55720 173"
2021008,2021-01-08,3,8,2,382,"3 8 2 2 1 2 1 1 57940430 24916 1040 0 346 45234 173"
2021009,2021-01-09,6,2,6,626,"6 2 6 2 3 7 1 1 57724234 34573 1040 21000 346 0 173"
2021010,2021-01-10,2,3,3,233,"2 3 3 2 2 9 1 1 58486662 18817 1040 22232 346 0 173"
2021011,2021-01-11,0,2,6,026,"0 2 6 8 3 0 1 1 57878334 13700 1040 0 346 31185 173"
2021012,2021-01-12,9,0,6,906,"9 0 6 0 0 7 1 1 58788364 18059 1040 0 346 43308 173"
2021013,2021-01-13,2,4,4,244,"2 4 4 7 8 3 1 1 58193002 13191 1040 17723 346 0 173"
2021014,2021-01-14,2,4,8,248,"2 4 8 3 2 8 1 1 58223780 15333 1040 0 346 44923 173"
2021015,2021-01-15,6,9,7,697,"6 9 7 1 6 1 1 1 60119346 27371 1040 0 346 44156 173"
2021016,2021-01-16,6,1,5,615,"6 1 5 4 2 3 1 1 58625554 24640 1040 0 346 54199 173"
2021017,2021-01-17,7,8,0,780,"7 8 0 5 8 4 1 1 57867232 15657 1040 0 346 36993 173"
2021018,2021-01-18,1,2,5,125,"1 2 5 6 1 1 1 1 59134506 24401 1040 0 346 50379 173"
2021019,2021-01-19,8,1,5,815,"8 1 5 1 2 1 1 1 60781076 21167 1040 0 346 41965 173"
2021020,2021-01-20,7,9,9,799,"7 9 9 4 2 9 1 1 61248286 14337 1040 20748 346 0 173"
2021021,2021-01-21,4,0,1,401,"4 0 1 9 7 6 1 1 59467518 19101 1040 0 346 31308 173"
2021022,2021-01-22,9,4,9,949,"9 4 9 1 0 1 1 1 59926504 11738 1040 11272 346 0 173"
2021023,2021-01-23,1,3,1,131,"1 3 1 5 5 7 1 1 57307528 8546 1040 8864 346 0 173"
2021024,2021-01-24,0,3,0,030,"0 3 0 9 3 5 1 1 56945230 20023 1040 17948 346 0 173"
2021025,2021-01-25,2,8,0,280,"2 8 0 0 3 0 1 1 54735192 16116 1040 0 346 40404 173"
2021026,2021-01-26,2,6,4,264,"2 6 4 2 9 1 1 1 57082612 16905 1040 0 346 57022 173"
2021027,2021-01-27,4,7,2,472,"4 7 2 2 1 1 1 1 59616144 20209 1040 0 346 39110 173"
2021028,2021-01-28,3,8,1,381,"3 8 1 5 8 2 1 1 58921168 20877 1040 0 346 42749 173"
2021029,2021-01-29,1,5,0,150,"1 5 0 4 7 3 1 1 61108130 33469 1040 0 346 35293 173"
2021030,2021-01-30,6,9,4,694,"6 9 4 1 9 3 1 1 58897176 14394 1040 0 346 42869 173"
2021031,2021-01-31,0,1,9,019,"0 1 9 9 4 6 1 1 60618482 18563 1040 0 346 29083 173"
2021032,2021-02-01,0,7,2,072,"0 7 2 4 8 4 1 1 60880296 6993 1040 0 346 24268 173"
2021033,2021-02-02,8,5,2,852,"8 5 2 3 7 6 1 1 61285272 19059 1040 0 346 72087 173"
2021034,2021-02-03,7,9,6,796,"7 9 6 6 4 6 1 1 63493798 29021 1040 0 346 43229 173"
2021035,2021-02-04,0,2,1,021,"0 2 1 5 7 7 1 1 66056130 8199 1040 0 346 23747 173"
2021036,2021-02-05,0,1,1,011,"0 1 1 7 5 5 1 1 67287352 34795 1040 62559 346 0 173"
2021037,2021-02-06,0,7,0,070,"0 7 0 6 0 0 1 1 61007166 17336 1040 25711 346 0 173"
2021038,2021-02-07,6,8,5,685,"6 8 5 6 9 0 1 1 63158702 21044 1040 0 346 50673 173"
2021039,2021-02-08,7,4,6,746,"7 4 6 4 2 0 1 1 66694606 34571 1040 0 346 60523 173"
2021040,2021-02-19,7,2,9,729,"7 2 9 8 5 4 1 1 57761764 18338 1040 0 346 37883 173"
2021041,2021-02-20,3,6,1,361,"3 6 1 2 3 2 1 1 53133262 27169 1040 0 346 48597 173"
2021042,2021-02-21,0,6,1,061,"0 6 1 9 6 8 1 1 56897822 6638 1040 0 346 28160 173"
2021043,2021-02-22,9,3,6,936,"9 3 6 5 2 3 1 1 56960342 17358 1040 0 346 44306 173"
2021044,2021-02-23,3,2,3,323,"3 2 3 6 2 2 1 1 58245092 19955 1040 28401 346 0 173"
2021045,2021-02-24,4,5,4,454,"4 5 4 2 2 2 1 1 56380198 19685 1040 20642 346 0 173"
2021046,2021-02-25,7,9,1,791,"7 9 1 5 9 2 1 1 56019840 20944 1040 0 346 45005 173"
2021047,2021-02-26,6,8,3,683,"6 8 3 8 9 8 1 1 59110110 17333 1040 0 346 48984 173"
2021048,2021-02-27,4,0,0,400,"4 0 0 9 5 5 1 1 57952912 11272 1040 12902 346 0 173"
2021049,2021-02-28,7,4,7,747,"7 4 7 9 9 7 1 1 57232802 27747 1040 24781 346 0 173"
2021050,2021-03-01,1,9,3,193,"1 9 3 1 5 3 1 1 56551752 20250 1040 0 346 50895 173"
2021051,2021-03-02,9,6,0,960,"9 6 0 5 9 3 1 1 60646406 23436 1040 0 346 43174 173"
2021052,2021-03-03,3,2,9,329,"3 2 9 3 1 0 1 1 60619074 37256 1040 0 346 42227 173"
2021053,2021-03-04,8,6,9,869,"8 6 9 7 0 9 1 1 61125692 14737 1040 0 346 43799 173"
2021054,2021-03-05,4,3,7,437,"4 3 7 7 0 1 1 1 60987872 23786 1040 0 346 67483 173"
2021055,2021-03-06,2,4,5,245,"2 4 5 5 6 0 1 1 59407374 34060 1040 0 346 64933 173"
2021056,2021-03-07,9,8,5,985,"9 8 5 1 8 7 1 1 60820914 15944 1040 0 346 43272 173"
2021057,2021-03-08,5,6,5,565,"5 6 5 7 9 3 1 1 61448750 20623 1040 41163 346 0 173"
2021058,2021-03-09,7,8,4,784,"7 8 4 6 5 0 1 1 58405548 14739 1040 0 346 51577 173"
2021059,2021-03-10,5,8,1,581,"5 8 1 6 5 2 1 1 61422228 13440 1040 0 346 45380 173"
2021060,2021-03-11,8,5,7,857,"8 5 7 7 2 2 1 1 61782930 31955 1040 0 346 47116 173"
2021061,2021-03-12,3,0,5,305,"3 0 5 5 2 1 1 1 65257212 17461 1040 0 346 37950 173"
2021062,2021-03-13,1,3,0,130,"1 3 0 4 8 3 1 1 61366456 18531 1040 0 346 36681 173"
2021063,2021-03-14,8,1,1,811,"8 1 1 7 3 9 1 1 63801840 18561 1040 25714 346 0 173"
2021064,2021-03-15,4,9,1,491,"4 9 1 9 5 3 1 1 61328162 15244 1040 0 346 43878 173"
2021065,2021-03-16,8,0,5,805,"8 0 5 4 2 4 1 1 64279946 13812 1040 0 346 41461 173"
2021066,2021-03-17,7,6,1,761,"7 6 1 4 5 9 1 1 63090244 20702 1040 0 346 58172 173"
2021067,2021-03-18,6,0,8,608,"6 0 8 4 1 2 1 1 65726406 16322 1040 0 346 28415 173"
2021068,2021-03-19,6,5,8,658,"6 5 8 4 8 6 1 1 63748760 11935 1040 0 346 46262 173"
2021069,2021-03-20,7,7,2,772,"7 7 2 6 5 6 1 1 62943492 28310 1040 40457 346 0 173"
2021070,2021-03-21,3,7,6,376,"3 7 6 0 9 3 1 1 61320722 30709 1040 0 346 51056 173"
2021071,2021-03-22,9,1,4,914,"9 1 4 3 2 3 1 1 63508522 15434 1040 0 346 40074 173"
2021072,2021-03-23,4,0,0,400,"4 0 0 1 8 1 1 1 64605664 8117 1040 11544 346 0 173"
2021073,2021-03-24,6,7,8,678,"6 7 8 8 8 1 1 1 62586902 39085 1040 0 346 67736 173"
2021074,2021-03-25,2,3,7,237,"2 3 7 3 0 5 1 1 62127014 46609 1040 0 346 78618 173"
2021075,2021-03-26,7,5,7,757,"7 5 7 9 1 4 1 1 68015596 15706 1040 16985 346 0 173"
2021076,2021-03-27,9,5,4,954,"9 5 4 1 9 3 1 1 61766626 24072 1040 0 346 86038 173"
2021077,2021-03-28,8,5,3,853,"8 5 3 5 2 8 1 1 64650982 31735 1040 0 346 92067 173"
2021078,2021-03-29,0,7,9,079,"0 7 9 9 6 0 1 1 66480782 16253 1040 0 346 53308 173"
2021079,2021-03-30,1,6,7,167,"1 6 7 0 8 8 1 1 67398742 27459 1040 0 346 57061 173"
2021080,2021-03-31,1,2,8,128,"1 2 8 2 6 7 1 1 67412432 32040 1040 0 346 81070 173"
2021081,2021-04-01,3,4,0,340,"3 4 0 4 3 7 1 1 68608118 23602 1040 0 346 60289 173"
2021082,2021-04-02,0,6,7,067,"0 6 7 0 1 4 1 1 67170610 19476 1040 0 346 46734 173"
2021083,2021-04-03,1,3,1,131,"1 3 1 9 3 6 1 1 65184046 14242 1040 23694 346 0 173"
2021084,2021-04-04,7,6,6,766,"7 6 6 3 2 5 1 1 60189468 15676 1040 19542 346 0 173"
2021085,2021-04-05,2,3,5,235,"2 3 5 2 3 7 1 1 62805366 39801 1040 0 346 93603 173"
2021086,2021-04-06,4,3,2,432,"4 3 2 5 1 5 1 1 64747642 15660 1040 0 346 61419 173"
2021087,2021-04-07,9,0,2,902,"9 0 2 8 7 1 1 1 65113666 12940 1040 0 346 30602 173"
2021088,2021-04-08,1,4,4,144,"1 4 4 3 5 1 1 1 64409680 27871 1040 26991 346 0 173"
2021089,2021-04-09,3,8,3,383,"3 8 3 1 0 8 1 1 66564200 38000 1040 28587 346 0 173"
2021090,2021-04-10,1,3,7,137,"1 3 7 5 3 3 1 1 63237792 30543 1040 0 346 58402 173"
2021091,2021-04-11,0,4,5,045,"0 4 5 1 9 6 1 1 66757648 17262 1040 0 346 51513 173"
2021092,2021-04-12,7,0,5,705,"7 0 5 3 4 4 1 1 66779754 13904 1040 0 346 44290 173"
2021093,2021-04-13,3,3,3,333,"3 3 3 0 7 1 1 1 67127122 101447 1040 0 346 0 173"
2021094,2021-04-14,6,9,9,699,"6 9 9 8 3 3 1 1 62882476 26916 1040 30026 346 0 173"
2021095,2021-04-15,9,8,9,989,"9 8 9 5 2 7 1 1 65366314 29036 1040 21848 346 0 173"
2021096,2021-04-16,2,4,4,244,"2 4 4 8 7 8 1 1 67387250 14410 1040 15607 346 0 173"
2021097,2021-04-17,1,6,8,168,"1 6 8 8 2 8 1 1 65059832 43667 1040 0 346 81343 173"
2021098,2021-04-18,0,1,4,014,"0 1 4 5 4 6 1 1 65584728 13616 1040 0 346 35416 173"
2021099,2021-04-19,0,9,8,098,"0 9 8 3 3 1 1 1 67016658 12130 1040 0 346 51691 173"
2021100,2021-04-20,8,7,7,877,"8 7 7 3 4 9 1 1 65929940 23629 1040 25735 346 0 173"
2021101,2021-04-21,1,4,5,145,"1 4 5 3 1 8 1 1 66893440 32280 1040 0 346 62274 173"
2021102,2021-04-22,0,1,9,019,"0 1 9 6 2 9 1 1 68759076 20047 1040 0 346 40550 173"
2021103,2021-04-23,5,1,2,512,"5 1 2 2 0 6 1 1 70079280 35544 1040 0 346 57288 173"
2021104,2021-04-24,3,8,5,385,"3 8 5 0 9 3 1 1 66930996 32663 1040 0 346 86837 173"
2021105,2021-04-25,5,8,9,589,"5 8 9 4 8 0 1 1 70429126 19386 1040 0 346 41688 173"
2021106,2021-04-26,8,7,2,872,"8 7 2 3 7 9 1 1 70344102 21899 1040 0 346 72275 173"
2021107,2021-04-27,7,8,2,782,"7 8 2 7 6 9 1 1 71196946 7301 1040 0 346 20848 173"
2021108,2021-04-28,0,5,3,053,"0 5 3 0 1 9 1 1 68922228 12474 1040 0 346 33661 173"
2021109,2021-04-29,1,8,3,183,"1 8 3 7 7 1 1 1 69977066 21790 1040 0 346 57422 173"
2021110,2021-04-30,3,1,2,312,"3 1 2 8 7 9 1 1 70345548 20870 1040 0 346 58136 173"
2021111,2021-05-01,2,7,1,271,"2 7 1 3 6 1 1 1 65409100 24568 1040 0 346 43442 173"
2021112,2021-05-02,3,4,9,349,"3 4 9 6 4 8 1 1 67124724 17189 1040 0 346 47029 173"
2021113,2021-05-03,0,1,2,012,"0 1 2 7 2 9 1 1 69082764 19173 1040 0 346 29654 173"
2021114,2021-05-04,5,7,7,577,"5 7 7 4 1 7 1 1 70309898 21085 1040 52269 346 0 173"
2021115,2021-05-05,2,3,1,231,"2 3 1 4 2 6 1 1 66600032 9755 1040 0 346 27607 173"
2021116,2021-05-06,1,6,1,161,"1 6 1 7 9 9 1 1 68416532 19333 1040 28054 346 0 173"
2021117,2021-05-07,0,7,9,079,"0 7 9 8 1 6 1 1 69363686 24483 1040 0 346 56102 173"
2021118,2021-05-08,5,5,0,550,"5 5 0 9 9 8 1 1 68544296 23855 1040 22337 346 0 173"
2021119,2021-05-09,8,5,9,859,"8 5 9 1 7 7 1 1 65780912 12761 1040 0 346 39055 173"
2021120,2021-05-10,4,5,0,450,"4 5 0 9 2 3 1 1 68591202 11008 1040 0 346 28466 173"
2021121,2021-05-11,8,0,1,801,"8 0 1 9 5 2 1 1 68763014 55222 1040 0 346 53538 173"
2021122,2021-05-12,4,0,1,401,"4 0 1 3 8 2 1 1 72565370 15340 1040 0 346 26341 173"
2021123,2021-05-13,7,4,8,748,"7 4 8 5 2 6 1 1 69656192 38426 1040 0 346 53589 173"
2021124,2021-05-14,4,0,7,407,"4 0 7 3 7 8 1 1 73684984 15588 1040 0 346 39026 173"
2021125,2021-05-15,9,4,2,942,"9 4 2 9 5 0 1 1 71010838 15948 1040 0 346 57898 173"
2021126,2021-05-16,6,4,1,641,"6 4 1 2 8 3 1 1 70326934 19254 1040 0 346 41567 173"
2021127,2021-05-17,6,0,6,606,"6 0 6 9 3 9 1 1 72418432 45106 1040 59067 346 0 173"
2021128,2021-05-18,1,7,3,173,"1 7 3 0 0 1 1 1 69143864 21340 1040 0 346 51955 173"
2021129,2021-05-19,8,1,6,816,"8 1 6 7 6 9 1 1 71165462 41969 1040 0 346 53578 173"
2021130,2021-05-20,1,9,8,198,"1 9 8 9 6 8 1 1 73563466 26487 1040 0 346 69689 173"
2021131,2021-05-21,0,5,5,055,"0 5 5 4 6 1 1 1 75221434 17836 1040 24691 346 0 173"
2021132,2021-05-22,6,8,8,688,"6 8 8 4 2 4 1 1 68294290 20918 1040 25609 346 0 173"
2021133,2021-05-23,1,6,0,160,"1 6 0 4 9 4 1 1 68518704 14687 1040 0 346 34885 173"
2021134,2021-05-24,4,5,6,456,"4 5 6 5 2 4 1 1 69311822 36701 1040 0 346 55232 173"
2021135,2021-05-25,0,8,1,081,"0 8 1 5 5 9 1 1 70674456 15508 1040 0 346 35124 173"
2021136,2021-05-26,8,8,8,888,"8 8 8 0 7 7 1 1 71539708 74771 1040 0 346 0 173"
2021137,2021-05-27,0,7,0,070,"0 7 0 5 8 3 1 1 66884842 12854 1040 17622 346 0 173"
2021138,2021-05-28,9,5,4,954,"9 5 4 4 7 2 1 1 69760672 14900 1040 0 346 44498 173"
2021139,2021-05-29,8,0,0,800,"8 0 0 2 2 4 1 1 68538624 22097 1040 28119 346 0 173"
2021140,2021-05-30,3,9,5,395,"3 9 5 7 0 8 1 1 66831714 17075 1040 0 346 68691 173"
2021141,2021-05-31,0,7,0,070,"0 7 0 2 0 0 1 1 67142190 16407 1040 19120 346 0 173"
2021142,2021-06-01,9,6,7,967,"9 6 7 0 9 2 1 1 67664052 19339 1040 0 346 53560 173"
2021143,2021-06-02,2,3,2,232,"2 3 2 8 2 9 1 1 68288658 22214 1040 23769 346 0 173"
2021144,2021-06-03,2,5,8,258,"2 5 8 1 7 7 1 1 67597932 45408 1040 0 346 78464 173"
2021145,2021-06-04,1,7,6,176,"1 7 6 3 5 4 1 1 71076184 36387 1040 0 346 72516 173"
2021146,2021-06-05,8,5,8,858,"8 5 8 7 2 8 1 1 69211152 21781 1040 21483 346 0 173"
2021147,2021-06-06,1,9,8,198,"1 9 8 0 6 2 1 1 68148594 17256 1040 0 346 41939 173"
2021148,2021-06-07,9,4,5,945,"9 4 5 7 7 8 1 1 69651556 21568 1040 0 346 32945 173"
2021149,2021-06-08,9,7,2,972,"9 7 2 2 9 7 1 1 69419682 15226 1040 0 346 59014 173"
2021150,2021-06-09,8,6,2,862,"8 6 2 7 6 7 1 1 71088396 19950 1040 0 346 75345 173"
2021151,2021-06-10,1,6,1,161,"1 6 1 5 6 8 1 1 69967300 14150 1040 17934 346 0 173"
2021152,2021-06-11,7,1,2,712,"7 1 2 4 9 3 1 1 67995324 22310 1040 0 346 45622 173"
2021153,2021-06-12,4,1,1,411,"4 1 1 6 0 0 1 1 66878928 14645 1040 19776 346 0 173"
2021154,2021-06-13,0,4,3,043,"0 4 3 7 3 6 1 1 64315744 19260 1040 0 346 51111 173"
2021155,2021-06-14,0,8,9,089,"0 8 9 6 4 9 1 1 63602240 95251 1040 0 346 57143 173"
2021156,2021-06-15,4,3,3,433,"4 3 3 8 9 3 1 1 66022598 11016 1040 16997 346 0 173"
2021157,2021-06-16,8,0,7,807,"8 0 7 2 5 0 1 1 65323480 27802 1040 0 346 54284 173"
2021158,2021-06-17,3,0,7,307,"3 0 7 3 5 9 1 1 67032752 14676 1040 0 346 32179 173"
2021159,2021-06-18,7,2,3,723,"7 2 3 0 3 8 1 1 67394814 32350 1040 0 346 43561 173"
2021160,2021-06-19,8,9,5,895,"8 9 5 8 6 0 1 1 63944720 9534 1040 0 346 42864 173"
2021161,2021-06-20,2,9,9,299,"2 9 9 7 7 3 1 1 65315216 19944 1040 25121 346 0 173"
2021162,2021-06-21,8,8,7,887,"8 8 7 9 5 7 1 1 62853820 17059 1040 18314 346 0 173"
2021163,2021-06-22,6,6,5,665,"6 6 5 5 8 3 1 1 63488616 13622 1040 17888 346 0 173"
2021164,2021-06-23,1,2,5,125,"1 2 5 7 9 3 1 1 63860474 19802 1040 0 346 48126 173"
2021165,2021-06-24,8,3,7,837,"8 3 7 3 6 5 1 1 65651460 33568 1040 0 346 79206 173"
2021166,2021-06-25,8,7,3,873,"8 7 3 6 3 0 1 1 69275370 8371 1040 0 346 28574 173"
2021167,2021-06-26,1,2,6,126,"1 2 6 9 0 7 1 1 65478110 31433 1040 0 346 55763 173"
2021168,2021-06-27,6,4,5,645,"6 4 5 4 8 4 1 1 66589628 22058 1040 0 346 61046 173"
2021169,2021-06-28,0,4,2,042,"0 4 2 1 4 8 1 1 67451460 9213 1040 0 346 30233 173"
2021170,2021-06-29,1,8,4,184,"1 8 4 2 8 1 1 1 67192034 47003 1040 0 346 78738 173"
2021171,2021-06-30,3,6,6,366,"3 6 6 6 9 4 1 1 65482142 30953 1040 33300 346 0 173"
2021172,2021-07-01,2,7,6,276,"2 7 6 7 7 3 1 1 65381346 20432 1040 0 346 44993 173"
2021173,2021-07-02,0,2,3,023,"0 2 3 1 3 5 1 1 66217804 26623 1040 0 346 35550 173"
2021174,2021-07-03,6,7,6,676,"6 7 6 9 8 3 1 1 63597750 15394 1040 17671 346 0 173"
2021175,2021-07-04,1,3,2,132,"1 3 2 6 2 6 1 1 62851924 41822 1040 0 346 63608 173"
2021176,2021-07-05,2,1,3,213,"2 1 3 1 4 6 1 1 65954060 14826 1040 0 346 38265 173"
2021177,2021-07-06,6,9,3,693,"6 9 3 6 7 4 1 1 66402748 13767 1040 0 346 64814 173"
2021178,2021-07-07,7,1,6,716,"7 1 6 1 3 0 1 1 64115684 24123 1040 0 346 54728 173"
2021179,2021-07-08,9,9,4,994,"9 9 4 6 2 7 1 1 66074536 9458 1040 16915 346 0 173"
2021180,2021-07-09,1,4,4,144,"1 4 4 9 5 7 1 1 65328300 22608 1040 20956 346 0 173"
2021181,2021-07-10,3,7,1,371,"3 7 1 6 0 8 1 1 63392494 31881 1040 0 346 51500 173"
2021182,2021-07-11,4,7,2,472,"4 7 2 8 6 2 1 1 64875336 22085 1040 0 346 59491 173"
2021183,2021-07-12,5,4,6,546,"5 4 6 8 8 6 1 1 65551730 32611 1040 0 346 61589 173"
2021184,2021-07-13,4,9,7,497,"4 9 7 7 0 8 1 1 65253366 23837 1040 0 346 43674 173"
2021185,2021-07-14,9,3,8,938,"9 3 8 4 0 1 1 1 65847814 24966 1040 0 346 66525 173"
2021186,2021-07-15,2,7,1,271,"2 7 1 6 8 0 1 1 67007512 19207 1040 0 346 58725 173"
2021187,2021-07-16,7,4,0,740,"7 4 0 0 7 8 1 1 70331270 25171 1040 0 346 37137 173"
2021188,2021-07-17,4,5,0,450,"4 5 0 6 4 2 1 1 66607220 17554 1040 0 346 37469 173"
2021189,2021-07-18,3,8,0,380,"3 8 0 3 2 3 1 1 67863832 14190 1040 0 346 44500 173"
2021190,2021-07-19,0,3,6,036,"0 3 6 5 8 9 1 1 67355086 15410 1040 0 346 34034 173"
2021191,2021-07-20,8,7,1,871,"8 7 1 5 2 2 1 1 68336984 25293 1040 0 346 59872 173"
2021192,2021-07-21,6,4,7,647,"6 4 7 6 5 4 1 1 68306606 38278 1040 0 346 60865 173"
2021193,2021-07-22,0,6,6,066,"0 6 6 9 4 1 1 1 70876382 15627 1040 29970 346 0 173"
2021194,2021-07-23,4,4,7,447,"4 4 7 1 3 9 1 1 65218636 16712 1040 21178 346 0 173"
2021195,2021-07-24,7,5,2,752,"7 5 2 6 0 6 1 1 62769690 47355 1040 0 346 72990 173"
2021196,2021-07-25,4,0,7,407,"4 0 7 1 3 9 1 1 64244578 15692 1040 0 346 36868 173"
2021197,2021-07-26,0,5,3,053,"0 5 3 6 1 6 1 1 66031694 24866 1040 0 346 49951 173"
2021198,2021-07-27,1,2,1,121,"1 2 1 7 1 6 1 1 66218150 38521 1040 24693 346 0 173"
2021199,2021-07-28,1,3,1,131,"1 3 1 1 0 7 1 1 64945166 18328 1040 21360 346 0 173"
2021200,2021-07-29,2,5,8,258,"2 5 8 5 1 2 1 1 63675216 41344 1040 0 346 61340 173"
2021201,2021-07-30,8,7,2,872,"8 7 2 4 2 2 1 1 66964676 20613 1040 0 346 48363 173"
2021202,2021-07-31,6,0,1,601,"6 0 1 0 3 1 1 1 66436410 15920 1040 0 346 42147 173"
2021203,2021-08-01,9,2,0,920,"9 2 0 9 1 0 1 1 65907976 21719 1040 0 346 43516 173"
2021204,2021-08-02,9,4,5,945,"9 4 5 9 1 6 1 1 64389362 20018 1040 0 346 72322 173"
2021205,2021-08-03,8,1,3,813,"8 1 3 2 9 2 1 1 65184724 31608 1040 0 346 60815 173"
2021206,2021-08-04,4,5,2,452,"4 5 2 0 7 4 1 1 67515320 16277 1040 0 346 43165 173"
2021207,2021-08-05,1,4,4,144,"1 4 4 8 3 9 1 1 68305280 19637 1040 23578 346 0 173"
2021208,2021-08-06,2,8,3,283,"2 8 3 7 5 6 1 1 67645926 23794 1040 0 346 63823 173"
2021209,2021-08-07,3,9,6,396,"3 9 6 6 7 4 1 1 65551664 45319 1040 0 346 112549 173"
2021210,2021-08-08,7,9,7,797,"7 9 7 7 3 1 1 1 67771204 19439 1040 24572 346 0 173"
2021211,2021-08-09,2,7,6,276,"2 7 6 4 9 1 1 1 66086832 25837 1040 0 346 71478 173"
2021212,2021-08-10,2,5,8,258,"2 5 8 6 0 4 1 1 69015132 36864 1040 0 346 64361 173"
2021213,2021-08-11,9,5,0,950,"9 5 0 9 7 0 1 1 71551522 16834 1040 0 346 60264 173"
2021214,2021-08-12,1,4,4,144,"1 4 4 4 8 7 1 1 70037036 17928 1040 20107 346 0 173"
2021215,2021-08-13,1,8,9,189,"1 8 9 0 5 4 1 1 72445296 25745 1040 0 346 59658 173"
2021216,2021-08-14,7,6,5,765,"7 6 5 5 0 1 1 1 68244150 20541 1040 0 346 70176 173"
2021217,2021-08-15,2,1,6,216,"2 1 6 6 8 7 1 1 68299462 26780 1040 0 346 52151 173"
2021218,2021-08-16,7,3,0,730,"7 3 0 6 1 4 1 1 71667920 21367 1040 0 346 67297 173"
2021219,2021-08-17,9,2,1,921,"9 2 1 3 3 6 1 1 71724942 31899 1040 0 346 45945 173"
2021220,2021-08-18,0,2,3,023,"0 2 3 4 0 5 1 1 71464162 13645 1040 0 346 37677 173"
2021221,2021-08-19,9,2,9,929,"9 2 9 6 0 9 1 1 70810958 12956 1040 17584 346 0 173"
2021222,2021-08-20,3,7,2,372,"3 7 2 0 2 4 1 1 68872788 21310 1040 0 346 48284 173"
2021223,2021-08-21,1,8,4,184,"1 8 4 4 7 4 1 1 69288958 25077 1040 0 346 76107 173"
2021224,2021-08-22,0,1,0,010,"0 1 0 3 0 1 1 1 70779020 29822 1040 24320 346 0 173"
2021225,2021-08-23,4,9,8,498,"4 9 8 3 6 7 1 1 66619050 24260 1040 0 346 38329 173"
2021226,2021-08-24,4,8,6,486,"4 8 6 3 1 2 1 1 69031884 15623 1040 0 346 61586 173"
2021227,2021-08-25,4,9,0,490,"4 9 0 6 2 7 1 1 69827228 9523 1040 0 346 38110 173"
2021228,2021-08-26,0,4,5,045,"0 4 5 0 8 1 1 1 68365306 25702 1040 0 346 46020 173"
2021229,2021-08-27,7,0,8,708,"7 0 8 3 1 1 1 1 73388506 33411 1040 0 346 55648 173"
2021230,2021-08-28,7,6,4,764,"7 6 4 7 2 1 1 1 73664154 17109 1040 0 346 60819 173"
2021231,2021-08-29,0,2,6,026,"0 2 6 0 1 2 1 1 74105232 17071 1040 0 346 39973 173"
2021232,2021-08-30,4,3,7,437,"4 3 7 8 3 7 1 1 75506782 39463 1040 0 346 85147 173"
2021233,2021-08-31,9,0,4,904,"9 0 4 7 1 1 1 1 78109772 14745 1040 0 346 26842 173"
2021234,2021-09-01,5,6,1,561,"5 6 1 6 2 5 1 1 77446928 51674 1040 0 346 80578 173"
2021235,2021-09-02,2,5,4,254,"2 5 4 4 1 2 1 1 77404404 24040 1040 0 346 69377 173"
2021236,2021-09-03,6,8,6,686,"6 8 6 8 4 1 1 1 82467424 34893 1040 47614 346 0 173"
2021237,2021-09-04,7,2,4,724,"7 2 4 8 2 7 1 1 73083492 22548 1040 0 346 66101 173"
2021238,2021-09-05,1,9,4,194,"1 9 4 5 8 7 1 1 76965942 16048 1040 0 346 57632 173"
2021239,2021-09-06,9,3,0,930,"9 3 0 8 7 6 1 1 78493804 17967 1040 0 346 47839 173"
2021240,2021-09-07,3,1,1,311,"3 1 1 1 8 6 1 1 76340640 26786 1040 22176 346 0 173"
2021241,2021-09-08,2,6,2,262,"2 6 2 7 5 0 1 1 74443488 28338 1040 34514 346 0 173"
2021242,2021-09-09,5,6,4,564,"5 6 4 9 7 6 1 1 73382220 18693 1040 0 346 81930 173"
2021243,2021-09-10,3,2,7,327,"3 2 7 3 8 1 1 1 74568938 35869 1040 0 346 76498 173"
2021244,2021-09-11,4,1,7,417,"4 1 7 5 8 7 1 1 74237078 31872 1040 0 346 104662 173"
2021245,2021-09-12,4,4,7,447,"4 4 7 7 9 2 1 1 75774538 19134 1040 30347 346 0 173"
2021246,2021-09-13,0,9,1,091,"0 9 1 2 2 1 1 1 73973156 25325 1040 0 346 66129 173"
2021247,2021-09-14,1,2,1,121,"1 2 1 6 1 4 1 1 75245568 15043 1040 16934 346 0 173"
2021248,2021-09-15,0,5,0,050,"0 5 0 1 7 0 1 1 74451900 18922 1040 19715 346 0 173"
2021249,2021-09-16,4,4,8,448,"4 4 8 8 2 9 1 1 73354802 23813 1040 29839 346 0 173"
2021250,2021-09-17,8,7,2,872,"8 7 2 0 8 2 1 1 76117566 50096 1040 0 346 97537 173"
2021251,2021-09-18,1,3,3,133,"1 3 3 0 1 1 1 1 75960488 22928 1040 28192 346 0 173"
2021252,2021-09-19,2,1,0,210,"2 1 0 9 6 1 1 1 71513540 22868 1040 0 346 50525 173"
2021253,2021-09-20,2,0,3,203,"2 0 3 1 2 4 1 1 72001386 18880 1040 0 346 64391 173"
2021254,2021-09-21,1,6,0,160,"1 6 0 9 0 7 1 1 70409200 19727 1040 0 346 49002 173"
2021255,2021-09-22,1,6,7,167,"1 6 7 4 2 0 1 1 76097552 16717 1040 0 346 52902 173"
2021256,2021-09-23,9,0,4,904,"9 0 4 7 0 7 1 1 74089650 33054 1040 0 346 61282 173"
2021257,2021-09-24,8,1,9,819,"8 1 9 1 0 8 1 1 79054638 61445 1040 0 346 102732 173"
2021258,2021-09-25,9,4,6,946,"9 4 6 4 3 6 1 1 77798250 41033 1040 0 346 64647 173"
2021259,2021-09-26,9,3,0,930,"9 3 0 6 2 2 1 1 78566602 7491 1040 0 346 25155 173"
2021260,2021-09-27,7,2,0,720,"7 2 0 9 2 8 1 1 78085274 28740 1040 0 346 65994 173"
2021261,2021-09-28,2,9,3,293,"2 9 3 2 4 7 1 1 79129604 23259 1040 0 346 42940 173"
2021262,2021-09-29,5,4,8,548,"5 4 8 1 5 5 1 1 79722066 51813 1040 0 346 92799 173"
2021263,2021-09-30,1,9,4,194,"1 9 4 3 8 6 1 1 82855682 16232 1040 0 346 46861 173"
2021264,2021-10-05,8,7,2,872,"8 7 2 7 2 8 1 1 71553846 20561 1040 0 346 50363 173"
2021265,2021-10-06,7,0,0,700,"7 0 0 7 8 8 1 1 75087538 19616 1040 54067 346 0 173"
2021266,2021-10-07,0,7,3,073,"0 7 3 1 9 3 1 1 69131276 13147 1040 0 346 39983 173"
2021267,2021-10-08,1,7,5,175,"1 7 5 5 0 0 1 1 74953658 19206 1040 0 346 63390 173"
2021268,2021-10-09,1,2,8,128,"1 2 8 2 3 6 1 1 73463860 26172 1040 0 346 63404 173"
2021269,2021-10-10,2,7,5,275,"2 7 5 5 6 2 1 1 74501620 37077 1040 0 346 84905 173"
2021270,2021-10-11,6,0,3,603,"6 0 3 3 8 8 1 1 77868236 26448 1040 0 346 64519 173"
2021271,2021-10-12,8,4,3,843,"8 4 3 4 0 5 1 1 78110080 30104 1040 0 346 90422 173"
2021272,2021-10-13,9,8,5,985,"9 8 5 3 5 3 1 1 78757158 41363 1040 0 346 92176 173"
2021273,2021-10-14,1,9,7,197,"1 9 7 7 0 7 1 1 79645544 39828 1040 0 346 96673 173"
2021274,2021-10-15,9,8,7,987,"9 8 7 8 1 0 1 1 83293068 35991 1040 0 346 110378 173"
2021275,2021-10-16,2,5,8,258,"2 5 8 4 6 9 1 1 79269766 54399 1040 0 346 70288 173"
2021276,2021-10-17,7,1,9,719,"7 1 9 0 1 5 1 1 82426374 30206 1040 0 346 57318 173"
2021277,2021-10-18,4,5,3,453,"4 5 3 4 3 6 1 1 86356954 17568 1040 0 346 80589 173"
2021278,2021-10-19,5,9,8,598,"5 9 8 8 5 7 1 1 84468722 21891 1040 0 346 49165 173"
2021279,2021-10-20,9,1,5,915,"9 1 5 8 8 2 1 1 88763770 35115 1040 0 346 63408 173"
2021280,2021-10-21,2,7,6,276,"2 7 6 2 0 0 1 1 92616480 27809 1040 0 346 74018 173"
2021281,2021-10-22,2,3,5,235,"2 3 5 4 3 4 1 1 95763964 34977 1040 0 346 79985 173"
2021282,2021-10-23,5,0,6,506,"5 0 6 9 8 7 1 1 92513108 21330 1040 0 346 45788 173"
2021283,2021-10-24,5,9,9,599,"5 9 9 8 6 7 1 1 91138424 32947 1040 75070 346 0 173"
2021284,2021-10-25,6,1,0,610,"6 1 0 4 6 7 1 1 79280260 16728 1040 0 346 42496 173"
2021285,2021-10-26,4,4,7,447,"4 4 7 5 3 0 1 1 79508960 24209 1040 27263 346 0 173"
2021286,2021-10-27,0,8,0,080,"0 8 0 3 1 2 1 1 80633820 17840 1040 21346 346 0 173"
2021287,2021-10-28,4,5,3,453,"4 5 3 2 7 0 1 1 78426670 18212 1040 0 346 57958 173"
2021288,2021-10-29,3,3,0,330,"3 3 0 7 1 9 1 1 81894644 30040 1040 26460 346 0 173"
2021289,2021-10-30,8,3,0,830,"8 3 0 3 2 2 1 1 76063636 16550 1040 0 346 48241 173"
2021290,2021-10-31,6,5,8,658,"6 5 8 1 6 4 1 1 76042296 40555 1040 0 346 79584 173"
2021291,2021-11-01,7,9,5,795,"7 9 5 3 6 6 1 1 78282754 26302 1040 0 346 90089 173"
2021292,2021-11-02,9,5,4,954,"9 5 4 4 8 8 1 1 79397136 22383 1040 0 346 68521 173"
2021293,2021-11-03,3,5,6,356,"3 5 6 0 6 9 1 1 79549304 24195 1040 0 346 71166 173"
2021294,2021-11-04,5,4,2,542,"5 4 2 3 3 0 1 1 79583518 17047 1040 0 346 47974 173"
2021295,2021-11-05,2,5,1,251,"2 5 1 5 4 0 1 1 80555112 19346 1040 0 346 54616 173"
2021296,2021-11-06,5,8,4,584,"5 8 4 9 1 1 1 1 77259076 18005 1040 0 346 33293 173"
2021297,2021-11-07,8,9,3,893,"8 9 3 3 5 6 1 1 75954044 54686 1040 0 346 106898 173"
2021298,2021-11-08,2,8,5,285,"2 8 5 8 4 4 1 1 77187922 28592 1040 0 346 92747 173"
2021299,2021-11-09,5,8,0,580,"5 8 0 0 6 0 1 1 80634078 15261 1040 0 346 42059 173"
2021300,2021-11-10,5,7,6,576,"5 7 6 8 8 3 1 1 80436034 20371 1040 0 346 69707 173"
2021301,2021-11-11,5,2,1,521,"5 2 1 3 3 3 1 1 81289456 16256 1040 0 346 40498 173"
2021302,2021-11-12,4,3,2,432,"4 3 2 9 0 3 1 1 82239326 37081 1040 0 346 87011 173"
2021303,2021-11-13,6,3,2,632,"6 3 2 4 4 6 1 1 81040854 30144 1040 0 346 82054 173"
2021304,2021-11-14,6,0,9,609,"6 0 9 9 1 0 1 1 83420312 18906 1040 0 346 56055 173"
2021305,2021-11-15,2,0,7,207,"2 0 7 2 7 6 1 1 85847828 17076 1040 0 346 39974 173"
2021306,2021-11-16,7,7,4,774,"7 7 4 4 4 9 1 1 85036632 69081 1040 72142 346 0 173"
2021307,2021-11-17,4,8,6,486,"4 8 6 8 5 4 1 1 80157568 33377 1040 0 346 81266 173"
2021308,2021-11-18,1,8,0,180,"1 8 0 4 9 3 1 1 83541720 31910 1040 0 346 66628 173"
2021309,2021-11-19,7,2,2,722,"7 2 2 5 8 3 1 1 86240078 23039 1040 33217 346 0 173"
2021310,2021-11-20,4,5,6,456,"4 5 6 0 4 7 1 1 78801574 72580 1040 0 346 110515 173"
2021311,2021-11-21,9,5,8,958,"9 5 8 5 2 2 1 1 82998184 35195 1040 0 346 78632 173"
2021312,2021-11-22,6,9,8,698,"6 9 8 7 0 9 1 1 84849604 20000 1040 0 346 57062 173"
2021313,2021-11-23,9,3,8,938,"9 3 8 8 9 3 1 1 82308938 15712 1040 0 346 65512 173"
2021314,2021-11-24,0,2,0,020,"0 2 0 0 9 4 1 1 84246062 18857 1040 16434 346 0 173"
2021315,2021-11-25,7,5,5,755,"7 5 5 8 1 6 1 1 79491224 18668 1040 24262 346 0 173"
2021316,2021-11-26,5,1,6,516,"5 1 6 3 6 5 1 1 82600976 32646 1040 0 346 66620 173"
2021317,2021-11-27,1,4,3,143,"1 4 3 0 0 9 1 1 80875774 33992 1040 0 346 79420 173"
2021318,2021-11-28,4,8,9,489,"4 8 9 3 4 1 1 1 82011580 31619 1040 0 346 47111 173"
2021319,2021-11-29,8,8,6,886,"8 8 6 1 6 8 1 1 84599604 37520 1040 41709 346 0 173"
2021320,2021-11-30,3,6,9,369,"3 6 9 8 5 6 1 1 82566158 126226 1040 0 346 121886 173"
2021321,2021-12-01,3,9,7,397,"3 9 7 7 0 4 1 1 86497798 23026 1040 0 346 76946 173"
2021322,2021-12-02,5,0,0,500,"5 0 0 2 9 8 1 1 86073380 16769 1040 13521 346 0 173"
2021323,2021-12-03,7,5,4,754,"7 5 4 3 4 4 1 1 87377664 76271 1040 0 346 145578 173"
2021324,2021-12-04,8,8,6,886,"8 8 6 8 4 7 1 1 83564946 13906 1040 19169 346 0 173"
2021325,2021-12-05,5,1,5,515,"5 1 5 1 6 9 1 1 83003868 19547 1040 17856 346 0 173"
2021326,2021-12-06,9,7,0,970,"9 7 0 1 4 9 1 1 82573140 24657 1040 0 346 47835 173"
2021327,2021-12-07,9,3,5,935,"9 3 5 4 1 9 1 1 82724726 17014 1040 0 346 63049 173"
2021328,2021-12-08,3,0,0,300,"3 0 0 0 7 4 1 1 84889144 25503 1040 23823 346 0 173"
2021329,2021-12-09,2,8,6,286,"2 8 6 9 4 7 1 1 81336212 30841 1040 0 346 79051 173"
2021330,2021-12-10,7,4,4,744,"7 4 4 4 1 6 1 1 88083376 33610 1040 33681 346 0 173"
2021331,2021-12-11,1,2,2,122,"1 2 2 5 4 0 1 1 84669766 26338 1040 26687 346 0 173"
2021332,2021-12-12,5,0,0,500,"5 0 0 3 9 3 1 1 81801638 26675 1040 20442 346 0 173"
2021333,2021-12-13,4,9,4,494,"4 9 4 0 9 3 1 1 83456132 19744 1040 19215 346 0 173"
2021334,2021-12-14,6,9,2,692,"6 9 2 5 6 0 1 1 85098774 18981 1040 0 346 80391 173"
2021335,2021-12-15,4,9,3,493,"4 9 3 1 9 7 1 1 85438196 0 1040 0 346 0 173"
2021336,2021-12-16,6,5,0,650,"6 5 0 0 7 6 1 1 83501036 0 1040 0 346 0 173"
2021337,2021-12-17,8,8,9,889,"8 8 9 2 8 8 1 1 87051798 0 1040 0 346 0 173"
2021338,2021-12-18,4,9,0,490,"4 9 0 0 9 2 1 1 80650382 0 1040 0 346 0 173"
2021339,2021-12-19,2,6,7,267,"2 6 7 8 4 8 1 1 82648910 0 1040 0 346 0 173"
2021340,2021-12-20,2,8,7,287,"2 8 7 8 1 8 1 1 87322076 0 1040 0 346 0 173"
2021341,2021-12-21,6,0,6,606,"6 0 6 9 4 8 1 1 85182072 0 1040 0 346 0 173"
2021342,2021-12-22,3,1,2,312,"3 1 2 4 8 9 1 1 81006544 0 1040 0 346 0 173"
2021343,2021-12-23,7,9,3,793,"7 9 3 3 0 5 1 1 82253262 0 1040 0 346 0 173"
2021344,2021-12-24,6,1,1,611,"6 1 1 1 0 8 1 1 82334904 0 1040 0 346 0 173"
2021345,2021-12-25,9,3,5,935,"9 3 5 4 2 9 1 1 75789644 0 1040 0 346 0 173"
2021346,2021-12-26,2,6,6,266,"2 6 6 3 4 7 1 1 78447538 0 1040 0 346 0 173"
2021347,2021-12-27,5,9,4,594,"5 9 4 4 2 5 1 1 77460992 0 1040 0 346 0 173"
2021348,2021-12-28,1,8,4,184,"1 8 4 3 9 7 1 1 82126554 0 1040 0 346 0 173"
2021349,2021-12-29,1,0,6,106,"1 0 6 6 1 5 1 1 83988716 0 1040 0 346 0 173"
2021350,2021-12-30,0,3,8,038,"0 3 8 3 2 7 1 1 82229570 0 1040 0 346 0 173"
2021351,2021-12-31,7,4,7,747,"7 4 7 2 5 4 1 1 86572330 0 1040 0 346 0 173"
2022001,2022-01-01,3,4,9,349,"3 4 9 2 9 0 1 1 77715836 0 1040 0 346 0 173"
2022002,2022-01-02,9,2,7,927,"9 2 7 1 7 4 1 1 79576154 0 1040 0 346 0 173"
2022003,2022-01-03,0,1,0,010,"0 1 0 5 7 0 1 1 83172552 0 1040 0 346 0 173"
2022004,2022-01-04,7,3,9,739,"7 3 9 7 6 3 1 1 79027192 0 1040 0 346 0 173"
2022005,2022-01-05,2,4,0,240,"2 4 0 9 1 9 1 1 85261062 0 1040 0 346 0 173"
2022006,2022-01-06,8,8,7,887,"8 8 7 8 1 8 1 1 86590614 0 1040 0 346 0 173"
2022007,2022-01-07,9,2,1,921,"9 2 1 6 3 7 1 1 85938992 0 1040 0 346 0 173"
2022008,2022-01-08,4,9,8,498,"4 9 8 9 1 4 1 1 84378422 0 1040 0 346 0 173"
2022009,2022-01-09,6,0,1,601,"6 0 1 9 8 5 1 1 87401400 0 1040 0 346 0 173"
2022010,2022-01-10,9,8,2,982,"9 8 2 6 5 8 1 1 88226304 0 1040 0 346 0 173"
2022011,2022-01-11,3,7,9,379,"3 7 9 3 5 6 1 1 88184108 0 1040 0 346 0 173"
2022012,2022-01-12,9,5,2,952,"9 5 2 4 1 9 1 1 90160318 0 1040 0 346 0 173"
2022013,2022-01-13,5,2,8,528,"5 2 8 9 9 0 1 1 88199448 0 1040 0 346 0 173"
2022014,2022-01-14,4,6,2,462,"4 6 2 3 8 5 1 1 91453036 0 1040 0 346 0 173"
2022015,2022-01-15,7,8,6,786,"7 8 6 0 8 0 1 1 90046458 0 1040 0 346 0 173"
2022016,2022-01-16,2,8,5,285,"2 8 5 0 2 6 1 1 89940320 0 1040 0 346 0 173"
2022017,2022-01-17,3,4,8,348,"3 4 8 8 9 9 1 1 93988390 0 1040 0 346 0 173"
2022018,2022-01-18,7,5,5,755,"7 5 5 5 4 6 1 1 94892710 0 1040 0 346 0 173"
2022019,2022-01-19,2,4,4,244,"2 4 4 1 5 6 1 1 90099458 0 1040 0 346 0 173"
2022020,2022-01-20,8,1,6,816,"8 1 6 3 0 0 1 1 87591200 0 1040 0 346 0 173"
2022021,2022-01-21,1,9,2,192,"1 9 2 2 3 5 1 1 93290850 0 1040 0 346 0 173"
2022022,2022-01-22,7,4,3,743,"7 4 3 1 4 4 1 1 92028442 0 1040 0 346 0 173"
2022023,2022-01-23,8,7,4,874,"8 7 4 5 6 2 1 1 92764358 0 1040 0 346 0 173"
2022024,2022-01-24,4,7,2,472,"4 7 2 7 6 8 1 1 92589684 0 1040 0 346 0 173"
2022025,2022-01-25,5,7,9,579,"5 7 9 4 4 3 1 1 93131358 0 1040 0 346 0 173"
2022026,2022-01-26,1,4,1,141,"1 4 1 1 4 6 1 1 94913060 0 1040 0 346 0 173"
2022027,2022-01-27,8,7,7,877,"8 7 7 5 6 2 1 1 95176024 0 1040 0 346 0 173"
2022028,2022-01-28,0,8,6,086,"0 8 6 0 0 0 1 1 98506322 0 1040 0 346 0 173"
2022029,2022-02-08,5,7,8,578,"5 7 8 1 2 5 1 1 75601024 0 1040 0 346 0 173"
2022030,2022-02-09,5,6,1,561,"5 6 1 5 2 6 1 1 73892308 0 1040 0 346 0 173"
2022031,2022-02-10,6,6,4,664,"6 6 4 6 7 6 1 1 78917306 0 1040 0 346 0 173"
2022032,2022-02-11,5,0,0,500,"5 0 0 3 4 1 1 1 78067072 0 1040 0 346 0 173"
2022033,2022-02-12,7,4,4,744,"7 4 4 0 5 1 1 1 72110344 0 1040 0 346 0 173"
2022034,2022-02-13,6,8,9,689,"6 8 9 9 2 2 1 1 75053658 0 1040 0 346 0 173"
2022035,2022-02-14,0,5,9,059,"0 5 9 5 2 7 1 1 76535138 0 1040 0 346 0 173"
2022036,2022-02-15,6,4,1,641,"6 4 1 0 5 3 1 1 77152100 0 1040 0 346 0 173"
2022037,2022-02-16,5,3,6,536,"5 3 6 0 8 6 1 1 79606440 0 1040 0 346 0 173"
2022038,2022-02-17,0,8,3,083,"0 8 3 9 3 9 1 1 80642616 0 1040 0 346 0 173"
2022039,2022-02-18,7,8,7,787,"7 8 7 9 9 1 1 1 84691934 0 1040 0 346 0 173"
2022040,2022-02-19,9,7,7,977,"9 7 7 4 5 8 1 1 80809758 0 1040 0 346 0 173"
2022041,2022-02-20,1,8,4,184,"1 8 4 1 3 8 1 1 78924714 0 1040 0 346 0 173"
2022042,2022-02-21,7,0,2,702,"7 0 2 0 0 0 1 1 84169968 0 1040 0 346 0 173"
2022043,2022-02-22,4,0,4,404,"4 0 4 4 0 9 1 1 81681910 0 1040 0 346 0 173"
2022044,2022-02-23,1,6,9,169,"1 6 9 0 4 3 1 1 82579250 0 1040 0 346 0 173"
2022045,2022-02-24,8,2,2,822,"8 2 2 7 4 4 1 1 83284820 0 1040 0 346 0 173"
2022046,2022-02-25,8,7,5,875,"8 7 5 3 4 6 1 1 85753298 0 1040 0 346 0 173"
2022047,2022-02-26,8,8,2,882,"8 8 2 8 4 5 1 1 84087274 0 1040 0 346 0 173"
2022048,2022-02-27,2,2,5,225,"2 2 5 3 8 9 1 1 84511438 0 1040 0 346 0 173"
2022049,2022-02-28,0,2,6,026,"0 2 6 6 2 3 1 1 82271822 0 1040 0 346 0 173"
2022050,2022-03-01,9,8,2,982,"9 8 2 7 6 8 1 1 83535758 0 1040 0 346 0 173"
2022051,2022-03-02,5,7,3,573,"5 7 3 5 4 4 1 1 83532554 0 1040 0 346 0 173"
2022052,2022-03-03,0,5,3,053,"0 5 3 9 1 9 1 1 88693124 0 1040 0 346 0 173"
2022053,2022-03-04,7,6,4,764,"7 6 4 6 0 8 1 1 85872652 0 1040 0 346 0 173"
2022054,2022-03-05,5,8,5,585,"5 8 5 2 0 5 1 1 87303024 0 1040 0 346 0 173"
2022055,2022-03-06,7,9,4,794,"7 9 4 1 8 7 1 1 86310582 0 1040 0 346 0 173"
2022056,2022-03-07,0,9,2,092,"0 9 2 2 4 4 1 1 89676860 0 1040 0 346 0 173"
2022057,2022-03-08,5,4,6,546,"5 4 6 4 8 1 1 1 87725008 0 1040 0 346 0 173"
2022058,2022-03-09,2,1,8,218,"2 1 8 0 5 1 1 1 92057828 0 1040 0 346 0 173"
2022059,2022-03-10,7,2,7,727,"7 2 7 8 1 7 1 1 94514334 0 1040 0 346 0 173"
2022060,2022-03-11,5,4,3,543,"5 4 3 2 7 2 1 1 95093852 0 1040 0 346 0 173"
2022061,2022-03-12,8,9,5,895,"8 9 5 1 7 2 1 1 91728050 0 1040 0 346 0 173"
2022062,2022-03-13,8,1,2,812,"8 1 2 2 8 1 1 1 93141630 0 1040 0 346 0 173"
2022063,2022-03-14,9,9,1,991,"9 9 1 8 2 3 1 1 91373308 0 1040 0 346 0 173"
2022064,2022-03-15,3,5,4,354,"3 5 4 4 7 2 1 1 88679794 0 1040 0 346 0 173"
2022065,2022-03-16,2,5,4,254,"2 5 4 3 1 1 1 1 90128710 0 1040 0 346 0 173"
2022066,2022-03-17,9,6,8,968,"9 6 8 5 2 7 1 1 90278910 0 1040 0 346 0 173"
2022067,2022-03-18,9,9,8,998,"9 9 8 3 7 4 1 1 91416476 0 1040 0 346 0 173"
2022068,2022-03-19,5,6,9,569,"5 6 9 3 9 4 1 1 89004062 0 1040 0 346 0 173"
2022069,2022-03-20,7,3,0,730,"7 3 0 1 0 5 1 1 91209856 0 1040 0 346 0 173"
2022070,2022-03-21,6,1,8,618,"6 1 8 4 5 9 1 1 94425112 0 1040 0 346 0 173"
2022071,2022-03-22,9,3,5,935,"9 3 5 8 0 3 1 1 95938996 0 1040 0 346 0 173"
2022072,2022-03-23,7,8,3,783,"7 8 3 7 3 2 1 1 100396096 0 1040 0 346 0 173"
2022073,2022-03-24,0,1,4,014,"0 1 4 1 9 1 1 1 98038786 0 1040 0 346 0 173"
2022074,2022-03-25,7,5,9,759,"7 5 9 6 5 7 1 1 100966226 0 1040 0 346 0 173"
2022075,2022-03-26,6,6,0,660,"6 6 0 7 2 3 1 1 97721066 0 1040 0 346 0 173"
2022076,2022-03-27,0,9,1,091,"0 9 1 0 6 1 1 1 96005260 0 1040 0 346 0 173"
2022077,2022-03-28,9,8,6,986,"9 8 6 9 5 8 1 1 94641332 0 1040 0 346 0 173"
2022078,2022-03-29,3,9,8,398,"3 9 8 2 7 9 1 1 98423090 0 1040 0 346 0 173"
2022079,2022-03-30,2,1,0,210,"2 1 0 1 0 7 1 1 98722646 0 1040 0 346 0 173"
2022080,2022-03-31,7,2,3,723,"7 2 3 8 6 9 1 1 98803730 0 1040 0 346 0 173"
2022081,2022-04-01,8,3,8,838,"8 3 8 6 4 1 1 1 100382130 0 1040 0 346 0 173"
2022082,2022-04-02,5,0,5,505,"5 0 5 4 5 1 1 1 94926450 0 1040 0 346 0 173"
2022083,2022-04-03,4,6,5,465,"4 6 5 1 3 1 1 1 88529264 0 1040 0 346 0 173"
2022084,2022-04-04,7,9,7,797,"7 9 7 2 1 9 1 1 91745304 0 1040 0 346 0 173"
2022085,2022-04-05,6,5,4,654,"6 5 4 1 6 0 1 1 87936744 0 1040 0 346 0 173"
2022086,2022-04-06,2,0,4,204,"2 0 4 4 1 5 1 1 91598764 0 1040 0 346 0 173"
2022087,2022-04-07,0,6,9,069,"0 6 9 1 6 5 1 1 89652062 0 1040 0 346 0 173"
2022088,2022-04-08,2,6,1,261,"2 6 1 4 2 2 1 1 96183560 0 1040 0 346 0 173"
2022089,2022-04-09,7,1,3,713,"7 1 3 5 5 6 1 1 89249404 0 1040 0 346 0 173"
2022090,2022-04-10,7,2,2,722,"7 2 2 5 0 1 1 1 93072126 0 1040 0 346 0 173"
2022091,2022-04-11,3,6,7,367,"3 6 7 3 5 4 1 1 87806494 0 1040 0 346 0 173"
2022092,2022-04-12,7,5,2,752,"7 5 2 5 9 4 1 1 90367952 0 1040 0 346 0 173"
2022093,2022-04-13,6,3,3,633,"6 3 3 4 9 8 1 1 87627128 0 1040 0 346 0 173"
2022094,2022-04-14,1,9,8,198,"1 9 8 1 6 8 1 1 90776528 0 1040 0 346 0 173"
2022095,2022-04-15,5,1,9,519,"5 1 9 0 6 5 1 1 94771034 0 1040 0 346 0 173"
2022096,2022-04-16,8,1,0,810,"8 1 0 0 7 1 1 1 93378274 0 1040 0 346 0 173"
2022097,2022-04-17,3,0,4,304,"3 0 4 6 0 1 1 1 92975604 0 1040 0 346 0 173"
2022098,2022-04-18,4,6,5,465,"4 6 5 8 6 9 1 1 92703248 0 1040 0 346 0 173"
2022099,2022-04-19,3,9,3,393,"3 9 3 5 5 2 1 1 93778458 0 1040 0 346 0 173"
2022100,2022-04-20,6,6,6,666,"6 6 6 6 1 9 1 1 93151938 0 1040 0 346 0 173"
2022101,2022-04-21,7,3,1,731,"7 3 1 7 7 7 1 1 88359912 0 1040 0 346 0 173"
2022102,2022-04-22,8,5,1,851,"8 5 1 3 8 6 1 1 97022562 0 1040 0 346 0 173"
2022103,2022-04-23,9,5,8,958,"9 5 8 9 7 6 1 1 95071740 0 1040 0 346 0 173"
2022104,2022-04-24,6,9,0,690,"6 9 0 4 8 3 1 1 95677150 0 1040 0 346 0 173"
2022105,2022-04-25,4,4,0,440,"4 4 0 2 1 8 1 1 99274024 0 1040 0 346 0 173"
2022106,2022-04-26,5,0,7,507,"5 0 7 5 7 2 1 1 93665832 0 1040 0 346 0 173"
2022107,2022-04-27,1,5,0,150,"1 5 0 5 9 1 1 1 94936698 0 1040 0 346 0 173"
2022108,2022-04-28,5,1,2,512,"5 1 2 3 3 3 1 1 94327068 0 1040 0 346 0 173"
2022109,2022-04-29,8,6,5,865,"8 6 5 1 0 9 1 1 97739388 0 1040 0 346 0 173"
2022110,2022-04-30,0,4,0,040,"0 4 0 3 9 7 1 1 91968650 0 1040 0 346 0 173"
2022111,2022-05-01,3,3,4,334,"3 3 4 9 0 7 1 1 84800290 0 1040 0 346 0 173"
2022112,2022-05-02,2,4,5,245,"2 4 5 0 6 6 1 1 83181036 0 1040 0 346 0 173"
2022113,2022-05-03,2,9,9,299,"2 9 9 3 3 8 1 1 86174978 0 1040 0 346 0 173"
2022114,2022-05-04,6,2,3,623,"6 2 3 2 4 3 1 1 82741056 0 1040 0 346 0 173"
2022115,2022-05-05,9,2,8,928,"9 2 8 0 9 9 1 1 87560624 0 1040 0 346 0 173"
2022116,2022-05-06,8,1,2,812,"8 1 2 8 6 8 1 1 91776178 0 1040 0 346 0 173"
2022117,2022-05-07,2,8,1,281,"2 8 1 1 9 3 1 1 92423848 0 1040 0 346 0 173"
2022118,2022-05-08,2,6,0,260,"2 6 0 6 5 7 1 1 86476980 0 1040 0 346 0 173"
2022119,2022-05-09,3,2,0,320,"3 2 0 7 4 0 1 1 87225502 0 1040 0 346 0 173"
2022120,2022-05-10,5,0,9,509,"5 0 9 5 7 0 1 1 86673562 0 1040 0 346 0 173"
2022121,2022-05-11,7,6,5,765,"7 6 5 7 1 6 1 1 88578648 0 1040 0 346 0 173"
2022122,2022-05-12,5,9,2,592,"5 9 2 7 7 4 1 1 90184304 0 1040 0 346 0 173"
2022123,2022-05-13,5,9,0,590,"5 9 0 2 7 6 1 1 92062596 0 1040 0 346 0 173"
2022124,2022-05-14,9,0,1,901,"9 0 1 9 2 7 1 1 87608636 0 1040 0 346 0 173"
2022125,2022-05-15,0,9,0,090,"0 9 0 0 3 4 1 1 88326372 0 1040 0 346 0 173"
2022126,2022-05-16,5,5,4,554,"5 5 4 5 6 1 1 1 84440870 0 1040 0 346 0 173"
2022127,2022-05-17,2,5,6,256,"2 5 6 3 2 7 1 1 86366072 0 1040 0 346 0 173"
2022128,2022-05-18,1,5,6,156,"1 5 6 9 1 6 1 1 88104696 0 1040 0 346 0 173"
2022129,2022-05-19,3,9,5,395,"3 9 5 8 8 3 1 1 86331728 0 1040 0 346 0 173"
2022130,2022-05-20,4,6,2,462,"4 6 2 1 6 2 1 1 86630326 0 1040 0 346 0 173"
2022131,2022-05-21,8,6,5,865,"8 6 5 4 7 5 1 1 84758760 0 1040 0 346 0 173"
2022132,2022-05-22,5,7,2,572,"5 7 2 4 1 0 1 1 84454314 0 1040 0 346 0 173"
2022133,2022-05-23,9,2,0,920,"9 2 0 6 8 0 1 1 84148262 0 1040 0 346 0 173"
2022134,2022-05-24,9,5,3,953,"9 5 3 1 9 4 1 1 84469268 0 1040 0 346 0 173"
2022135,2022-05-25,1,6,7,167,"1 6 7 5 6 6 1 1 83855508 0 1040 0 346 0 173"
2022136,2022-05-26,5,6,2,562,"5 6 2 9 0 1 1 1 84972840 0 1040 0 346 0 173"
2022137,2022-05-27,4,4,1,441,"4 4 1 8 4 0 1 1 88067260 0 1040 0 346 0 173"
2022138,2022-05-28,9,4,3,943,"9 4 3 6 6 7 1 1 80815392 0 1040 0 346 0 173"
2022139,2022-05-29,1,2,1,121,"1 2 1 5 7 3 1 1 81295422 0 1040 0 346 0 173"
2022140,2022-05-30,3,2,3,323,"3 2 3 6 1 0 1 1 78121394 0 1040 0 346 0 173"
2022141,2022-05-31,5,0,5,505,"5 0 5 8 7 0 1 1 78639346 0 1040 0 346 0 173"
2022142,2022-06-01,8,8,3,883,"8 8 3 0 9 3 1 1 81897684 0 1040 0 346 0 173"
2022143,2022-06-02,2,3,1,231,"2 3 1 1 0 0 1 1 79759246 0 1040 0 346 0 173"
2022144,2022-06-03,0,6,0,060,"0 6 0 8 9 6 1 1 77458178 0 1040 0 346 0 173"
2022145,2022-06-04,1,5,0,150,"1 5 0 9 9 0 1 1 77238878 0 1040 0 346 0 173"
2022146,2022-06-05,8,4,8,848,"8 4 8 8 4 7 1 1 78561204 0 1040 0 346 0 173"
2022147,2022-06-06,8,6,9,869,"8 6 9 9 6 8 1 1 78488158 0 1040 0 346 0 173"
2022148,2022-06-07,7,7,5,775,"7 7 5 2 6 2 1 1 79084810 0 1040 0 346 0 173"
2022149,2022-06-08,0,2,7,027,"0 2 7 6 6 7 1 1 78212922 0 1040 0 346 0 173"
2022150,2022-06-09,6,3,0,630,"6 3 0 7 0 5 1 1 80196292 0 1040 0 346 0 173"
2022151,2022-06-10,4,4,3,443,"4 4 3 9 2 1 1 1 81823394 0 1040 0 346 0 173"
2022152,2022-06-11,5,7,7,577,"5 7 7 6 1 2 1 1 76408772 0 1040 0 346 0 173"
2022153,2022-06-12,8,0,8,808,"8 0 8 1 5 2 1 1 76284176 0 1040 0 346 0 173"
2022154,2022-06-13,2,3,4,234,"2 3 4 5 1 5 1 1 76400144 0 1040 0 346 0 173"
2022155,2022-06-14,5,3,6,536,"5 3 6 6 5 4 1 1 76247200 0 1040 0 346 0 173"
2022156,2022-06-15,2,4,7,247,"2 4 7 7 6 3 1 1 79775852 0 1040 0 346 0 173"
2022157,2022-06-16,4,2,9,429,"4 2 9 1 2 6 1 1 82131550 0 1040 0 346 0 173"
2022158,2022-06-17,9,5,8,958,"9 5 8 6 4 5 1 1 81928212 0 1040 0 346 0 173"
2022159,2022-06-18,0,2,1,021,"0 2 1 7 9 7 1 1 82243816 0 1040 0 346 0 173"
2022160,2022-06-19,9,4,9,949,"9 4 9 0 9 5 1 1 78354220 0 1040 0 346 0 173"
2022161,2022-06-20,7,7,2,772,"7 7 2 1 5 1 1 1 77531998 0 1040 0 346 0 173"
2022162,2022-06-21,8,6,4,864,"8 6 4 0 7 5 1 1 78227380 0 1040 0 346 0 173"
2022163,2022-06-22,5,3,2,532,"5 3 2 2 0 3 1 1 78952190 0 1040 0 346 0 173"
2022164,2022-06-23,1,0,5,105,"1 0 5 0 7 2 1 1 81940722 0 1040 0 346 0 173"
2022165,2022-06-24,7,0,8,708,"7 0 8 2 3 4 1 1 81574766 0 1040 0 346 0 173"
2022166,2022-06-25,4,8,7,487,"4 8 7 5 3 6 1 1 77447392 0 1040 0 346 0 173"
2022167,2022-06-26,7,8,3,783,"7 8 3 6 4 9 1 1 80003058 0 1040 0 346 0 173"
2022168,2022-06-27,2,0,3,203,"2 0 3 3 6 3 1 1 80067108 0 1040 0 346 0 173"
2022169,2022-06-28,7,1,9,719,"7 1 9 1 8 3 1 1 80660000 0 1040 0 346 0 173"
2022170,2022-06-29,6,3,5,635,"6 3 5 1 5 6 1 1 79462490 0 1040 0 346 0 173"
2022171,2022-06-30,3,4,1,341,"3 4 1 1 8 2 1 1 82787868 0 1040 0 346 0 173"
2022172,2022-07-01,3,2,4,324,"3 2 4 2 1 3 1 1 84530550 0 1040 0 346 0 173"
2022173,2022-07-02,5,5,7,557,"5 5 7 8 3 9 1 1 82296698 0 1040 0 346 0 173"
2022174,2022-07-03,7,3,2,732,"7 3 2 1 7 1 1 1 83827024 0 1040 0 346 0 173"
2022175,2022-07-04,7,3,7,737,"7 3 7 5 0 7 1 1 84653228 0 1040 0 346 0 173"
2022176,2022-07-05,7,4,7,747,"7 4 7 6 2 5 1 1 82428510 0 1040 0 346 0 173"
2022177,2022-07-06,6,0,2,602,"6 0 2 3 1 7 1 1 81911142 0 1040 0 346 0 173"
2022178,2022-07-07,3,8,7,387,"3 8 7 2 9 8 1 1 82810550 0 1040 0 346 0 173"
2022179,2022-07-08,6,9,9,699,"6 9 9 3 0 7 1 1 85651870 0 1040 0 346 0 173"
2022180,2022-07-09,5,0,3,503,"5 0 3 2 4 4 1 1 80167884 0 1040 0 346 0 173"
2022181,2022-07-10,8,7,2,872,"8 7 2 8 3 0 1 1 80539364 0 1040 0 346 0 173"
2022182,2022-07-11,3,5,1,351,"3 5 1 0 2 2 1 1 84694650 0 1040 0 346 0 173"
2022183,2022-07-12,5,1,5,515,"5 1 5 2 4 3 1 1 85949246 0 1040 0 346 0 173"
2022184,2022-07-13,4,8,5,485,"4 8 5 5 8 0 1 1 83861330 0 1040 0 346 0 173"
2022185,2022-07-14,8,5,1,851,"8 5 1 0 9 6 1 1 84436854 0 1040 0 346 0 173"
2022186,2022-07-15,6,8,5,685,"6 8 5 6 4 9 1 1 90608112 0 1040 0 346 0 173"
2022187,2022-07-16,5,0,2,502,"5 0 2 8 4 9 1 1 87161170 0 1040 0 346 0 173"
2022188,2022-07-17,6,7,7,677,"6 7 7 7 7 6 1 1 87447716 0 1040 0 346 0 173"
2022189,2022-07-18,6,1,9,619,"6 1 9 9 3 3 1 1 87524402 0 1040 0 346 0 173"
2022190,2022-07-19,1,8,1,181,"1 8 1 9 1 6 1 1 88522220 0 1040 0 346 0 173"
2022191,2022-07-20,1,4,1,141,"1 4 1 7 3 8 1 1 85475724 0 1040 0 346 0 173"
2022192,2022-07-21,0,8,3,083,"0 8 3 6 0 3 1 1 83421302 0 1040 0 346 0 173"
2022193,2022-07-22,7,2,9,729,"7 2 9 9 9 4 1 1 86314458 0 1040 0 346 0 173"
2022194,2022-07-23,6,8,9,689,"6 8 9 1 4 9 1 1 86551144 0 1040 0 346 0 173"
2022195,2022-07-24,6,6,0,660,"6 6 0 7 3 0 1 1 88916648 0 1040 0 346 0 173"
2022196,2022-07-25,6,0,3,603,"6 0 3 1 3 3 1 1 89924976 0 1040 0 346 0 173"
2022197,2022-07-26,5,6,5,565,"5 6 5 8 7 3 1 1 98857476 0 1040 0 346 0 173"
2022198,2022-07-27,6,1,1,611,"6 1 1 5 1 7 1 1 96720040 0 1040 0 346 0 173"
2022199,2022-07-28,5,0,8,508,"5 0 8 3 6 0 1 1 95022356 0 1040 0 346 0 173"
2022200,2022-07-29,7,9,7,797,"7 9 7 3 7 7 1 1 96249886 0 1040 0 346 0 173"
2022201,2022-07-30,5,7,8,578,"5 7 8 5 1 5 1 1 90639966 0 1040 0 346 0 173"
2022202,2022-07-31,6,5,2,652,"6 5 2 4 8 3 1 1 92795626 0 1040 0 346 0 173"
2022203,2022-08-01,1,5,1,151,"1 5 1 6 8 6 1 1 94064120 0 1040 0 346 0 173"
2022204,2022-08-02,5,2,5,525,"5 2 5 2 9 5 1 1 90598674 0 1040 0 346 0 173"
2022205,2022-08-03,9,3,6,936,"9 3 6 3 1 4 1 1 92306128 0 1040 0 346 0 173"
2022206,2022-08-04,2,9,0,290,"2 9 0 2 3 1 1 1 93610770 0 1040 0 346 0 173"
2022207,2022-08-05,0,9,7,097,"0 9 7 5 8 2 1 1 94288980 0 1040 0 346 0 173"
2022208,2022-08-06,4,0,8,408,"4 0 8 1 7 3 1 1 89335952 0 1040 0 346 0 173"
2022209,2022-08-07,1,6,7,167,"1 6 7 5 0 8 1 1 87862062 0 1040 0 346 0 173"
2022210,2022-08-08,3,9,2,392,"3 9 2 0 9 8 1 1 90302046 0 1040 0 346 0 173"
2022211,2022-08-09,1,3,1,131,"1 3 1 7 0 5 1 1 87824818 0 1040 0 346 0 173"
2022212,2022-08-10,5,6,0,560,"5 6 0 8 2 4 1 1 86940578 0 1040 0 346 0 173"
2022213,2022-08-11,7,5,3,753,"7 5 3 1 8 6 1 1 89631102 0 1040 0 346 0 173"
2022214,2022-08-12,2,8,2,282,"2 8 2 6 1 5 1 1 94447570 0 1040 0 346 0 173"
2022215,2022-08-13,1,4,6,146,"1 4 6 0 7 9 1 1 90106722 0 1040 0 346 0 173"
2022216,2022-08-14,7,6,5,765,"7 6 5 1 0 1 1 1 89306988 0 1040 0 346 0 173"
2022217,2022-08-15,0,6,9,069,"0 6 9 7 6 1 1 1 91900746 0 1040 0 346 0 173"
2022218,2022-08-16,1,1,7,117,"1 1 7 6 8 5 1 1 90915062 0 1040 0 346 0 173"
2022219,2022-08-17,7,9,2,792,"7 9 2 7 7 9 1 1 90060054 0 1040 0 346 0 173"
2022220,2022-08-18,0,0,6,006,"0 0 6 1 3 8 1 1 91581878 0 1040 0 346 0 173"
2022221,2022-08-19,7,3,3,733,"7 3 3 2 8 3 1 1 91601624 0 1040 0 346 0 173"
2022222,2022-08-20,8,9,3,893,"8 9 3 0 3 5 1 1 87230540 0 1040 0 346 0 173"
2022223,2022-08-21,2,3,0,230,"2 3 0 9 6 6 1 1 87692574 0 1040 0 346 0 173"
2022224,2022-08-22,0,0,8,008,"0 0 8 5 5 6 1 1 87845080 0 1040 0 346 0 173"
2022225,2022-08-23,4,1,0,410,"4 1 0 7 5 1 1 1 86277282 0 1040 0 346 0 173"
2022226,2022-08-24,4,2,6,426,"4 2 6 5 1 0 1 1 86727618 0 1040 0 346 0 173"
2022227,2022-08-25,6,5,4,654,"6 5 4 0 3 7 1 1 88441628 0 1040 0 346 0 173"
2022228,2022-08-26,6,4,0,640,"6 4 0 9 2 2 1 1 91813222 0 1040 0 346 0 173"
2022229,2022-08-27,9,6,0,960,"9 6 0 4 4 3 1 1 88216072 0 1040 0 346 0 173"
2022230,2022-08-28,6,6,0,660,"6 6 0 4 7 8 1 1 88411766 0 1040 0 346 0 173"
2022231,2022-08-29,4,4,4,444,"4 4 4 1 3 3 1 1 88310178 0 1040 0 346 0 173"
2022232,2022-08-30,9,7,5,975,"9 7 5 2 2 2 1 1 83565904 0 1040 0 346 0 173"
2022233,2022-08-31,9,7,3,973,"9 7 3 2 3 2 1 1 88348492 0 1040 0 346 0 173"
2022234,2022-09-01,1,8,8,188,"1 8 8 2 7 5 1 1 88465492 0 1040 0 346 0 173"
2022235,2022-09-02,6,2,5,625,"6 2 5 3 5 5 1 1 89481816 0 1040 0 346 0 173"
2022236,2022-09-03,3,3,6,336,"3 3 6 4 1 8 1 1 89162120 0 1040 0 346 0 173"
2022237,2022-09-04,6,9,1,691,"6 9 1 4 5 3 1 1 88564618 0 1040 0 346 0 173"
2022238,2022-09-05,1,3,1,131,"1 3 1 7 9 4 1 1 92147438 0 1040 0 346 0 173"
2022239,2022-09-06,1,0,9,109,"1 0 9 2 6 4 1 1 89765674 0 1040 0 346 0 173"
2022240,2022-09-07,0,5,5,055,"0 5 5 6 1 9 1 1 91345954 0 1040 0 346 0 173"
2022241,2022-09-08,7,2,4,724,"7 2 4 0 5 6 1 1 88850838 0 1040 0 346 0 173"
2022242,2022-09-09,3,2,7,327,"3 2 7 6 4 2 1 1 95817706 0 1040 0 346 0 173"
2022243,2022-09-10,6,3,8,638,"6 3 8 9 9 0 1 1 87955610 0 1040 0 346 0 173"
2022244,2022-09-11,4,9,2,492,"4 9 2 3 4 5 1 1 93390190 0 1040 0 346 0 173"
2022245,2022-09-12,0,6,0,060,"0 6 0 1 7 6 1 1 99049734 0 1040 0 346 0 173"
2022246,2022-09-13,2,2,2,222,"2 2 2 3 0 2 1 1 93096690 0 1040 0 346 0 173"
2022247,2022-09-14,3,3,8,338,"3 3 8 3 9 4 1 1 90065638 0 1040 0 346 0 173"
2022248,2022-09-15,1,9,7,197,"1 9 7 7 9 1 1 1 93682300 0 1040 0 346 0 173"
2022249,2022-09-16,2,8,5,285,"2 8 5 8 4 3 1 1 103605078 0 1040 0 346 0 173"
2022250,2022-09-17,0,4,1,041,"0 4 1 0 7 7 1 1 100708646 0 1040 0 346 0 173"
2022251,2022-09-18,8,8,3,883,"8 8 3 9 1 4 1 1 100072750 0 1040 0 346 0 173"
2022252,2022-09-19,9,8,6,986,"9 8 6 5 1 3 1 1 97723064 0 1040 0 346 0 173"
2022253,2022-09-20,3,2,7,327,"3 2 7 2 6 6 1 1 95483514 0 1040 0 346 0 173"
2022254,2022-09-21,3,5,6,356,"3 5 6 9 2 2 1 1 97902058 0 1040 0 346 0 173"
2022255,2022-09-22,0,9,9,099,"0 9 9 4 9 3 1 1 97568988 0 1040 0 346 0 173"
2022256,2022-09-23,0,7,0,070,"0 7 0 7 7 9 1 1 97333390 0 1040 0 346 0 173"
2022257,2022-09-24,0,9,2,092,"0 9 2 0 5 1 1 1 93303366 0 1040 0 346 0 173"
2022258,2022-09-25,4,4,4,444,"4 4 4 0 2 7 1 1 92367938 0 1040 0 346 0 173"
2022259,2022-09-26,6,9,6,696,"6 9 6 3 0 5 1 1 91392664 0 1040 0 346 0 173"
2022260,2022-09-27,2,8,0,280,"2 8 0 8 5 3 1 1 93028696 0 1040 0 346 0 173"
2022261,2022-09-28,8,3,8,838,"8 3 8 2 9 7 1 1 94545162 0 1040 0 346 0 173"
2022262,2022-09-29,7,6,4,764,"7 6 4 4 8 3 1 1 97040524 0 1040 0 346 0 173"
2022263,2022-09-30,2,8,9,289,"2 8 9 6 7 0 1 1 102756104 0 1040 0 346 0 173"
2022264,2022-10-05,5,3,3,533,"5 3 3 0 6 5 1 1 85830022 0 1040 0 346 0 173"
2022265,2022-10-06,9,0,9,909,"9 0 9 7 3 0 1 1 84017178 0 1040 0 346 0 173"
2022266,2022-10-07,4,1,0,410,"4 1 0 3 0 1 1 1 89017714 0 1040 0 346 0 173"
2022267,2022-10-08,7,3,8,738,"7 3 8 4 8 6 1 1 91142132 0 1040 0 346 0 173"
2022268,2022-10-09,0,3,7,037,"0 3 7 2 6 1 1 1 93413672 0 1040 0 346 0 173"
2022269,2022-10-10,6,4,3,643,"6 4 3 8 6 0 1 1 93928808 0 1040 0 346 0 173"
2022270,2022-10-11,8,8,9,889,"8 8 9 7 8 0 1 1 95564480 0 1040 0 346 0 173"
2022271,2022-10-12,5,0,0,500,"5 0 0 9 7 4 1 1 93062650 0 1040 0 346 0 173"
2022272,2022-10-13,5,3,1,531,"5 3 1 7 4 1 1 1 93344828 0 1040 0 346 0 173"
2022273,2022-10-14,9,1,1,911,"9 1 1 8 1 2 1 1 96610068 0 1040 0 346 0 173"
2022274,2022-10-15,8,6,7,867,"8 6 7 3 7 4 1 1 93588270 0 1040 0 346 0 173"
2022275,2022-10-16,0,2,0,020,"0 2 0 7 9 0 1 1 92231208 0 1040 0 346 0 173"
2022276,2022-10-17,3,0,9,309,"3 0 9 9 0 6 1 1 91369232 0 1040 0 346 0 173"
2022277,2022-10-18,0,0,8,008,"0 0 8 5 8 4 1 1 92253560 0 1040 0 346 0 173"
2022278,2022-10-19,1,2,8,128,"1 2 8 5 7 8 1 1 92384878 0 1040 0 346 0 173"
2022279,2022-10-20,5,1,4,514,"5 1 4 8 8 8 1 1 93021930 0 1040 0 346 0 173"
2022280,2022-10-21,1,3,9,139,"1 3 9 3 6 1 1 1 95409684 0 1040 0 346 0 173"
2022281,2022-10-22,6,2,2,622,"6 2 2 1 1 1 1 1 94987896 0 1040 0 346 0 173"
2022282,2022-10-23,5,7,8,578,"5 7 8 8 9 1 1 1 92582620 0 1040 0 346 0 173"
2022283,2022-10-24,1,3,9,139,"1 3 9 9 6 3 1 1 96095002 0 1040 0 346 0 173"
2022284,2022-10-25,2,3,0,230,"2 3 0 0 0 6 1 1 98600710 0 1040 0 346 0 173"
2022285,2022-10-26,2,2,9,229,"2 2 9 5 4 4 1 1 99779694 0 1040 0 346 0 173"
2022286,2022-10-27,4,5,2,452,"4 5 2 8 6 0 1 1 93476330 0 1040 0 346 0 173"
2022287,2022-10-28,5,1,2,512,"5 1 2 7 5 9 1 1 100640972 0 1040 0 346 0 173"
2022288,2022-10-29,3,5,8,358,"3 5 8 7 1 4 1 1 97573270 0 1040 0 346 0 173"
2022289,2022-10-30,1,5,7,157,"1 5 7 6 7 0 1 1 101202760 0 1040 0 346 0 173"
2022290,2022-10-31,2,9,9,299,"2 9 9 1 2 9 1 1 104579778 0 1040 0 346 0 173"
2022291,2022-11-01,8,7,0,870,"8 7 0 5 1 1 1 1 98840002 0 1040 0 346 0 173"
2022292,2022-11-02,4,2,8,428,"4 2 8 6 1 9 1 1 103902344 0 1040 0 346 0 173"
2022293,2022-11-03,0,7,2,072,"0 7 2 1 1 5 1 1 100175144 0 1040 0 346 0 173"
2022294,2022-11-04,6,2,8,628,"6 2 8 2 4 0 1 1 102847178 0 1040 0 346 0 173"
2022295,2022-11-05,1,8,4,184,"1 8 4 7 1 9 1 1 104108584 0 1040 0 346 0 173"
2022296,2022-11-06,3,0,5,305,"3 0 5 9 3 9 1 1 102985872 0 1040 0 346 0 173"
2022297,2022-11-07,3,1,5,315,"3 1 5 6 1 7 1 1 105443320 0 1040 0 346 0 173"
2022298,2022-11-08,7,7,7,777,"7 7 7 6 1 6 1 1 102453626 0 1040 0 346 0 173"
2022299,2022-11-09,4,1,1,411,"4 1 1 0 3 9 1 1 98675424 0 1040 0 346 0 173"
2022300,2022-11-10,2,9,2,292,"2 9 2 2 3 7 1 1 97110296 0 1040 0 346 0 173"
2022301,2022-11-11,1,8,2,182,"1 8 2 8 9 2 1 1 105013548 0 1040 0 346 0 173"
2022302,2022-11-12,7,5,4,754,"7 5 4 6 9 0 1 1 101121384 0 1040 0 346 0 173"
2022303,2022-11-13,3,1,9,319,"3 1 9 1 3 3 1 1 100752354 0 1040 0 346 0 173"
2022304,2022-11-14,7,6,7,767,"7 6 7 3 7 5 1 1 107434060 0 1040 0 346 0 173"
2022305,2022-11-15,3,1,5,315,"3 1 5 8 7 9 1 1 105487014 0 1040 0 346 0 173"
2022306,2022-11-16,1,8,8,188,"1 8 8 3 6 6 1 1 109075918 0 1040 0 346 0 173"
2022307,2022-11-17,7,6,2,762,"7 6 2 9 4 7 1 1 106275026 0 1040 0 346 0 173"
2022308,2022-11-18,0,8,7,087,"0 8 7 0 5 4 1 1 113813664 0 1040 0 346 0 173"
2022309,2022-11-19,2,2,0,220,"2 2 0 0 3 6 1 1 107429334 0 1040 0 346 0 173"
2022310,2022-11-20,9,1,1,911,"9 1 1 3 6 9 1 1 100450602 0 1040 0 346 0 173"
2022311,2022-11-21,9,2,3,923,"9 2 3 8 4 0 1 1 99852744 0 1040 0 346 0 173"
2022312,2022-11-22,5,2,7,527,"5 2 7 6 0 4 1 1 97343880 0 1040 0 346 0 173"
2022313,2022-11-23,9,4,2,942,"9 4 2 4 2 5 1 1 101985992 0 1040 0 346 0 173"
2022314,2022-11-24,7,1,4,714,"7 1 4 2 0 2 1 1 98300316 0 1040 0 346 0 173"
2022315,2022-11-25,8,9,4,894,"8 9 4 2 8 8 1 1 104804836 0 1040 0 346 0 173"
2022316,2022-11-26,7,4,2,742,"7 4 2 5 8 5 1 1 98833884 0 1040 0 346 0 173"
2022317,2022-11-27,7,7,5,775,"7 7 5 2 9 3 1 1 96461396 0 1040 0 346 0 173"
2022318,2022-11-28,3,7,0,370,"3 7 0 4 4 1 1 1 94293452 0 1040 0 346 0 173"
2022319,2022-11-29,2,2,1,221,"2 2 1 2 0 2 1 1 92993870 0 1040 0 346 0 173"
2022320,2022-11-30,4,0,9,409,"4 0 9 9 5 0 1 1 90821544 0 1040 0 346 0 173"
2022321,2022-12-01,3,0,4,304,"3 0 4 4 6 8 1 1 93767456 0 1040 0 346 0 173"
2022322,2022-12-02,9,0,0,900,"9 0 0 8 1 7 1 1 96829698 0 1040 0 346 0 173"
2022323,2022-12-03,3,3,1,331,"3 3 1 8 7 4 1 1 92539210 0 1040 0 346 0 173"
2022324,2022-12-04,4,0,8,408,"4 0 8 4 2 3 1 1 91352946 0 1040 0 346 0 173"
2022325,2022-12-05,8,5,3,853,"8 5 3 2 6 2 1 1 94442798 0 1040 0 346 0 173"
2022326,2022-12-06,9,5,4,954,"9 5 4 0 8 6 1 1 95840670 0 1040 0 346 0 173"
2022327,2022-12-07,3,5,8,358,"3 5 8 7 5 4 1 1 102654048 0 1040 0 346 0 173"
2022328,2022-12-08,9,3,0,930,"9 3 0 5 5 8 1 1 102095424 0 1040 0 346 0 173"
2022329,2022-12-09,4,7,7,477,"4 7 7 2 5 3 1 1 103453382 0 1040 0 346 0 173"
2022330,2022-12-10,0,7,0,070,"0 7 0 8 5 5 1 1 96241610 0 1040 0 346 0 173"
2022331,2022-12-11,7,4,6,746,"7 4 6 5 0 5 1 1 96377540 0 1040 0 346 0 173"
2022332,2022-12-12,4,1,7,417,"4 1 7 2 0 7 1 1 95075552 0 1040 0 346 0 173"
2022333,2022-12-13,6,6,3,663,"6 6 3 0 0 9 1 1 94391664 0 1040 0 346 0 173"
2022334,2022-12-14,5,0,5,505,"5 0 5 3 4 2 1 1 94359734 0 1040 0 346 0 173"
2022335,2022-12-15,2,5,9,259,"2 5 9 9 5 6 1 1 92475798 0 1040 0 346 0 173"
2022336,2022-12-16,2,9,8,298,"2 9 8 3 0 8 1 1 94484442 0 1040 0 346 0 173"
2022337,2022-12-17,0,9,9,099,"0 9 9 3 1 7 1 1 90559732 0 1040 0 346 0 173"
2022338,2022-12-18,7,2,0,720,"7 2 0 0 3 3 1 1 84609414 0 1040 0 346 0 173"
2022339,2022-12-19,0,4,2,042,"0 4 2 4 0 8 1 1 87543748 0 1040 0 346 0 173"
2022340,2022-12-20,0,4,2,042,"0 4 2 3 9 1 1 1 87334134 0 1040 0 346 0 173"
2022341,2022-12-21,8,4,1,841,"8 4 1 9 9 6 1 1 82293420 0 1040 0 346 0 173"
2022342,2022-12-22,5,7,1,571,"5 7 1 4 2 1 1 1 82133488 0 1040 0 346 0 173"
2022343,2022-12-23,5,8,0,580,"5 8 0 7 3 2 1 1 85413466 0 1040 0 346 0 173"
2022344,2022-12-24,6,4,8,648,"6 4 8 2 9 4 1 1 83683450 0 1040 0 346 0 173"
2022345,2022-12-25,5,0,3,503,"5 0 3 3 7 4 1 1 82114494 0 1040 0 346 0 173"
2022346,2022-12-26,9,0,3,903,"9 0 3 3 3 7 1 1 82091354 0 1040 0 346 0 173"
2022347,2022-12-27,3,5,7,357,"3 5 7 2 3 4 1 1 81994724 0 1040 0 346 0 173"
2022348,2022-12-28,1,5,8,158,"1 5 8 9 6 2 1 1 87384066 0 1040 0 346 0 173"
2022349,2022-12-29,5,6,2,562,"5 6 2 6 5 3 1 1 87997008 0 1040 0 346 0 173"
2022350,2022-12-30,6,8,8,688,"6 8 8 1 4 0 1 1 91972396 0 1040 0 346 0 173"
2022351,2022-12-31,2,4,9,249,"2 4 9 0 5 9 1 1 85675196 0 1040 0 346 0 173"
2023001,2023-01-01,4,3,2,432,"4 3 2 7 5 3 1 1 88280912 0 1040 0 346 0 173"
2023002,2023-01-02,8,5,0,850,"8 5 0 0 1 3 1 1 88727564 0 1040 0 346 0 173"
2023003,2023-01-03,5,9,6,596,"5 9 6 5 6 4 1 1 92545752 0 1040 0 346 0 173"
2023004,2023-01-04,3,9,8,398,"3 9 8 3 6 3 1 1 97121910 0 1040 0 346 0 173"
2023005,2023-01-05,6,0,9,609,"6 0 9 3 0 2 1 1 99059176 0 1040 0 346 0 173"
2023006,2023-01-06,7,1,5,715,"7 1 5 5 2 1 1 1 101293994 0 1040 0 346 0 173"
2023007,2023-01-07,8,1,7,817,"8 1 7 4 3 7 1 1 101572144 0 1040 0 346 0 173"
2023008,2023-01-08,7,0,8,708,"7 0 8 6 8 9 1 1 101193360 0 1040 0 346 0 173"
2023009,2023-01-09,7,8,3,783,"7 8 3 2 2 8 1 1 103191338 0 1040 0 346 0 173"
2023010,2023-01-10,2,0,6,206,"2 0 6 7 5 3 1 1 104676990 0 1040 0 346 0 173"
2023011,2023-01-11,6,6,6,666,"6 6 6 0 7 7 1 1 104749730 0 1040 0 346 0 173"
2023012,2023-01-12,6,4,8,648,"6 4 8 3 7 2 1 1 100061492 0 1040 0 346 0 173"
2023013,2023-01-13,8,8,7,887,"8 8 7 2 2 1 1 1 106402820 0 1040 0 346 0 173"
2023014,2023-01-14,3,2,2,322,"3 2 2 4 8 5 1 1 98562484 0 1040 0 346 0 173"
2023015,2023-01-15,5,3,2,532,"5 3 2 6 7 4 1 1 95244640 0 1040 0 346 0 173"
2023016,2023-01-16,6,6,4,664,"6 6 4 4 9 0 1 1 101328892 0 1040 0 346 0 173"
2023017,2023-01-17,0,5,3,053,"0 5 3 9 0 2 1 1 100249360 0 1040 0 346 0 173"
2023018,2023-01-18,1,2,1,121,"1 2 1 7 3 2 1 1 108097884 0 1040 0 346 0 173"
2023019,2023-01-29,8,7,4,874,"8 7 4 2 0 0 1 1 85655058 0 1040 0 346 0 173"
2023020,2023-01-30,8,4,5,845,"8 4 5 1 8 5 1 1 83279102 0 1040 0 346 0 173"
2023021,2023-01-31,0,2,5,025,"0 2 5 4 0 1 1 1 87049202 0 1040 0 346 0 173"
2023022,2023-02-01,4,4,6,446,"4 4 6 7 1 1 1 1 89722500 0 1040 0 346 0 173"
2023023,2023-02-02,5,2,7,527,"5 2 7 2 4 7 1 1 87815406 0 1040 0 346 0 173"
2023024,2023-02-03,4,9,5,495,"4 9 5 0 2 3 1 1 94456228 0 1040 0 346 0 173"
2023025,2023-02-04,8,5,6,856,"8 5 6 1 1 7 1 1 92800060 0 1040 0 346 0 173"
2023026,2023-02-05,5,1,4,514,"5 1 4 8 7 8 1 1 94660786 0 1040 0 346 0 173"
2023027,2023-02-06,3,3,4,334,"3 3 4 7 9 1 1 1 96401994 0 1040 0 346 0 173"
2023028,2023-02-07,0,4,3,043,"0 4 3 2 1 3 1 1 96610750 0 1040 0 346 0 173"
2023029,2023-02-08,9,2,3,923,"9 2 3 5 2 9 1 1 93391072 0 1040 0 346 0 173"
2023030,2023-02-09,7,5,2,752,"7 5 2 5 6 3 1 1 95825514 0 1040 0 346 0 173"
2023031,2023-02-10,3,7,2,372,"3 7 2 3 5 1 1 1 103299858 0 1040 0 346 0 173"
2023032,2023-02-11,1,3,9,139,"1 3 9 5 0 4 1 1 101270288 0 1040 0 346 0 173"
2023033,2023-02-12,5,1,9,519,"5 1 9 5 2 3 1 1 98660122 0 1040 0 346 0 173"
2023034,2023-02-13,8,4,2,842,"8 4 2 2 2 2 1 1 107094654 0 1040 0 346 0 173"
2023035,2023-02-14,1,0,4,104,"1 0 4 7 3 4 1 1 105616734 0 1040 0 346 0 173"
2023036,2023-02-15,3,8,0,380,"3 8 0 8 0 2 1 1 106706948 0 1040 0 346 0 173"
2023037,2023-02-16,6,3,8,638,"6 3 8 3 3 1 1 1 105558214 0 1040 0 346 0 173"
2023038,2023-02-17,8,4,5,845,"8 4 5 5 2 0 1 1 115647970 0 1040 0 346 0 173"
2023039,2023-02-18,9,1,9,919,"9 1 9 2 5 4 1 1 109118016 0 1040 0 346 0 173"
2023040,2023-02-19,4,1,3,413,"4 1 3 6 3 6 1 1 101734710 0 1040 0 346 0 173"
2023041,2023-02-20,1,3,3,133,"1 3 3 1 1 4 1 1 105317132 0 1040 0 346 0 173"
2023042,2023-02-21,7,2,8,728,"7 2 8 8 0 7 1 1 108480334 0 1040 0 346 0 173"
2023043,2023-02-22,9,1,8,918,"9 1 8 3 1 4 1 1 112609218 0 1040 0 346 0 173"
2023044,2023-02-23,8,1,1,811,"8 1 1 4 3 7 1 1 114905930 0 1040 0 346 0 173"
2023045,2023-02-24,7,0,0,700,"7 0 0 9 8 3 1 1 112396612 0 1040 0 346 0 173"
2023046,2023-02-25,1,0,3,103,"1 0 3 7 2 3 1 1 108976186 0 1040 0 346 0 173"
2023047,2023-02-26,1,5,9,159,"1 5 9 5 5 5 1 1 106149728 0 1040 0 346 0 173"
2023048,2023-02-27,3,0,6,306,"3 0 6 3 0 9 1 1 115327798 0 1040 0 346 0 173"
2023049,2023-02-28,7,3,5,735,"7 3 5 6 1 6 1 1 111802880 0 1040 0 346 0 173"
2023050,2023-03-01,6,0,2,602,"6 0 2 9 2 7 1 1 118244182 0 1040 0 346 0 173"
2023051,2023-03-02,0,6,6,066,"0 6 6 3 3 4 1 1 115762702 0 1040 0 346 0 173"
2023052,2023-03-03,1,5,0,150,"1 5 0 8 4 9 1 1 113625796 0 1040 0 346 0 173"
2023053,2023-03-04,3,1,0,310,"3 1 0 8 4 5 1 1 110388154 0 1040 0 346 0 173"
2023054,2023-03-05,1,1,7,117,"1 1 7 3 4 6 1 1 112650190 0 1040 0 346 0 173"
2023055,2023-03-06,8,7,3,873,"8 7 3 3 5 7 1 1 112348508 0 1040 0 346 0 173"
2023056,2023-03-07,1,5,6,156,"1 5 6 1 6 7 1 1 117445640 0 1040 0 346 0 173"
2023057,2023-03-08,9,7,3,973,"9 7 3 1 8 0 1 1 113517090 0 1040 0 346 0 173"
2023058,2023-03-09,7,6,7,767,"7 6 7 2 7 5 1 1 114759970 0 1040 0 346 0 173"
2023059,2023-03-10,0,5,9,059,"0 5 9 9 7 8 1 1 112788292 0 1040 0 346 0 173"
2023060,2023-03-11,0,8,6,086,"0 8 6 7 3 9 1 1 111841336 0 1040 0 346 0 173"
2023061,2023-03-12,2,3,5,235,"2 3 5 9 8 1 1 1 110671498 0 1040 0 346 0 173"
2023062,2023-03-13,7,3,2,732,"7 3 2 1 2 2 1 1 118893072 0 1040 0 346 0 173"
2023063,2023-03-14,0,1,0,010,"0 1 0 8 7 7 1 1 119094814 0 1040 0 346 0 173"
2023064,2023-03-15,2,1,7,217,"2 1 7 2 1 1 1 1 112289738 0 1040 0 346 0 173"
2023065,2023-03-16,5,7,3,573,"5 7 3 9 7 9 1 1 115803952 0 1040 0 346 0 173"
2023066,2023-03-17,1,9,8,198,"1 9 8 2 3 1 1 1 127404096 0 1040 0 346 0 173"
2023067,2023-03-18,0,9,0,090,"0 9 0 3 0 5 1 1 120949926 0 1040 0 346 0 173"
2023068,2023-03-19,7,9,9,799,"7 9 9 4 1 7 1 1 117894202 0 1040 0 346 0 173"
2023069,2023-03-20,0,7,4,074,"0 7 4 6 6 2 1 1 115736916 0 1040 0 346 0 173"
2023070,2023-03-21,9,8,1,981,"9 8 1 8 9 0 1 1 117317512 0 1040 0 346 0 173"
2023071,2023-03-22,2,9,5,295,"2 9 5 0 6 0 1 1 117762332 0 1040 0 346 0 173"
2023072,2023-03-23,4,9,6,496,"4 9 6 3 7 9 1 1 118182168 0 1040 0 346 0 173"
2023073,2023-03-24,5,1,4,514,"5 1 4 9 0 5 1 1 121540138 0 1040 0 346 0 173"
2023074,2023-03-25,1,8,4,184,"1 8 4 3 7 9 1 1 120366930 0 1040 0 346 0 173"
2023075,2023-03-26,9,2,0,920,"9 2 0 6 2 2 1 1 117887256 0 1040 0 346 0 173"
2023076,2023-03-27,8,8,6,886,"8 8 6 2 0 8 1 1 119930372 0 1040 0 346 0 173"
2023077,2023-03-28,4,5,0,450,"4 5 0 9 3 8 1 1 111756876 0 1040 0 346 0 173"
2023078,2023-03-29,8,5,6,856,"8 5 6 6 9 9 1 1 113660922 0 1040 0 346 0 173"
2023079,2023-03-30,8,9,2,892,"8 9 2 5 9 6 1 1 116427514 0 1040 0 346 0 173"
2023080,2023-03-31,8,8,4,884,"8 8 4 5 3 4 1 1 118845876 0 1040 0 346 0 173"
2023081,2023-04-01,9,8,2,982,"9 8 2 6 8 6 1 1 110275114 0 1040 0 346 0 173"
2023082,2023-04-02,0,5,7,057,"0 5 7 6 8 3 1 1 111545948 0 1040 0 346 0 173"
2023083,2023-04-03,8,7,0,870,"8 7 0 1 0 6 1 1 114030220 0 1040 0 346 0 173"
2023084,2023-04-04,8,3,8,838,"8 3 8 5 3 6 1 1 116379746 0 1040 0 346 0 173"
2023085,2023-04-05,5,6,8,568,"5 6 8 0 1 0 1 1 111400082 0 1040 0 346 0 173"
2023086,2023-04-06,1,4,3,143,"1 4 3 6 9 3 1 1 115699588 0 1040 0 346 0 173"
2023087,2023-04-07,2,1,3,213,"2 1 3 9 4 2 1 1 117184162 0 1040 0 346 0 173"
2023088,2023-04-08,7,8,3,783,"7 8 3 4 7 7 1 1 114407746 0 1040 0 346 0 173"
2023089,2023-04-09,1,3,4,134,"1 3 4 4 9 9 1 1 115111336 0 1040 0 346 0 173"
2023090,2023-04-10,2,7,4,274,"2 7 4 3 2 7 1 1 115636854 0 1040 0 346 0 173"
2023091,2023-04-11,7,9,4,794,"7 9 4 8 2 4 1 1 120094908 0 1040 0 346 0 173"
2023092,2023-04-12,8,8,8,888,"8 8 8 7 7 3 1 1 120402542 0 1040 0 346 0 173"
2023093,2023-04-13,3,7,9,379,"3 7 9 3 1 4 1 1 110712758 0 1040 0 346 0 173"
2023094,2023-04-14,5,0,3,503,"5 0 3 1 3 9 1 1 121870806 0 1040 0 346 0 173"
2023095,2023-04-15,0,6,3,063,"0 6 3 6 9 4 1 1 116336724 0 1040 0 346 0 173"
2023096,2023-04-16,5,7,5,575,"5 7 5 6 7 3 1 1 118294702 0 1040 0 346 0 173"
2023097,2023-04-17,8,7,5,875,"8 7 5 7 6 8 1 1 114931720 0 1040 0 346 0 173"
2023098,2023-04-18,1,1,7,117,"1 1 7 1 0 6 1 1 118351218 0 1040 0 346 0 173"
2023099,2023-04-19,1,2,4,124,"1 2 4 4 2 1 1 1 116932096 0 1040 0 346 0 173"
2023100,2023-04-20,3,9,3,393,"3 9 3 4 6 7 1 1 119605850 0 1040 0 346 0 173"
2023101,2023-04-21,6,5,4,654,"6 5 4 4 8 2 1 1 117332338 0 1040 0 346 0 173"
2023102,2023-04-22,4,1,1,411,"4 1 1 4 5 2 1 1 114863968 0 1040 0 346 0 173"
2023103,2023-04-23,4,0,8,408,"4 0 8 5 7 8 1 1 113987424 0 1040 0 346 0 173"
2023104,2023-04-24,3,9,8,398,"3 9 8 6 3 2 1 1 111686758 0 1040 0 346 0 173"
2023105,2023-04-25,8,8,4,884,"8 8 4 5 6 2 1 1 112987220 0 1040 0 346 0 173"
2023106,2023-04-26,6,0,2,602,"6 0 2 2 0 4 1 1 113359006 0 1040 0 346 0 173"
2023107,2023-04-27,0,6,5,065,"0 6 5 0 2 5 1 1 113633222 0 1040 0 346 0 173"
2023108,2023-04-28,2,5,3,253,"2 5 3 6 0 3 1 1 120614758 0 1040 0 346 0 173"
2023109,2023-04-29,9,0,4,904,"9 0 4 8 2 6 1 1 113968444 0 1040 0 346 0 173"
2023110,2023-04-30,9,0,5,905,"9 0 5 6 9 6 1 1 108357670 0 1040 0 346 0 173"
2023111,2023-05-01,6,8,7,687,"6 8 7 0 5 7 1 1 103276628 0 1040 0 346 0 173"
2023112,2023-05-02,0,6,9,069,"0 6 9 4 4 9 1 1 105674302 0 1040 0 346 0 173"
2023113,2023-05-03,5,8,6,586,"5 8 6 6 2 7 1 1 112474664 0 1040 0 346 0 173"
2023114,2023-05-04,1,7,6,176,"1 7 6 1 9 0 1 1 116917000 0 1040 0 346 0 173"
2023115,2023-05-05,7,1,6,716,"7 1 6 2 0 5 1 1 123428886 0 1040 0 346 0 173"
2023116,2023-05-06,6,1,9,619,"6 1 9 5 0 7 1 1 116550014 0 1040 0 346 0 173"
2023117,2023-05-07,4,0,1,401,"4 0 1 1 6 2 1 1 116634032 0 1040 0 346 0 173"
2023118,2023-05-08,7,3,7,737,"7 3 7 1 5 1 1 1 117557756 0 1040 0 346 0 173"
2023119,2023-05-09,1,1,2,112,"1 1 2 5 7 0 1 1 110426378 0 1040 0 346 0 173"
2023120,2023-05-10,8,7,1,871,"8 7 1 4 1 6 1 1 110242880 0 1040 0 346 0 173"
2023121,2023-05-11,2,9,3,293,"2 9 3 5 9 9 1 1 113846200 0 1040 0 346 0 173"
2023122,2023-05-12,4,1,2,412,"4 1 2 2 0 8 1 1 117581440 0 1040 0 346 0 173"
2023123,2023-05-13,8,0,4,804,"8 0 4 7 8 9 1 1 111114838 0 1040 0 346 0 173"
2023124,2023-05-14,2,3,6,236,"2 3 6 1 0 4 1 1 112033230 0 1040 0 346 0 173"
2023125,2023-05-15,0,0,7,007,"0 0 7 9 3 4 1 1 117774450 0 1040 0 346 0 173"
2023126,2023-05-16,4,9,6,496,"4 9 6 5 8 5 1 1 112822742 0 1040 0 346 0 173"
2023127,2023-05-17,7,1,0,710,"7 1 0 0 5 0 1 1 114856418 0 1040 0 346 0 173"
2023128,2023-05-18,5,0,7,507,"5 0 7 2 9 8 1 1 111835926 0 1040 0 346 0 173"
2023129,2023-05-19,1,8,5,185,"1 8 5 8 0 6 1 1 115661794 0 1040 0 346 0 173"
2023130,2023-05-20,1,5,1,151,"1 5 1 6 6 8 1 1 114561498 0 1040 0 346 0 173"
2023131,2023-05-21,2,1,0,210,"2 1 0 3 2 3 1 1 109153218 0 1040 0 346 0 173"
2023132,2023-05-22,2,7,5,275,"2 7 5 5 5 3 1 1 111509616 0 1040 0 346 0 173"
2023133,2023-05-23,3,7,1,371,"3 7 1 6 2 9 1 1 114466674 0 1040 0 346 0 173"
2023134,2023-05-24,4,6,3,463,"4 6 3 0 9 6 1 1 118832572 0 1040 0 346 0 173"
2023135,2023-05-25,5,0,5,505,"5 0 5 4 4 2 1 1 122132082 0 1040 0 346 0 173"
2023136,2023-05-26,5,7,5,575,"5 7 5 8 6 4 1 1 120952624 0 1040 0 346 0 173"
2023137,2023-05-27,6,6,6,666,"6 6 6 7 9 8 1 1 112588426 0 1040 0 346 0 173"
2023138,2023-05-28,9,4,5,945,"9 4 5 6 6 6 1 1 108710874 0 1040 0 346 0 173"
2023139,2023-05-29,9,8,1,981,"9 8 1 9 5 6 1 1 111088728 0 1040 0 346 0 173"
2023140,2023-05-30,7,5,7,757,"7 5 7 1 8 0 1 1 116212392 0 1040 0 346 0 173"
2023141,2023-05-31,1,9,3,193,"1 9 3 5 4 0 1 1 115403806 0 1040 0 346 0 173"
2023142,2023-06-01,7,1,1,711,"7 1 1 2 9 6 1 1 114386416 0 1040 0 346 0 173"
2023143,2023-06-02,4,9,5,495,"4 9 5 1 0 6 1 1 116872342 0 1040 0 346 0 173"
2023144,2023-06-03,5,6,3,563,"5 6 3 8 2 4 1 1 111578688 0 1040 0 346 0 173"
2023145,2023-06-04,2,0,6,206,"2 0 6 9 1 5 1 1 113176404 0 1040 0 346 0 173"
2023146,2023-06-05,9,4,2,942,"9 4 2 5 3 5 1 1 116200938 0 1040 0 346 0 173"
2023147,2023-06-06,9,7,0,970,"9 7 0 1 9 9 1 1 114553846 0 1040 0 346 0 173"
2023148,2023-06-07,9,5,9,959,"9 5 9 3 2 3 1 1 118070404 0 1040 0 346 0 173"
2023149,2023-06-08,9,2,2,922,"9 2 2 7 1 6 1 1 109157412 0 1040 0 346 0 173"
2023150,2023-06-09,2,4,7,247,"2 4 7 8 7 0 1 1 107705960 0 1040 0 346 0 173"
2023151,2023-06-10,3,3,9,339,"3 3 9 9 0 1 1 1 108437334 0 1040 0 346 0 173"
2023152,2023-06-11,1,6,5,165,"1 6 5 3 1 7 1 1 106650386 0 1040 0 346 0 173"
2023153,2023-06-12,0,6,5,065,"0 6 5 1 1 4 1 1 117068456 0 1040 0 346 0 173"
2023154,2023-06-13,6,0,2,602,"6 0 2 9 0 1 1 1 111367206 0 1040 0 346 0 173"
2023155,2023-06-14,2,8,5,285,"2 8 5 9 3 9 1 1 113428120 0 1040 0 346 0 173"
2023156,2023-06-15,6,8,9,689,"6 8 9 4 4 1 1 1 116007654 0 1040 0 346 0 173"
2023157,2023-06-16,0,2,9,029,"0 2 9 7 7 6 1 1 117395630 0 1040 0 346 0 173"
2023158,2023-06-17,7,5,0,750,"7 5 0 6 6 1 1 1 113191690 0 1040 0 346 0 173"
2023159,2023-06-18,8,0,2,802,"8 0 2 4 8 5 1 1 116495226 0 1040 0 346 0 173"
2023160,2023-06-19,4,2,2,422,"4 2 2 1 2 0 1 1 117106462 0 1040 0 346 0 173"
2023161,2023-06-20,3,1,4,314,"3 1 4 6 5 8 1 1 110244552 0 1040 0 346 0 173"
2023162,2023-06-21,0,2,2,022,"0 2 2 9 7 8 1 1 110951482 0 1040 0 346 0 173"
2023163,2023-06-22,1,2,4,124,"1 2 4 3 4 7 1 1 101075998 0 1040 0 346 0 173"
2023164,2023-06-23,8,9,1,891,"8 9 1 2 1 6 1 1 111091818 0 1040 0 346 0 173"
2023165,2023-06-24,3,3,7,337,"3 3 7 9 1 8 1 1 111344450 0 1040 0 346 0 173"
2023166,2023-06-25,5,5,7,557,"5 5 7 5 6 8 1 1 109169276 0 1040 0 346 0 173"
2023167,2023-06-26,2,1,6,216,"2 1 6 9 5 6 1 1 110517400 0 1040 0 346 0 173"
2023168,2023-06-27,0,5,7,057,"0 5 7 6 0 3 1 1 112774942 0 1040 0 346 0 173"
2023169,2023-06-28,1,8,2,182,"1 8 2 5 9 7 1 1 116639428 0 1040 0 346 0 173"
2023170,2023-06-29,4,2,7,427,"4 2 7 2 0 1 1 1 116053516 0 1040 0 346 0 173"
2023171,2023-06-30,7,5,1,751,"7 5 1 7 8 4 1 1 122108996 0 1040 0 346 0 173"
2023172,2023-07-01,2,4,5,245,"2 4 5 0 5 4 1 1 118246136 0 1040 0 346 0 173"
2023173,2023-07-02,7,3,0,730,"7 3 0 8 9 5 1 1 119854694 0 1040 0 346 0 173"
2023174,2023-07-03,6,6,5,665,"6 6 5 0 2 3 1 1 121479932 0 1040 0 346 0 173"
2023175,2023-07-04,1,9,0,190,"1 9 0 1 1 9 1 1 114521748 0 1040 0 346 0 173"
2023176,2023-07-05,8,8,8,888,"8 8 8 8 4 6 1 1 113293298 0 1040 0 346 0 173"
2023177,2023-07-06,1,1,9,119,"1 1 9 1 9 8 1 1 102252330 0 1040 0 346 0 173"
2023178,2023-07-07,0,3,0,030,"0 3 0 4 4 0 1 1 106528958 0 1040 0 346 0 173"
2023179,2023-07-08,7,3,7,737,"7 3 7 8 5 5 1 1 102506150 0 1040 0 346 0 173"
2023180,2023-07-09,9,3,2,932,"9 3 2 0 8 8 1 1 101802612 0 1040 0 346 0 173"
2023181,2023-07-10,5,6,7,567,"5 6 7 2 1 1 1 1 105229902 0 1040 0 346 0 173"
2023182,2023-07-11,7,0,2,702,"7 0 2 2 4 2 1 1 109156634 0 1040 0 346 0 173"
2023183,2023-07-12,0,6,6,066,"0 6 6 2 4 9 1 1 109997200 0 1040 0 346 0 173"
2023184,2023-07-13,7,3,0,730,"7 3 0 6 9 2 1 1 105500036 0 1040 0 346 0 173"
2023185,2023-07-14,6,6,7,667,"6 6 7 2 9 0 1 1 110467322 0 1040 0 346 0 173"
2023186,2023-07-15,1,4,5,145,"1 4 5 2 7 4 1 1 105562738 0 1040 0 346 0 173"
2023187,2023-07-16,5,1,3,513,"5 1 3 1 3 0 1 1 108306116 0 1040 0 346 0 173"
2023188,2023-07-17,2,8,0,280,"2 8 0 3 2 3 1 1 111300466 0 1040 0 346 0 173"
2023189,2023-07-18,3,2,7,327,"3 2 7 4 9 5 1 1 111339356 0 1040 0 346 0 173"
2023190,2023-07-19,9,0,5,905,"9 0 5 4 4 7 1 1 115007134 0 1040 0 346 0 173"
2023191,2023-07-20,7,6,8,768,"7 6 8 9 6 5 1 1 113695702 0 1040 0 346 0 173"
2023192,2023-07-21,2,1,2,212,"2 1 2 3 5 4 1 1 116947408 0 1040 0 346 0 173"
2023193,2023-07-22,1,8,1,181,"1 8 1 9 7 9 1 1 108272438 0 1040 0 346 0 173"
2023194,2023-07-23,1,6,8,168,"1 6 8 0 8 4 1 1 107710768 0 1040 0 346 0 173"
2023195,2023-07-24,3,0,3,303,"3 0 3 7 5 2 1 1 113237186 0 1040 0 346 0 173"
2023196,2023-07-25,9,8,5,985,"9 8 5 8 2 6 1 1 111961942 0 1040 0 346 0 173"
2023197,2023-07-26,5,8,6,586,"5 8 6 0 3 0 1 1 118217520 0 1040 0 346 0 173"
2023198,2023-07-27,4,9,8,498,"4 9 8 1 5 4 1 1 120463528 0 1040 0 346 0 173"
2023199,2023-07-28,8,5,0,850,"8 5 0 3 7 4 1 1 118185236 0 1040 0 346 0 173"
2023200,2023-07-29,3,1,4,314,"3 1 4 8 2 3 1 1 117510312 0 1040 0 346 0 173"
2023201,2023-07-30,1,7,2,172,"1 7 2 6 1 2 1 1 118262686 0 1040 0 346 0 173"
2023202,2023-07-31,6,4,8,648,"6 4 8 1 3 8 1 1 123312916 0 1040 0 346 0 173"
2023203,2023-08-01,3,4,6,346,"3 4 6 3 9 4 1 1 120499968 0 1040 0 346 0 173"
2023204,2023-08-02,1,3,3,133,"1 3 3 0 0 6 1 1 121152498 0 1040 0 346 0 173"
2023205,2023-08-03,1,7,1,171,"1 7 1 4 9 0 1 1 114439394 0 1040 0 346 0 173"
2023206,2023-08-04,2,2,2,222,"2 2 2 3 6 0 1 1 118332874 0 1040 0 346 0 173"
2023207,2023-08-05,2,4,2,242,"2 4 2 6 9 8 1 1 109054688 0 1040 0 346 0 173"
2023208,2023-08-06,6,9,2,692,"6 9 2 8 9 8 1 1 110413318 0 1040 0 346 0 173"
2023209,2023-08-07,7,9,6,796,"7 9 6 7 3 5 1 1 112404720 0 1040 0 346 0 173"
2023210,2023-08-08,6,8,1,681,"6 8 1 4 8 4 1 1 111924686 0 1040 0 346 0 173"
2023211,2023-08-09,6,1,2,612,"6 1 2 2 0 7 1 1 115882558 0 1040 0 346 0 173"
2023212,2023-08-10,4,4,4,444,"4 4 4 1 4 2 1 1 115536130 0 1040 0 346 0 173"
2023213,2023-08-11,7,3,2,732,"7 3 2 3 0 4 1 1 114687600 0 1040 0 346 0 173"
2023214,2023-08-12,5,2,2,522,"5 2 2 2 2 3 1 1 114987180 0 1040 0 346 0 173"
2023215,2023-08-13,3,0,8,308,"3 0 8 1 6 2 1 1 114235628 0 1040 0 346 0 173"
2023216,2023-08-14,1,8,7,187,"1 8 7 1 9 6 1 1 117580436 0 1040 0 346 0 173"
2023217,2023-08-15,8,1,1,811,"8 1 1 8 3 6 1 1 116455862 0 1040 0 346 0 173"
2023218,2023-08-16,0,7,1,071,"0 7 1 5 1 0 1 1 114828406 0 1040 0 346 0 173"
2023219,2023-08-17,3,4,8,348,"3 4 8 3 7 3 1 1 114612744 0 1040 0 346 0 173"
2023220,2023-08-18,5,8,7,587,"5 8 7 9 6 3 1 1 121488892 0 1040 0 346 0 173"
2023221,2023-08-19,5,0,3,503,"5 0 3 4 7 3 1 1 120900982 0 1040 0 346 0 173"
2023222,2023-08-20,2,6,5,265,"2 6 5 4 6 3 1 1 115677042 0 1040 0 346 0 173"
2023223,2023-08-21,3,0,9,309,"3 0 9 9 1 4 1 1 122314502 0 1040 0 346 0 173"
2023224,2023-08-22,4,4,7,447,"4 4 7 0 6 1 1 1 119811396 0 1040 0 346 0 173"
2023225,2023-08-23,7,9,8,798,"7 9 8 9 9 6 1 1 118377766 0 1040 0 346 0 173"
2023226,2023-08-24,1,8,2,182,"1 8 2 9 6 6 1 1 116415778 0 1040 0 346 0 173"
2023227,2023-08-25,2,0,6,206,"2 0 6 8 0 2 1 1 123961542 0 1040 0 346 0 173"
2023228,2023-08-26,9,8,5,985,"9 8 5 6 1 0 1 1 118927102 0 1040 0 346 0 173"
2023229,2023-08-27,1,4,2,142,"1 4 2 6 5 0 1 1 117267202 0 1040 0 346 0 173"
2023230,2023-08-28,7,8,7,787,"7 8 7 7 6 9 1 1 117853406 0 1040 0 346 0 173"
2023231,2023-08-29,0,4,9,049,"0 4 9 7 6 2 1 1 114599022 0 1040 0 346 0 173"
2023232,2023-08-30,1,3,3,133,"1 3 3 0 3 1 1 1 120195166 0 1040 0 346 0 173"
2023233,2023-08-31,9,2,8,928,"9 2 8 7 9 3 1 1 116531326 0 1040 0 346 0 173"
2023234,2023-09-01,1,0,9,109,"1 0 9 5 4 6 1 1 119576408 0 1040 0 346 0 173"
2023235,2023-09-02,4,8,0,480,"4 8 0 6 8 8 1 1 119514220 0 1040 0 346 0 173"
2023236,2023-09-03,6,8,0,680,"6 8 0 3 3 3 1 1 119448950 0 1040 0 346 0 173"
2023237,2023-09-04,0,9,6,096,"0 9 6 0 3 3 1 1 117292880 0 1040 0 346 0 173"
2023238,2023-09-05,4,5,5,455,"4 5 5 8 9 9 1 1 118563548 0 1040 0 346 0 173"
2023239,2023-09-06,7,3,1,731,"7 3 1 5 1 7 1 1 118810806 0 1040 0 346 0 173"
2023240,2023-09-07,2,3,2,232,"2 3 2 7 5 1 1 1 122295828 0 1040 0 346 0 173"
2023241,2023-09-08,4,9,5,495,"4 9 5 7 0 0 1 1 119991626 0 1040 0 346 0 173"
2023242,2023-09-09,4,8,6,486,"4 8 6 2 9 9 1 1 118511290 0 1040 0 346 0 173"
2023243,2023-09-10,8,4,8,848,"8 4 8 5 8 2 1 1 119913380 0 1040 0 346 0 173"
2023244,2023-09-11,3,7,7,377,"3 7 7 8 4 8 1 1 118181840 0 1040 0 346 0 173"
2023245,2023-09-12,7,6,8,768,"7 6 8 4 0 6 1 1 118635498 0 1040 0 346 0 173"
2023246,2023-09-13,7,7,9,779,"7 7 9 8 7 4 1 1 120505310 0 1040 0 346 0 173"
2023247,2023-09-14,5,6,9,569,"5 6 9 7 9 6 1 1 116877564 0 1040 0 346 0 173"
2023248,2023-09-15,0,4,9,049,"0 4 9 6 7 8 1 1 122704836 0 1040 0 346 0 173"
2023249,2023-09-16,0,7,6,076,"0 7 6 6 8 5 1 1 117754292 0 1040 0 346 0 173"
2023250,2023-09-17,9,6,8,968,"9 6 8 3 2 9 1 1 116308880 0 1040 0 346 0 173"
2023251,2023-09-18,5,0,3,503,"5 0 3 3 2 0 1 1 120875092 0 1040 0 346 0 173"
2023252,2023-09-19,2,1,3,213,"2 1 3 2 3 4 1 1 121006572 0 1040 0 346 0 173"
2023253,2023-09-20,7,2,1,721,"7 2 1 3 0 9 1 1 123548836 0 1040 0 346 0 173"
2023254,2023-09-21,2,8,3,283,"2 8 3 9 0 4 1 1 122980392 0 1040 0 346 0 173"
2023255,2023-09-22,5,6,4,564,"5 6 4 0 0 0 1 1 130776472 0 1040 0 346 0 173"
2023256,2023-09-23,4,7,4,474,"4 7 4 4 7 4 1 1 128420886 0 1040 0 346 0 173"
2023257,2023-09-24,6,9,4,694,"6 9 4 4 1 2 1 1 117957726 0 1040 0 346 0 173"
2023258,2023-09-25,9,2,7,927,"9 2 7 6 2 7 1 1 120564456 0 1040 0 346 0 173"
2023259,2023-09-26,0,8,6,086,"0 8 6 4 2 5 1 1 125623656 0 1040 0 346 0 173"
2023260,2023-09-27,5,4,7,547,"5 4 7 0 8 9 1 1 127413032 0 1040 0 346 0 173"
2023261,2023-09-28,7,2,3,723,"7 2 3 1 8 0 1 1 125538202 0 1040 0 346 0 173"
2023262,2023-09-29,2,2,0,220,"2 2 0 8 0 3 1 1 122199426 0 1040 0 346 0 173"
2023263,2023-09-30,3,3,5,335,"3 3 5 9 7 9 1 1 116445032 0 1040 0 346 0 173"
2023264,2023-10-05,6,3,8,638,"6 3 8 4 1 2 1 1 107931536 0 1040 0 346 0 173"
2023265,2023-10-06,3,5,6,356,"3 5 6 5 2 0 1 1 116329862 0 1040 0 346 0 173"
2023266,2023-10-07,1,1,3,113,"1 1 3 7 6 6 1 1 118818598 0 1040 0 346 0 173"
2023267,2023-10-08,4,7,8,478,"4 7 8 5 5 0 1 1 116557312 0 1040 0 346 0 173"
2023268,2023-10-09,0,6,7,067,"0 6 7 8 3 0 1 1 120954526 0 1040 0 346 0 173"
2023269,2023-10-10,6,6,5,665,"6 6 5 4 9 5 1 1 121469752 0 1040 0 346 0 173"
2023270,2023-10-11,4,5,7,457,"4 5 7 4 6 2 1 1 120023394 0 1040 0 346 0 173"
2023271,2023-10-12,1,7,9,179,"1 7 9 6 7 8 1 1 123178848 0 1040 0 346 0 173"
2023272,2023-10-13,0,5,8,058,"0 5 8 7 3 8 1 1 126255746 0 1040 0 346 0 173"
2023273,2023-10-14,4,7,5,475,"4 7 5 7 6 5 1 1 122771384 0 1040 0 346 0 173"
2023274,2023-10-15,9,9,5,995,"9 9 5 2 2 1 1 1 124766770 0 1040 0 346 0 173"
2023275,2023-10-16,7,3,9,739,"7 3 9 6 7 6 1 1 119128814 0 1040 0 346 0 173"
2023276,2023-10-17,4,4,1,441,"4 4 1 1 7 2 1 1 124171658 0 1040 0 346 0 173"
2023277,2023-10-18,9,2,0,920,"9 2 0 9 3 8 1 1 121760222 0 1040 0 346 0 173"
2023278,2023-10-19,8,0,9,809,"8 0 9 2 6 2 1 1 118852868 0 1040 0 346 0 173"
2023279,2023-10-20,7,9,2,792,"7 9 2 5 1 9 1 1 120471626 0 1040 0 346 0 173"
2023280,2023-10-21,2,7,8,278,"2 7 8 9 5 3 1 1 114813088 0 1040 0 346 0 173"
2023281,2023-10-22,6,8,4,684,"6 8 4 7 6 8 1 1 121625930 0 1040 0 346 0 173"
2023282,2023-10-23,1,0,4,104,"1 0 4 3 4 0 1 1 124511534 0 1040 0 346 0 173"
2023283,2023-10-24,9,4,8,948,"9 4 8 3 7 6 1 1 121711872 0 1040 0 346 0 173"
2023284,2023-10-25,3,9,3,393,"3 9 3 0 6 4 1 1 124205350 0 1040 0 346 0 173"
2023285,2023-10-26,5,9,1,591,"5 9 1 9 8 0 1 1 114842668 0 1040 0 346 0 173"
2023286,2023-10-27,2,0,5,205,"2 0 5 8 5 4 1 1 120163692 0 1040 0 346 0 173"
2023287,2023-10-28,3,0,9,309,"3 0 9 7 7 7 1 1 116475844 0 1040 0 346 0 173"
2023288,2023-10-29,5,5,0,550,"5 5 0 9 6 2 1 1 116448256 0 1040 0 346 0 173"
2023289,2023-10-30,8,6,6,866,"8 6 6 3 9 6 1 1 114091610 0 1040 0 346 0 173"
2023290,2023-10-31,8,3,3,833,"8 3 3 8 5 8 1 1 110695424 0 1040 0 346 0 173"
2023291,2023-11-01,5,8,3,583,"5 8 3 0 4 1 1 1 113268036 0 1040 0 346 0 173"
2023292,2023-11-02,6,8,9,689,"6 8 9 3 8 4 1 1 117374644 0 1040 0 346 0 173"
2023293,2023-11-03,8,1,0,810,"8 1 0 8 1 4 1 1 117351840 0 1040 0 346 0 173"
2023294,2023-11-04,5,9,1,591,"5 9 1 6 8 8 1 1 113554250 0 1040 0 346 0 173"
2023295,2023-11-05,7,9,5,795,"7 9 5 5 0 1 1 1 114310280 0 1040 0 346 0 173"
2023296,2023-11-06,4,9,1,491,"4 9 1 5 3 8 1 1 116862364 0 1040 0 346 0 173"
2023297,2023-11-07,2,2,6,226,"2 2 6 0 5 9 1 1 119309932 0 1040 0 346 0 173"
2023298,2023-11-08,0,4,7,047,"0 4 7 7 1 0 1 1 115617100 0 1040 0 346 0 173"
2023299,2023-11-09,9,2,0,920,"9 2 0 4 8 3 1 1 112204102 0 1040 0 346 0 173"
2023300,2023-11-10,0,9,0,090,"0 9 0 1 7 9 1 1 117912040 0 1040 0 346 0 173"
2023301,2023-11-11,5,8,0,580,"5 8 0 2 7 7 1 1 107116348 0 1040 0 346 0 173"
2023302,2023-11-12,6,1,8,618,"6 1 8 2 3 3 1 1 108319360 0 1040 0 346 0 173"
2023303,2023-11-13,7,2,1,721,"7 2 1 6 1 0 1 1 118376956 0 1040 0 346 0 173"
2023304,2023-11-14,4,8,0,480,"4 8 0 5 3 2 1 1 118100754 0 1040 0 346 0 173"
2023305,2023-11-15,6,8,2,682,"6 8 2 6 6 6 1 1 122745730 0 1040 0 346 0 173"
2023306,2023-11-16,8,8,8,888,"8 8 8 3 6 6 1 1 121079982 0 1040 0 346 0 173"
2023307,2023-11-17,9,3,7,937,"9 3 7 3 7 6 1 1 118239434 0 1040 0 346 0 173"
2023308,2023-11-18,5,9,4,594,"5 9 4 3 2 2 1 1 122668080 0 1040 0 346 0 173"
2023309,2023-11-19,2,0,2,202,"2 0 2 1 4 8 1 1 124704500 0 1040 0 346 0 173"
2023310,2023-11-20,9,5,6,956,"9 5 6 6 6 4 1 1 118921986 0 1040 0 346 0 173"
2023311,2023-11-21,2,7,1,271,"2 7 1 7 9 8 1 1 117108688 0 1040 0 346 0 173"
2023312,2023-11-22,7,9,1,791,"7 9 1 5 2 2 1 1 125565116 0 1040 0 346 0 173"
2023313,2023-11-23,9,8,9,989,"9 8 9 2 2 6 1 1 122202054 0 1040 0 346 0 173"
2023314,2023-11-24,2,2,8,228,"2 2 8 0 7 9 1 1 121250072 0 1040 0 346 0 173"
2023315,2023-11-25,6,1,8,618,"6 1 8 5 2 6 1 1 115878868 0 1040 0 346 0 173"
2023316,2023-11-26,4,8,3,483,"4 8 3 4 1 5 1 1 119978842 0 1040 0 346 0 173"
2023317,2023-11-27,1,3,1,131,"1 3 1 3 6 1 1 1 124970104 0 1040 0 346 0 173"
2023318,2023-11-28,0,1,4,014,"0 1 4 9 7 2 1 1 118053200 0 1040 0 346 0 173"
2023319,2023-11-29,7,2,7,727,"7 2 7 2 7 4 1 1 122202842 0 1040 0 346 0 173"
2023320,2023-11-30,3,7,5,375,"3 7 5 1 7 9 1 1 118270742 0 1040 0 346 0 173"
2023321,2023-12-01,7,5,2,752,"7 5 2 2 7 8 1 1 124936806 0 1040 0 346 0 173"
2023322,2023-12-02,8,0,4,804,"8 0 4 1 7 8 1 1 120430196 0 1040 0 346 0 173"
2023323,2023-12-03,2,6,9,269,"2 6 9 9 0 0 1 1 120901882 0 1040 0 346 0 173"
2023324,2023-12-04,4,9,5,495,"4 9 5 2 8 6 1 1 129802312 0 1040 0 346 0 173"
2023325,2023-12-05,4,9,0,490,"4 9 0 1 0 4 1 1 133071592 0 1040 0 346 0 173"
2023326,2023-12-06,3,7,1,371,"3 7 1 0 8 1 1 1 133189112 0 1040 0 346 0 173"
2023327,2023-12-07,0,1,4,014,"0 1 4 3 5 7 1 1 137355998 0 1040 0 346 0 173"
2023328,2023-12-08,1,6,9,169,"1 6 9 5 2 5 1 1 143454668 0 1040 0 346 0 173"
2023329,2023-12-09,5,7,3,573,"5 7 3 7 9 9 1 1 142091366 0 1040 0 346 0 173"
2023330,2023-12-10,3,7,6,376,"3 7 6 3 7 8 1 1 144620708 0 1040 0 346 0 173"
2023331,2023-12-11,2,4,1,241,"2 4 1 9 5 7 1 1 145045328 0 1040 0 346 0 173"
2023332,2023-12-12,1,6,1,161,"1 6 1 7 2 1 1 1 139900084 0 1040 0 346 0 173"
2023333,2023-12-13,1,8,8,188,"1 8 8 0 1 9 1 1 124345938 0 1040 0 346 0 173"
2023334,2023-12-14,9,0,0,900,"9 0 0 5 9 4 1 1 122635050 0 1040 0 346 0 173"
2023335,2023-12-15,1,1,1,111,"1 1 1 4 8 0 1 1 122720374 0 1040 0 346 0 173"
2023336,2023-12-16,1,8,8,188,"1 8 8 7 4 3 1 1 114399878 0 1040 0 346 0 173"
2023337,2023-12-17,8,6,2,862,"8 6 2 4 9 4 1 1 117586786 0 1040 0 346 0 173"
2023338,2023-12-18,4,7,7,477,"4 7 7 1 5 3 1 1 124552746 0 1040 0 346 0 173"
2023339,2023-12-19,8,4,7,847,"8 4 7 1 8 7 1 1 123241348 0 1040 0 346 0 173"
2023340,2023-12-20,1,3,8,138,"1 3 8 4 0 6 1 1 124727866 0 1040 0 346 0 173"
2023341,2023-12-21,2,2,7,227,"2 2 7 1 9 5 1 1 124267006 0 1040 0 346 0 173"
2023342,2023-12-22,7,6,9,769,"7 6 9 6 5 7 1 1 126193842 0 1040 0 346 0 173"
2023343,2023-12-23,8,4,8,848,"8 4 8 6 3 9 1 1 123601832 0 1040 0 346 0 173"
2023344,2023-12-24,9,6,8,968,"9 6 8 9 1 6 1 1 125506786 0 1040 0 346 0 173"
2023345,2023-12-25,4,3,6,436,"4 3 6 5 6 2 1 1 130260656 0 1040 0 346 0 173"
2023346,2023-12-26,4,9,1,491,"4 9 1 8 2 1 1 1 129915700 0 1040 0 346 0 173"
2023347,2023-12-27,5,6,0,560,"5 6 0 7 8 8 1 1 133028400 0 1040 0 346 0 173"
2023348,2023-12-28,6,5,3,653,"6 5 3 2 2 8 1 1 128956578 0 1040 0 346 0 173"
2023349,2023-12-29,5,1,4,514,"5 1 4 9 7 1 1 1 130945294 0 1040 0 346 0 173"
2023350,2023-12-30,7,7,1,771,"7 7 1 6 8 0 1 1 127090712 0 1040 0 346 0 173"
2023351,2023-12-31,4,9,0,490,"4 9 0 8 7 0 1 1 125882648 0 1040 0 346 0 173"
2024001,2024-01-01,2,1,8,218,"2 1 8 2 3 9 1 1 127514012 0 1040 0 346 0 173"
2024002,2024-01-02,6,6,9,669,"6 6 9 8 8 4 1 1 132598430 0 1040 0 346 0 173"
2024003,2024-01-03,7,2,9,729,"7 2 9 3 6 9 1 1 131505726 0 1040 0 346 0 173"
2024004,2024-01-04,7,0,5,705,"7 0 5 4 9 1 1 1 135943420 0 1040 0 346 0 173"
2024005,2024-01-05,8,0,6,806,"8 0 6 1 8 9 1 1 142049818 0 1040 0 346 0 173"
2024006,2024-01-06,2,1,2,212,"2 1 2 2 6 5 1 1 137122904 0 1040 0 346 0 173"
2024007,2024-01-07,6,3,3,633,"6 3 3 4 6 5 1 1 132193964 0 1040 0 346 0 173"
2024008,2024-01-08,4,2,3,423,"4 2 3 3 8 8 1 1 137544734 0 1040 0 346 0 173"
2024009,2024-01-09,2,6,5,265,"2 6 5 6 5 5 1 1 140871952 0 1040 0 346 0 173"
2024010,2024-01-10,4,3,7,437,"4 3 7 5 3 3 1 1 149393754 0 1040 0 346 0 173"
2024011,2024-01-11,9,2,7,927,"9 2 7 1 6 0 1 1 151000284 0 1040 0 346 0 173"
2024012,2024-01-12,5,9,0,590,"5 9 0 5 4 6 1 1 155596470 0 1040 0 346 0 173"
2024013,2024-01-13,4,6,8,468,"4 6 8 4 0 9 1 1 151681456 0 1040 0 346 0 173"
2024014,2024-01-14,2,5,1,251,"2 5 1 1 6 2 1 1 146883918 0 1040 0 346 0 173"
2024015,2024-01-15,4,3,8,438,"4 3 8 2 0 8 1 1 151120632 0 1040 0 346 0 173"
2024016,2024-01-16,9,2,0,920,"9 2 0 0 8 0 1 1 149265686 0 1040 0 346 0 173"
2024017,2024-01-17,6,5,9,659,"6 5 9 0 0 2 1 1 156443428 0 1040 0 346 0 173"
2024018,2024-01-18,4,3,0,430,"4 3 0 5 1 5 1 1 153354660 0 1040 0 346 0 173"
2024019,2024-01-19,9,5,3,953,"9 5 3 4 5 7 1 1 159791374 0 1040 0 346 0 173"
2024020,2024-01-20,8,6,8,868,"8 6 8 1 6 6 1 1 154338190 0 1040 0 346 0 173"
2024021,2024-01-21,4,4,6,446,"4 4 6 3 5 4 1 1 140282592 0 1040 0 346 0 173"
2024022,2024-01-22,2,8,5,285,"2 8 5 7 8 6 1 1 142977672 0 1040 0 346 0 173"
2024023,2024-01-23,2,4,7,247,"2 4 7 3 6 9 1 1 142739952 0 1040 0 346 0 173"
2024024,2024-01-24,4,7,3,473,"4 7 3 9 8 7 1 1 147654466 0 1040 0 346 0 173"
2024025,2024-01-25,7,4,9,749,"7 4 9 4 7 4 1 1 147447972 0 1040 0 346 0 173"
2024026,2024-01-26,1,4,9,149,"1 4 9 2 5 2 1 1 151633166 0 1040 0 346 0 173"
2024027,2024-01-27,8,4,9,849,"8 4 9 7 3 7 1 1 144736948 0 1040 0 346 0 173"
2024028,2024-01-28,6,6,2,662,"6 6 2 6 8 8 1 1 137334460 0 1040 0 346 0 173"
2024029,2024-01-29,0,9,4,094,"0 9 4 0 8 1 1 1 139821804 0 1040 0 346 0 173"
2024030,2024-01-30,9,3,5,935,"9 3 5 2 0 9 1 1 134756086 0 1040 0 346 0 173"
2024031,2024-01-31,0,6,0,060,"0 6 0 2 7 4 1 1 138824574 0 1040 0 346 0 173"
2024032,2024-02-01,9,9,5,995,"9 9 5 0 8 3 1 1 130015514 0 1040 0 346 0 173"
2024033,2024-02-02,9,4,5,945,"9 4 5 4 0 6 1 1 131015022 0 1040 0 346 0 173"
2024034,2024-02-03,8,5,6,856,"8 5 6 8 1 4 1 1 129935530 0 1040 0 346 0 173"
2024035,2024-02-04,0,4,5,045,"0 4 5 7 6 9 1 1 135927922 0 1040 0 346 0 173"
2024036,2024-02-05,2,6,5,265,"2 6 5 4 4 1 1 1 136496536 0 1040 0 346 0 173"
2024037,2024-02-06,4,6,0,460,"4 6 0 1 1 9 1 1 139439032 0 1040 0 346 0 173"
2024038,2024-02-07,6,7,6,676,"6 7 6 4 4 7 1 1 146636776 0 1040 0 346 0 173"
2024039,2024-02-18,2,2,8,228,"2 2 8 2 6 0 1 1 112738822 0 1040 0 346 0 173"
2024040,2024-02-19,7,3,6,736,"7 3 6 1 8 2 1 1 107399072 0 1040 0 346 0 173"
2024041,2024-02-20,3,1,5,315,"3 1 5 0 6 5 1 1 112916122 0 1040 0 346 0 173"
2024042,2024-02-21,0,8,6,086,"0 8 6 8 8 7 1 1 114536470 0 1040 0 346 0 173"
2024043,2024-02-22,2,5,7,257,"2 5 7 0 2 5 1 1 113645396 0 1040 0 346 0 173"
2024044,2024-02-23,3,6,3,363,"3 6 3 7 2 2 1 1 120921826 0 1040 0 346 0 173"
2024045,2024-02-24,4,0,6,406,"4 0 6 5 5 1 1 1 116224388 0 1040 0 346 0 173"
2024046,2024-02-25,7,3,0,730,"7 3 0 7 5 2 1 1 116401716 0 1040 0 346 0 173"
2024047,2024-02-26,4,2,0,420,"4 2 0 4 1 2 1 1 124354726 0 1040 0 346 0 173"
2024048,2024-02-27,1,2,8,128,"1 2 8 5 5 6 1 1 120955638 0 1040 0 346 0 173"
2024049,2024-02-28,8,1,1,811,"8 1 1 7 5 9 1 1 126494334 0 1040 0 346 0 173"
2024050,2024-02-29,6,3,4,634,"6 3 4 6 8 9 1 1 120279490 0 1040 0 346 0 173"
2024051,2024-03-01,3,4,0,340,"3 4 0 1 4 4 1 1 129475360 0 1040 0 346 0 173"
2024052,2024-03-02,3,1,0,310,"3 1 0 8 1 2 1 1 121945554 0 1040 0 346 0 173"
2024053,2024-03-03,4,7,8,478,"4 7 8 5 0 2 1 1 122447550 0 1040 0 346 0 173"
2024054,2024-03-04,1,9,2,192,"1 9 2 6 4 6 1 1 127578952 0 1040 0 346 0 173"
2024055,2024-03-05,5,8,9,589,"5 8 9 2 4 7 1 1 128323628 0 1040 0 346 0 173"
2024056,2024-03-06,5,4,2,542,"5 4 2 7 0 7 1 1 131359182 0 1040 0 346 0 173"
2024057,2024-03-07,8,0,5,805,"8 0 5 4 2 9 1 1 130968102 0 1040 0 346 0 173"
2024058,2024-03-08,4,6,9,469,"4 6 9 6 6 4 1 1 131975198 0 1040 0 346 0 173"
2024059,2024-03-09,7,5,8,758,"7 5 8 3 2 0 1 1 131852174 0 1040 0 346 0 173"
2024060,2024-03-10,8,9,7,897,"8 9 7 6 8 5 1 1 136955584 0 1040 0 346 0 173"
2024061,2024-03-11,4,0,6,406,"4 0 6 1 4 6 1 1 139302168 0 1040 0 346 0 173"
2024062,2024-03-12,3,7,7,377,"3 7 7 0 4 6 1 1 141864758 0 1040 0 346 0 173"
2024063,2024-03-13,3,4,9,349,"3 4 9 8 4 3 1 1 135458166 0 1040 0 346 0 173"
2024064,2024-03-14,0,0,9,009,"0 0 9 0 2 5 1 1 136243068 0 1040 0 346 0 173"
2024065,2024-03-15,4,6,9,469,"4 6 9 2 5 4 1 1 134210872 0 1040 0 346 0 173"
2024066,2024-03-16,1,9,8,198,"1 9 8 0 2 8 1 1 131746544 0 1040 0 346 0 173"
2024067,2024-03-17,7,0,9,709,"7 0 9 4 4 8 1 1 137700404 0 1040 0 346 0 173"
2024068,2024-03-18,6,4,2,642,"6 4 2 9 8 3 1 1 135125044 0 1040 0 346 0 173"
2024069,2024-03-19,4,5,1,451,"4 5 1 6 8 8 1 1 137627030 0 1040 0 346 0 173"
2024070,2024-03-20,6,7,1,671,"6 7 1 8 8 2 1 1 140015578 0 1040 0 346 0 173"
2024071,2024-03-21,2,1,3,213,"2 1 3 9 4 1 1 1 137647890 0 1040 0 346 0 173"
2024072,2024-03-22,9,7,7,977,"9 7 7 8 4 1 1 1 140803966 0 1040 0 346 0 173"
2024073,2024-03-23,2,5,8,258,"2 5 8 9 8 4 1 1 130065748 0 1040 0 346 0 173"
2024074,2024-03-24,0,4,1,041,"0 4 1 6 5 8 1 1 138348614 0 1040 0 346 0 173"
2024075,2024-03-25,2,5,4,254,"2 5 4 5 6 6 1 1 136803824 0 1040 0 346 0 173"
2024076,2024-03-26,6,5,5,655,"6 5 5 7 8 0 1 1 134316670 0 1040 0 346 0 173"
2024077,2024-03-27,3,3,6,336,"3 3 6 4 5 8 1 1 134245098 0 1040 0 346 0 173"
2024078,2024-03-28,3,9,7,397,"3 9 7 2 2 4 1 1 136136838 0 1040 0 346 0 173"
2024079,2024-03-29,9,3,1,931,"9 3 1 0 3 3 1 1 144327788 0 1040 0 346 0 173"
2024080,2024-03-30,7,7,5,775,"7 7 5 7 6 9 1 1 134561048 0 1040 0 346 0 173"
2024081,2024-03-31,1,0,8,108,"1 0 8 5 2 9 1 1 132531550 0 1040 0 346 0 173"
2024082,2024-04-01,9,2,0,920,"9 2 0 4 3 4 1 1 134422638 0 1040 0 346 0 173"
2024083,2024-04-02,8,9,9,899,"8 9 9 1 0 3 1 1 134422638 0 1040 0 346 0 173"
2024084,2024-04-03,2,1,9,219,"2 1 9 5 1 4 1 1 127292194 0 1040 0 346 0 173"
2024085,2024-04-04,4,9,0,490,"4 9 0 5 3 7 1 1 127590894 0 1040 0 346 0 173"
2024086,2024-04-05,5,3,2,532,"5 3 2 8 3 0 1 1 131163106 0 1040 0 346 0 173"
2024087,2024-04-06,7,9,7,797,"7 9 7 9 8 3 1 1 132915058 0 1040 0 346 0 173"
2024088,2024-04-07,7,6,1,761,"7 6 1 3 9 6 1 1 130024232 0 1040 0 346 0 173"
2024089,2024-04-08,4,5,7,457,"4 5 7 6 5 4 1 1 135371166 0 1040 0 346 0 173"
2024090,2024-04-09,8,9,0,890,"8 9 0 0 1 7 1 1 138890700 0 1040 0 346 0 173"
2024091,2024-04-10,5,6,4,564,"5 6 4 2 6 6 1 1 138718956 0 1040 0 346 0 173"
2024092,2024-04-11,0,7,1,071,"0 7 1 8 4 3 1 1 137940338 0 1040 0 346 0 173"
2024093,2024-04-12,6,4,7,647,"6 4 7 7 3 8 1 1 140182144 0 1040 0 346 0 173"
2024094,2024-04-13,6,7,9,679,"6 7 9 8 1 5 1 1 138412928 0 1040 0 346 0 173"
2024095,2024-04-14,2,5,7,257,"2 5 7 0 1 5 1 1 136395652 0 1040 0 346 0 173"
2024096,2024-04-15,1,2,9,129,"1 2 9 0 9 2 1 1 146809618 0 1040 0 346 0 173"
2024097,2024-04-16,3,8,9,389,"3 8 9 9 6 2 1 1 147222468 0 1040 0 346 0 173"
2024098,2024-04-17,6,2,0,620,"6 2 0 0 1 9 1 1 148288632 0 1040 0 346 0 173"
2024099,2024-04-18,1,9,0,190,"1 9 0 1 5 4 1 1 147263580 0 1040 0 346 0 173"
2024100,2024-04-19,9,3,6,936,"9 3 6 3 0 4 1 1 153884726 0 1040 0 346 0 173"
2024101,2024-04-20,5,9,4,594,"5 9 4 1 2 4 1 1 150389782 0 1040 0 346 0 173"
2024102,2024-04-21,3,3,9,339,"3 3 9 1 6 2 1 1 155622430 0 1040 0 346 0 173"
2024103,2024-04-22,9,8,4,984,"9 8 4 8 3 0 1 1 136529214 0 1040 0 346 0 173"
2024104,2024-04-23,5,7,9,579,"5 7 9 5 8 1 1 1 137990780 0 1040 0 346 0 173"
2024105,2024-04-24,9,7,6,976,"9 7 6 6 8 2 1 1 141109090 0 1040 0 346 0 173"
2024106,2024-04-25,1,2,7,127,"1 2 7 9 3 0 1 1 140951940 0 1040 0 346 0 173"
2024107,2024-04-26,0,6,2,062,"0 6 2 8 5 8 1 1 148881574 0 1040 0 346 0 173"
2024108,2024-04-27,4,3,2,432,"4 3 2 6 0 6 1 1 140198658 0 1040 0 346 0 173"
2024109,2024-04-28,1,8,1,181,"1 8 1 6 7 0 1 1 140174390 0 1040 0 346 0 173"
2024110,2024-04-29,5,0,6,506,"5 0 6 8 4 5 1 1 136474352 0 1040 0 346 0 173"
2024111,2024-04-30,2,0,6,206,"2 0 6 6 4 2 1 1 133097014 0 1040 0 346 0 173"
2024112,2024-05-01,6,3,0,630,"6 3 0 9 6 2 1 1 126156142 0 1040 0 346 0 173"
2024113,2024-05-02,2,4,2,242,"2 4 2 0 1 6 1 1 130382122 0 1040 0 346 0 173"
2024114,2024-05-03,0,7,5,075,"0 7 5 1 6 0 1 1 128101938 0 1040 0 346 0 173"
2024115,2024-05-04,0,9,9,099,"0 9 9 1 1 1 1 1 129554150 0 1040 0 346 0 173"
2024116,2024-05-05,8,5,1,851,"8 5 1 5 4 7 1 1 127139784 0 1040 0 346 0 173"
2024117,2024-05-06,9,8,9,989,"9 8 9 7 2 6 1 1 129895854 0 1040 0 346 0 173"
2024118,2024-05-07,3,4,3,343,"3 4 3 7 0 9 1 1 125538212 0 1040 0 346 0 173"
2024119,2024-05-08,5,0,8,508,"5 0 8 3 0 8 1 1 123091174 0 1040 0 346 0 173"
2024120,2024-05-09,5,4,9,549,"5 4 9 7 3 7 1 1 128584496 0 1040 0 346 0 173"
2024121,2024-05-10,2,8,9,289,"2 8 9 0 9 9 1 1 131970146 0 1040 0 346 0 173"
2024122,2024-05-11,7,0,8,708,"7 0 8 1 8 4 1 1 133313728 0 1040 0 346 0 173"
2024123,2024-05-12,1,8,3,183,"1 8 3 6 5 3 1 1 130040366 0 1040 0 346 0 173"
2024124,2024-05-13,7,8,7,787,"7 8 7 8 3 1 1 1 132711498 0 1040 0 346 0 173"
2024125,2024-05-14,6,4,9,649,"6 4 9 6 8 5 1 1 128580114 0 1040 0 346 0 173"
2024126,2024-05-15,3,2,3,323,"3 2 3 7 8 1 1 1 133924722 0 1040 0 346 0 173"
2024127,2024-05-16,2,1,4,214,"2 1 4 1 2 2 1 1 127871466 0 1040 0 346 0 173"
2024128,2024-05-17,5,7,3,573,"5 7 3 7 7 8 1 1 130483290 0 1040 0 346 0 173"
2024129,2024-05-18,0,6,7,067,"0 6 7 0 8 5 1 1 130347156 0 1040 0 346 0 173"
2024130,2024-05-19,0,6,6,066,"0 6 6 5 3 7 1 1 132411760 0 1040 0 346 0 173"
2024131,2024-05-20,0,6,9,069,"0 6 9 2 9 8 1 1 130227756 0 1040 0 346 0 173"
2024132,2024-05-21,6,5,2,652,"6 5 2 4 6 3 1 1 128282778 0 1040 0 346 0 173"
2024133,2024-05-22,7,4,1,741,"7 4 1 6 4 3 1 1 132620254 0 1040 0 346 0 173"
2024134,2024-05-23,6,4,0,640,"6 4 0 7 2 2 1 1 137125494 0 1040 0 346 0 173"
2024135,2024-05-24,0,3,5,035,"0 3 5 0 2 5 1 1 136565592 0 1040 0 346 0 173"
2024136,2024-05-25,2,2,7,227,"2 2 7 5 5 3 1 1 135256494 0 1040 0 346 0 173"
2024137,2024-05-26,9,8,2,982,"9 8 2 4 8 5 1 1 131597314 0 1040 0 346 0 173"
2024138,2024-05-27,9,5,5,955,"9 5 5 9 1 6 1 1 136013124 0 1040 0 346 0 173"
2024139,2024-05-28,7,4,8,748,"7 4 8 1 2 6 1 1 131507898 0 1040 0 346 0 173"
2024140,2024-05-29,5,3,6,536,"5 3 6 0 1 9 1 1 135435802 0 1040 0 346 0 173"
2024141,2024-05-30,2,5,6,256,"2 5 6 6 5 3 1 1 139842824 0 1040 0 346 0 173"
2024142,2024-05-31,8,1,3,813,"8 1 3 2 0 0 1 1 144119048 0 1040 0 346 0 173"
2024143,2024-06-01,9,5,5,955,"9 5 5 8 2 9 1 1 138158360 0 1040 0 346 0 173"
2024144,2024-06-02,8,1,6,816,"8 1 6 2 0 5 1 1 136241544 0 1040 0 346 0 173"
2024145,2024-06-03,7,5,6,756,"7 5 6 8 5 5 1 1 138739876 0 1040 0 346 0 173"
2024146,2024-06-04,1,8,0,180,"1 8 0 1 6 8 1 1 141675904 0 1040 0 346 0 173"
2024147,2024-06-05,2,2,5,225,"2 2 5 4 6 1 1 1 141827004 0 1040 0 346 0 173"
2024148,2024-06-06,4,2,6,426,"4 2 6 6 6 1 1 1 139324228 0 1040 0 346 0 173"
2024149,2024-06-07,1,5,3,153,"1 5 3 9 4 5 1 1 140950864 0 1040 0 346 0 173"
2024150,2024-06-08,3,5,6,356,"3 5 6 3 3 2 1 1 136913590 0 1040 0 346 0 173"
2024151,2024-06-09,7,6,5,765,"7 6 5 3 9 3 1 1 135307742 0 1040 0 346 0 173"
2024152,2024-06-10,8,4,8,848,"8 4 8 2 0 3 1 1 137564458 0 1040 0 346 0 173"
2024153,2024-06-11,2,8,7,287,"2 8 7 7 0 0 1 1 140140784 0 1040 0 346 0 173"
2024154,2024-06-12,8,3,4,834,"8 3 4 2 4 8 1 1 144200320 0 1040 0 346 0 173"
2024155,2024-06-13,4,1,1,411,"4 1 1 1 6 2 1 1 147587470 0 1040 0 346 0 173"
2024156,2024-06-14,1,8,0,180,"1 8 0 9 6 7 1 1 142376570 0 1040 0 346 0 173"
2024157,2024-06-15,1,2,6,126,"1 2 6 8 7 8 1 1 140101094 0 1040 0 346 0 173"
2024158,2024-06-16,8,2,1,821,"8 2 1 7 5 2 1 1 140638558 0 1040 0 346 0 173"
2024159,2024-06-17,2,1,2,212,"2 1 2 1 6 9 1 1 141391250 0 1040 0 346 0 173"
2024160,2024-06-18,6,9,0,690,"6 9 0 2 6 7 1 1 139439870 0 1040 0 346 0 173"
2024161,2024-06-19,4,6,8,468,"4 6 8 1 7 1 1 1 135220144 0 1040 0 346 0 173"
2024162,2024-06-20,1,6,4,164,"1 6 4 8 1 2 1 1 139978206 0 1040 0 346 0 173"
2024163,2024-06-21,3,0,4,304,"3 0 4 0 8 0 1 1 140810908 0 1040 0 346 0 173"
2024164,2024-06-22,3,5,4,354,"3 5 4 8 3 3 1 1 134152262 0 1040 0 346 0 173"
2024165,2024-06-23,1,4,5,145,"1 4 5 5 0 3 1 1 134132226 0 1040 0 346 0 173"
2024166,2024-06-24,3,9,7,397,"3 9 7 6 1 1 1 1 139024776 0 1040 0 346 0 173"
2024167,2024-06-25,2,2,0,220,"2 2 0 5 4 6 1 1 135383396 0 1040 0 346 0 173"
2024168,2024-06-26,7,5,2,752,"7 5 2 6 9 6 1 1 128858220 0 1040 0 346 0 173"
2024169,2024-06-27,4,0,2,402,"4 0 2 5 1 8 1 1 135016082 0 1040 0 346 0 173"
2024170,2024-06-28,2,2,5,225,"2 2 5 6 5 5 1 1 136448304 0 1040 0 346 0 173"
2024171,2024-06-29,4,8,0,480,"4 8 0 9 8 6 1 1 131411686 0 1040 0 346 0 173"
2024172,2024-06-30,9,0,8,908,"9 0 8 8 2 4 1 1 132292678 0 1040 0 346 0 173"
2024173,2024-07-01,4,4,9,449,"4 4 9 7 3 5 1 1 128374136 0 1040 0 346 0 173"
2024174,2024-07-02,2,3,6,236,"2 3 6 0 1 5 1 1 125567674 0 1040 0 346 0 173"
2024175,2024-07-03,4,8,8,488,"4 8 8 2 2 4 1 1 131535596 0 1040 0 346 0 173"
2024176,2024-07-04,1,0,8,108,"1 0 8 3 9 1 1 1 127176180 0 1040 0 346 0 173"
2024177,2024-07-05,4,6,0,460,"4 6 0 7 4 7 1 1 129417324 0 1040 0 346 0 173"
2024178,2024-07-06,5,8,1,581,"5 8 1 3 9 1 1 1 127290604 0 1040 0 346 0 173"
2024179,2024-07-07,0,0,5,005,"0 0 5 9 3 1 1 1 127335224 0 1040 0 346 0 173"
2024180,2024-07-08,9,1,8,918,"9 1 8 8 8 6 1 1 127618122 0 1040 0 346 0 173"
2024181,2024-07-09,2,3,0,230,"2 3 0 1 2 0 1 1 129312866 0 1040 0 346 0 173"
2024182,2024-07-10,8,8,4,884,"8 8 4 8 9 5 1 1 133183598 0 1040 0 346 0 173"
2024183,2024-07-11,4,4,3,443,"4 4 3 1 9 3 1 1 131904864 0 1040 0 346 0 173"
2024184,2024-07-12,9,3,3,933,"9 3 3 2 8 7 1 1 134657934 0 1040 0 346 0 173"
2024185,2024-07-13,3,0,6,306,"3 0 6 1 8 6 1 1 126461514 0 1040 0 346 0 173"
2024186,2024-07-14,5,7,9,579,"5 7 9 5 7 1 1 1 125699230 0 1040 0 346 0 173"
2024187,2024-07-15,3,8,0,380,"3 8 0 1 0 0 1 1 126910264 0 1040 0 346 0 173"
2024188,2024-07-16,9,5,6,956,"9 5 6 6 7 7 1 1 130074782 0 1040 0 346 0 173"
2024189,2024-07-17,5,3,0,530,"5 3 0 6 9 9 1 1 132925614 0 1040 0 346 0 173"
2024190,2024-07-18,4,1,0,410,"4 1 0 9 1 6 1 1 132467778 0 1040 0 346 0 173"
2024191,2024-07-19,3,8,2,382,"3 8 2 2 7 1 1 1 133496036 0 1040 0 346 0 173"
2024192,2024-07-20,6,7,6,676,"6 7 6 5 5 7 1 1 129239824 0 1040 0 346 0 173"
2024193,2024-07-21,6,8,1,681,"6 8 1 1 7 7 1 1 123703300 0 1040 0 346 0 173"
2024194,2024-07-22,1,3,7,137,"1 3 7 3 8 5 1 1 128465618 0 1040 0 346 0 173"
2024195,2024-07-23,7,2,5,725,"7 2 5 6 5 1 1 1 130043334 0 1040 0 346 0 173"
2024196,2024-07-24,0,5,6,056,"0 5 6 8 2 8 1 1 133492786 0 1040 0 346 0 173"
2024197,2024-07-25,2,2,4,224,"2 2 4 4 9 7 1 1 130793506 0 1040 0 346 0 173"
2024198,2024-07-26,7,1,0,710,"7 1 0 4 8 4 1 1 129581618 0 1040 0 346 0 173"
2024199,2024-07-27,1,4,7,147,"1 4 7 4 4 1 1 1 126494450 0 1040 0 346 0 173"
2024200,2024-07-28,3,0,9,309,"3 0 9 1 6 4 1 1 129519500 0 1040 0 346 0 173"
2024201,2024-07-29,8,4,3,843,"8 4 3 3 7 8 1 1 130091734 0 1040 0 346 0 173"
2024202,2024-07-30,5,5,2,552,"5 5 2 7 9 8 1 1 130116278 0 1040 0 346 0 173"
2024203,2024-07-31,1,7,2,172,"1 7 2 9 0 2 1 1 128107842 0 1040 0 346 0 173"
2024204,2024-08-01,3,9,0,390,"3 9 0 8 6 3 1 1 128107842 0 1040 0 346 0 173"
2024205,2024-08-02,6,5,1,651,"6 5 1 4 7 0 1 1 132189516 0 1040 0 346 0 173"
2024206,2024-08-03,8,1,8,818,"8 1 8 4 0 4 1 1 128044522 0 1040 0 346 0 173"
2024207,2024-08-04,8,9,2,892,"8 9 2 7 6 2 1 1 126036782 0 1040 0 346 0 173"
2024208,2024-08-05,2,8,1,281,"2 8 1 5 6 5 1 1 128653570 0 1040 0 346 0 173"
2024209,2024-08-06,6,7,6,676,"6 7 6 4 9 2 1 1 126429078 0 1040 0 346 0 173"
2024210,2024-08-07,4,4,9,449,"4 4 9 5 7 0 1 1 124358938 0 1040 0 346 0 173"
2024211,2024-08-08,0,5,4,054,"0 5 4 0 0 8 1 1 124581534 0 1040 0 346 0 173"
2024212,2024-08-09,0,8,9,089,"0 8 9 1 8 7 1 1 128961192 0 1040 0 346 0 173"
2024213,2024-08-10,0,0,9,009,"0 0 9 4 5 6 1 1 126019238 0 1040 0 346 0 173"
2024214,2024-08-11,3,6,5,365,"3 6 5 8 4 1 1 1 120395744 0 1040 0 346 0 173"
2024215,2024-08-12,4,8,3,483,"4 8 3 7 7 0 1 1 125465196 0 1040 0 346 0 173"
2024216,2024-08-13,4,4,4,444,"4 4 4 2 7 4 1 1 127990754 0 1040 0 346 0 173"
2024217,2024-08-14,4,0,5,405,"4 0 5 8 4 5 1 1 120708310 0 1040 0 346 0 173"
2024218,2024-08-15,4,6,7,467,"4 6 7 0 3 3 1 1 120708310 0 1040 0 346 0 173"
2024219,2024-08-16,3,0,5,305,"3 0 5 5 3 9 1 1 134758722 0 1040 0 346 0 173"
2024220,2024-08-17,4,1,4,414,"4 1 4 2 4 6 1 1 132483962 0 1040 0 346 0 173"
2024221,2024-08-18,1,0,3,103,"1 0 3 8 7 2 1 1 129645698 0 1040 0 346 0 173"
2024222,2024-08-19,5,6,4,564,"5 6 4 3 3 9 1 1 125671128 0 1040 0 346 0 173"
2024223,2024-08-20,7,7,3,773,"7 7 3 9 2 3 1 1 129463722 0 1040 0 346 0 173"
2024224,2024-08-21,5,6,0,560,"5 6 0 0 9 9 1 1 125613358 0 1040 0 346 0 173"
2024225,2024-08-22,8,8,4,884,"8 8 4 6 1 9 1 1 127503598 0 1040 0 346 0 173"
2024226,2024-08-23,3,8,0,380,"3 8 0 2 4 3 1 1 128677518 0 1040 0 346 0 173"
2024227,2024-08-24,3,1,2,312,"3 1 2 2 9 5 1 1 128491196 0 1040 0 346 0 173"
2024228,2024-08-25,2,9,8,298,"2 9 8 0 2 7 1 1 123803176 0 1040 0 346 0 173"
2024229,2024-08-26,9,1,1,911,"9 1 1 8 7 0 1 1 124179614 0 1040 0 346 0 173"
2024230,2024-08-27,4,9,7,497,"4 9 7 2 4 1 1 1 119498472 0 1040 0 346 0 173"
2024231,2024-08-28,9,3,8,938,"9 3 8 3 4 7 1 1 121373092 0 1040 0 346 0 173"
2024232,2024-08-29,0,1,2,012,"0 1 2 8 9 8 1 1 123373684 0 1040 0 346 0 173"
2024233,2024-08-30,3,9,7,397,"3 9 7 5 9 4 1 1 120921172 0 1040 0 346 0 173"
2024234,2024-08-31,7,1,5,715,"7 1 5 1 1 2 1 1 121618078 0 1040 0 346 0 173"
2024235,2024-09-01,4,9,2,492,"4 9 2 6 7 3 1 1 112628526 0 1040 0 346 0 173"
2024236,2024-09-02,5,1,2,512,"5 1 2 5 9 1 1 1 117507546 0 1040 0 346 0 173"
2024237,2024-09-03,2,7,4,274,"2 7 4 1 1 5 1 1 117535390 0 1040 0 346 0 173"
2024238,2024-09-04,4,6,9,469,"4 6 9 6 7 9 1 1 117908176 0 1040 0 346 0 173"
2024239,2024-09-05,5,2,4,524,"5 2 4 0 0 2 1 1 118588926 0 1040 0 346 0 173"
2024240,2024-09-06,0,6,5,065,"0 6 5 7 5 8 1 1 119755724 0 1040 0 346 0 173"
2024241,2024-09-07,4,7,0,470,"4 7 0 4 7 7 1 1 116443672 0 1040 0 346 0 173"
2024242,2024-09-08,6,2,3,623,"6 2 3 4 1 3 1 1 120404462 0 1040 0 346 0 173"
2024243,2024-09-09,9,5,5,955,"9 5 5 6 3 3 1 1 123571192 0 1040 0 346 0 173"
2024244,2024-09-10,8,6,3,863,"8 6 3 5 5 5 1 1 113757424 0 1040 0 346 0 173"
2024245,2024-09-11,7,4,1,741,"7 4 1 7 9 7 1 1 119785954 0 1040 0 346 0 173"
2024246,2024-09-12,7,1,0,710,"7 1 0 9 5 1 1 1 120822672 0 1040 0 346 0 173"
2024247,2024-09-13,7,8,3,783,"7 8 3 4 2 9 1 1 117894920 0 1040 0 346 0 173"
2024248,2024-09-14,8,6,1,861,"8 6 1 9 3 0 1 1 116913968 0 1040 0 346 0 173"
2024249,2024-09-15,4,4,9,449,"4 4 9 5 7 4 1 1 116934164 0 1040 0 346 0 173"
2024250,2024-09-16,2,5,3,253,"2 5 3 7 2 1 1 1 111562426 0 1040 0 346 0 173"
2024251,2024-09-17,1,5,6,156,"1 5 6 5 3 7 1 1 112561554 0 1040 0 346 0 173"
2024252,2024-09-18,0,8,6,086,"0 8 6 3 8 0 1 1 117739156 0 1040 0 346 0 173"
2024253,2024-09-19,2,7,4,274,"2 7 4 7 2 4 1 1 119124932 0 1040 0 346 0 173"
2024254,2024-09-20,4,0,9,409,"4 0 9 5 2 3 1 1 122015650 0 1040 0 346 0 173"
2024255,2024-09-21,0,9,6,096,"0 9 6 2 6 5 1 1 120837918 0 1040 0 346 0 173"
2024256,2024-09-22,7,4,9,749,"7 4 9 2 2 3 1 1 120041890 0 1040 0 346 0 173"
2024257,2024-09-23,1,9,9,199,"1 9 9 1 8 9 1 1 121630314 0 1040 0 346 0 173"
2024258,2024-09-24,0,7,7,077,"0 7 7 6 0 6 1 1 118026822 0 1040 0 346 0 173"
2024259,2024-09-25,2,4,9,249,"2 4 9 0 5 7 1 1 116022768 0 1040 0 346 0 173"
2024260,2024-09-26,9,2,6,926,"9 2 6 8 3 2 1 1 122993294 0 1040 0 346 0 173"
2024261,2024-09-27,7,6,6,766,"7 6 6 3 6 1 1 1 126180718 0 1040 0 346 0 173"
2024262,2024-09-28,4,6,5,465,"4 6 5 7 5 4 1 1 119286078 0 1040 0 346 0 173"
2024263,2024-09-29,2,9,2,292,"2 9 2 2 1 9 1 1 120610058 0 1040 0 346 0 173"
2024264,2024-09-30,7,1,0,710,"7 1 0 5 6 1 1 1 121034158 0 1040 0 346 0 173"
2024265,2024-10-05,2,4,5,245,"2 4 5 7 0 3 1 1 105464578 0 1040 0 346 0 173"
2024266,2024-10-06,3,9,0,390,"3 9 0 1 3 5 1 1 107653660 0 1040 0 346 0 173"
2024267,2024-10-07,2,2,7,227,"2 2 7 2 7 6 1 1 112639654 0 1040 0 346 0 173"
2024268,2024-10-08,9,3,1,931,"9 3 1 3 9 6 1 1 117891030 0 1040 0 346 0 173"
2024269,2024-10-09,3,8,8,388,"3 8 8 8 7 1 1 1 120424750 0 1040 0 346 0 173"
2024270,2024-10-10,6,9,9,699,"6 9 9 9 7 4 1 1 116549922 0 1040 0 346 0 173"
2024271,2024-10-11,7,9,5,795,"7 9 5 7 9 3 1 1 115448992 0 1040 0 346 0 173"
2024272,2024-10-12,2,7,5,275,"2 7 5 5 6 6 1 1 115696956 0 1040 0 346 0 173"
2024273,2024-10-13,8,3,3,833,"8 3 3 0 8 8 1 1 115136280 0 1040 0 346 0 173"
2024274,2024-10-14,1,7,2,172,"1 7 2 9 6 0 1 1 114137160 0 1040 0 346 0 173"
2024275,2024-10-15,8,2,7,827,"8 2 7 4 3 8 1 1 115206232 0 1040 0 346 0 173"
2024276,2024-10-16,0,8,6,086,"0 8 6 6 0 9 1 1 116956916 0 1040 0 346 0 173"
2024277,2024-10-17,6,8,4,684,"6 8 4 8 1 2 1 1 118857726 0 1040 0 346 0 173"
2024278,2024-10-18,2,2,1,221,"2 2 1 6 0 1 1 1 118003178 0 1040 0 346 0 173"
2024279,2024-10-19,0,6,0,060,"0 6 0 4 3 0 1 1 108511772 0 1040 0 346 0 173"
2024280,2024-10-20,2,4,8,248,"2 4 8 6 0 5 1 1 107120094 0 1040 0 346 0 173"
2024281,2024-10-21,9,0,0,900,"9 0 0 1 3 2 1 1 113029256 0 1040 0 346 0 173"
2024282,2024-10-22,9,8,3,983,"9 8 3 6 7 5 1 1 110059408 0 1040 0 346 0 173"
2024283,2024-10-23,4,1,9,419,"4 1 9 4 4 6 1 1 110328076 0 1040 0 346 0 173"
2024284,2024-10-24,3,4,2,342,"3 4 2 7 6 6 1 1 114097094 0 1040 0 346 0 173"
2024285,2024-10-25,7,1,8,718,"7 1 8 8 4 6 1 1 113500822 0 1040 0 346 0 173"
2024286,2024-10-26,6,2,1,621,"6 2 1 6 8 4 1 1 109650034 0 1040 0 346 0 173"
2024287,2024-10-27,1,9,2,192,"1 9 2 0 2 4 1 1 113101298 0 1040 0 346 0 173"
2024288,2024-10-28,8,3,9,839,"8 3 9 8 2 3 1 1 114656190 0 1040 0 346 0 173"
2024289,2024-10-29,9,8,9,989,"9 8 9 4 3 4 1 1 117486332 0 1040 0 346 0 173"
2024290,2024-10-30,9,1,1,911,"9 1 1 2 2 9 1 1 109867494 0 1040 0 346 0 173"
2024291,2024-10-31,4,2,6,426,"4 2 6 8 4 1 1 1 110246274 0 1040 0 346 0 173"
2024292,2024-11-01,4,6,2,462,"4 6 2 9 0 7 1 1 114439146 0 1040 0 346 0 173"
2024293,2024-11-02,5,2,1,521,"5 2 1 4 5 8 1 1 105562934 0 1040 0 346 0 173"
2024294,2024-11-03,3,6,4,364,"3 6 4 1 6 9 1 1 104727716 0 1040 0 346 0 173"
2024295,2024-11-04,5,7,1,571,"5 7 1 8 9 7 1 1 108755108 0 1040 0 346 0 173"
2024296,2024-11-05,8,1,6,816,"8 1 6 5 2 8 1 1 109864878 0 1040 0 346 0 173"
2024297,2024-11-06,3,7,2,372,"3 7 2 9 7 1 1 1 111967506 0 1040 0 346 0 173"
2024298,2024-11-07,0,5,5,055,"0 5 5 9 2 8 1 1 112929996 0 1040 0 346 0 173"
2024299,2024-11-08,9,4,9,949,"9 4 9 6 0 6 1 1 110257232 0 1040 0 346 0 173"
2024300,2024-11-09,6,6,6,666,"6 6 6 4 2 0 1 1 104989838 0 1040 0 346 0 173"
2024301,2024-11-10,4,3,5,435,"4 3 5 1 6 1 1 1 97919174 0 1040 0 346 0 173"
2024302,2024-11-11,5,1,6,516,"5 1 6 2 6 0 1 1 108321082 0 1040 0 346 0 173"
2024303,2024-11-12,3,3,6,336,"3 3 6 1 4 9 1 1 110207616 0 1040 0 346 0 173"
2024304,2024-11-13,1,6,9,169,"1 6 9 6 3 7 1 1 109332058 0 1040 0 346 0 173"
2024305,2024-11-14,9,6,6,966,"9 6 6 2 3 8 1 1 110032280 0 1040 0 346 0 173"
2024306,2024-11-15,2,9,6,296,"2 9 6 6 7 5 1 1 108844270 0 1040 0 346 0 173"
2024307,2024-11-16,5,7,9,579,"5 7 9 8 0 6 1 1 107267024 0 1040 0 346 0 173"
2024308,2024-11-17,6,5,4,654,"6 5 4 0 6 9 1 1 108844592 0 1040 0 346 0 173"
2024309,2024-11-18,5,3,9,539,"5 3 9 2 4 3 1 1 109545314 0 1040 0 346 0 173"
2024310,2024-11-19,6,0,3,603,"6 0 3 4 8 6 1 1 109807802 0 1040 0 346 0 173"
2024311,2024-11-20,0,6,7,067,"0 6 7 5 1 5 1 1 110051506 0 1040 0 346 0 173"
2024312,2024-11-21,7,5,4,754,"7 5 4 6 6 8 1 1 109684268 0 1040 0 346 0 173"
2024313,2024-11-22,0,9,5,095,"0 9 5 9 2 7 1 1 113204426 0 1040 0 346 0 173"
2024314,2024-11-23,6,7,2,672,"6 7 2 0 2 5 1 1 109876028 0 1040 0 346 0 173"
2024315,2024-11-24,8,0,2,802,"8 0 2 1 2 7 1 1 113875116 0 1040 0 346 0 173"
2024316,2024-11-25,7,8,9,789,"7 8 9 0 6 9 1 1 114489070 0 1040 0 346 0 173"
2024317,2024-11-26,3,8,6,386,"3 8 6 4 3 8 1 1 112502350 0 1040 0 346 0 173"
2024318,2024-11-27,5,2,5,525,"5 2 5 2 3 7 1 1 119885378 0 1040 0 346 0 173"
2024319,2024-11-28,7,2,6,726,"7 2 6 1 5 6 1 1 113163810 0 1040 0 346 0 173"
2024320,2024-11-29,7,7,8,778,"7 7 8 2 2 8 1 1 119845288 0 1040 0 346 0 173"
2024321,2024-11-30,5,4,2,542,"5 4 2 5 0 2 1 1 109798280 0 1040 0 346 0 173"
2024322,2024-12-01,8,6,7,867,"8 6 7 6 9 9 1 1 113323054 0 1040 0 346 0 173"
2024323,2024-12-02,5,3,6,536,"5 3 6 0 1 4 1 1 113647592 0 1040 0 346 0 173"
2024324,2024-12-03,3,8,4,384,"3 8 4 6 6 2 1 1 119484548 0 1040 0 346 0 173"
2024325,2024-12-04,1,5,8,158,"1 5 8 0 6 2 1 1 125990006 0 1040 0 346 0 173"
2024326,2024-12-05,7,2,2,722,"7 2 2 4 6 0 1 1 124277722 0 1040 0 346 0 173"
2024327,2024-12-06,2,8,0,280,"2 8 0 2 8 3 1 1 129379280 0 1040 0 346 0 173"
2024328,2024-12-07,3,0,6,306,"3 0 6 1 5 3 1 1 122309042 0 1040 0 346 0 173"
2024329,2024-12-08,9,1,0,910,"9 1 0 7 2 2 1 1 122428412 0 1040 0 346 0 173"
2024330,2024-12-09,1,6,7,167,"1 6 7 6 6 6 1 1 123619876 0 1040 0 346 0 173"
2024331,2024-12-10,9,6,4,964,"9 6 4 9 7 3 1 1 124761192 0 1040 0 346 0 173"
2024332,2024-12-11,7,6,5,765,"7 6 5 5 0 5 1 1 127373276 0 1040 0 346 0 173"
2024333,2024-12-12,9,5,1,951,"9 5 1 7 5 7 1 1 124904698 0 1040 0 346 0 173"
2024334,2024-12-13,5,4,1,541,"5 4 1 5 6 8 1 1 130546954 0 1040 0 346 0 173"
2024335,2024-12-14,5,9,3,593,"5 9 3 9 2 1 1 1 125061672 0 1040 0 346 0 173"
2024336,2024-12-15,9,6,4,964,"9 6 4 9 0 3 1 1 124851400 0 1040 0 346 0 173"
2024337,2024-12-16,8,4,3,843,"8 4 3 8 1 1 1 1 130293620 0 1040 0 346 0 173"
2024338,2024-12-17,9,7,7,977,"9 7 7 7 2 0 1 1 131924482 0 1040 0 346 0 173"
2024339,2024-12-18,5,0,9,509,"5 0 9 2 4 7 1 1 121525420 0 1040 0 346 0 173"
2024340,2024-12-19,2,7,8,278,"2 7 8 8 3 4 1 1 123747330 0 1040 0 346 0 173"
2024341,2024-12-20,3,7,1,371,"3 7 1 5 8 4 1 1 128205988 0 1040 0 346 0 173"
2024342,2024-12-21,4,8,3,483,"4 8 3 3 1 3 1 1 122815560 0 1040 0 346 0 173"
2024343,2024-12-22,2,1,4,214,"2 1 4 3 4 6 1 1 124803458 0 1040 0 346 0 173"
2024344,2024-12-23,3,0,5,305,"3 0 5 0 8 5 1 1 126942646 0 1040 0 346 0 173"
2024345,2024-12-24,3,1,7,317,"3 1 7 0 6 8 1 1 129401284 0 1040 0 346 0 173"
2024346,2024-12-25,0,5,6,056,"0 5 6 4 6 4 1 1 130815928 0 1040 0 346 0 173"
2024347,2024-12-26,3,9,2,392,"3 9 2 9 1 7 1 1 128212650 0 1040 0 346 0 173"
2024348,2024-12-27,9,2,8,928,"9 2 8 2 9 8 1 1 132175376 0 1040 0 346 0 173"
2024349,2024-12-28,1,0,8,108,"1 0 8 2 7 4 1 1 127946706 0 1040 0 346 0 173"
2024350,2024-12-29,6,7,2,672,"6 7 2 1 4 9 1 1 132391202 0 1040 0 346 0 173"
2024351,2024-12-30,6,5,7,657,"6 5 7 6 5 8 1 1 138132670 0 1040 0 346 0 173"
2024352,2024-12-31,2,9,2,292,"2 9 2 2 2 6 1 1 140641718 0 1040 0 346 0 173"
2025001,2025-01-01,7,0,3,703,"7 0 3 9 7 1 1 1 121010930 0 1040 0 346 0 173"
2025002,2025-01-02,9,1,6,916,"9 1 6 4 3 8 1 1 125620144 0 1040 0 346 0 173"
2025003,2025-01-03,2,1,4,214,"2 1 4 0 4 2 1 1 132053224 0 1040 0 346 0 173"
2025004,2025-01-04,6,3,4,634,"6 3 4 2 7 8 1 1 127119438 0 1040 0 346 0 173"
2025005,2025-01-05,0,8,5,085,"0 8 5 4 8 8 1 1 127824192 0 1040 0 346 0 173"
2025006,2025-01-06,8,9,8,898,"8 9 8 5 5 4 1 1 130352312 0 1040 0 346 0 173"
2025007,2025-01-07,1,4,1,141,"1 4 1 8 1 9 1 1 122480048 0 1040 0 346 0 173"
2025008,2025-01-08,2,6,0,260,"2 6 0 6 7 9 1 1 122295290 0 1040 0 346 0 173"
2025009,2025-01-09,4,1,6,416,"4 1 6 3 6 5 1 1 122437942 0 1040 0 346 0 173"
2025010,2025-01-10,3,3,3,333,"3 3 3 9 0 1 1 1 127921102 0 1040 0 346 0 173"
2025011,2025-01-11,5,1,8,518,"5 1 8 3 6 9 1 1 115053974 0 1040 0 346 0 173"
2025012,2025-01-12,4,8,7,487,"4 8 7 7 8 6 1 1 123431258 0 1040 0 346 0 173"
2025013,2025-01-13,6,0,6,606,"6 0 6 6 4 2 1 1 128749584 0 1040 0 346 0 173"
2025014,2025-01-14,6,7,9,679,"6 7 9 2 1 4 1 1 125072604 0 1040 0 346 0 173"
2025015,2025-01-15,9,4,2,942,"9 4 2 4 2 7 1 1 125997960 0 1040 0 346 0 173"
2025016,2025-01-16,1,0,4,104,"1 0 4 5 7 8 1 1 130737112 0 1040 0 346 0 173"
2025017,2025-01-17,0,2,7,027,"0 2 7 0 0 2 1 1 129717920 0 1040 0 346 0 173"
2025018,2025-01-18,8,3,6,836,"8 3 6 7 3 5 1 1 126827786 0 1040 0 346 0 173"
2025019,2025-01-19,7,1,0,710,"7 1 0 0 0 5 1 1 131626900 0 1040 0 346 0 173"
2025020,2025-01-20,0,5,6,056,"0 5 6 1 6 4 1 1 130478370 0 1040 0 346 0 173"
2025021,2025-01-21,4,6,8,468,"4 6 8 5 2 6 1 1 128760978 0 1040 0 346 0 173"
2025022,2025-01-22,6,3,8,638,"6 3 8 9 6 0 1 1 130150770 0 1040 0 346 0 173"
2025023,2025-01-23,5,9,1,591,"5 9 1 0 2 2 1 1 130805322 0 1040 0 346 0 173"
2025024,2025-01-24,7,6,2,762,"7 6 2 2 7 5 1 1 137606936 0 1040 0 346 0 173"
2025025,2025-01-25,4,8,6,486,"4 8 6 7 8 1 1 1 138271464 0 1040 0 346 0 173"
2025026,2025-01-26,5,8,8,588,"5 8 8 0 7 2 1 1 144082894 0 1040 0 346 0 173"
2025027,2025-02-06,3,8,3,383,"3 8 3 3 5 7 1 1 112446958 0 1040 0 346 0 173"
2025028,2025-02-07,4,0,9,409,"4 0 9 6 8 7 1 1 105047830 0 1040 0 346 0 173"
2025029,2025-02-08,0,9,6,096,"0 9 6 4 8 3 1 1 108213326 0 1040 0 346 0 173"
2025030,2025-02-09,3,0,2,302,"3 0 2 2 1 7 1 1 111521330 0 1040 0 346 0 173"
2025031,2025-02-10,3,7,9,379,"3 7 9 0 1 2 1 1 110862208 0 1040 0 346 0 173"
2025032,2025-02-11,4,9,9,499,"4 9 9 6 2 5 1 1 112635166 0 1040 0 346 0 173"
2025033,2025-02-12,6,0,6,606,"6 0 6 6 7 2 1 1 112915394 0 1040 0 346 0 173"
2025034,2025-02-13,2,6,1,261,"2 6 1 0 9 1 1 1 115398540 0 1040 0 346 0 173"
2025035,2025-02-14,7,7,8,778,"7 7 8 0 7 3 1 1 122926880 0 1040 0 346 0 173"
2025036,2025-02-15,6,1,7,617,"6 1 7 3 2 2 1 1 113719360 0 1040 0 346 0 173"
2025037,2025-02-16,1,3,1,131,"1 3 1 7 9 7 1 1 118973646 0 1040 0 346 0 173"
2025038,2025-02-17,8,4,7,847,"8 4 7 9 6 8 1 1 117073524 0 1040 0 346 0 173"
2025039,2025-02-18,9,3,2,932,"9 3 2 6 1 3 1 1 119959874 0 1040 0 346 0 173"
2025040,2025-02-19,4,2,8,428,"4 2 8 1 2 3 1 1 122303390 0 1040 0 346 0 173"
2025041,2025-02-20,4,0,1,401,"4 0 1 9 6 1 1 1 123691424 0 1040 0 346 0 173"
2025042,2025-02-21,7,7,5,775,"7 7 5 3 3 5 1 1 123557262 0 1040 0 346 0 173"
2025043,2025-02-22,4,7,5,475,"4 7 5 5 4 7 1 1 115986908 0 1040 0 346 0 173"
2025044,2025-02-23,9,1,2,912,"9 1 2 1 4 0 1 1 113960950 0 1040 0 346 0 173"
2025045,2025-02-24,5,5,4,554,"5 5 4 3 1 1 1 1 121624432 0 1040 0 346 0 173"
2025046,2025-02-25,4,9,0,490,"4 9 0 8 6 5 1 1 118687816 0 1040 0 346 0 173"
2025047,2025-02-26,2,4,8,248,"2 4 8 3 9 1 1 1 123821540 0 1040 0 346 0 173"
2025048,2025-02-27,6,4,0,640,"6 4 0 4 5 7 1 1 123604186 0 1040 0 346 0 173"
2025049,2025-02-28,0,0,4,004,"0 0 4 9 8 2 1 1 128286352 0 1040 0 346 0 173"
2025050,2025-03-01,8,0,6,806,"8 0 6 2 2 3 1 1 123449064 0 1040 0 346 0 173"
2025051,2025-03-02,9,0,5,905,"9 0 5 9 9 4 1 1 127297032 0 1040 0 346 0 173"
2025052,2025-03-03,5,8,5,585,"5 8 5 2 3 8 1 1 127550000 0 1040 0 346 0 173"
2025053,2025-03-04,8,9,5,895,"8 9 5 0 3 6 1 1 125041488 0 1040 0 346 0 173"
2025054,2025-03-05,4,9,7,497,"4 9 7 3 3 2 1 1 125276134 0 1040 0 346 0 173"
2025055,2025-03-06,3,6,8,368,"3 6 8 4 0 5 1 1 129484966 0 1040 0 346 0 173"
2025056,2025-03-07,4,9,2,492,"4 9 2 3 6 5 1 1 133846308 0 1040 0 346 0 173"
2025057,2025-03-08,3,9,7,397,"3 9 7 0 0 5 1 1 132496790 0 1040 0 346 0 173"
2025058,2025-03-09,4,0,5,405,"4 0 5 8 5 1 1 1 133680338 0 1040 0 346 0 173"
2025059,2025-03-10,8,4,7,847,"8 4 7 8 9 6 1 1 136348478 0 1040 0 346 0 173"
2025060,2025-03-11,9,3,8,938,"9 3 8 1 3 9 1 1 135621788 0 1040 0 346 0 173"
2025061,2025-03-12,4,7,6,476,"4 7 6 5 8 0 1 1 139972702 0 1040 0 346 0 173"
2025062,2025-03-13,8,1,0,810,"8 1 0 8 2 7 1 1 137961302 0 1040 0 346 0 173"
2025063,2025-03-14,4,0,5,405,"4 0 5 0 8 8 1 1 140419336 0 1040 0 346 0 173"
2025064,2025-03-15,9,2,8,928,"9 2 8 7 3 4 1 1 134319644 0 1040 0 346 0 173"
2025065,2025-03-16,5,3,8,538,"5 3 8 0 8 1 1 1 141132818 0 1040 0 346 0 173"
2025066,2025-03-17,7,2,0,720,"7 2 0 3 1 5 1 1 148542580 0 1040 0 346 0 173"
2025067,2025-03-18,3,8,5,385,"3 8 5 2 1 8 1 1 152673322 0 1040 0 346 0 173"
2025068,2025-03-19,5,5,5,555,"5 5 5 7 9 7 1 1 152420794 0 1040 0 346 0 173"
2025069,2025-03-20,9,0,6,906,"9 0 6 5 6 4 1 1 131191350 0 1040 0 346 0 173"
2025070,2025-03-21,7,4,8,748,"7 4 8 8 7 4 1 1 139901544 0 1040 0 346 0 173"
2025071,2025-03-22,4,3,4,434,"4 3 4 0 5 3 1 1 144652766 0 1040 0 346 0 173"
2025072,2025-03-23,2,7,2,272,"2 7 2 7 8 7 1 1 127941436 0 1040 0 346 0 173"
2025073,2025-03-24,7,7,8,778,"7 7 8 4 2 2 1 1 133070002 0 1040 0 346 0 173"
2025074,2025-03-25,4,1,9,419,"4 1 9 2 1 5 1 1 124614362 0 1040 0 346 0 173"
2025075,2025-03-26,7,0,9,709,"7 0 9 2 1 4 1 1 134844160 0 1040 0 346 0 173"
2025076,2025-03-27,7,8,1,781,"7 8 1 8 4 3 1 1 132942644 0 1040 0 346 0 173"
2025077,2025-03-28,6,2,5,625,"6 2 5 8 6 6 1 1 133684230 0 1040 0 346 0 173"
2025078,2025-03-29,0,0,0,000,"0 0 0 7 3 7 1 1 129852648 0 1040 0 346 0 173"
2025079,2025-03-30,6,5,7,657,"6 5 7 3 1 0 1 1 114523884 0 1040 0 346 0 173"
2025080,2025-03-31,5,0,0,500,"5 0 0 7 5 7 1 1 122929196 0 1040 0 346 0 173"
2025081,2025-04-01,4,0,3,403,"4 0 3 3 8 8 1 1 121439896 0 1040 0 346 0 173"
2025082,2025-04-02,4,1,7,417,"4 1 7 7 5 3 1 1 117814906 0 1040 0 346 0 173"
2025083,2025-04-03,9,1,5,915,"9 1 5 3 5 3 1 1 120209940 0 1040 0 346 0 173"
2025084,2025-04-04,0,3,0,030,"0 3 0 2 7 3 1 1 120346082 0 1040 0 346 0 173"
2025085,2025-04-05,3,3,8,338,"3 3 8 2 4 1 1 1 113922452 0 1040 0 346 0 173"
2025086,2025-04-06,3,8,8,388,"3 8 8 7 7 8 1 1 113514528 0 1040 0 346 0 173"
2025087,2025-04-07,8,2,6,826,"8 2 6 9 6 8 1 1 117783716 0 1040 0 346 0 173"
2025088,2025-04-08,0,2,2,022,"0 2 2 9 8 0 1 1 119878646 0 1040 0 346 0 173"
2025089,2025-04-09,6,5,8,658,"6 5 8 9 6 9 1 1 117940024 0 1040 0 346 0 173"
2025090,2025-04-10,1,5,9,159,"1 5 9 1 1 6 1 1 120321710 0 1040 0 346 0 173"
2025091,2025-04-11,1,3,5,135,"1 3 5 6 5 9 1 1 127079780 0 1040 0 346 0 173"
2025092,2025-04-12,3,1,7,317,"3 1 7 1 5 6 1 1 116604024 0 1040 0 346 0 173"
2025093,2025-04-13,5,4,5,545,"5 4 5 1 1 5 1 1 121701212 0 1040 0 346 0 173"
2025094,2025-04-14,6,4,9,649,"6 4 9 7 3 9 1 1 117090428 0 1040 0 346 0 173"
2025095,2025-04-15,0,6,8,068,"0 6 8 2 1 8 1 1 124748054 0 1040 0 346 0 173"
2025096,2025-04-16,3,8,5,385,"3 8 5 0 4 3 1 1 127790168 0 1040 0 346 0 173"
2025097,2025-04-17,5,4,2,542,"5 4 2 7 0 3 1 1 128621564 0 1040 0 346 0 173"
2025098,2025-04-18,7,1,4,714,"7 1 4 6 9 8 1 1 134351546 0 1040 0 346 0 173"
2025099,2025-04-19,7,0,7,707,"7 0 7 0 0 4 1 1 128655000 0 1040 0 346 0 173"
2025100,2025-04-20,9,5,3,953,"9 5 3 8 7 7 1 1 124287124 0 1040 0 346 0 173"
2025101,2025-04-21,0,1,6,016,"0 1 6 8 1 7 1 1 131807802 0 1040 0 346 0 173"
2025102,2025-04-22,1,6,1,161,"1 6 1 1 4 8 1 1 130619702 0 1040 0 346 0 173"
2025103,2025-04-23,3,7,0,370,"3 7 0 3 7 3 1 1 125663732 0 1040 0 346 0 173"
2025104,2025-04-24,8,7,7,877,"8 7 7 0 6 1 1 1 127588218 0 1040 0 346 0 173"
2025105,2025-04-25,0,1,5,015,"0 1 5 2 9 5 1 1 125971898 0 1040 0 346 0 173"
2025106,2025-04-26,7,5,2,752,"7 5 2 6 8 4 1 1 125014556 0 1040 0 346 0 173"
2025107,2025-04-27,0,2,7,027,"0 2 7 3 5 7 1 1 129125924 0 1040 0 346 0 173"
2025108,2025-04-28,4,0,7,407,"4 0 7 2 1 9 1 1 129160374 0 1040 0 346 0 173"
2025109,2025-04-29,8,4,1,841,"8 4 1 0 5 6 1 1 130559710 0 1040 0 346 0 173"
2025110,2025-04-30,9,1,4,914,"9 1 4 5 0 6 1 1 129837506 0 1040 0 346 0 173"
2025111,2025-05-01,2,7,0,270,"2 7 0 2 7 5 1 1 125007078 0 1040 0 346 0 173"
2025112,2025-05-02,9,5,4,954,"9 5 4 7 3 5 1 1 127732822 0 1040 0 346 0 173"
2025113,2025-05-03,6,3,5,635,"6 3 5 5 7 2 1 1 125387508 0 1040 0 346 0 173"
2025114,2025-05-04,3,7,5,375,"3 7 5 9 6 2 1 1 129365654 0 1040 0 346 0 173"
2025115,2025-05-05,2,0,6,206,"2 0 6 0 5 7 1 1 132557032 0 1040 0 346 0 173"
2025116,2025-05-06,3,2,0,320,"3 2 0 7 2 4 1 1 134652196 0 1040 0 346 0 173"
2025117,2025-05-07,8,4,9,849,"8 4 9 4 5 1 1 1 135501576 0 1040 0 346 0 173"
2025118,2025-05-08,6,2,1,621,"6 2 1 7 3 5 1 1 135643318 0 1040 0 346 0 173"
2025119,2025-05-09,3,1,5,315,"3 1 5 3 9 2 1 1 140300070 0 1040 0 346 0 173"
2025120,2025-05-10,9,1,2,912,"9 1 2 2 8 1 1 1 140308552 0 1040 0 346 0 173"
2025121,2025-05-11,1,2,0,120,"1 2 0 0 3 0 1 1 141237278 0 1040 0 346 0 173"
2025122,2025-05-12,4,8,8,488,"4 8 8 2 5 6 1 1 139498178 0 1040 0 346 0 173"
2025123,2025-05-13,7,2,5,725,"7 2 5 3 9 6 1 1 125183444 0 1040 0 346 0 173"
2025124,2025-05-14,8,0,9,809,"8 0 9 7 6 6 1 1 128201306 0 1040 0 346 0 173"
2025125,2025-05-15,3,5,1,351,"3 5 1 5 6 5 1 1 129413522 0 1040 0 346 0 173"
2025126,2025-05-16,3,2,0,320,"3 2 0 4 3 9 1 1 133347454 0 1040 0 346 0 173"
2025127,2025-05-17,4,3,1,431,"4 3 1 5 2 1 1 1 125930100 0 1040 0 346 0 173"
2025128,2025-05-18,8,1,4,814,"8 1 4 9 0 2 1 1 125092100 0 1040 0 346 0 173"
2025129,2025-05-19,9,1,5,915,"9 1 5 1 2 8 1 1 127208196 0 1040 0 346 0 173"
2025130,2025-05-20,2,0,4,204,"2 0 4 6 9 6 1 1 140088518 0 1040 0 346 0 173"
2025131,2025-05-21,2,0,3,203,"2 0 3 8 3 7 1 1 135331080 0 1040 0 346 0 173"
2025132,2025-05-22,6,8,9,689,"6 8 9 8 6 7 1 1 131703334 0 1040 0 346 0 173"
2025133,2025-05-23,6,4,5,645,"6 4 5 2 7 6 1 1 131996932 0 1040 0 346 0 173"
2025134,2025-05-24,7,4,8,748,"7 4 8 0 0 6 1 1 126643948 0 1040 0 346 0 173"
2025135,2025-05-25,4,5,8,458,"4 5 8 4 7 8 1 1 131142442 0 1040 0 346 0 173"
2025136,2025-05-26,1,1,3,113,"1 1 3 4 3 9 1 1 135280764 0 1040 0 346 0 173"
2025137,2025-05-27,8,3,8,838,"8 3 8 9 3 4 1 1 124465004 0 1040 0 346 0 173"
2025138,2025-05-28,2,9,6,296,"2 9 6 3 4 9 1 1 123077710 0 1040 0 346 0 173"
2025139,2025-05-29,5,9,8,598,"5 9 8 1 6 8 1 1 123646892 0 1040 0 346 0 173"
2025140,2025-05-30,1,4,9,149,"1 4 9 8 3 7 1 1 131566018 0 1040 0 346 0 173"
2025141,2025-05-31,2,0,2,202,"2 0 2 5 4 0 1 1 125759260 0 1040 0 346 0 173"
2025142,2025-06-01,9,1,6,916,"9 1 6 0 6 6 1 1 117785076 0 1040 0 346 0 173"
2025143,2025-06-02,2,5,6,256,"2 5 6 9 8 5 1 1 124652344 0 1040 0 346 0 173"
2025144,2025-06-03,6,6,6,666,"6 6 6 3 0 4 1 1 130737820 0 1040 0 346 0 173"
2025145,2025-06-04,2,6,7,267,"2 6 7 2 9 7 1 1 119002090 0 1040 0 346 0 173"
2025146,2025-06-05,8,9,7,897,"8 9 7 3 2 2 1 1 126848288 0 1040 0 346 0 173"
2025147,2025-06-06,3,2,1,321,"3 2 1 4 7 5 1 1 127605464 0 1040 0 346 0 173"
2025148,2025-06-07,8,3,8,838,"8 3 8 1 7 6 1 1 123141986 0 1040 0 346 0 173"
2025149,2025-06-08,7,3,4,734,"7 3 4 8 5 6 1 1 125792504 0 1040 0 346 0 173"
2025150,2025-06-09,3,2,1,321,"3 2 1 8 0 9 1 1 126734430 0 1040 0 346 0 173"
2025151,2025-06-10,7,1,8,718,"7 1 8 6 1 0 1 1 123210932 0 1040 0 346 0 173"
2025152,2025-06-11,2,1,0,210,"2 1 0 6 0 4 1 1 124334260 0 1040 0 346 0 173"
2025153,2025-06-12,0,6,9,069,"0 6 9 0 3 1 1 1 125125254 0 1040 0 346 0 173"
2025154,2025-06-13,9,2,3,923,"9 2 3 2 7 6 1 1 126124130 0 1040 0 346 0 173"
2025155,2025-06-14,4,9,9,499,"4 9 9 1 9 1 1 1 121512456 0 1040 0 346 0 173"
2025156,2025-06-15,7,7,5,775,"7 7 5 5 1 1 1 1 118420666 0 1040 0 346 0 173"
2025157,2025-06-16,9,6,9,969,"9 6 9 8 6 8 1 1 119151478 0 1040 0 346 0 173"
2025158,2025-06-17,7,0,1,701,"7 0 1 4 2 5 1 1 117012316 0 1040 0 346 0 173"
2025159,2025-06-18,0,7,3,073,"0 7 3 0 9 1 1 1 119276724 0 1040 0 346 0 173"
2025160,2025-06-19,5,0,3,503,"5 0 3 5 7 9 1 1 118904944 0 1040 0 346 0 173"
2025161,2025-06-20,7,4,8,748,"7 4 8 1 8 9 1 1 121326462 0 1040 0 346 0 173"
2025162,2025-06-21,2,7,5,275,"2 7 5 7 4 6 1 1 119055720 0 1040 0 346 0 173"
2025163,2025-06-22,6,3,6,636,"6 3 6 7 4 4 1 1 120663680 0 1040 0 346 0 173"
2025164,2025-06-23,3,3,7,337,"3 3 7 9 8 3 1 1 120350256 0 1040 0 346 0 173"
2025165,2025-06-24,6,0,9,609,"6 0 9 4 5 0 1 1 120928026 0 1040 0 346 0 173"
2025166,2025-06-25,8,0,8,808,"8 0 8 6 9 4 1 1 121129972 0 1040 0 346 0 173"
2025167,2025-06-26,7,0,2,702,"7 0 2 2 7 5 1 1 120434312 0 1040 0 346 0 173"
2025168,2025-06-27,5,1,4,514,"5 1 4 9 1 4 1 1 124501498 0 1040 0 346 0 173"
2025169,2025-06-28,9,7,8,978,"9 7 8 5 6 3 1 1 121323730 0 1040 0 346 0 173"
2025170,2025-06-29,4,7,5,475,"4 7 5 6 0 3 1 1 115620304 0 1040 0 346 0 173"
2025171,2025-06-30,1,1,3,113,"1 1 3 8 2 3 1 1 120579758 0 1040 0 346 0 173"
2025172,2025-07-01,4,0,6,406,"4 0 6 9 1 9 1 1 117427346 0 1040 0 346 0 173"
2025173,2025-07-02,0,9,2,092,"0 9 2 9 9 8 1 1 116235622 0 1040 0 346 0 173"
2025174,2025-07-03,5,3,3,533,"5 3 3 2 9 6 1 1 116678792 0 1040 0 346 0 173"
2025175,2025-07-04,6,1,6,616,"6 1 6 3 7 3 1 1 114517994 0 1040 0 346 0 173"
2025176,2025-07-05,1,2,2,122,"1 2 2 4 6 2 1 1 111216576 0 1040 0 346 0 173"
2025177,2025-07-06,4,9,7,497,"4 9 7 6 3 3 1 1 110918126 0 1040 0 346 0 173"
2025178,2025-07-07,7,2,8,728,"7 2 8 7 4 8 1 1 114079650 0 1040 0 346 0 173"
2025179,2025-07-08,2,8,0,280,"2 8 0 0 8 7 1 1 118987870 0 1040 0 346 0 173"
2025180,2025-07-09,2,6,0,260,"2 6 0 4 5 0 1 1 115752094 0 1040 0 346 0 173"
2025181,2025-07-10,8,8,6,886,"8 8 6 4 0 0 1 1 116006684 0 1040 0 346 0 173"
2025182,2025-07-11,7,0,8,708,"7 0 8 9 1 0 1 1 114202160 0 1040 0 346 0 173"
2025183,2025-07-12,7,4,4,744,"7 4 4 6 9 4 1 1 112442522 0 1040 0 346 0 173"
2025184,2025-07-13,7,9,9,799,"7 9 9 6 3 3 1 1 110880482 0 1040 0 346 0 173"
2025185,2025-07-14,1,6,4,164,"1 6 4 0 5 5 1 1 109890010 0 1040 0 346 0 173"
2025186,2025-07-15,2,2,7,227,"2 2 7 1 3 7 1 1 113957536 0 1040 0 346 0 173"
2025187,2025-07-16,7,6,1,761,"7 6 1 0 0 5 1 1 113900524 0 1040 0 346 0 173"
2025188,2025-07-17,0,1,8,018,"0 1 8 0 6 0 1 1 111037828 0 1040 0 346 0 173"
2025189,2025-07-18,9,0,7,907,"9 0 7 3 2 5 1 1 115127852 0 1040 0 346 0 173"
2025190,2025-07-19,4,0,2,402,"4 0 2 5 4 6 1 1 114432892 0 1040 0 346 0 173"
2025191,2025-07-20,2,0,2,202,"2 0 2 2 2 9 1 1 113445002 0 1040 0 346 0 173"
2025192,2025-07-21,6,9,1,691,"6 9 1 0 5 3 1 1 113710312 0 1040 0 346 0 173"
2025193,2025-07-22,8,7,6,876,"8 7 6 7 8 4 1 1 117331228 0 1040 0 346 0 173"
2025194,2025-07-23,7,2,6,726,"7 2 6 6 3 7 1 1 116937958 0 1040 0 346 0 173"
2025195,2025-07-24,9,8,0,980,"9 8 0 8 2 0 1 1 122902178 0 1040 0 346 0 173"
2025196,2025-07-25,7,3,4,734,"7 3 4 3 8 5 1 1 125275818 0 1040 0 346 0 173"
2025197,2025-07-26,0,5,7,057,"0 5 7 3 4 6 1 1 119120044 0 1040 0 346 0 173"
2025198,2025-07-27,8,9,8,898,"8 9 8 1 8 4 1 1 117260702 0 1040 0 346 0 173"
2025199,2025-07-28,9,4,3,943,"9 4 3 3 3 7 1 1 112183756 0 1040 0 346 0 173"
2025200,2025-07-29,0,1,5,015,"0 1 5 7 4 8 1 1 116319342 0 1040 0 346 0 173"
2025201,2025-07-30,8,4,6,846,"8 4 6 6 4 7 1 1 118432042 0 1040 0 346 0 173"
2025202,2025-07-31,9,5,3,953,"9 5 3 3 9 4 1 1 120892074 0 1040 0 346 0 173"
2025203,2025-08-01,0,1,3,013,"0 1 3 2 8 9 1 1 124945376 0 1040 0 346 0 173"
2025204,2025-08-02,0,0,7,007,"0 0 7 1 9 7 1 1 118260772 0 1040 0 346 0 173"
2025205,2025-08-03,9,2,0,920,"9 2 0 6 1 4 1 1 111799694 0 1040 0 346 0 173"
2025206,2025-08-04,4,4,4,444,"4 4 4 1 8 0 1 1 115020060 0 1040 0 346 0 173"
2025207,2025-08-05,2,5,5,255,"2 5 5 8 6 4 1 1 109934844 0 1040 0 346 0 173"
2025208,2025-08-06,4,3,2,432,"4 3 2 2 8 3 1 1 111735524 0 1040 0 346 0 173"
2025209,2025-08-07,3,8,7,387,"3 8 7 7 5 4 1 1 111400940 0 1040 0 346 0 173"
2025210,2025-08-08,5,2,0,520,"5 2 0 2 0 3 1 1 116385984 0 1040 0 346 0 173"
2025211,2025-08-09,8,9,7,897,"8 9 7 6 5 6 1 1 117138972 0 1040 0 346 0 173"
2025212,2025-08-10,4,5,6,456,"4 5 6 4 3 9 1 1 114453410 0 1040 0 346 0 173"
2025213,2025-08-11,3,8,1,381,"3 8 1 4 8 5 1 1 116510020 0 1040 0 346 0 173"
2025214,2025-08-12,9,2,0,920,"9 2 0 4 4 1 1 1 119192130 0 1040 0 346 0 173"
2025215,2025-08-13,8,5,3,853,"8 5 3 7 7 9 1 1 119393710 0 1040 0 346 0 173"
2025216,2025-08-14,6,2,5,625,"6 2 5 0 8 4 1 1 121100578 0 1040 0 346 0 173"
2025217,2025-08-15,8,9,4,894,"8 9 4 4 6 6 1 1 125334838 0 1040 0 346 0 173"
2025218,2025-08-16,5,2,6,526,"5 2 6 0 7 1 1 1 121129986 0 1040 0 346 0 173"
2025219,2025-08-17,9,0,0,900,"9 0 0 7 5 0 1 1 122876626 0 1040 0 346 0 173"
2025220,2025-08-18,5,3,6,536,"5 3 6 9 0 2 1 1 117079518 0 1040 0 346 0 173"
2025221,2025-08-19,2,9,6,296,"2 9 6 1 6 8 1 1 120022140 0 1040 0 346 0 173"
2025222,2025-08-20,0,1,0,010,"0 1 0 7 7 2 1 1 122958120 0 1040 0 346 0 173"
2025223,2025-08-21,7,3,6,736,"7 3 6 5 0 5 1 1 112208644 0 1040 0 346 0 173"
2025224,2025-08-22,9,9,0,990,"9 9 0 9 1 1 1 1 118548566 0 1040 0 346 0 173"
2025225,2025-08-23,8,0,6,806,"8 0 6 1 9 3 1 1 113507164 0 1040 0 346 0 173"
2025226,2025-08-24,1,8,0,180,"1 8 0 6 0 1 1 1 115290348 0 1040 0 346 0 173"
2025227,2025-08-25,6,1,1,611,"6 1 1 8 0 2 1 1 113922722 0 1040 0 346 0 173"
2025228,2025-08-26,4,6,5,465,"4 6 5 1 6 2 1 1 112068178 0 1040 0 346 0 173"
2025229,2025-08-27,1,0,8,108,"1 0 8 5 7 9 1 1 113090572 0 1040 0 346 0 173"
2025230,2025-08-28,4,3,9,439,"4 3 9 3 6 4 1 1 113376294 0 1040 0 346 0 173"
2025231,2025-08-29,7,3,2,732,"7 3 2 3 9 3 1 1 116655258 0 1040 0 346 0 173"
2025232,2025-08-30,0,4,4,044,"0 4 4 6 1 5 1 1 114083576 0 1040 0 346 0 173"
2025233,2025-08-31,2,5,9,259,"2 5 9 9 9 9 1 1 111550102 0 1040 0 346 0 173"
2025234,2025-09-01,6,2,0,620,"6 2 0 9 2 7 1 1 117033978 0 1040 0 346 0 173"
2025235,2025-09-02,9,6,9,969,"9 6 9 9 6 8 1 1 119105132 0 1040 0 346 0 173"
2025236,2025-09-03,3,5,5,355,"3 5 5 1 2 2 1 1 114781734 0 1040 0 346 0 173"
2025237,2025-09-04,5,9,0,590,"5 9 0 7 1 2 1 1 113685986 0 1040 0 346 0 173"
2025238,2025-09-05,8,6,0,860,"8 6 0 8 3 1 1 1 115181646 0 1040 0 346 0 173"
2025239,2025-09-06,1,2,5,125,"1 2 5 7 6 5 1 1 114463982 0 1040 0 346 0 173"
2025240,2025-09-07,4,1,9,419,"4 1 9 2 2 7 1 1 113345572 0 1040 0 346 0 173"
2025241,2025-09-08,1,6,0,160,"1 6 0 1 5 7 1 1 119005314 0 1040 0 346 0 173"
2025242,2025-09-09,9,9,0,990,"9 9 0 3 2 5 1 1 117292428 0 1040 0 346 0 173"
2025243,2025-09-10,1,7,6,176,"1 7 6 0 8 8 1 1 116500912 0 1040 0 346 0 173"
2025244,2025-09-11,6,7,3,673,"6 7 3 3 4 8 1 1 117779292 0 1040 0 346 0 173"
2025245,2025-09-12,8,4,8,848,"8 4 8 0 9 6 1 1 117326756 0 1040 0 346 0 173"
2025246,2025-09-13,9,9,7,997,"9 9 7 2 9 5 1 1 110965086 0 1040 0 346 0 173"
2025247,2025-09-14,2,6,2,262,"2 6 2 3 1 7 1 1 108624694 0 1040 0 346 0 173"
2025248,2025-09-15,5,2,6,526,"5 2 6 6 0 9 1 1 111706524 0 1040 0 346 0 173"
2025249,2025-09-16,9,5,2,952,"9 5 2 8 1 5 1 1 114194504 0 1040 0 346 0 173"
2025250,2025-09-17,9,0,2,902,"9 0 2 5 1 1 1 1 115400958 0 1040 0 346 0 173"
2025251,2025-09-18,8,6,8,868,"8 6 8 9 9 0 1 1 112642714 0 1040 0 346 0 173"
2025252,2025-09-19,7,9,2,792,"7 9 2 8 8 9 1 1 112464550 0 1040 0 346 0 173"
2025253,2025-09-20,4,5,7,457,"4 5 7 6 8 2 1 1 110458518 0 1040 0 346 0 173"
2025254,2025-09-21,0,7,2,072,"0 7 2 7 6 4 1 1 113972680 0 1040 0 346 0 173"
2025255,2025-09-22,2,6,4,264,"2 6 4 8 6 5 1 1 112796100 0 1040 0 346 0 173"
2025256,2025-09-23,4,0,6,406,"4 0 6 8 6 1 1 1 113739532 0 1040 0 346 0 173"
2025257,2025-09-24,8,6,0,860,"8 6 0 2 9 7 1 1 113801966 0 1040 0 346 0 173"
2025258,2025-09-25,6,2,6,626,"6 2 6 3 9 3 1 1 117101198 0 1040 0 346 0 173"
2025259,2025-09-26,6,2,5,625,"6 2 5 1 2 9 1 1 116119178 0 1040 0 346 0 173"
2025260,2025-09-27,1,9,9,199,"1 9 9 7 8 9 1 1 111561748 0 1040 0 346 0 173"
2025261,2025-09-28,7,5,1,751,"7 5 1 0 5 8 1 1 107744480 0 1040 0 346 0 173"
2025262,2025-09-29,9,1,4,914,"9 1 4 3 2 5 1 1 114006376 0 1040 0 346 0 173"
2025263,2025-09-30,3,9,9,399,"3 9 9 9 3 7 1 1 117434428 0 1040 0 346 0 173"
2025264,2025-10-05,7,3,4,734,"7 3 4 3 8 9 1 1 94146184 0 1040 0 346 0 173"
2025265,2025-10-06,5,4,6,546,"5 4 6 3 6 5 1 1 96113578 0 1040 0 346 0 173"
2025266,2025-10-07,7,2,3,723,"7 2 3 6 7 2 1 1 101967800 0 1040 0 346 0 173"
2025267,2025-10-08,3,9,1,391,"3 9 1 4 2 7 1 1 106096558 0 1040 0 346 0 173"
2025268,2025-10-09,6,7,4,674,"6 7 4 3 8 5 1 1 106096558 0 1040 0 346 0 173"
2025269,2025-10-10,0,5,5,055,"0 5 5 4 7 5 1 1 112742862 0 1040 0 346 0 173"
2025270,2025-10-11,4,0,8,408,"4 0 8 8 0 4 1 1 106723120 0 1040 0 346 0 173"
2025271,2025-10-12,7,2,7,727,"7 2 7 8 3 3 1 1 107103776 0 1040 0 346 0 173"
2025272,2025-10-13,9,6,7,967,"9 6 7 3 6 5 1 1 107196526 0 1040 0 346 0 173"
2025273,2025-10-14,0,4,5,045,"0 4 5 5 7 5 1 1 106801026 0 1040 0 346 0 173"
2025274,2025-10-15,5,9,6,596,"5 9 6 9 7 0 1 1 108407212 0 1040 0 346 0 173"
2025275,2025-10-16,2,0,3,203,"2 0 3 3 0 5 1 1 109318072 0 1040 0 346 0 173"
2025276,2025-10-17,7,1,4,714,"7 1 4 3 0 5 1 1 109112516 0 1040 0 346 0 173"
2025277,2025-10-18,0,6,1,061,"0 6 1 0 8 1 1 1 107995924 0 1040 0 346 0 173"
2025278,2025-10-19,6,2,9,629,"6 2 9 3 7 0 1 1 109594694 0 1040 0 346 0 173"
2025279,2025-10-20,7,5,2,752,"7 5 2 0 1 0 1 1 110211750 0 1040 0 346 0 173"
2025280,2025-10-21,4,1,1,411,"4 1 1 6 2 9 1 1 113989386 0 1040 0 346 0 173"
2025281,2025-10-22,8,9,7,897,"8 9 7 0 3 5 1 1 109406782 0 1040 0 346 0 173"
2025282,2025-10-23,4,1,6,416,"4 1 6 3 1 9 1 1 108399176 0 1040 0 346 0 173"
2025283,2025-10-24,6,6,4,664,"6 6 4 0 7 6 1 1 113793824 0 1040 0 346 0 173"
2025284,2025-10-25,8,4,4,844,"8 4 4 9 6 4 1 1 104764508 0 1040 0 346 0 173"
2025285,2025-10-26,1,7,2,172,"1 7 2 9 3 6 1 1 104270086 0 1040 0 346 0 173"
2025286,2025-10-27,8,2,7,827,"8 2 7 6 9 4 1 1 107737716 0 1040 0 346 0 173"
2025287,2025-10-28,8,0,5,805,"8 0 5 1 1 6 1 1 110919156 0 1040 0 346 0 173"
2025288,2025-10-29,7,6,7,767,"7 6 7 2 1 9 1 1 112196866 0 1040 0 346 0 173"
2025289,2025-10-30,4,7,3,473,"4 7 3 2 8 4 1 1 108720076 0 1040 0 346 0 173"
2025290,2025-10-31,3,3,2,332,"3 3 2 5 2 8 1 1 114065918 0 1040 0 346 0 173"
2025291,2025-11-01,7,9,4,794,"7 9 4 2 5 9 1 1 104529880 0 1040 0 346 0 173"
2025292,2025-11-02,1,1,7,117,"1 1 7 8 7 0 1 1 107204116 0 1040 0 346 0 173"
2025293,2025-11-03,1,5,4,154,"1 5 4 2 8 2 1 1 106988620 0 1040 0 346 0 173"
2025294,2025-11-04,5,1,3,513,"5 1 3 8 4 5 1 1 108380192 0 1040 0 346 0 173"
2025295,2025-11-05,2,7,3,273,"2 7 3 1 3 0 1 1 108557984 0 1040 0 346 0 173"
2025296,2025-11-06,5,3,7,537,"5 3 7 0 7 4 1 1 110371162 0 1040 0 346 0 173"
2025297,2025-11-07,0,5,1,051,"0 5 1 3 9 8 1 1 114560606 0 1040 0 346 0 173"
2025298,2025-11-08,5,4,4,544,"5 4 4 8 1 0 1 1 109897554 0 1040 0 346 0 173"
2025299,2025-11-09,3,8,5,385,"3 8 5 4 3 7 1 1 106755310 0 1040 0 346 0 173"
2025300,2025-11-10,8,6,7,867,"8 6 7 1 6 9 1 1 110116342 0 1040 0 346 0 173"
2025301,2025-11-11,7,5,5,755,"7 5 5 8 1 2 1 1 110910820 0 1040 0 346 0 173"
2025302,2025-11-12,7,1,5,715,"7 1 5 9 8 6 1 1 109327156 0 1040 0 346 0 173"
2025303,2025-11-13,9,3,3,933,"9 3 3 7 1 9 1 1 109978398 0 1040 0 346 0 173"
2025304,2025-11-14,4,7,1,471,"4 7 1 9 8 8 1 1 110928304 0 1040 0 346 0 173"
2025305,2025-11-15,3,1,0,310,"3 1 0 1 0 6 1 1 109836530 0 1040 0 346 0 173"
2025306,2025-11-16,6,9,7,697,"6 9 7 0 8 7 1 1 105880062 0 1040 0 346 0 173"
2025307,2025-11-17,1,6,4,164,"1 6 4 8 2 1 1 1 104802174 0 1040 0 346 0 173"
2025308,2025-11-18,4,4,8,448,"4 4 8 7 7 4 1 1 108190084 0 1040 0 346 0 173"
2025309,2025-11-19,1,9,0,190,"1 9 0 7 9 0 1 1 108396100 0 1040 0 346 0 173"
2025310,2025-11-20,1,6,9,169,"1 6 9 0 3 6 1 1 109527282 0 1040 0 346 0 173"
2025311,2025-11-21,6,4,0,640,"6 4 0 1 0 9 1 1 111731272 0 1040 0 346 0 173"
2025312,2025-11-22,6,8,9,689,"6 8 9 2 5 8 1 1 108561666 0 1040 0 346 0 173"
2025313,2025-11-23,6,6,4,664,"6 6 4 7 4 6 1 1 106027928 0 1040 0 346 0 173"
2025314,2025-11-24,9,1,7,917,"9 1 7 3 9 2 1 1 105377676 0 1040 0 346 0 173"
2025315,2025-11-25,7,2,9,729,"7 2 9 4 8 9 1 1 108949450 0 1040 0 346 0 173"
2025316,2025-11-26,7,7,5,775,"7 7 5 5 3 0 1 1 107080164 0 1040 0 346 0 173"
2025317,2025-11-27,3,0,1,301,"3 0 1 1 2 6 1 1 106663624 0 1040 0 346 0 173"
2025318,2025-11-28,4,3,0,430,"4 3 0 0 8 1 1 1 108266126 0 1040 0 346 0 173"
2025319,2025-11-29,2,9,4,294,"2 9 4 8 8 7 1 1 105586958 0 1040 0 346 0 173"
2025320,2025-11-30,1,2,1,121,"1 2 1 0 9 5 1 1 106723810 0 1040 0 346 0 173"
2025321,2025-12-01,8,4,7,847,"8 4 7 3 0 3 1 1 104606674 0 1040 0 346 0 173"
2025322,2025-12-02,2,2,6,226,"2 2 6 2 4 3 1 1 109547622 0 1040 0 346 0 173"
2025323,2025-12-03,5,5,1,551,"5 5 1 8 2 8 1 1 106504212 0 1040 0 346 0 173"
2025324,2025-12-04,6,6,1,661,"6 6 1 2 2 5 1 1 106347020 0 1040 0 346 0 173"
2025325,2025-12-05,1,6,5,165,"1 6 5 8 3 8 1 1 106648552 0 1040 0 346 0 173"
2025326,2025-12-06,1,8,5,185,"1 8 5 9 8 1 1 1 104302856 0 1040 0 346 0 173"
2025327,2025-12-07,7,8,9,789,"7 8 9 5 6 1 1 1 105317892 0 1040 0 346 0 173"
2025328,2025-12-08,0,4,0,040,"0 4 0 1 7 2 1 1 107092066 0 1040 0 346 0 173"
2025329,2025-12-09,5,6,4,564,"5 6 4 6 8 0 1 1 103467084 0 1040 0 346 0 173"
2025330,2025-12-10,0,6,2,062,"0 6 2 7 9 3 1 1 107764466 0 1040 0 346 0 173"
2025331,2025-12-11,0,5,0,050,"0 5 0 1 0 2 1 1 105275398 0 1040 0 346 0 173"
2025332,2025-12-12,8,8,5,885,"8 8 5 4 9 0 1 1 101673278 0 1040 0 346 0 173"
2025333,2025-12-13,2,7,3,273,"2 7 3 1 6 0 1 1 98150324 0 1040 0 346 0 173"
2025334,2025-12-14,1,9,8,198,"1 9 8 3 3 6 1 1 103639594 0 1040 0 346 0 173"
2025335,2025-12-15,0,5,1,051,"0 5 1 0 9 6 1 1 104788620 0 1040 0 346 0 173"
2025336,2025-12-16,6,4,1,641,"6 4 1 8 8 8 1 1 106499844 0 1040 0 346 0 173"
2025337,2025-12-17,8,7,6,876,"8 7 6 1 7 8 1 1 107338210 0 1040 0 346 0 173"
2025338,2025-12-18,6,8,9,689,"6 8 9 4 5 9 1 1 107680018 0 1040 0 346 0 173"
2025339,2025-12-19,6,7,6,676,"6 7 6 3 6 8 1 1 110633798 0 1040 0 346 0 173"
2025340,2025-12-20,1,3,0,130,"1 3 0 1 9 8 1 1 101669336 0 1040 0 346 0 173"
2025341,2025-12-21,9,9,6,996,"9 9 6 5 9 8 1 1 104432700 0 1040 0 346 0 173"
2025342,2025-12-22,6,8,1,681,"6 8 1 9 6 1 1 1 106535154 0 1040 0 346 0 173"
2025343,2025-12-23,6,4,5,645,"6 4 5 6 6 7 1 1 110587602 0 1040 0 346 0 173"
2025344,2025-12-24,6,2,2,622,"6 2 2 6 8 4 1 1 110433762 0 1040 0 346 0 173"
2025345,2025-12-25,6,3,0,630,"6 3 0 8 5 2 1 1 108729992 0 1040 0 346 0 173"
2025346,2025-12-26,8,9,7,897,"8 9 7 4 6 7 1 1 109841772 0 1040 0 346 0 173"
2025347,2025-12-27,1,9,2,192,"1 9 2 8 1 5 1 1 107566776 0 1040 0 346 0 173"
2025348,2025-12-28,2,7,8,278,"2 7 8 7 3 6 1 1 107546730 0 1040 0 346 0 173"
2025349,2025-12-29,7,4,3,743,"7 4 3 9 2 2 1 1 111568702 0 1040 0 346 0 173"
2025350,2025-12-30,5,8,0,580,"5 8 0 7 0 2 1 1 115824342 0 1040 0 346 0 173"
2025351,2025-12-31,4,5,2,452,"4 5 2 6 4 9 1 1 115966414 0 1040 0 346 0 173"
2026001,2026-01-01,2,9,8,298,"2 9 8 5 7 8 1 1 107651412 0 1040 0 346 0 173"
2026002,2026-01-02,5,2,0,520,"5 2 0 6 7 4 1 1 113190952 0 1040 0 346 0 173"
2026003,2026-01-03,6,0,1,601,"6 0 1 6 3 1 1 1 112483848 0 1040 0 346 0 173"
2026004,2026-01-04,0,1,9,019,"0 1 9 7 3 4 1 1 111567860 0 1040 0 346 0 173"
2026005,2026-01-05,4,7,6,476,"4 7 6 1 9 5 1 1 111603518 0 1040 0 346 0 173"
2026006,2026-01-06,2,4,4,244,"2 4 4 8 2 4 1 1 113228168 0 1040 0 346 0 173"
2026007,2026-01-07,3,5,3,353,"3 5 3 9 7 9 1 1 110234414 0 1040 0 346 0 173"
2026008,2026-01-08,2,5,2,252,"2 5 2 0 7 0 1 1 107103118 0 1040 0 346 0 173"
2026009,2026-01-09,2,6,5,265,"2 6 5 2 5 2 1 1 109910338 0 1040 0 346 0 173"
2026010,2026-01-10,6,6,7,667,"6 6 7 6 2 1 1 1 108102888 0 1040 0 346 0 173"
2026011,2026-01-11,6,4,7,647,"6 4 7 8 4 8 1 1 107920334 0 1040 0 346 0 173"
2026012,2026-01-12,2,4,1,241,"2 4 1 3 4 6 1 1 110984784 0 1040 0 346 0 173"
2026013,2026-01-13,5,1,3,513,"5 1 3 1 9 5 1 1 111298388 0 1040 0 346 0 173"
2026014,2026-01-14,0,5,0,050,"0 5 0 7 1 5 1 1 114188204 0 1040 0 346 0 173"
2026015,2026-01-15,5,3,2,532,"5 3 2 0 6 0 1 1 108554608 0 1040 0 346 0 173"
2026016,2026-01-16,5,8,2,582,"5 8 2 2 7 5 1 1 116276852 0 1040 0 346 0 173"
2026017,2026-01-17,9,4,5,945,"9 4 5 9 0 5 1 1 112364282 0 1040 0 346 0 173"
2026018,2026-01-18,4,9,4,494,"4 9 4 3 7 5 1 1 113590602 0 1040 0 346 0 173"
2026019,2026-01-19,2,2,3,223,"2 2 3 9 5 6 1 1 109229562 0 1040 0 346 0 173"
2026020,2026-01-20,6,7,6,676,"6 7 6 1 8 4 1 1 108889244 0 1040 0 346 0 173"
2026021,2026-01-21,5,5,9,559,"5 5 9 2 8 8 1 1 111072312 0 1040 0 346 0 173"
2026022,2026-01-22,6,7,8,678,"6 7 8 5 2 6 1 1 111077142 0 1040 0 346 0 173"
2026023,2026-01-23,7,8,4,784,"7 8 4 7 8 1 1 1 114238836 0 1040 0 346 0 173"
2026024,2026-01-24,9,1,1,911,"9 1 1 0 9 3 1 1 112044432 0 1040 0 346 0 173"
2026025,2026-01-25,0,2,9,029,"0 2 9 0 6 4 1 1 109882668 0 1040 0 346 0 173"
2026026,2026-01-26,0,9,9,099,"0 9 9 3 2 3 1 1 111992356 0 1040 0 346 0 173"
2026027,2026-01-27,1,2,6,126,"1 2 6 8 6 1 1 1 106292316 0 1040 0 346 0 173"
2026028,2026-01-28,2,7,0,270,"2 7 0 0 8 4 1 1 111227912 0 1040 0 346 0 173"
2026029,2026-01-29,0,0,3,003,"0 0 3 1 5 6 1 1 114754896 0 1040 0 346 0 173"
2026030,2026-01-30,1,3,4,134,"1 3 4 2 7 1 1 1 108915368 0 1040 0 346 0 173"
2026031,2026-01-31,1,4,2,142,"1 4 2 7 4 0 1 1 110754640 0 1040 0 346 0 173"
2026032,2026-02-01,4,5,2,452,"4 5 2 8 9 1 1 1 111860714 0 1040 0 346 0 173"
2026033,2026-02-02,1,1,9,119,"1 1 9 5 9 7 1 1 114715814 0 1040 0 346 0 173"
2026034,2026-02-03,0,5,2,052,"0 5 2 5 5 7 1 1 110334518 0 1040 0 346 0 173"
2026035,2026-02-04,2,1,3,213,"2 1 3 9 8 0 1 1 111619684 0 1040 0 346 0 173"
2026036,2026-02-05,7,6,2,762,"7 6 2 0 1 5 1 1 111378062 0 1040 0 346 0 173"
2026037,2026-02-06,4,2,0,420,"4 2 0 6 9 5 1 1 113707426 0 1040 0 346 0 173"
2026038,2026-02-07,4,6,7,467,"4 6 7 9 8 1 1 1 108981458 0 1040 0 346 0 173"
2026039,2026-02-08,4,5,0,450,"4 5 0 5 6 7 1 1 108842142 0 1040 0 346 0 173"
2026040,2026-02-09,4,2,5,425,"4 2 5 6 0 0 1 1 111168352 0 1040 0 346 0 173"
2026041,2026-02-10,9,0,1,901,"9 0 1 5 4 2 1 1 112431576 0 1040 0 346 0 173"
2026042,2026-02-11,8,5,4,854,"8 5 4 5 7 7 1 1 112012104 0 1040 0 346 0 173"
2026043,2026-02-12,7,6,5,765,"7 6 5 4 0 2 1 1 116679412 0 1040 0 346 0 173"
2026044,2026-02-13,5,8,9,589,"5 8 9 7 7 3 1 1 129459340 0 1040 0 346 0 173"
2026045,2026-02-24,1,8,1,181,"1 8 1 2 8 7 1 1 98355062 0 1040 0 346 0 173"
2026046,2026-02-25,2,9,1,291,"2 9 1 3 3 4 1 1 89993520 0 1040 0 346 0 173"
2026047,2026-02-26,9,3,6,936,"9 3 6 9 8 0 1 1 96557456 0 1040 0 346 0 173"
2026048,2026-02-27,6,1,2,612,"6 1 2 1 5 9 1 1 102340950 0 1040 0 346 0 173"
2026049,2026-02-28,1,1,0,110,"1 1 0 7 5 2 1 1 103170758 0 1040 0 346 0 173"
2026050,2026-03-01,6,8,9,689,"6 8 9 1 6 8 1 1 94345442 0 1040 0 346 0 173"
2026051,2026-03-02,3,0,2,302,"3 0 2 9 7 5 1 1 98993102 0 1040 0 346 0 173"
2026052,2026-03-03,2,7,7,277,"2 7 7 0 4 6 1 1 97934830 0 1040 0 346 0 173"
2026053,2026-03-04,7,5,5,755,"7 5 5 1 3 7 1 1 97138768 0 1040 0 346 0 173"
2026054,2026-03-05,2,1,7,217,"2 1 7 8 9 5 1 1 100857490 0 1040 0 346 0 173"
2026055,2026-03-06,1,0,7,107,"1 0 7 2 7 8 1 1 103162880 0 1040 0 346 0 173"
2026056,2026-03-07,4,7,7,477,"4 7 7 3 2 8 1 1 98745698 0 1040 0 346 0 173"
2026057,2026-03-08,2,6,4,264,"2 6 4 7 6 6 1 1 96849312 0 1040 0 346 0 173"
2026058,2026-03-09,5,4,3,543,"5 4 3 9 2 3 1 1 100324224 0 1040 0 346 0 173"
2026059,2026-03-10,7,9,4,794,"7 9 4 7 9 5 1 1 103328454 0 1040 0 346 0 173"
2026060,2026-03-11,9,4,3,943,"9 4 3 8 4 9 1 1 103979786 0 1040 0 346 0 173"
2026061,2026-03-12,4,2,9,429,"4 2 9 7 8 1 1 1 102089882 0 1040 0 346 0 173"
2026062,2026-03-13,2,9,4,294,"2 9 4 6 3 1 1 1 107729944 0 1040 0 346 0 173"
2026063,2026-03-14,5,1,7,517,"5 1 7 7 6 4 1 1 100412812 0 1040 0 346 0 173"
2026064,2026-03-15,6,0,4,604,"6 0 4 2 7 2 1 1 106398636 0 1040 0 346 0 173"
2026065,2026-03-16,0,5,7,057,"0 5 7 2 1 1 1 1 106081726 0 1040 0 346 0 173"
2026066,2026-03-17,9,3,4,934,"9 3 4 7 4 5 1 1 106684390 0 1040 0 346 0 173"
2026067,2026-03-18,6,9,5,695,"6 9 5 5 5 0 1 1 107438662 0 1040 0 346 0 173"
2026068,2026-03-19,7,0,6,706,"7 0 6 7 8 1 1 1 109577422 0 1040 0 346 0 173"
2026069,2026-03-20,9,0,8,908,"9 0 8 0 7 5 1 1 117169906 0 1040 0 346 0 173"
2026070,2026-03-21,4,8,4,484,"4 8 4 7 9 3 1 1 112147500 0 1040 0 346 0 173"
2026071,2026-03-22,2,6,1,261,"2 6 1 5 2 0 1 1 108192436 0 1040 0 346 0 173"
2026072,2026-03-23,2,4,5,245,"2 4 5 3 5 3 1 1 113879786 0 1040 0 346 0 173"
2026073,2026-03-24,5,0,4,504,"5 0 4 6 3 4 1 1 114055650 0 1040 0 346 0 173"
2026074,2026-03-25,4,8,7,487,"4 8 7 1 5 9 1 1 114688824 0 1040 0 346 0 173"
2026075,2026-03-26,8,1,6,816,"8 1 6 4 1 0 1 1 115454362 0 1040 0 346 0 173"
2026076,2026-03-27,8,6,3,863,"8 6 3 6 4 6 1 1 119695184 0 1040 0 346 0 173"
2026077,2026-03-28,1,1,2,112,"1 1 2 4 9 1 1 1 113309942 0 1040 0 346 0 173"
2026078,2026-03-29,0,4,9,049,"0 4 9 8 1 4 1 1 108048154 0 1040 0 346 0 173"
2026079,2026-03-30,2,3,3,233,"2 3 3 3 1 2 1 1 111802450 0 1040 0 346 0 173"
2026080,2026-03-31,8,0,2,802,"8 0 2 2 7 2 1 1 109403244 0 1040 0 346 0 173"
2026081,2026-04-01,8,2,7,827,"8 2 7 2 3 4 1 1 110909856 0 1040 0 346 0 173"
2026082,2026-04-02,9,4,2,942,"9 4 2 8 8 6 1 1 113791548 0 1040 0 346 0 173"
2026083,2026-04-03,5,0,6,506,"5 0 6 3 1 6 1 1 113204082 0 1040 0 346 0 173"
2026084,2026-04-04,4,5,6,456,"4 5 6 1 8 0 1 1 107805308 0 1040 0 346 0 173"
2026085,2026-04-05,1,1,8,118,"1 1 8 8 8 5 1 1 107680168 0 1040 0 346 0 173"
2026086,2026-04-06,3,8,2,382,"3 8 2 5 5 4 1 1 109639120 0 1040 0 346 0 173"
2026087,2026-04-07,9,1,1,911,"9 1 1 9 0 5 1 1 112273768 0 1040 0 346 0 173"
2026088,2026-04-08,6,0,8,608,"6 0 8 5 6 3 1 1 113210426 0 1040 0 346 0 173"
2026089,2026-04-09,9,2,2,922,"9 2 2 1 1 6 1 1 112060074 0 1040 0 346 0 173"
2026090,2026-04-10,8,1,6,816,"8 1 6 3 6 9 1 1 112623480 0 1040 0 346 0 173"
2026091,2026-04-11,5,3,7,537,"5 3 7 4 0 6 1 1 112522360 0 1040 0 346 0 173"
2026092,2026-04-12,8,7,0,870,"8 7 0 4 6 0 1 1 114361170 0 1040 0 346 0 173"
2026093,2026-04-13,5,1,8,518,"5 1 8 2 4 8 1 1 112218496 0 1040 0 346 0 173"
2026094,2026-04-14,4,1,8,418,"4 1 8 7 3 6 1 1 115746986 0 1040 0 346 0 173"
2026095,2026-04-15,0,2,2,022,"0 2 2 5 1 9 1 1 118648090 0 1040 0 346 0 173"
2026096,2026-04-16,6,8,9,689,"6 8 9 3 5 4 1 1 115008828 0 1040 0 346 0 173"
2026097,2026-04-17,8,1,8,818,"8 1 8 5 4 5 1 1 118044082 0 1040 0 346 0 173"
2026098,2026-04-18,5,1,3,513,"5 1 3 4 6 1 1 1 114072762 0 1040 0 346 0 173"
2026099,2026-04-19,8,7,7,877,"8 7 7 9 8 7 1 1 117169798 0 1040 0 346 0 173"
2026100,2026-04-20,4,1,4,414,"4 1 4 8 1 7 1 1 117228386 0 1040 0 346 0 173"
2026101,2026-04-21,5,8,4,584,"5 8 4 6 2 9 1 1 118466650 0 1040 0 346 0 173"
2026102,2026-04-22,4,2,0,420,"4 2 0 9 8 5 1 1 119555836 0 1040 0 346 0 173"
2026103,2026-04-23,6,6,1,661,"6 6 1 2 9 9 1 1 118128608 0 1040 0 346 0 173"
2026104,2026-04-24,4,8,2,482,"4 8 2 1 9 2 1 1 117348358 0 1040 0 346 0 173"
2026105,2026-04-25,6,3,1,631,"6 3 1 3 3 5 1 1 114450486 0 1040 0 346 0 173"
2026106,2026-04-26,9,2,8,928,"9 2 8 4 2 2 1 1 115751432 0 1040 0 346 0 173"
2026107,2026-04-27,2,7,8,278,"2 7 8 4 2 0 1 1 119992642 0 1040 0 346 0 173"
2026108,2026-04-28,6,7,1,671,"6 7 1 5 3 6 1 1 120865036 0 1040 0 346 0 173"
2026109,2026-04-29,1,9,5,195,"1 9 5 9 1 2 1 1 120258986 0 1040 0 346 0 173"
2026110,2026-04-30,3,7,9,379,"3 7 9 4 8 8 1 1 120274104 0 1040 0 346 0 173"
2026111,2026-05-01,8,6,3,863,"8 6 3 5 9 8 1 1 116690322 0 1040 0 346 0 173"
2026112,2026-05-02,0,6,5,065,"0 6 5 3 7 7 1 1 116932234 0 1040 0 346 0 173"
2026113,2026-05-03,0,4,0,040,"0 4 0 2 9 2 1 1 112736020 0 1040 0 346 0 173"
2026114,2026-05-04,8,6,4,864,"8 6 4 9 6 9 1 1 107253564 0 1040 0 346 0 173"
2026115,2026-05-05,5,8,1,581,"5 8 1 7 6 4 1 1 111110136 0 1040 0 346 0 173"
2026116,2026-05-06,0,2,0,020,"0 2 0 6 0 0 1 1 120907360 0 1040 0 346 0 173"
2026117,2026-05-07,4,1,1,411,"4 1 1 9 3 4 1 1 111873592 0 1040 0 346 0 173"
2026118,2026-05-08,1,3,2,132,"1 3 2 8 2 6 1 1 118172998 0 1040 0 346 0 173"
2026119,2026-05-09,1,1,2,112,"1 1 2 1 5 0 1 1 113013940 0 1040 0 346 0 173"
2026120,2026-05-10,7,3,4,734,"7 3 4 8 2 0 1 1 108573268 0 1040 0 346 0 173"
2026121,2026-05-11,3,9,3,393,"3 9 3 3 3 9 1 1 112118520 0 1040 0 346 0 173"
2026122,2026-05-12,3,4,6,346,"3 4 6 2 9 9 1 1 111593896 0 1040 0 346 0 173"
2026123,2026-05-13,2,0,0,200,"2 0 0 3 6 6 1 1 111486756 0 1040 0 346 0 173"
2026124,2026-05-14,2,8,0,280,"2 8 0 6 1 7 1 1 108446448 0 1040 0 346 0 173"
2026125,2026-05-15,9,5,4,954,"9 5 4 0 6 6 1 1 111661192 0 1040 0 346 0 173"
2026126,2026-05-16,8,4,6,846,"8 4 6 6 0 1 1 1 108662532 0 1040 0 346 0 173"
2026127,2026-05-17,7,0,0,700,"7 0 0 9 5 7 1 1 111340856 0 1040 0 346 0 173"
2026128,2026-05-18,7,7,6,776,"7 7 6 9 2 4 1 1 108577146 0 1040 0 346 0 173"
2026129,2026-05-19,0,2,3,023,"0 2 3 3 0 1 1 1 106546970 0 1040 0 346 0 173"
2026130,2026-05-20,2,6,7,267,"2 6 7 8 6 5 1 1 111007266 0 1040 0 346 0 173"
2026131,2026-05-21,5,9,8,598,"5 9 8 8 9 8 1 1 111015260 0 1040 0 346 0 173"
2026132,2026-05-22,7,5,6,756,"7 5 6 8 9 9 1 1 114863590 0 1040 0 346 0 173"
2026133,2026-05-23,0,8,0,080,"0 8 0 8 4 5 1 1 110445962 0 1040 0 346 0 173"
2026134,2026-05-24,6,5,4,654,"6 5 4 0 7 7 1 1 109824846 0 1040 0 346 0 173"
2026135,2026-05-25,4,8,7,487,"4 8 7 5 0 9 1 1 112295556 0 1040 0 346 0 173"
2026136,2026-05-26,8,8,9,889,"8 8 9 2 2 2 1 1 118378998 0 1040 0 346 0 173"
2026137,2026-05-27,1,6,5,165,"1 6 5 9 8 1 1 1 109204082 0 1040 0 346 0 173"
2026138,2026-05-28,7,9,0,790,"7 9 0 8 1 4 1 1 111728016 0 1040 0 346 0 173"
2026139,2026-05-29,2,8,6,286,"2 8 6 2 3 3 1 1 112806726 0 1040 0 346 0 173"
2026140,2026-05-30,2,8,5,285,"2 8 5 8 3 4 1 1 112671570 0 1040 0 346 0 173"
2026141,2026-05-31,3,9,7,397,"3 9 7 8 4 3 1 1 110961176 0 1040 0 346 0 173"
2026142,2026-06-01,8,9,4,894,"8 9 4 0 3 3 1 1 112018892 0 1040 0 346 0 173"
2026143,2026-06-02,3,7,6,376,"3 7 6 8 2 3 1 1 112244598 0 1040 0 346 0 173"
2026144,2026-06-03,7,2,6,726,"7 2 6 6 8 0 1 1 115034490 0 1040 0 346 0 173"
2026145,2026-06-04,2,7,9,279,"2 7 9 2 1 0 1 1 112924696 0 1040 0 346 0 173"
2026146,2026-06-05,4,6,4,464,"4 6 4 7 3 3 1 1 118149896 0 1040 0 346 0 173"
2026147,2026-06-06,7,1,2,712,"7 1 2 7 2 9 1 1 111548134 0 1040 0 346 0 173"
2026148,2026-06-07,4,0,8,408,"4 0 8 8 9 6 1 1 112446864 0 1040 0 346 0 173"
2026149,2026-06-08,6,9,6,696,"6 9 6 0 1 2 1 1 113014666 0 1040 0 346 0 173"
2026150,2026-06-09,7,2,0,720,"7 2 0 1 5 6 1 1 110475534 0 1040 0 346 0 173"
2026151,2026-06-10,6,3,1,631,"6 3 1 7 0 7 1 1 114284598 0 1040 0 346 0 173"
2026152,2026-06-11,2,2,0,220,"2 2 0 5 8 5 1 1 113182678 0 1040 0 346 0 173"
2026153,2026-06-12,8,8,7,887,"8 8 7 7 9 7 1 1 110945092 0 1040 0 346 0 173"
2026154,2026-06-13,3,7,7,377,"3 7 7 6 9 9 1 1 104308572 0 1040 0 346 0 173"
2026155,2026-06-14,4,0,9,409,"4 0 9 9 0 3 1 1 106919648 0 1040 0 346 0 173"
2026156,2026-06-15,1,6,2,162,"1 6 2 1 6 2 1 1 112911300 0 1040 0 346 0 173"
2026157,2026-06-16,3,2,7,327,"3 2 7 6 3 4 1 1 115793390 0 1040 0 346 0 173"
2026158,2026-06-17,1,7,8,178,"1 7 8 8 3 4 1 1 120063748 0 1040 0 346 0 173"
2026159,2026-06-18,9,9,5,995,"9 9 5 5 0 8 1 1 120120870 0 1040 0 346 0 173"
2026160,2026-06-19,3,3,2,332,"3 3 2 8 9 5 1 1 110751774 0 1040 0 346 0 173"
2026161,2026-06-20,5,2,9,529,"5 2 9 1 1 4 1 1 108020782 0 1040 0 346 0 173"
2026162,2026-06-21,5,8,5,585,"5 8 5 2 8 9 1 1 111718214 0 1040 0 346 0 173"
2026163,2026-06-22,5,3,7,537,"5 3 7 4 6 6 1 1 110584240 0 1040 0 346 0 173"
2026164,2026-06-23,6,9,0,690,"6 9 0 6 2 0 1 1 114634632 0 1040 0 346 0 173"
2026165,2026-06-24,4,2,4,424,"4 2 4 8 9 4 1 1 113255870 0 1040 0 346 0 173"
2026166,2026-06-25,9,0,0,900,"9 0 0 3 9 4 1 1 112916586 0 1040 0 346 0 173"
2026167,2026-06-26,6,3,1,631,"6 3 1 6 3 8 1 1 110336824 0 1040 0 346 0 173"
2026168,2026-06-27,1,3,0,130,"1 3 0 4 6 0 1 1 110297990 0 1040 0 346 0 173"
2026169,2026-06-28,8,3,2,832,"8 3 2 3 4 2 1 1 108596436 0 1040 0 346 0 173"
2026170,2026-06-29,8,0,5,805,"8 0 5 8 6 1 1 1 117166228 0 1040 0 346 0 173"
2026171,2026-06-30,1,3,4,134,"1 3 4 8 4 4 1 1 111644022 0 1040 0 346 0 173"
2026172,2026-07-01,4,4,5,445,"4 4 5 3 5 7 1 1 111612348 0 1040 0 346 0 173"
2026173,2026-07-02,6,7,7,677,"6 7 7 4 3 3 1 1 107787898 0 1040 0 346 0 173"
2026174,2026-07-03,6,1,8,618,"6 1 8 0 1 2 1 1 109191388 0 1040 0 346 0 173"
2026175,2026-07-04,4,2,1,421,"4 2 1 9 8 0 1 1 107009838 0 1040 0 346 0 173"
2026176,2026-07-05,2,6,9,269,"2 6 9 5 4 7 1 1 108977218 0 1040 0 346 0 173"
2026177,2026-07-06,8,0,8,808,"8 0 8 0 0 0 0 0 0 0 0 0 0 0 0"
2026178,2026-07-07,2,6,6,266,"2 6 6 0 0 0 0 0 0 0 0 0 0 0 0"
2026179,2026-07-08,9,9,3,993,"9 9 3 0 0 0 0 0 0 0 0 0 0 0 0"
2026180,2026-07-09,5,2,0,520,"5 2 0 0 0 0 0 0 0 0 0 0 0 0 0"
2026181,2026-07-10,8,1,8,818,"8 1 8 0 0 0 0 0 0 0 0 0 0 0 0"
2026182,2026-07-11,6,6,2,662,"6 6 2 0 0 0 0 0 0 0 0 0 0 0 0"
2026183,2026-07-12,9,2,3,923,"9 2 3 0 0 0 0 0 0 0 0 0 0 0 0"
2026184,2026-07-13,9,0,2,902,"9 0 2 0 0 0 0 0 0 0 0 0 0 0 0"
2026185,2026-07-14,3,9,7,397,"3 9 7 0 0 0 0 0 0 0 0 0 0 0 0"
2026186,2026-07-15,0,4,5,045,"0 4 5 0 0 0 0 0 0 0 0 0 0 0 0"
2026187,2026-07-16,0,2,3,023,"0 2 3 0 0 0 0 0 0 0 0 0 0 0 0"
2026188,2026-07-17,9,6,9,969,"9 6 9 0 0 0 0 0 0 0 0 0 0 0 0"
2026189,2026-07-18,5,5,8,558,"5 5 8 0 0 0 0 0 0 0 0 0 0 0 0"
2026190,2026-07-19,0,2,6,026,"0 2 6 0 0 0 0 0 0 0 0 0 0 0 0"
2026191,2026-07-20,9,0,6,906,9 0 6 0 0 0 0 0 0 0 0 0 0 0 0
2026192,2026-07-21,4,2,5,425,4 2 5 0 0 0 0 0 0 0 0 0 0 0 0
2026193,2026-07-22,2,5,4,254,"2 5 4 0 0 0 0 0 0 0 0 0 0 0 0"
2026194,2026-07-23,2,8,3,283,2 8 3 0 0 0 0 0 0 0 0 0 0 0 0
2026195,2026-07-24,2,7,5,275,2 7 5 0 0 0 0 0 0 0 0 0 0 0 0
2026196,2026-07-25,4,1,9,419,4 1 9 0 0 0 0 0 0 0 0 0 0 0 0
2026197,2026-07-26,2,3,2,232,2 3 2 0 0 0 0 0 0 0 0 0 0 0 0
2026198,2026-07-27,6,8,5,685,6 8 5 0 0 0 0 0 0 0 0 0 0 0 0
2026199,2026-07-28,5,9,1,591,5 9 1 0 0 0 0 0 0 0 0 0 0 0 0
2026200,2026-07-29,9,1,2,912,9 1 2 0 0 0 0 0 0 0 0 0 0 0 0
2026201,2026-07-30,3,2,1,321,3 2 1 0 0 0 0 0 0 0 0 0 0 0 0
2026202,2026-07-31,9,8,8,988,9 8 8 0 0 0 0 0 0 0 0 0 0 0 0
2026203,2026-08-01,4,3,5,435,4 3 5 0 0 0 0 0 0 0 0 0 0 0 0
2026204,2026-08-02,9,7,8,978,9 7 8 0 0 0 0 0 0 0 0 0 0 0 0
2026205,2026-08-03,8,1,4,814,8 1 4 0 0 0 0 0 0 0 0 0 0 0 0
2026206,2026-08-04,9,4,2,942,9 4 2 0 0 0 0 0 0 0 0 0 0 0 0
2026207,2026-08-05,4,1,5,415,4 1 5 0 0 0 0 0 0 0 0 0 0 0 0
2026208,2026-08-06,6,3,2,632,6 3 2 0 0 0 0 0 0 0 0 0 0 0 0
2026209,2026-08-07,2,8,9,289,2 8 9 0 0 0 0 0 0 0 0 0 0 0 0
2026210,2026-08-08,7,5,5,755,7 5 5 0 0 0 0 0 0 0 0 0 0 0 0
2026211,2026-08-09,7,0,8,708,7 0 8 0 0 0 0 0 0 0 0 0 0 0 0
2026212,2026-08-10,5,6,1,561,5 6 1 0 0 0 0 0 0 0 0 0 0 0 0
2026213,2026-08-11,8,7,2,872,8 7 2 0 0 0 0 0 0 0 0 0 0 0 0
2026214,2026-08-12,5,4,5,545,5 4 5 0 0 0 0 0 0 0 0 0 0 0 0
2026215,2026-08-13,1,7,2,172,1 7 2 0 0 0 0 0 0 0 0 0 0 0 0
2026216,2026-08-14,9,3,5,935,9 3 5 0 0 0 0 0 0 0 0 0 0 0 0
2026217,2026-08-15,8,8,2,882,8 8 2 0 0 0 0 0 0 0 0 0 0 0 0
2026218,2026-08-16,3,8,2,382,3 8 2 0 0 0 0 0 0 0 0 0 0 0 0
2026219,2026-08-17,2,2,5,225,2 2 5 0 0 0 0 0 0 0 0 0 0 0 0
2026220,2026-08-18,3,7,3,373,3 7 3 0 0 0 0 0 0 0 0 0 0 0 0
2026221,2026-08-19,2,9,6,296,2 9 6 0 0 0 0 0 0 0 0 0 0 0 0
2026222,2026-08-20,3,8,0,380,3 8 0 0 0 0 0 0 0 0 0 0 0 0 0
2026223,2026-08-21,9,4,8,948,9 4 8 0 0 0 0 0 0 0 0 0 0 0 0
2026224,2026-08-22,8,6,2,862,8 6 2 0 0 0 0 0 0 0 0 0 0 0 0
2026225,2026-08-23,5,5,5,555,5 5 5 0 0 0 0 0 0 0 0 0 0 0 0
2026226,2026-08-24,8,5,1,851,8 5 1 0 0 0 0 0 0 0 0 0 0 0 0
2026227,2026-08-25,5,2,2,522,5 2 2 0 0 0 0 0 0 0 0 0 0 0 0
2026228,2026-08-26,3,9,9,399,3 9 9 0 0 0 0 0 0 0 0 0 0 0 0
2026229,2026-08-27,8,2,8,828,8 2 8 0 0 0 0 0 0 0 0 0 0 0 0
2026230,2026-08-28,0,6,6,066,0 6 6 0 0 0 0 0 0 0 0 0 0 0 0
2026231,2026-08-29,7,3,3,733,7 3 3 0 0 0 0 0 0 0 0 0 0 0 0
2026232,2026-08-30,6,5,8,658,6 5 8 0 0 0 0 0 0 0 0 0 0 0 0
2026233,2026-08-31,9,7,0,970,9 7 0 0 0 0 0 0 0 0 0 0 0 0 0
2026234,2026-09-01,6,9,5,695,6 9 5 0 0 0 0 0 0 0 0 0 0 0 0
2026235,2026-09-02,2,1,9,219,2 1 9 0 0 0 0 0 0 0 0 0 0 0 0
2026236,2026-09-03,0,4,7,047,0 4 7 0 0 0 0 0 0 0 0 0 0 0 0
2026237,2026-09-04,8,5,4,854,8 5 4 0 0 0 0 0 0 0 0 0 0 0 0
2026238,2026-09-05,8,9,9,899,8 9 9 0 0 0 0 0 0 0 0 0 0 0 0
2026239,2026-09-06,0,0,2,002,0 0 2 0 0 0 0 0 0 0 0 0 0 0 0
