issue,date,n1,n2,n3,n4,n5,n6,n7,n8,n9,n10,n11,n12,n13,n14,n15,n16,n17,n18,n19,n20
2020001,2020-10-28,6,8,15,27,28,30,37,38,39,44,46,49,51,52,59,70,75,77,78,80
2020002,2020-10-29,2,5,10,13,19,23,26,29,32,35,42,53,55,57,58,60,62,67,78,79
2020003,2020-10-30,4,8,14,18,21,40,41,42,46,50,52,55,56,57,61,70,72,75,77,80
2020004,2020-10-31,7,10,12,14,19,22,23,26,35,42,43,44,48,49,53,63,65,71,77,78
2020005,2020-11-01,2,11,13,14,16,18,24,30,35,38,45,49,50,51,53,54,55,57,65,80
2020006,2020-11-02,2,8,16,18,20,23,24,25,26,28,32,48,54,56,57,60,61,72,78,80
2020007,2020-11-03,8,10,12,13,26,27,29,31,36,38,41,44,53,57,58,60,66,68,75,78
2020008,2020-11-04,2,5,9,11,13,19,28,29,30,33,34,41,48,53,58,59,72,75,78,80
2020009,2020-11-05,6,8,10,12,17,27,30,32,34,39,43,47,51,55,58,61,68,72,75,80
2020010,2020-11-06,4,7,10,18,21,30,32,35,36,38,42,49,53,55,63,70,74,75,78,79
2020011,2020-11-07,1,3,7,13,18,19,20,21,22,31,37,39,40,50,54,56,63,64,69,79
2020012,2020-11-08,2,4,5,7,10,11,15,19,20,44,46,47,54,59,64,66,71,74,75,77
2020013,2020-11-09,6,11,13,16,21,25,28,37,38,39,43,50,51,61,62,64,69,73,76,79
2020014,2020-11-10,2,15,19,20,23,26,29,38,40,42,43,45,49,51,64,66,74,75,76,80
2020015,2020-11-11,5,9,15,16,17,25,30,41,43,46,51,52,61,65,69,70,72,73,74,76
2020016,2020-11-12,4,9,11,12,13,17,19,22,24,35,36,43,47,48,49,55,57,58,64,71
2020017,2020-11-13,9,10,13,18,19,20,29,30,34,36,42,44,49,51,53,56,69,76,77,79
2020018,2020-11-14,3,5,12,16,20,21,22,27,32,36,39,45,49,51,58,59,63,70,72,76
2020019,2020-11-15,2,3,7,8,9,11,22,23,28,31,34,39,57,61,64,71,72,76,77,80
2020020,2020-11-16,3,6,9,11,16,37,39,40,41,48,49,51,52,55,56,57,58,61,70,78
2020021,2020-11-17,3,4,10,13,16,17,24,35,38,43,48,50,54,58,59,70,72,73,74,75
2020022,2020-11-18,3,6,11,12,13,18,19,24,30,32,33,35,36,47,51,58,62,68,70,72
2020023,2020-11-19,1,3,4,7,10,13,15,16,25,30,32,36,38,46,48,51,61,64,67,80
2020024,2020-11-20,11,12,15,17,28,35,37,43,44,46,49,50,55,60,70,71,73,76,78,80
2020025,2020-11-21,2,4,6,10,21,32,33,37,39,40,48,49,59,61,63,64,65,70,79,80
2020026,2020-11-22,2,3,6,11,18,22,30,34,35,37,46,48,53,57,61,68,71,77,79,80
2020027,2020-11-23,8,11,12,16,19,30,32,33,40,45,47,50,54,58,59,61,62,76,79,80
2020028,2020-11-24,5,6,8,13,17,22,27,28,30,32,40,61,63,64,65,66,71,74,75,76
2020029,2020-11-25,10,15,23,25,29,30,31,33,48,50,51,54,57,62,63,70,71,75,76,79
2020030,2020-11-26,2,5,7,18,22,23,27,29,30,32,34,37,40,51,56,58,62,67,70,78
2020031,2020-11-27,1,4,8,9,16,21,23,25,35,43,48,53,54,57,66,67,73,75,79,80
2020032,2020-11-28,2,9,10,13,29,32,37,47,48,50,56,64,68,69,72,73,75,76,77,78
2020033,2020-11-29,4,10,12,16,19,25,26,28,32,34,36,39,42,50,54,61,66,71,75,80
2020034,2020-11-30,1,4,8,18,24,26,30,32,35,42,44,48,51,57,61,63,65,68,73,74
2020035,2020-12-01,3,5,7,8,11,19,24,30,32,40,44,45,53,54,57,63,72,76,77,80
2020036,2020-12-02,3,9,14,16,22,23,24,26,40,41,47,49,54,56,58,65,67,72,73,77
2020037,2020-12-03,8,10,14,15,25,33,34,36,39,40,41,44,48,56,60,63,64,70,77,80
2020038,2020-12-04,10,12,14,15,16,23,24,27,30,32,33,42,49,50,51,60,66,67,72,77
2020039,2020-12-05,1,3,7,9,11,17,19,23,32,34,38,40,42,43,52,61,68,70,77,80
2020040,2020-12-06,3,4,7,8,16,26,32,33,37,41,42,45,56,59,61,63,65,66,76,80
2020041,2020-12-07,6,13,19,21,26,30,37,38,39,41,42,45,47,48,52,53,62,72,75,80
2020042,2020-12-08,2,5,6,8,11,19,26,34,40,43,49,52,53,58,60,61,63,72,75,76
2020043,2020-12-09,5,9,13,18,19,21,33,35,38,39,40,44,48,57,64,65,67,68,69,76
2020044,2020-12-10,2,3,7,9,11,12,16,26,28,32,33,34,44,45,46,48,52,57,63,66
2020045,2020-12-11,3,6,13,14,19,22,23,30,31,35,38,41,44,52,59,63,70,73,75,78
2020046,2020-12-12,3,5,11,15,18,19,27,30,32,33,36,37,39,42,51,54,66,68,71,79
2020047,2020-12-13,4,5,10,17,18,22,27,28,37,42,43,45,46,48,49,51,54,55,66,78
2020048,2020-12-14,2,10,11,12,15,19,20,27,32,36,45,47,53,62,66,67,69,73,78,79
2020049,2020-12-15,7,12,15,18,19,20,29,31,42,46,52,54,59,63,65,67,70,71,77,80
2020050,2020-12-16,4,5,8,14,15,20,23,29,41,42,50,51,53,60,67,68,70,71,76,79
2020051,2020-12-17,1,4,8,11,15,21,23,34,38,39,41,47,51,60,68,71,73,76,77,79
2020052,2020-12-18,1,2,5,6,7,9,18,19,24,26,27,34,40,41,53,54,56,63,65,74
2020053,2020-12-19,2,6,11,15,17,24,25,28,29,30,34,42,43,48,50,53,62,64,70,72
2020054,2020-12-20,4,7,11,14,15,19,24,25,33,34,39,41,47,52,61,64,68,72,73,78
2020055,2020-12-21,2,10,13,15,16,24,28,29,32,34,35,39,46,49,54,57,65,70,74,77
2020056,2020-12-22,2,4,8,12,14,16,23,28,36,37,38,41,43,46,49,51,55,56,57,70
2020057,2020-12-23,3,10,13,16,24,30,31,37,41,44,46,47,50,52,56,60,61,68,72,80
2020058,2020-12-24,1,4,7,13,14,16,21,23,25,33,37,39,40,51,56,61,68,70,71,74
2020059,2020-12-25,4,12,14,16,17,21,22,23,27,30,38,41,44,47,48,57,60,62,64,69
2020060,2020-12-26,1,4,12,15,18,41,45,47,48,52,53,58,59,62,64,65,66,73,74,79
2020061,2020-12-27,10,12,13,19,23,24,28,30,35,39,40,43,45,46,50,59,62,67,71,79
2020062,2020-12-28,1,2,6,7,8,10,27,33,34,40,42,45,46,51,56,58,60,62,70,76
2020063,2020-12-29,2,4,13,15,27,29,31,37,42,43,47,50,51,54,56,60,61,62,75,77
2020064,2020-12-30,1,3,7,8,12,27,30,32,33,39,42,48,49,52,57,62,65,70,73,79
2020065,2020-12-31,7,8,9,21,34,35,39,40,42,44,51,55,58,63,67,68,71,72,75,79
2021001,2021-01-01,9,12,16,18,33,36,40,41,46,48,51,53,54,55,59,61,62,63,68,75
2021002,2021-01-02,6,10,11,13,14,28,30,36,39,43,44,47,48,59,67,69,71,73,75,79
2021003,2021-01-03,7,11,13,14,16,17,20,23,27,30,31,33,34,37,43,53,55,62,66,69
2021004,2021-01-04,3,8,11,12,13,14,16,22,23,27,33,37,46,48,51,52,53,63,75,80
2021005,2021-01-05,3,9,14,15,17,19,23,27,28,30,33,35,36,54,57,58,63,65,69,72
2021006,2021-01-06,5,7,10,14,16,17,19,25,32,34,35,38,40,43,51,53,54,57,73,77
2021007,2021-01-07,5,7,10,11,14,16,21,22,25,35,40,46,49,52,54,64,66,68,69,70
2021008,2021-01-08,4,5,8,9,13,19,20,21,24,28,40,48,50,57,63,65,66,69,70,75
2021009,2021-01-09,2,3,13,16,25,28,35,37,41,45,46,48,49,50,52,61,62,65,70,76
2021010,2021-01-10,2,5,9,14,16,22,24,26,32,35,36,37,40,41,44,49,65,70,71,74
2021011,2021-01-11,1,10,11,24,26,27,32,38,49,59,60,63,66,68,69,71,72,73,76,77
2021012,2021-01-12,2,4,6,10,16,17,19,24,27,30,34,38,40,44,48,49,56,60,63,66
2021013,2021-01-13,5,13,15,16,19,22,27,28,36,41,43,48,50,56,60,65,67,72,77,80
2021014,2021-01-14,7,11,19,34,36,37,38,39,42,47,57,60,62,69,72,73,75,76,77,78
2021015,2021-01-15,2,4,10,16,18,27,37,38,39,40,43,46,47,49,50,56,60,62,71,75
2021016,2021-01-16,4,5,7,9,10,11,13,17,25,30,32,54,55,57,60,64,70,72,74,76
2021017,2021-01-17,7,10,12,15,20,34,37,43,45,48,51,54,57,58,59,61,62,73,76,80
2021018,2021-01-18,3,18,20,22,25,30,37,40,43,45,50,51,61,65,67,72,74,75,76,78
2021019,2021-01-19,2,4,5,12,17,19,24,31,35,36,38,41,42,44,53,56,60,70,76,80
2021020,2021-01-20,4,11,13,14,16,17,19,20,25,28,29,30,34,35,41,65,70,74,76,77
2021021,2021-01-21,3,6,12,13,15,21,25,28,32,34,42,45,46,54,55,60,63,65,70,78
2021022,2021-01-22,1,2,3,5,6,12,15,17,21,22,26,29,30,33,43,49,51,58,59,61
2021023,2021-01-23,2,4,6,9,10,12,13,14,18,23,35,39,45,52,59,60,67,68,70,74
2021024,2021-01-24,1,6,7,9,12,18,19,20,23,24,34,41,52,53,59,62,67,69,72,80
2021025,2021-01-25,2,8,11,13,15,17,18,20,25,26,29,30,37,45,50,51,52,60,63,75
2021026,2021-01-26,6,9,12,15,16,23,25,26,28,33,34,37,41,42,44,52,53,54,61,78
2021027,2021-01-27,7,8,13,14,19,26,28,29,31,35,45,51,53,54,59,61,62,63,77,80
2021028,2021-01-28,6,13,17,18,19,20,23,25,33,50,55,56,58,59,61,62,67,68,73,80
2021029,2021-01-29,2,7,9,17,24,27,28,29,30,33,35,41,48,49,51,59,68,69,77,79
2021030,2021-01-30,10,12,13,14,21,22,23,25,27,28,29,33,34,44,48,55,60,70,77,80
2021031,2021-01-31,1,6,10,12,19,20,22,23,25,32,34,39,43,50,53,57,58,62,66,67
2021032,2021-02-01,3,6,9,10,12,17,19,20,28,32,33,36,38,40,42,48,49,51,53,63
2021033,2021-02-02,1,10,17,19,21,24,27,29,30,31,43,50,53,64,67,69,71,73,76,80
2021034,2021-02-03,2,14,15,17,22,23,27,37,42,45,49,53,55,61,62,66,67,71,76,77
2021035,2021-02-04,1,5,8,20,22,23,25,29,34,35,36,45,47,51,52,53,54,58,67,77
2021036,2021-02-05,3,10,11,13,14,15,18,19,30,34,42,44,47,50,52,59,61,64,67,73
2021037,2021-02-06,3,4,5,7,11,13,22,27,31,44,46,47,59,63,66,67,69,76,78,79
2021038,2021-02-07,1,15,19,29,30,33,35,37,38,44,45,47,50,57,59,61,68,74,75,76
2021039,2021-02-08,6,9,10,15,19,20,30,43,46,47,48,50,52,55,58,60,72,73,77,78
2021040,2021-02-19,1,5,14,15,18,27,29,31,32,43,44,47,49,60,71,72,73,77,78,80
2021041,2021-02-20,9,11,15,16,18,19,26,27,29,43,47,48,50,51,52,57,64,67,71,74
2021042,2021-02-21,1,5,9,16,19,27,28,31,36,37,49,51,53,57,60,62,64,65,69,77
2021043,2021-02-22,1,2,3,6,8,10,29,30,36,39,43,44,46,50,53,54,55,61,62,75
2021044,2021-02-23,7,9,16,18,19,22,24,39,42,45,47,52,56,59,62,63,64,72,73,76
2021045,2021-02-24,2,3,12,14,19,27,34,35,36,47,48,51,52,54,55,59,63,64,66,76
2021046,2021-02-25,3,5,14,16,21,25,27,33,34,36,42,51,52,58,62,71,74,75,79,80
2021047,2021-02-26,2,5,6,7,15,16,21,24,32,35,41,47,52,57,61,70,71,72,73,79
2021048,2021-02-27,5,12,20,22,28,33,36,37,49,50,52,53,59,61,63,66,69,70,74,75
2021049,2021-02-28,1,2,4,10,22,23,24,33,35,39,47,50,54,56,62,67,74,77,78,79
2021050,2021-03-01,1,4,7,9,15,21,24,25,30,35,44,49,50,52,54,57,65,69,78,80
2021051,2021-03-02,3,6,7,10,13,15,23,28,35,45,48,52,54,57,67,68,75,76,78,79
2021052,2021-03-03,8,11,12,19,21,27,30,32,38,40,43,44,47,50,51,52,53,60,66,76
2021053,2021-03-04,8,11,13,15,23,26,27,34,39,42,45,49,65,68,71,72,73,74,75,77
2021054,2021-03-05,6,7,12,13,23,30,33,36,39,44,45,46,48,56,59,62,67,72,78,79
2021055,2021-03-06,7,12,17,18,20,24,26,37,38,44,45,48,50,51,57,62,63,64,65,78
2021056,2021-03-07,6,7,15,17,22,23,27,30,38,40,46,47,50,53,55,61,70,71,72,80
2021057,2021-03-08,5,8,10,11,14,15,20,23,29,33,34,47,53,59,60,66,67,71,75,76
2021058,2021-03-09,2,4,22,25,26,28,33,39,43,44,46,52,55,56,66,67,68,73,75,77
2021059,2021-03-10,1,2,9,11,13,17,24,25,30,37,41,54,60,63,65,71,72,74,77,78
2021060,2021-03-11,1,3,17,18,23,25,28,29,33,36,44,52,53,55,59,60,61,65,76,78
2021061,2021-03-12,6,7,9,10,11,14,15,20,21,24,40,41,43,50,51,58,61,65,73,79
2021062,2021-03-13,4,8,9,10,12,17,24,28,31,32,40,41,45,49,52,67,74,75,77,79
2021063,2021-03-14,2,5,10,11,23,27,29,35,42,47,51,53,57,59,63,65,67,71,73,78
2021064,2021-03-15,5,9,11,12,15,19,27,30,34,38,40,43,45,47,52,58,62,70,72,75
2021065,2021-03-16,3,6,9,10,17,18,21,22,34,36,37,39,46,52,54,59,63,64,76,77
2021066,2021-03-17,4,5,8,11,21,30,34,36,39,44,50,52,59,60,67,68,71,74,76,78
2021067,2021-03-18,1,5,10,12,23,26,29,33,34,36,37,43,44,45,53,54,63,64,67,77
2021068,2021-03-19,2,7,8,16,19,21,27,32,43,46,48,49,61,64,66,68,74,77,79,80
2021069,2021-03-20,1,4,14,25,26,30,31,32,33,34,38,41,47,53,56,61,66,71,74,78
2021070,2021-03-21,2,3,12,14,17,19,26,31,33,37,41,43,51,53,55,58,63,65,76,80
2021071,2021-03-22,1,6,12,14,17,19,32,33,40,43,47,50,51,57,58,59,61,62,74,79
2021072,2021-03-23,2,4,11,12,15,16,17,19,20,27,32,34,35,40,42,43,44,52,55,59
2021073,2021-03-24,4,9,11,12,17,18,22,26,27,28,31,33,39,42,48,49,51,60,62,80
2021074,2021-03-25,4,5,14,19,21,22,23,36,40,45,50,51,57,59,62,66,68,74,75,78
2021075,2021-03-26,9,15,19,27,28,31,33,34,36,42,49,54,56,59,60,63,64,69,72,79
2021076,2021-03-27,4,8,10,12,14,19,20,22,23,35,36,39,51,53,55,58,59,63,74,75
2021077,2021-03-28,1,6,13,18,21,23,27,30,35,36,38,40,45,52,53,55,62,63,66,69
2021078,2021-03-29,7,14,20,22,24,29,30,35,36,39,40,42,44,45,55,56,57,59,71,75
2021079,2021-03-30,2,3,4,6,9,12,14,15,18,22,29,34,35,37,40,53,54,58,66,72
2021080,2021-03-31,5,8,11,17,19,25,27,29,37,40,44,46,48,54,59,63,64,65,77,79
2021081,2021-04-01,2,3,8,9,13,21,27,29,33,36,42,46,49,54,57,60,63,66,69,77
2021082,2021-04-02,2,7,10,13,16,19,24,38,39,51,52,56,57,61,64,66,68,69,75,76
2021083,2021-04-03,7,21,22,25,26,28,32,38,42,43,51,55,56,62,63,65,71,73,74,79
2021084,2021-04-04,5,6,7,10,13,20,23,26,28,30,49,51,54,56,60,61,67,74,75,79
2021085,2021-04-05,4,9,11,12,17,25,30,34,35,36,45,51,57,58,64,72,73,74,75,76
2021086,2021-04-06,1,3,5,9,15,19,21,27,33,40,47,51,53,56,57,58,59,60,70,71
2021087,2021-04-07,1,3,9,13,14,17,20,30,31,36,37,41,46,47,48,50,64,68,70,77
2021088,2021-04-08,3,12,15,18,21,26,38,39,40,42,44,52,59,65,66,71,74,75,76,78
2021089,2021-04-09,2,6,13,15,17,20,23,30,39,43,44,45,52,53,56,59,61,66,74,76
2021090,2021-04-10,7,9,10,14,15,16,17,21,24,39,43,44,50,55,57,61,63,66,75,80
2021091,2021-04-11,1,3,6,12,13,20,21,22,26,39,47,48,51,55,56,57,66,68,79,80
2021092,2021-04-12,3,4,8,9,18,23,31,33,34,36,49,55,57,59,61,63,64,66,75,79
2021093,2021-04-13,5,9,15,16,19,20,22,25,26,27,35,43,45,60,65,68,69,70,72,76
2021094,2021-04-14,1,3,4,5,7,12,21,24,26,36,42,54,55,56,58,61,65,69,72,79
2021095,2021-04-15,1,4,6,7,15,22,24,28,35,37,39,46,51,60,65,67,70,74,75,77
2021096,2021-04-16,9,13,14,17,22,26,28,32,36,41,46,48,51,56,60,63,67,70,76,77
2021097,2021-04-17,2,7,8,15,19,26,27,37,38,43,49,57,59,60,66,67,68,69,73,74
2021098,2021-04-18,1,2,4,12,13,16,20,28,31,36,41,42,46,51,60,61,62,69,76,78
2021099,2021-04-19,3,8,9,10,16,21,27,30,33,34,35,38,43,46,49,50,54,60,62,64
2021100,2021-04-20,3,5,9,20,28,32,34,37,43,44,45,50,54,60,67,70,72,78,79,80
2021101,2021-04-21,2,3,6,9,10,13,19,23,34,40,44,45,48,54,56,59,65,67,70,77
2021102,2021-04-22,4,8,10,12,14,27,28,31,32,36,39,45,46,50,51,63,64,66,74,78
2021103,2021-04-23,2,17,19,20,22,23,25,32,33,40,42,47,49,58,59,66,67,77,78,79
2021104,2021-04-24,1,7,15,16,21,24,38,40,41,45,49,55,56,59,63,67,70,74,76,78
2021105,2021-04-25,8,9,12,13,15,22,23,24,29,46,51,59,61,62,65,66,67,72,76,78
2021106,2021-04-26,7,10,11,12,13,16,18,21,29,39,40,43,47,51,56,59,68,72,75,79
2021107,2021-04-27,3,5,13,17,18,22,30,31,37,43,50,53,54,55,56,72,75,78,79,80
2021108,2021-04-28,1,2,4,12,16,17,21,26,35,38,40,49,52,53,55,62,63,72,77,79
2021109,2021-04-29,1,9,12,15,18,23,27,32,33,38,42,43,44,46,47,52,55,57,62,63
2021110,2021-04-30,1,7,8,9,12,14,23,34,35,43,48,53,54,56,67,69,71,77,78,80
2021111,2021-05-01,3,11,12,15,22,23,31,42,45,48,50,53,56,57,60,63,67,73,76,77
2021112,2021-05-02,12,13,18,23,25,30,31,41,44,45,49,50,54,55,57,58,60,67,74,77
2021113,2021-05-03,4,9,12,15,16,23,25,26,29,30,47,48,49,51,52,63,71,72,73,80
2021114,2021-05-04,2,8,10,17,18,20,29,31,35,37,40,43,45,51,55,58,67,73,77,79
2021115,2021-05-05,1,2,5,7,10,14,21,27,33,36,38,41,44,52,54,56,59,66,70,71
2021116,2021-05-06,3,5,10,15,19,23,27,28,32,34,42,43,48,49,53,58,65,67,73,77
2021117,2021-05-07,1,2,4,6,8,9,13,14,23,27,28,29,30,33,39,46,61,70,73,79
2021118,2021-05-08,3,7,10,17,19,24,26,27,28,32,35,39,41,46,47,56,62,67,75,76
2021119,2021-05-09,4,9,18,20,21,28,30,32,39,40,41,46,48,53,55,60,72,73,74,77
2021120,2021-05-10,2,6,9,13,17,22,25,33,38,39,42,45,48,50,52,59,61,71,78,79
2021121,2021-05-11,6,8,9,10,11,13,23,25,27,32,36,53,63,67,68,73,74,75,78,79
2021122,2021-05-12,1,5,6,11,12,13,19,23,35,37,49,59,60,64,67,68,69,72,78,80
2021123,2021-05-13,2,4,5,9,10,11,14,15,26,28,30,32,48,50,51,61,63,69,75,78
2021124,2021-05-14,2,6,12,15,21,28,31,35,36,41,42,44,47,57,68,73,75,77,78,79
2021125,2021-05-15,5,9,11,12,13,14,18,19,22,35,40,43,44,49,61,63,69,77,78,80
2021126,2021-05-16,2,5,19,24,25,26,29,33,39,40,42,43,45,46,56,59,61,69,77,79
2021127,2021-05-17,2,5,7,11,14,15,16,20,23,24,25,30,33,46,51,62,64,65,69,73
2021128,2021-05-18,1,2,7,12,19,21,22,35,40,47,50,51,55,56,62,63,68,75,79,80
2021129,2021-05-19,8,12,13,14,15,16,27,30,36,44,53,55,56,58,60,61,62,64,73,75
2021130,2021-05-20,1,14,21,22,24,28,37,41,43,44,45,49,53,54,61,63,69,73,74,80
2021131,2021-05-21,4,5,9,19,24,31,34,36,42,43,47,56,64,67,70,71,76,77,78,80
2021132,2021-05-22,1,7,9,10,11,13,14,17,19,20,22,30,41,51,52,53,60,63,67,70
2021133,2021-05-23,3,4,10,14,27,29,32,36,38,44,45,46,47,48,50,53,63,71,74,77
2021134,2021-05-24,1,5,12,13,21,22,31,32,39,44,48,55,56,57,60,61,62,66,76,77
2021135,2021-05-25,4,5,6,7,9,12,32,33,40,42,43,47,50,59,61,64,66,67,69,79
2021136,2021-05-26,2,6,8,17,18,25,28,30,40,45,46,51,54,60,62,65,66,71,73,75
2021137,2021-05-27,1,8,11,16,29,31,35,38,39,41,52,57,59,61,62,63,69,71,73,74
2021138,2021-05-28,2,4,5,6,8,9,13,19,22,23,29,35,40,41,48,50,52,54,57,77
2021139,2021-05-29,25,26,32,37,42,44,45,49,50,51,57,62,65,67,68,69,70,73,75,77
2021140,2021-05-30,3,6,8,23,30,35,40,41,44,46,47,50,52,54,58,66,67,68,71,78
2021141,2021-05-31,7,10,13,14,23,32,37,39,43,46,51,53,54,58,60,61,72,73,74,80
2021142,2021-06-01,1,2,7,15,16,18,20,21,24,25,29,35,40,52,54,62,65,66,70,78
2021143,2021-06-02,3,8,12,13,16,21,34,36,37,38,44,45,47,54,55,58,64,65,69,70
2021144,2021-06-03,1,4,8,19,20,23,25,29,35,39,42,45,50,54,58,61,65,67,71,73
2021145,2021-06-04,2,9,23,24,25,26,32,33,44,48,50,52,53,54,55,60,63,66,75,79
2021146,2021-06-05,1,5,8,19,21,24,26,35,36,42,46,54,59,61,62,63,66,74,77,78
2021147,2021-06-06,5,6,11,21,22,23,24,34,37,38,40,44,52,53,55,57,61,70,71,77
2021148,2021-06-07,3,5,8,10,13,19,21,23,27,30,34,35,40,43,46,54,56,57,72,73
2021149,2021-06-08,5,7,10,11,18,19,20,26,32,38,41,47,48,51,53,59,67,74,78,79
2021150,2021-06-09,4,13,14,17,24,25,27,30,37,40,43,44,53,59,62,74,75,76,77,78
2021151,2021-06-10,1,3,6,9,18,31,33,39,41,42,43,47,53,55,61,62,63,76,77,79
2021152,2021-06-11,1,8,11,26,31,33,36,39,42,45,50,51,55,57,61,62,65,67,74,79
2021153,2021-06-12,22,27,29,30,31,32,36,39,40,41,44,47,51,52,57,60,61,68,73,80
2021154,2021-06-13,2,3,10,14,16,24,26,30,37,42,46,49,52,55,62,67,68,69,78,79
2021155,2021-06-14,1,6,20,25,26,29,34,37,38,45,50,51,53,54,58,59,67,72,74,77
2021156,2021-06-15,5,6,11,13,15,17,20,21,30,36,39,44,47,49,52,63,66,69,71,72
2021157,2021-06-16,1,5,9,17,19,28,37,41,42,43,49,50,55,56,59,64,67,69,71,72
2021158,2021-06-17,1,9,12,16,19,21,23,25,26,31,32,34,43,44,48,56,59,71,72,75
2021159,2021-06-18,6,11,21,26,27,38,42,43,51,52,56,59,62,64,70,71,72,73,78,80
2021160,2021-06-19,2,9,11,13,20,26,27,32,35,36,38,42,43,54,59,63,65,68,72,74
2021161,2021-06-20,5,8,9,15,25,26,28,31,36,38,55,57,58,60,66,68,70,74,78,79
2021162,2021-06-21,9,22,29,30,32,34,36,37,42,44,47,51,53,57,61,64,69,71,75,79
2021163,2021-06-22,4,8,9,17,18,22,24,29,37,38,43,47,52,56,57,63,64,70,75,78
2021164,2021-06-23,1,2,3,7,9,20,23,26,27,31,36,37,39,46,51,58,59,63,64,70
2021165,2021-06-24,2,4,6,10,11,15,17,38,39,40,46,49,62,65,66,69,70,71,72,76
2021166,2021-06-25,2,3,7,13,14,16,23,27,28,30,45,48,54,55,57,58,64,65,71,77
2021167,2021-06-26,8,15,17,20,22,25,26,31,39,40,42,46,50,55,56,59,62,64,65,74
2021168,2021-06-27,2,4,6,11,12,16,22,25,27,33,38,39,47,48,49,56,60,69,71,74
2021169,2021-06-28,2,6,10,14,19,22,24,25,34,39,41,42,45,47,48,49,51,52,59,60
2021170,2021-06-29,8,10,11,13,18,25,28,37,39,40,44,52,54,56,58,70,75,76,78,80
2021171,2021-06-30,1,2,11,13,22,40,41,43,44,52,53,54,55,58,59,64,66,73,75,79
2021172,2021-07-01,16,24,25,26,34,35,43,46,47,49,52,55,64,65,71,72,73,76,78,79
2021173,2021-07-02,5,6,15,17,18,19,23,27,31,34,41,43,49,53,56,58,63,65,75,79
2021174,2021-07-03,3,4,7,8,9,13,18,21,23,28,39,48,50,59,60,61,63,65,77,79
2021175,2021-07-04,1,11,14,19,20,27,30,31,37,40,47,48,49,50,61,65,67,69,75,78
2021176,2021-07-05,2,5,11,25,28,30,36,40,42,43,44,52,53,55,59,60,65,69,71,79
2021177,2021-07-06,3,11,13,14,19,20,23,30,34,35,36,50,55,57,63,65,66,70,73,78
2021178,2021-07-07,9,11,14,19,23,26,28,31,32,33,39,41,43,48,49,62,64,68,77,78
2021179,2021-07-08,2,4,5,8,9,11,13,17,30,34,35,45,50,54,56,65,66,73,75,76
2021180,2021-07-09,1,2,5,9,11,12,14,18,25,26,31,36,37,43,54,60,61,65,68,80
2021181,2021-07-10,1,2,5,6,22,28,31,38,40,47,48,53,59,60,61,64,67,68,72,78
2021182,2021-07-11,1,18,21,30,35,36,40,41,43,49,52,59,63,65,67,69,70,71,74,80
2021183,2021-07-12,6,8,19,22,30,32,36,37,49,52,55,59,60,61,62,64,71,75,78,79
2021184,2021-07-13,10,11,15,17,19,22,30,37,39,45,48,56,57,58,61,63,64,71,75,79
2021185,2021-07-14,1,2,3,4,10,11,20,22,30,32,34,44,48,50,54,55,58,59,60,80
2021186,2021-07-15,3,6,13,14,15,17,21,22,24,28,33,36,40,45,46,59,60,62,69,76
2021187,2021-07-16,6,10,11,12,24,27,39,40,42,43,44,46,47,51,53,54,57,63,73,74
2021188,2021-07-17,3,6,9,12,14,19,21,29,32,37,38,64,67,70,71,73,75,77,79,80
2021189,2021-07-18,5,6,10,11,16,17,18,20,27,33,34,40,41,44,50,55,65,70,75,79
2021190,2021-07-19,4,8,19,24,27,30,35,42,43,44,50,52,53,56,57,66,68,69,70,71
2021191,2021-07-20,7,9,11,15,19,21,22,23,30,34,37,46,48,57,61,63,67,68,72,75
2021192,2021-07-21,1,5,7,11,14,15,21,26,34,37,44,47,48,53,63,64,65,66,72,78
2021193,2021-07-22,2,4,6,9,16,22,24,29,38,41,42,43,46,47,48,52,53,63,71,75
2021194,2021-07-23,1,2,3,8,17,21,23,25,29,31,35,37,43,45,51,62,65,73,77,79
2021195,2021-07-24,4,5,11,13,14,25,27,28,33,38,39,44,54,57,58,63,65,70,71,74
2021196,2021-07-25,9,10,17,18,20,23,26,28,34,40,50,51,55,59,60,64,66,74,78,79
2021197,2021-07-26,2,5,10,11,16,20,22,28,29,31,32,33,41,46,49,50,51,56,75,77
2021198,2021-07-27,1,3,4,8,13,29,31,32,35,39,43,54,55,56,62,65,66,72,78,80
2021199,2021-07-28,5,23,25,27,29,35,39,43,46,48,50,51,54,55,58,59,65,66,67,70
2021200,2021-07-29,1,2,10,14,16,17,19,25,32,34,35,42,53,62,64,68,69,70,78,79
2021201,2021-07-30,8,10,12,13,22,24,32,35,39,42,48,49,55,56,60,66,70,75,76,78
2021202,2021-07-31,8,12,24,30,33,34,40,42,48,49,51,54,63,64,65,66,67,72,75,78
2021203,2021-08-01,2,6,13,20,21,37,46,48,49,52,53,56,62,64,66,68,73,77,78,79
2021204,2021-08-02,3,9,10,16,17,19,28,32,36,39,42,52,53,56,64,65,70,74,75,76
2021205,2021-08-03,3,7,15,18,24,26,27,30,43,46,48,52,57,58,62,68,72,73,76,79
2021206,2021-08-04,3,8,12,14,18,19,21,27,31,33,35,38,40,45,52,61,67,76,78,80
2021207,2021-08-05,1,3,14,16,17,19,28,37,39,40,43,46,48,51,56,57,59,60,61,72
2021208,2021-08-06,2,9,16,19,25,26,30,36,37,43,45,47,48,49,54,56,63,74,76,79
2021209,2021-08-07,2,3,9,10,11,14,16,26,31,32,40,46,51,53,55,67,71,75,77,78
2021210,2021-08-08,3,13,15,20,22,24,26,28,30,31,34,36,38,43,45,52,63,64,76,77
2021211,2021-08-09,4,9,13,27,28,29,31,34,38,39,48,52,57,62,66,68,71,74,76,80
2021212,2021-08-10,4,5,7,9,11,14,18,24,40,47,48,52,56,58,61,63,69,71,73,79
2021213,2021-08-11,8,9,13,15,16,20,24,26,30,41,43,45,49,51,54,60,63,66,73,77
2021214,2021-08-12,1,4,11,14,15,16,20,21,22,33,37,43,44,55,61,62,71,75,78,80
2021215,2021-08-13,2,3,10,11,13,19,23,24,27,30,33,47,50,52,56,59,69,72,77,78
2021216,2021-08-14,6,11,18,20,23,26,27,29,32,34,37,41,42,43,44,55,58,59,67,79
2021217,2021-08-15,1,5,8,12,15,18,19,27,28,29,30,31,41,46,51,55,69,72,73,75
2021218,2021-08-16,3,6,7,9,19,26,35,41,45,46,49,50,51,59,61,63,74,77,78,80
2021219,2021-08-17,1,3,11,16,30,32,33,35,36,38,46,48,50,53,59,60,66,70,71,77
2021220,2021-08-18,2,3,8,21,23,34,42,44,47,48,49,51,54,58,71,72,74,77,79,80
2021221,2021-08-19,4,7,9,10,13,16,20,21,22,24,33,37,41,45,48,49,59,60,65,69
2021222,2021-08-20,9,10,12,18,29,35,37,40,43,44,54,57,59,62,64,67,69,70,74,76
2021223,2021-08-21,2,6,8,10,11,17,20,25,27,29,39,44,46,49,51,54,55,72,78,79
2021224,2021-08-22,6,7,13,19,22,25,27,29,31,39,45,49,52,57,60,64,68,69,78,80
2021225,2021-08-23,6,11,14,17,25,26,30,36,37,41,53,62,64,65,66,67,68,70,73,76
2021226,2021-08-24,7,9,15,16,17,21,22,25,35,37,38,40,45,48,49,55,65,66,72,75
2021227,2021-08-25,1,9,17,21,23,24,25,27,36,44,46,62,64,68,71,73,75,77,78,79
2021228,2021-08-26,7,15,16,17,18,25,27,31,35,38,39,41,44,47,48,53,57,65,67,77
2021229,2021-08-27,5,6,14,15,23,25,35,36,45,46,51,52,61,62,63,64,66,71,72,75
2021230,2021-08-28,3,4,17,27,29,34,42,49,50,52,53,56,57,64,65,69,72,74,77,80
2021231,2021-08-29,1,5,6,9,10,11,12,14,15,16,23,33,42,50,54,58,69,71,73,80
2021232,2021-08-30,7,9,11,14,17,26,28,29,31,34,35,37,39,56,60,65,67,70,72,77
2021233,2021-08-31,3,4,5,8,14,23,26,29,32,48,50,55,57,62,64,65,68,69,70,74
2021234,2021-09-01,1,3,8,9,11,12,18,20,32,34,35,43,47,49,63,70,72,74,76,80
2021235,2021-09-02,2,5,6,12,19,20,26,28,33,39,51,58,62,65,70,71,74,76,77,78
2021236,2021-09-03,2,3,4,16,18,21,25,26,34,40,41,45,51,55,61,67,71,77,78,79
2021237,2021-09-04,2,4,7,11,27,30,33,35,38,43,49,52,53,58,64,69,71,72,78,79
2021238,2021-09-05,4,6,10,12,16,18,19,21,28,29,32,39,52,54,56,58,61,64,66,73
2021239,2021-09-06,4,10,14,21,22,24,33,35,37,39,44,45,49,50,64,70,72,73,74,80
2021240,2021-09-07,5,8,12,13,14,15,16,18,21,26,27,30,39,45,46,49,65,73,78,79
2021241,2021-09-08,3,5,9,14,16,29,36,43,44,45,46,47,48,53,59,63,67,69,70,77
2021242,2021-09-09,2,4,13,15,16,17,21,32,37,40,41,42,43,52,54,63,65,70,73,80
2021243,2021-09-10,8,9,10,14,15,21,31,32,39,41,46,52,53,56,58,68,70,73,74,76
2021244,2021-09-11,4,6,8,11,13,25,28,30,34,36,41,46,54,59,60,61,63,68,70,78
2021245,2021-09-12,2,6,7,10,11,22,25,26,33,35,40,42,53,56,62,64,68,69,70,79
2021246,2021-09-13,2,5,7,15,17,18,24,25,27,29,32,43,46,53,60,66,69,78,79,80
2021247,2021-09-14,12,15,16,23,24,26,31,35,36,37,38,53,62,63,65,67,70,73,74,75
2021248,2021-09-15,2,4,6,7,10,17,21,24,28,30,33,36,39,46,49,57,62,64,79,80
2021249,2021-09-16,1,3,8,13,15,16,21,25,31,33,34,37,40,43,45,58,63,68,69,72
2021250,2021-09-17,3,9,12,16,17,19,20,21,23,32,38,42,45,49,62,65,67,69,72,77
2021251,2021-09-18,3,7,8,12,14,17,23,24,26,30,31,32,37,42,46,49,51,56,59,75
2021252,2021-09-19,3,6,7,11,12,24,29,33,36,38,41,42,62,63,66,67,69,77,78,79
2021253,2021-09-20,2,7,10,14,15,17,23,26,27,28,44,45,48,50,54,58,68,70,75,77
2021254,2021-09-21,3,6,10,13,17,19,20,38,46,48,52,54,58,59,67,69,70,73,78,79
2021255,2021-09-22,2,9,15,16,26,29,34,37,38,40,41,47,48,50,53,55,56,57,66,80
2021256,2021-09-23,1,6,13,15,18,25,28,31,34,42,47,52,55,61,62,65,67,71,72,73
2021257,2021-09-24,2,5,17,26,27,30,31,32,40,42,45,49,57,63,64,66,69,76,78,79
2021258,2021-09-25,3,11,14,15,16,19,22,25,30,35,36,40,43,51,54,57,61,65,72,78
2021259,2021-09-26,3,5,12,19,26,30,32,36,37,40,45,46,48,50,64,67,68,71,73,80
2021260,2021-09-27,2,9,11,13,24,25,31,32,33,39,49,56,57,58,59,65,68,72,75,76
2021261,2021-09-28,5,13,17,23,25,29,35,36,38,43,47,54,55,57,60,64,66,68,70,74
2021262,2021-09-29,2,4,6,11,24,25,31,38,39,42,46,47,51,53,54,66,70,72,74,77
2021263,2021-09-30,4,5,6,18,30,32,34,35,39,40,41,42,43,48,51,53,55,56,68,78
2021264,2021-10-05,9,13,14,15,20,25,26,28,35,42,44,52,53,55,61,62,64,67,69,74
2021265,2021-10-06,7,17,18,19,23,37,45,46,50,58,59,62,64,65,68,69,73,77,78,80
2021266,2021-10-07,1,11,14,15,37,38,39,40,41,43,44,45,51,53,54,58,62,65,68,74
2021267,2021-10-08,3,7,9,14,16,20,22,28,31,33,34,36,37,46,50,62,63,67,70,80
2021268,2021-10-09,1,3,6,7,8,16,17,22,30,34,36,43,54,60,62,63,66,71,76,78
2021269,2021-10-10,1,15,24,25,28,35,38,40,44,49,51,53,62,65,67,71,74,75,76,79
2021270,2021-10-11,4,16,17,22,25,26,36,41,44,51,53,54,55,59,61,68,74,77,78,80
2021271,2021-10-12,1,4,7,8,11,19,21,23,32,36,44,45,54,57,63,67,69,70,72,75
2021272,2021-10-13,5,14,16,19,20,29,30,35,40,42,44,50,52,55,62,66,68,69,72,75
2021273,2021-10-14,3,8,16,17,18,19,22,28,36,38,39,54,55,57,59,62,72,74,79,80
2021274,2021-10-15,2,11,20,22,27,30,31,38,41,42,49,51,52,56,59,60,71,78,79,80
2021275,2021-10-16,2,7,9,15,18,30,35,38,39,40,45,50,65,66,67,73,76,78,79,80
2021276,2021-10-17,1,11,17,23,24,27,30,32,34,39,43,49,51,53,54,60,68,70,72,73
2021277,2021-10-18,8,9,17,21,23,25,26,27,29,31,33,34,35,38,41,54,60,65,68,75
2021278,2021-10-19,4,10,15,18,19,21,22,26,27,31,32,34,47,52,53,54,66,68,77,79
2021279,2021-10-20,1,3,6,10,13,16,22,30,33,35,38,41,45,47,56,63,67,71,73,79
2021280,2021-10-21,3,6,13,14,17,19,20,23,24,36,37,38,39,41,47,48,53,57,58,73
2021281,2021-10-22,3,7,8,18,22,25,27,31,32,33,37,38,46,53,56,57,64,68,71,72
2021282,2021-10-23,5,7,8,9,16,17,21,25,27,31,34,36,42,46,52,56,64,68,71,74
2021283,2021-10-24,1,2,7,9,11,14,28,30,34,35,36,45,50,57,65,66,67,73,74,76
2021284,2021-10-25,6,15,19,22,27,29,34,38,45,48,51,53,55,56,59,62,63,72,77,79
2021285,2021-10-26,1,3,4,12,17,19,26,41,43,45,58,60,61,62,66,67,68,77,78,80
2021286,2021-10-27,15,16,19,23,24,29,34,36,37,39,54,56,58,59,60,61,62,67,76,77
2021287,2021-10-28,1,6,7,11,12,36,39,41,42,51,52,54,55,56,58,64,68,69,73,76
2021288,2021-10-29,1,3,5,6,17,23,27,34,36,40,52,53,57,59,60,66,68,70,71,80
2021289,2021-10-30,5,11,13,15,24,39,42,43,45,47,50,51,57,58,62,66,72,73,74,80
2021290,2021-10-31,1,3,5,6,10,14,16,27,28,29,30,38,46,48,54,58,59,68,69,76
2021291,2021-11-01,5,7,10,11,31,32,34,39,43,44,45,46,47,51,52,56,60,66,69,79
2021292,2021-11-02,2,9,12,18,19,21,23,27,29,30,31,34,39,41,42,52,53,58,70,71
2021293,2021-11-03,7,9,10,16,17,23,26,28,30,36,39,48,52,60,62,63,64,68,74,78
2021294,2021-11-04,4,11,15,20,21,24,25,29,30,32,41,44,46,47,50,51,54,56,65,75
2021295,2021-11-05,2,5,7,10,13,16,17,29,34,35,41,43,44,46,47,54,57,64,68,80
2021296,2021-11-06,2,4,7,12,22,24,31,32,37,44,48,50,54,57,62,66,71,75,76,79
2021297,2021-11-07,6,10,11,12,17,18,34,38,43,47,49,53,54,59,61,66,69,71,73,77
2021298,2021-11-08,2,13,19,21,26,27,28,31,33,34,37,44,51,52,57,61,62,67,78,80
2021299,2021-11-09,5,7,14,15,18,19,28,34,36,37,43,46,50,55,56,58,69,71,72,75
2021300,2021-11-10,2,7,8,9,13,15,24,31,36,51,54,56,57,60,67,69,73,75,77,78
2021301,2021-11-11,6,9,12,14,16,17,21,26,29,30,31,34,35,49,50,59,60,66,67,72
2021302,2021-11-12,3,5,8,9,19,31,37,38,43,51,56,57,59,60,61,62,67,68,75,80
2021303,2021-11-13,5,6,8,13,17,20,21,27,34,37,41,50,60,61,65,66,67,69,74,75
2021304,2021-11-14,14,16,17,21,22,24,25,27,28,29,32,39,41,47,48,50,71,74,75,76
2021305,2021-11-15,2,4,7,8,26,30,32,33,45,48,53,54,55,62,63,65,67,73,77,78
2021306,2021-11-16,3,10,13,21,27,28,31,36,38,41,49,51,52,63,65,67,70,71,74,78
2021307,2021-11-17,2,4,8,10,12,28,31,35,36,38,41,48,50,51,57,59,63,66,75,78
2021308,2021-11-18,2,3,5,8,13,15,17,26,27,33,35,42,47,50,60,61,64,69,76,78
2021309,2021-11-19,4,5,6,14,16,21,22,34,35,36,44,49,50,58,60,61,69,72,73,76
2021310,2021-11-20,4,5,21,31,33,35,37,40,41,46,48,49,50,53,57,59,60,68,71,77
2021311,2021-11-21,11,12,15,20,24,27,28,32,41,50,52,54,64,68,69,70,71,77,78,79
2021312,2021-11-22,1,8,10,11,14,16,18,25,36,37,40,50,60,67,68,69,73,76,77,79
2021313,2021-11-23,1,2,6,12,13,15,16,19,25,29,45,49,50,53,55,60,64,68,69,79
2021314,2021-11-24,1,16,22,23,25,29,32,41,43,44,50,51,54,63,65,66,71,72,73,75
2021315,2021-11-25,5,14,15,28,29,31,35,39,48,57,59,60,61,63,64,67,72,75,78,80
2021316,2021-11-26,6,7,9,14,16,20,27,33,38,44,51,63,64,65,69,73,76,78,79,80
2021317,2021-11-27,11,12,13,14,16,17,21,23,25,27,39,43,51,53,56,61,62,63,66,73
2021318,2021-11-28,1,9,13,20,21,25,30,37,42,44,49,53,54,55,56,57,66,67,70,77
2021319,2021-11-29,3,4,12,16,17,20,23,34,40,45,48,49,51,56,64,73,75,77,78,80
2021320,2021-11-30,8,10,15,22,25,26,29,32,34,39,45,46,50,52,55,56,62,63,66,69
2021321,2021-12-01,8,12,24,27,30,33,34,35,37,40,43,44,56,57,60,67,69,72,73,79
2021322,2021-12-02,1,2,9,13,15,21,23,37,43,45,50,53,54,58,65,66,68,73,74,75
2021323,2021-12-03,2,7,8,13,26,27,28,34,42,52,53,54,55,56,59,60,62,66,67,72
2021324,2021-12-04,3,10,17,22,23,29,30,35,54,56,57,59,60,61,65,66,70,71,72,73
2021325,2021-12-05,1,2,10,16,27,32,42,43,44,47,52,55,56,58,60,64,65,66,68,77
2021326,2021-12-06,1,9,10,34,37,40,41,43,48,52,53,54,57,59,63,68,69,71,75,77
2021327,2021-12-07,2,3,6,7,12,13,19,23,26,28,30,35,37,43,44,47,54,70,73,74
2021328,2021-12-08,10,11,12,16,22,26,27,28,29,32,40,50,52,54,62,64,69,70,75,78
2021329,2021-12-09,5,12,15,17,25,26,29,30,38,42,49,53,56,58,59,62,64,71,74,77
2021330,2021-12-10,4,5,8,21,22,31,34,38,41,45,55,58,61,62,64,65,69,71,74,78
2021331,2021-12-11,4,5,10,12,13,18,21,23,27,38,41,48,49,55,56,57,59,69,70,71
2021332,2021-12-12,1,4,5,7,9,11,15,23,26,39,42,58,59,62,64,66,68,69,73,74
2021333,2021-12-13,2,3,4,9,18,20,23,28,42,46,47,50,51,52,56,59,62,63,70,72
2021334,2021-12-14,6,7,11,12,14,15,17,22,25,28,31,32,36,42,47,48,57,62,73,74
2021335,2021-12-15,4,9,13,15,16,18,20,29,35,41,43,44,47,52,54,59,61,65,71,72
2021336,2021-12-16,1,2,3,14,21,23,24,26,28,29,40,41,49,51,52,56,58,60,66,73
2021337,2021-12-17,4,13,16,19,21,24,25,27,31,33,36,37,45,53,56,60,62,65,71,79
2021338,2021-12-18,8,9,16,23,25,31,32,37,38,44,48,52,56,58,60,65,68,69,70,77
2021339,2021-12-19,1,4,8,16,19,23,27,29,30,39,44,46,49,62,64,65,67,70,75,77
2021340,2021-12-20,1,2,3,4,7,9,12,14,15,16,18,20,28,31,44,53,55,57,65,67
2021341,2021-12-21,2,3,8,14,16,28,32,34,38,39,44,46,48,54,57,67,71,73,74,80
2021342,2021-12-22,1,3,6,8,22,27,33,37,40,42,45,48,57,58,62,63,64,65,70,73
2021343,2021-12-23,13,15,21,25,30,32,35,43,45,46,48,54,55,60,62,63,66,67,77,78
2021344,2021-12-24,6,9,14,16,19,25,28,36,38,41,42,44,48,49,50,58,61,65,72,77
2021345,2021-12-25,5,6,7,10,11,20,22,24,31,35,38,40,50,52,60,63,66,72,74,75
2021346,2021-12-26,6,14,18,19,24,25,28,29,30,37,40,42,48,50,53,58,59,66,69,75
2021347,2021-12-27,7,15,18,23,24,26,31,34,40,41,43,50,51,52,54,55,60,69,71,77
2021348,2021-12-28,3,6,11,12,18,20,25,26,34,37,42,48,59,66,67,68,70,73,75,77
2021349,2021-12-29,4,6,19,23,29,30,33,42,44,45,47,53,56,60,63,64,71,72,76,79
2021350,2021-12-30,6,10,12,13,16,18,22,23,24,34,35,41,43,44,50,54,60,76,77,80
2021351,2021-12-31,5,7,11,13,14,15,18,23,27,29,33,34,36,37,45,48,60,67,70,75
2022001,2022-01-01,5,8,16,17,21,30,31,33,34,43,50,51,53,56,61,62,65,74,77,80
2022002,2022-01-02,2,4,13,18,21,22,25,43,50,52,54,55,57,63,65,66,68,74,75,78
2022003,2022-01-03,4,5,8,11,14,16,18,23,27,28,31,41,44,49,52,60,61,63,70,78
2022004,2022-01-04,11,13,19,21,23,30,32,34,35,36,42,45,54,55,58,60,67,72,74,76
2022005,2022-01-05,1,3,6,11,16,17,20,23,32,34,39,44,49,54,57,66,69,73,74,78
2022006,2022-01-06,4,7,13,14,15,25,27,30,32,33,35,40,42,44,45,52,56,57,59,61
2022007,2022-01-07,3,9,15,22,28,29,32,33,39,44,46,54,58,59,61,64,67,69,72,77
2022008,2022-01-08,3,5,8,13,20,21,29,30,32,36,39,40,54,55,56,61,63,67,70,80
2022009,2022-01-09,3,4,10,12,13,15,18,24,33,44,45,52,55,57,60,61,62,67,70,75
2022010,2022-01-10,3,7,12,21,24,25,29,38,44,47,48,49,52,54,61,69,73,77,78,80
2022011,2022-01-11,3,6,7,8,13,15,17,18,21,28,37,41,47,48,50,61,67,69,70,77
2022012,2022-01-12,5,7,10,16,23,25,28,29,30,35,45,50,51,54,55,58,61,62,63,69
2022013,2022-01-13,4,5,14,21,24,25,26,29,33,35,39,40,41,50,55,59,65,70,78,80
2022014,2022-01-14,7,8,10,12,14,17,18,24,39,40,42,43,55,65,66,67,68,71,72,73
2022015,2022-01-15,6,9,18,19,21,24,26,28,29,51,55,56,57,58,62,63,65,68,71,76
2022016,2022-01-16,1,4,5,7,8,11,12,17,18,22,28,44,53,54,56,62,64,74,77,80
2022017,2022-01-17,17,19,22,23,24,36,39,40,41,45,49,51,53,59,60,63,68,72,73,77
2022018,2022-01-18,2,3,12,15,18,19,24,30,37,44,48,50,51,53,54,55,56,60,67,68
2022019,2022-01-19,2,3,5,7,14,15,16,28,33,38,39,46,48,62,65,66,67,70,77,80
2022020,2022-01-20,10,12,17,30,32,34,43,46,47,49,50,55,56,61,63,67,68,70,73,80
2022021,2022-01-21,3,4,6,7,12,16,25,28,31,35,37,38,49,50,51,60,65,72,76,79
2022022,2022-01-22,2,5,11,16,36,37,38,40,42,50,51,58,59,61,65,67,74,75,78,79
2022023,2022-01-23,1,4,5,8,12,15,22,29,32,35,44,49,51,52,59,60,64,71,78,79
2022024,2022-01-24,1,3,7,9,10,21,27,37,38,44,49,59,62,64,66,72,73,75,78,79
2022025,2022-01-25,1,5,12,13,16,18,21,40,41,44,47,48,50,54,55,59,64,66,68,77
2022026,2022-01-26,5,9,10,14,16,24,25,30,32,45,49,54,59,60,62,66,67,71,75,78
2022027,2022-01-27,5,9,12,15,16,17,31,32,43,44,47,51,52,53,62,67,69,70,73,75
2022028,2022-01-28,2,3,5,8,9,12,16,27,36,41,42,44,45,47,48,62,76,77,78,80
2022029,2022-02-08,2,9,16,24,30,34,35,42,45,51,54,62,63,65,67,72,73,77,79,80
2022030,2022-02-09,3,11,12,18,26,27,30,32,39,40,43,44,45,46,52,55,56,57,62,65
2022031,2022-02-10,3,4,5,7,8,21,36,37,44,49,50,51,52,55,56,59,60,61,62,65
2022032,2022-02-11,3,6,10,20,22,23,25,28,33,35,39,47,56,60,64,66,68,69,75,79
2022033,2022-02-12,2,4,8,14,17,19,24,32,37,39,49,50,53,56,57,61,62,68,72,78
2022034,2022-02-13,3,7,11,12,13,14,15,20,29,33,41,43,46,49,52,54,55,68,79,80
2022035,2022-02-14,10,26,31,34,36,39,40,41,44,45,47,50,52,55,56,58,61,62,68,78
2022036,2022-02-15,1,2,6,10,13,16,17,18,23,28,29,37,50,53,54,58,64,70,73,74
2022037,2022-02-16,7,10,11,12,13,15,37,40,42,45,47,51,55,56,57,64,69,72,74,76
2022038,2022-02-17,3,8,9,12,22,24,25,28,32,33,35,40,52,53,60,62,66,69,70,78
2022039,2022-02-18,2,4,12,14,15,20,22,28,31,37,41,45,49,55,64,66,74,77,79,80
2022040,2022-02-19,1,3,10,14,17,21,27,32,47,48,53,56,57,61,63,67,69,73,78,79
2022041,2022-02-20,1,6,19,21,43,44,46,48,49,51,54,59,61,62,63,66,69,75,76,78
2022042,2022-02-21,15,16,17,21,24,35,38,40,41,49,51,56,57,61,62,65,67,72,75,79
2022043,2022-02-22,3,15,16,20,23,25,27,29,35,37,43,51,53,54,61,63,64,71,75,77
2022044,2022-02-23,3,4,5,8,10,14,22,27,32,37,45,50,52,53,54,55,59,60,61,77
2022045,2022-02-24,4,9,10,15,18,19,23,30,34,38,41,46,50,51,56,58,66,69,71,74
2022046,2022-02-25,10,12,15,18,19,21,23,27,31,40,42,48,52,57,61,65,72,74,79,80
2022047,2022-02-26,3,4,8,12,21,22,27,29,33,36,41,48,53,54,56,66,67,71,72,78
2022048,2022-02-27,2,8,16,17,21,24,28,34,35,37,41,49,50,53,59,61,65,69,73,78
2022049,2022-02-28,3,6,7,14,23,24,26,38,48,49,50,53,54,59,62,63,65,72,76,80
2022050,2022-03-01,4,7,15,23,27,28,31,34,36,45,48,55,59,61,62,63,71,72,75,78
2022051,2022-03-02,3,5,6,21,23,24,28,29,32,43,44,45,49,53,57,58,72,73,76,78
2022052,2022-03-03,3,6,7,12,14,16,19,24,38,44,51,54,55,62,65,68,71,77,79,80
2022053,2022-03-04,1,3,9,13,14,21,22,25,30,37,38,39,49,50,54,58,63,65,68,78
2022054,2022-03-05,3,4,8,12,15,16,19,20,31,36,44,48,50,51,54,59,65,73,76,77
2022055,2022-03-06,1,6,17,19,32,36,37,39,46,48,50,52,53,55,63,65,66,70,74,75
2022056,2022-03-07,2,4,9,11,13,17,19,23,29,30,34,37,38,43,47,51,69,77,79,80
2022057,2022-03-08,8,12,17,19,20,24,28,34,38,41,45,52,56,57,60,64,66,69,71,75
2022058,2022-03-09,1,3,4,5,6,10,12,18,20,21,27,33,42,49,52,68,72,73,75,77
2022059,2022-03-10,1,4,12,13,19,28,30,34,35,37,39,42,46,49,55,61,64,67,68,79
2022060,2022-03-11,2,6,11,14,17,26,28,29,30,38,40,41,42,43,51,52,56,68,70,77
2022061,2022-03-12,2,10,13,14,20,28,30,32,36,37,38,41,46,52,58,62,69,74,77,80
2022062,2022-03-13,2,12,15,20,21,24,25,26,27,30,39,42,50,53,64,67,71,73,74,77
2022063,2022-03-14,9,10,17,20,21,24,25,34,35,41,42,45,50,51,53,59,64,67,73,80
2022064,2022-03-15,1,5,7,16,18,20,21,31,34,36,46,49,51,54,60,64,66,69,73,75
2022065,2022-03-16,2,4,11,12,13,17,20,26,28,35,37,48,53,58,59,61,69,71,72,79
2022066,2022-03-17,8,11,21,23,25,26,29,30,34,38,39,41,47,48,50,52,55,57,62,69
2022067,2022-03-18,2,4,7,8,14,19,20,28,33,34,35,40,50,52,64,68,71,72,75,77
2022068,2022-03-19,3,10,14,18,20,24,28,34,42,43,46,47,49,50,54,55,62,69,71,77
2022069,2022-03-20,3,12,18,26,29,31,36,44,45,46,49,58,59,62,65,68,69,70,71,78
2022070,2022-03-21,3,7,9,16,19,24,26,27,29,32,41,42,44,48,52,53,54,60,64,75
2022071,2022-03-22,14,18,21,22,27,34,38,42,43,44,48,52,53,54,60,68,69,70,74,75
2022072,2022-03-23,3,5,8,15,16,18,25,26,27,32,41,46,53,57,59,60,63,64,66,75
2022073,2022-03-24,5,7,10,11,12,14,23,24,32,42,46,47,50,59,60,61,63,74,77,78
2022074,2022-03-25,2,23,25,26,27,29,31,36,37,40,41,46,48,56,61,62,64,65,67,71
2022075,2022-03-26,5,6,11,12,18,21,25,26,32,33,36,37,45,48,51,52,54,65,75,79
2022076,2022-03-27,1,8,12,25,26,27,28,29,31,34,36,47,54,59,60,64,67,70,73,78
2022077,2022-03-28,1,2,3,9,19,23,30,32,34,37,41,45,48,49,54,58,64,69,75,78
2022078,2022-03-29,1,5,8,17,18,21,23,24,25,31,34,37,41,53,62,63,66,69,77,78
2022079,2022-03-30,1,11,17,18,21,23,26,34,36,47,50,51,53,56,61,63,64,71,72,78
2022080,2022-03-31,1,4,17,24,27,28,36,38,39,40,43,44,47,48,51,52,54,63,67,71
2022081,2022-04-01,3,9,10,15,25,30,35,36,37,40,41,43,44,52,54,68,70,74,75,80
2022082,2022-04-02,4,11,14,20,23,30,32,34,36,40,41,49,52,53,57,59,60,64,69,78
2022083,2022-04-03,6,7,10,11,13,15,21,24,36,38,39,43,44,55,59,62,67,71,76,78
2022084,2022-04-04,1,7,8,12,13,14,17,22,29,43,47,50,52,56,57,60,65,66,73,75
2022085,2022-04-05,2,3,19,33,43,46,47,52,57,59,60,64,67,69,71,73,76,77,78,80
2022086,2022-04-06,6,7,8,11,12,14,26,33,36,40,42,45,47,49,50,53,57,62,66,67
2022087,2022-04-07,7,9,10,13,18,19,20,22,31,34,44,51,52,54,59,73,74,76,78,79
2022088,2022-04-08,1,12,13,14,15,16,17,28,30,39,43,54,55,58,59,66,71,74,75,76
2022089,2022-04-09,3,10,14,23,25,31,34,46,48,52,55,57,58,61,64,71,74,76,79,80
2022090,2022-04-10,5,14,15,16,20,26,31,34,35,36,40,52,54,57,58,60,65,71,72,79
2022091,2022-04-11,5,7,16,17,18,19,29,31,32,39,41,45,46,48,52,57,63,70,72,79
2022092,2022-04-12,7,11,14,16,21,24,26,29,31,36,41,42,44,50,51,59,64,76,77,79
2022093,2022-04-13,1,4,6,10,15,19,25,37,39,43,47,48,52,54,62,63,67,69,71,77
2022094,2022-04-14,7,9,11,17,23,24,28,38,39,41,42,44,51,55,68,70,71,73,77,80
2022095,2022-04-15,1,5,8,10,14,26,27,29,32,47,48,50,57,58,61,65,66,68,71,73
2022096,2022-04-16,5,15,16,19,20,22,27,33,34,35,36,39,42,43,46,49,67,69,75,79
2022097,2022-04-17,1,6,16,24,25,30,36,37,39,41,45,46,48,53,62,65,70,77,78,79
2022098,2022-04-18,19,21,23,25,26,41,42,47,49,52,53,55,63,64,66,71,73,77,78,79
2022099,2022-04-19,1,3,4,5,8,10,19,26,31,37,38,47,51,55,62,64,66,70,74,80
2022100,2022-04-20,5,10,14,21,24,27,30,33,42,43,44,46,49,52,53,60,66,77,78,79
2022101,2022-04-21,1,2,5,12,17,19,25,27,30,32,36,38,40,49,50,65,68,69,77,80
2022102,2022-04-22,2,5,7,10,13,18,19,20,25,32,36,52,53,54,64,66,68,74,76,80
2022103,2022-04-23,1,3,10,17,19,21,26,27,32,36,39,41,53,56,67,69,72,75,76,78
2022104,2022-04-24,3,5,7,8,9,14,18,19,24,26,27,41,53,56,57,59,63,66,73,75
2022105,2022-04-25,1,6,9,10,12,28,30,37,43,45,59,60,61,63,66,67,68,70,77,79
2022106,2022-04-26,14,17,18,23,30,31,37,40,42,48,49,52,53,55,57,60,64,76,77,80
2022107,2022-04-27,1,2,5,7,9,21,22,23,27,29,30,35,47,48,60,61,68,76,78,80
2022108,2022-04-28,1,2,6,8,16,17,22,24,26,34,36,40,42,43,52,53,58,67,71,76
2022109,2022-04-29,3,6,13,14,16,23,27,28,34,42,44,46,47,53,54,61,62,72,77,79
2022110,2022-04-30,4,9,10,17,19,21,23,24,32,34,35,38,39,40,52,53,54,66,68,76
2022111,2022-05-01,4,6,7,15,18,26,29,36,43,45,46,50,62,64,66,68,70,74,76,78
2022112,2022-05-02,5,8,11,19,32,36,37,38,40,42,43,50,56,61,62,63,64,70,71,77
2022113,2022-05-03,3,8,10,12,16,17,18,24,28,31,35,38,40,48,54,56,65,68,70,73
2022114,2022-05-04,5,8,13,15,17,20,30,32,36,43,49,51,52,56,59,60,66,68,76,80
2022115,2022-05-05,2,4,6,8,10,12,15,20,21,24,30,41,47,48,50,58,62,68,71,79
2022116,2022-05-06,1,2,6,12,13,18,37,40,44,48,49,51,59,61,65,66,73,76,78,79
2022117,2022-05-07,2,3,12,14,17,18,27,31,32,36,37,45,51,52,53,61,70,71,73,77
2022118,2022-05-08,4,7,8,12,16,19,27,28,37,38,40,41,46,51,52,53,60,65,70,78
2022119,2022-05-09,5,6,10,13,14,15,16,24,27,32,35,37,39,46,50,55,60,64,72,80
2022120,2022-05-10,2,10,18,20,23,25,26,30,37,38,40,41,43,57,62,63,70,75,76,77
2022121,2022-05-11,1,4,7,13,15,19,22,26,30,32,33,39,40,56,62,64,71,72,75,78
2022122,2022-05-12,2,4,11,12,13,15,24,28,37,43,51,53,55,57,65,70,71,73,74,78
2022123,2022-05-13,14,17,23,26,28,32,33,34,37,46,49,58,60,64,68,71,72,73,74,79
2022124,2022-05-14,3,10,17,18,19,20,31,33,38,46,52,53,54,55,59,60,65,66,79,80
2022125,2022-05-15,3,6,11,15,16,23,27,29,30,39,42,44,57,66,72,75,76,78,79,80
2022126,2022-05-16,2,4,6,10,13,22,26,31,41,49,51,59,62,64,66,70,71,73,76,79
2022127,2022-05-17,3,5,13,23,28,32,35,36,37,40,53,62,63,66,72,73,74,76,77,79
2022128,2022-05-18,2,3,8,10,11,14,16,17,19,21,35,36,40,47,52,58,63,65,67,76
2022129,2022-05-19,5,8,10,11,17,18,23,24,31,32,36,41,48,49,65,66,71,74,77,79
2022130,2022-05-20,2,4,7,14,15,22,24,27,28,38,39,40,50,52,53,56,58,64,70,71
2022131,2022-05-21,3,5,7,9,12,15,23,26,36,39,42,51,53,55,57,62,64,67,72,75
2022132,2022-05-22,1,3,16,26,29,32,35,36,39,45,59,61,64,66,67,69,72,73,75,77
2022133,2022-05-23,3,6,16,17,23,27,29,30,38,40,41,46,48,53,58,60,62,63,66,69
2022134,2022-05-24,7,10,13,19,22,26,29,31,36,38,43,44,50,53,56,57,60,61,74,80
2022135,2022-05-25,3,4,5,6,9,10,14,16,20,23,25,44,49,50,55,57,58,68,76,78
2022136,2022-05-26,3,11,19,20,22,30,32,38,40,48,49,54,58,60,63,67,73,74,77,80
2022137,2022-05-27,6,20,26,34,35,36,41,42,45,48,50,53,58,59,61,63,64,70,74,78
2022138,2022-05-28,1,3,5,10,11,13,14,16,20,25,31,35,39,41,42,54,60,62,65,78
2022139,2022-05-29,1,3,7,18,24,30,36,42,43,50,52,53,54,59,60,62,66,71,73,74
2022140,2022-05-30,1,2,10,18,19,20,21,25,27,28,31,32,34,37,40,41,57,71,75,80
2022141,2022-05-31,2,10,11,12,13,15,17,20,28,30,35,38,47,51,52,56,66,69,73,80
2022142,2022-06-01,1,3,8,11,14,21,25,32,40,46,48,49,52,54,60,64,75,76,77,78
2022143,2022-06-02,7,9,11,25,32,37,38,40,42,44,45,56,63,64,66,67,68,71,76,77
2022144,2022-06-03,2,3,6,7,11,12,17,25,26,28,35,46,57,64,65,69,70,74,77,80
2022145,2022-06-04,1,12,14,20,24,29,32,33,34,35,36,43,50,65,68,69,72,75,76,78
2022146,2022-06-05,3,11,17,19,20,24,26,27,33,38,41,42,44,47,52,64,69,71,72,76
2022147,2022-06-06,4,5,11,15,18,19,21,23,35,39,40,46,48,56,62,64,67,70,75,76
2022148,2022-06-07,2,4,8,21,22,25,28,35,37,39,46,52,60,62,63,66,67,72,78,80
2022149,2022-06-08,9,11,13,15,18,19,20,22,26,29,35,38,39,52,55,68,76,78,79,80
2022150,2022-06-09,2,8,12,17,21,33,34,36,40,45,46,47,57,58,59,61,62,63,68,73
2022151,2022-06-10,4,12,13,17,18,23,26,27,32,34,42,45,49,50,52,54,57,58,66,71
2022152,2022-06-11,7,11,18,19,20,22,24,29,31,32,41,45,47,49,58,63,66,67,70,78
2022153,2022-06-12,14,22,27,32,33,36,38,39,49,52,57,58,60,61,63,66,68,73,74,75
2022154,2022-06-13,1,8,10,11,15,17,30,32,36,47,49,54,56,57,58,71,75,77,79,80
2022155,2022-06-14,8,11,12,16,19,29,38,44,46,48,49,50,56,57,65,67,70,71,72,80
2022156,2022-06-15,3,4,8,9,19,22,33,38,40,41,43,46,51,60,65,66,67,68,69,72
2022157,2022-06-16,9,10,12,22,25,27,30,31,44,48,50,55,56,63,64,65,66,70,71,79
2022158,2022-06-17,2,9,11,13,16,23,26,27,28,35,39,40,45,46,49,51,61,63,71,75
2022159,2022-06-18,5,6,7,11,12,15,16,17,19,26,38,46,51,52,55,61,64,71,77,78
2022160,2022-06-19,13,14,18,20,23,24,33,34,42,47,50,51,56,58,60,62,63,65,68,75
2022161,2022-06-20,5,6,13,14,16,17,18,20,22,25,32,45,47,51,61,67,73,76,77,79
2022162,2022-06-21,4,5,15,21,24,30,43,47,49,50,52,55,59,60,63,65,70,71,74,79
2022163,2022-06-22,11,12,16,17,18,23,26,29,30,33,34,45,51,57,58,59,60,63,65,80
2022164,2022-06-23,3,5,13,14,26,33,38,42,44,46,47,48,49,53,56,63,67,69,73,75
2022165,2022-06-24,2,6,10,11,14,16,20,35,38,43,45,47,51,53,58,59,61,76,77,80
2022166,2022-06-25,3,9,12,15,16,17,19,20,25,27,30,33,38,42,44,52,57,59,66,69
2022167,2022-06-26,4,5,12,18,22,29,40,44,45,47,48,51,54,60,63,64,66,67,73,74
2022168,2022-06-27,3,4,11,16,19,27,29,35,40,42,49,50,54,62,63,72,74,75,79,80
2022169,2022-06-28,7,14,19,20,27,32,41,43,49,54,55,57,63,64,66,67,73,77,78,79
2022170,2022-06-29,3,4,6,19,22,27,28,29,35,36,40,43,44,49,51,58,73,75,76,78
2022171,2022-06-30,2,6,8,9,14,15,17,18,22,28,34,42,46,47,51,58,60,61,65,78
2022172,2022-07-01,3,6,8,13,15,20,31,34,38,39,43,44,55,57,61,63,71,76,77,78
2022173,2022-07-02,6,7,18,22,27,29,41,42,44,49,52,54,58,61,66,73,74,75,76,80
2022174,2022-07-03,1,2,5,12,16,21,22,40,43,49,52,56,61,64,65,70,72,73,79,80
2022175,2022-07-04,3,5,17,19,22,25,26,39,41,46,50,53,54,57,60,65,69,70,76,78
2022176,2022-07-05,3,9,10,16,20,25,30,36,37,40,44,57,58,60,68,69,72,77,78,80
2022177,2022-07-06,8,9,10,18,29,32,34,39,40,41,44,45,46,49,50,59,68,72,73,80
2022178,2022-07-07,1,4,5,13,15,23,24,25,31,41,42,44,49,51,52,53,56,63,71,72
2022179,2022-07-08,4,5,7,8,11,15,16,18,24,30,50,55,57,58,61,69,70,71,78,80
2022180,2022-07-09,1,2,6,7,9,19,23,33,36,40,43,45,50,52,55,57,65,68,73,75
2022181,2022-07-10,1,11,13,15,23,26,27,30,37,40,45,46,49,52,54,58,67,69,75,77
2022182,2022-07-11,2,3,8,9,15,17,21,24,35,36,38,44,46,52,55,64,67,77,78,79
2022183,2022-07-12,2,7,10,12,14,27,31,40,45,49,51,53,59,62,64,66,68,70,74,80
2022184,2022-07-13,3,7,12,27,30,31,33,36,39,42,45,48,52,58,59,63,70,72,76,78
2022185,2022-07-14,1,14,16,19,24,25,34,38,39,47,52,58,60,61,62,68,70,71,72,75
2022186,2022-07-15,6,9,11,13,14,18,25,30,31,40,47,49,51,57,61,62,63,66,75,80
2022187,2022-07-16,2,3,4,10,11,15,20,35,38,54,57,58,59,60,63,69,70,72,76,77
2022188,2022-07-17,6,10,14,15,25,29,37,44,45,47,50,55,58,60,62,63,64,68,70,79
2022189,2022-07-18,2,9,15,18,20,21,24,25,28,37,39,53,57,62,64,65,71,73,78,80
2022190,2022-07-19,2,4,5,13,16,20,28,29,32,34,35,36,38,43,51,53,55,59,61,65
2022191,2022-07-20,6,7,9,22,23,24,35,42,43,44,47,49,52,53,64,66,68,71,74,78
2022192,2022-07-21,1,13,19,22,25,33,34,41,46,49,51,53,58,60,62,66,69,74,78,80
2022193,2022-07-22,1,17,19,21,28,29,32,34,40,42,44,47,49,53,58,63,64,66,73,74
2022194,2022-07-23,3,4,8,15,21,26,31,35,46,48,53,54,61,64,66,69,72,74,75,76
2022195,2022-07-24,1,2,4,7,14,20,23,24,28,34,50,51,53,54,60,65,67,74,79,80
2022196,2022-07-25,1,5,7,8,11,12,17,21,23,27,36,53,56,57,63,64,70,72,77,78
2022197,2022-07-26,2,3,7,13,17,19,21,37,40,43,51,52,58,63,64,65,68,69,77,78
2022198,2022-07-27,14,15,17,18,19,20,26,28,34,45,47,50,51,64,66,69,73,75,77,80
2022199,2022-07-28,1,7,11,13,14,15,23,27,28,40,43,48,54,55,61,68,69,70,78,80
2022200,2022-07-29,5,7,12,14,19,21,22,26,30,33,38,42,44,59,64,65,70,71,75,79
2022201,2022-07-30,1,2,4,8,12,15,25,26,28,31,34,36,39,42,44,47,62,66,77,79
2022202,2022-07-31,1,5,8,10,12,14,15,17,25,35,38,40,46,48,54,55,57,60,68,79
2022203,2022-08-01,1,3,4,7,9,12,15,17,19,21,28,33,41,42,45,46,47,57,63,77
2022204,2022-08-02,5,6,12,21,22,26,27,29,30,37,39,41,43,48,49,50,51,62,74,76
2022205,2022-08-03,6,11,12,17,21,24,28,29,39,41,43,47,51,53,59,63,66,69,70,76
2022206,2022-08-04,3,5,9,16,19,23,28,31,32,35,36,38,41,42,48,49,52,56,64,80
2022207,2022-08-05,8,10,12,16,19,28,32,34,35,36,41,42,43,47,49,54,56,64,69,80
2022208,2022-08-06,2,4,5,9,14,23,24,25,26,33,35,41,42,43,52,54,62,63,64,74
2022209,2022-08-07,2,3,4,8,18,19,23,25,26,42,44,47,49,53,59,63,66,72,73,75
2022210,2022-08-08,3,8,12,13,14,18,19,20,27,29,32,36,52,55,56,58,66,73,78,79
2022211,2022-08-09,10,11,12,16,18,19,25,27,28,34,38,45,50,53,55,57,65,72,74,80
2022212,2022-08-10,3,4,5,8,15,19,25,27,35,36,38,39,41,58,60,64,68,74,76,77
2022213,2022-08-11,1,4,8,9,14,17,22,27,28,37,38,50,55,59,64,66,69,73,78,79
2022214,2022-08-12,1,4,5,20,21,26,28,29,38,41,46,47,48,50,58,59,67,69,75,80
2022215,2022-08-13,10,12,15,17,19,21,26,34,37,39,48,53,55,66,68,69,74,75,76,79
2022216,2022-08-14,1,5,21,22,26,30,32,47,53,56,59,63,65,66,68,70,71,74,75,80
2022217,2022-08-15,7,9,12,15,17,21,28,29,30,36,48,52,55,57,58,61,72,73,78,80
2022218,2022-08-16,2,3,7,9,15,16,18,29,33,34,39,44,48,55,56,59,61,65,71,72
2022219,2022-08-17,6,11,15,18,19,22,25,35,39,45,50,55,57,58,64,66,68,72,73,76
2022220,2022-08-18,3,8,11,12,15,16,18,23,29,33,36,37,41,43,44,47,48,50,53,70
2022221,2022-08-19,2,3,6,10,11,17,32,47,57,61,66,67,68,70,71,75,76,78,79,80
2022222,2022-08-20,4,9,12,16,18,22,29,33,39,42,44,46,47,49,51,65,68,73,76,80
2022223,2022-08-21,1,5,15,16,25,27,31,33,37,39,44,47,56,57,58,59,62,67,72,75
2022224,2022-08-22,4,15,20,22,24,25,29,31,33,35,37,40,42,44,46,50,55,59,63,72
2022225,2022-08-23,2,4,9,10,13,18,19,23,26,34,41,46,51,53,59,62,64,65,70,75
2022226,2022-08-24,1,2,7,10,14,15,16,21,26,32,34,37,38,39,46,52,58,63,65,73
2022227,2022-08-25,5,6,7,15,16,24,27,33,34,35,39,41,44,45,47,50,55,56,78,79
2022228,2022-08-26,6,13,17,18,30,31,34,35,36,44,48,49,54,55,56,57,60,61,65,70
2022229,2022-08-27,4,6,16,22,23,24,27,29,31,33,37,44,47,48,51,53,57,63,75,77
2022230,2022-08-28,1,15,16,20,24,28,30,32,34,38,43,47,56,61,63,65,68,76,79,80
2022231,2022-08-29,5,7,11,13,14,19,22,28,29,30,31,32,33,39,53,54,58,61,65,70
2022232,2022-08-30,3,4,8,9,13,21,23,30,33,36,43,49,51,63,70,71,73,76,77,78
2022233,2022-08-31,2,5,7,8,12,18,22,24,27,29,33,38,39,40,53,54,55,70,73,79
2022234,2022-09-01,5,6,12,16,24,32,35,36,38,45,47,55,57,59,61,63,68,74,78,80
2022235,2022-09-02,4,13,19,27,29,30,37,49,50,58,63,64,66,69,71,72,73,74,78,79
2022236,2022-09-03,3,5,6,8,10,20,24,34,39,40,48,54,55,57,61,68,69,70,71,77
2022237,2022-09-04,1,5,10,13,15,20,21,25,27,28,34,41,43,45,50,56,62,63,65,69
2022238,2022-09-05,5,7,12,13,24,28,40,42,47,49,52,53,55,58,61,64,65,66,67,70
2022239,2022-09-06,6,9,10,18,21,35,37,43,47,50,52,59,62,66,70,71,73,75,78,80
2022240,2022-09-07,9,13,18,19,23,24,25,26,33,34,37,42,44,47,52,61,66,67,71,74
2022241,2022-09-08,2,3,5,8,11,15,21,23,24,26,29,41,44,48,50,52,54,55,57,80
2022242,2022-09-09,1,6,12,14,16,19,24,26,28,33,36,42,47,51,57,58,59,65,70,78
2022243,2022-09-10,3,4,6,15,20,24,27,28,30,32,35,46,48,51,56,59,66,68,75,79
2022244,2022-09-11,3,6,7,15,30,35,36,37,42,46,47,51,55,59,61,62,70,71,73,79
2022245,2022-09-12,4,5,22,24,27,28,33,41,43,49,52,54,61,63,68,69,72,73,76,80
2022246,2022-09-13,2,3,11,13,18,22,25,26,32,35,41,47,61,62,65,68,70,72,74,78
2022247,2022-09-14,3,5,13,14,26,27,31,33,37,38,39,40,43,52,61,63,71,74,75,78
2022248,2022-09-15,1,2,4,8,23,25,26,28,30,32,34,36,41,44,48,49,58,63,65,78
2022249,2022-09-16,7,12,13,14,18,20,21,25,29,36,38,50,56,63,66,68,71,72,73,79
2022250,2022-09-17,5,8,11,16,17,19,20,22,23,32,36,38,40,46,49,56,57,61,69,76
2022251,2022-09-18,2,5,6,7,12,15,18,24,34,37,39,40,48,50,56,61,69,71,74,80
2022252,2022-09-19,6,15,16,17,28,29,31,32,40,42,44,45,46,51,52,57,65,66,68,69
2022253,2022-09-20,4,8,12,15,16,20,25,44,46,51,55,56,58,61,62,66,71,74,77,78
2022254,2022-09-21,2,11,20,26,27,28,31,39,45,49,50,51,54,56,66,67,69,70,75,80
2022255,2022-09-22,2,10,14,17,22,23,25,28,37,39,45,46,49,53,60,63,64,72,73,78
2022256,2022-09-23,4,12,13,17,18,21,23,24,31,37,39,42,43,51,54,57,61,62,63,70
2022257,2022-09-24,3,13,18,23,24,27,28,29,36,40,44,50,52,53,54,57,59,60,70,79
2022258,2022-09-25,2,3,8,14,15,22,24,25,40,43,44,46,47,50,57,61,64,69,73,79
2022259,2022-09-26,1,2,4,5,6,8,13,18,20,28,41,51,53,56,57,62,65,68,71,80
2022260,2022-09-27,1,8,9,12,14,18,19,20,24,28,36,39,43,49,54,59,61,62,68,76
2022261,2022-09-28,6,24,26,28,29,30,34,36,45,47,52,54,57,59,64,66,67,73,75,78
2022262,2022-09-29,2,3,4,5,12,22,24,29,41,42,44,49,52,53,56,57,68,69,74,79
2022263,2022-09-30,6,7,8,11,14,19,29,30,35,42,43,47,48,53,54,60,63,67,68,73
2022264,2022-10-05,1,8,12,16,19,22,25,31,38,45,52,60,61,68,69,70,71,76,78,80
2022265,2022-10-06,1,4,12,17,21,27,30,36,39,42,47,51,54,58,61,63,65,67,69,71
2022266,2022-10-07,1,3,13,17,21,24,29,34,37,41,45,47,51,52,55,58,59,62,71,77
2022267,2022-10-08,3,7,17,27,31,33,40,41,49,53,54,58,60,63,64,69,73,76,79,80
2022268,2022-10-09,1,2,6,14,20,31,32,34,38,39,41,43,44,50,51,52,54,67,75,80
2022269,2022-10-10,6,9,21,23,24,31,32,34,38,51,52,53,55,57,59,66,70,71,76,78
2022270,2022-10-11,2,5,9,10,21,23,24,26,32,36,41,42,54,59,60,64,65,66,68,70
2022271,2022-10-12,10,17,27,28,30,31,35,42,45,47,50,53,56,58,62,63,64,65,69,75
2022272,2022-10-13,4,10,15,18,21,25,26,27,29,31,39,42,44,46,58,60,67,68,72,80
2022273,2022-10-14,8,17,19,20,24,25,26,29,31,33,42,51,63,69,70,72,75,77,78,80
2022274,2022-10-15,1,2,5,13,17,21,24,25,26,40,43,44,50,56,60,64,67,74,76,77
2022275,2022-10-16,3,12,13,23,32,33,34,36,41,49,50,53,57,58,61,62,65,67,73,75
2022276,2022-10-17,8,17,18,23,26,29,35,36,39,40,57,61,62,65,66,68,69,72,73,79
2022277,2022-10-18,1,4,5,10,11,16,17,20,21,24,25,36,38,47,51,54,55,57,58,80
2022278,2022-10-19,8,9,11,14,23,24,29,33,40,50,55,56,60,61,62,65,66,69,72,79
2022279,2022-10-20,2,4,10,18,25,28,29,34,35,37,42,44,48,55,59,61,66,69,74,79
2022280,2022-10-21,6,9,17,19,28,33,39,45,46,51,55,57,58,62,63,66,76,77,78,79
2022281,2022-10-22,4,6,7,8,9,16,17,21,24,35,43,46,47,49,56,59,71,74,79,80
2022282,2022-10-23,11,14,16,18,23,30,32,39,41,47,48,49,50,53,58,62,64,67,72,73
2022283,2022-10-24,2,5,6,12,16,20,29,30,31,37,38,39,55,56,60,66,69,75,78,80
2022284,2022-10-25,7,11,13,15,17,20,22,31,33,34,36,37,47,53,56,60,62,63,74,77
2022285,2022-10-26,1,5,8,11,20,23,29,33,39,43,45,59,60,61,65,67,69,76,78,80
2022286,2022-10-27,1,3,5,7,15,16,18,23,29,31,40,47,48,50,54,63,64,68,69,74
2022287,2022-10-28,1,7,10,17,18,21,24,25,30,37,42,49,57,62,63,64,66,67,69,77
2022288,2022-10-29,4,6,8,15,17,18,22,26,29,31,37,38,39,43,47,49,50,58,63,65
2022289,2022-10-30,2,3,5,9,10,11,12,13,14,19,21,27,45,48,49,52,59,68,74,77
2022290,2022-10-31,4,15,17,19,21,24,37,38,41,46,48,55,56,59,60,68,71,74,77,80
2022291,2022-11-01,2,5,8,13,15,17,31,35,37,39,45,46,47,48,49,59,60,61,62,73
2022292,2022-11-02,2,3,4,8,10,12,21,25,29,32,35,37,42,45,46,48,50,56,71,76
2022293,2022-11-03,1,3,7,8,10,11,22,28,30,32,35,36,38,40,47,54,61,64,69,78
2022294,2022-11-04,5,8,12,20,25,29,35,43,44,45,48,54,56,58,59,65,69,72,73,75
2022295,2022-11-05,1,8,12,16,23,26,34,39,40,42,45,46,47,50,54,56,63,70,71,76
2022296,2022-11-06,1,3,6,8,16,22,23,30,31,32,39,42,44,53,54,64,65,70,79,80
2022297,2022-11-07,8,14,21,22,26,28,31,32,33,34,37,41,42,45,51,64,66,68,73,74
2022298,2022-11-08,2,6,8,10,12,18,21,27,33,35,37,41,47,51,52,57,61,68,69,72
2022299,2022-11-09,1,6,7,8,15,20,21,27,28,36,41,57,61,63,65,67,68,69,70,77
2022300,2022-11-10,7,15,21,23,26,27,28,30,32,36,42,44,45,48,53,64,67,76,78,80
2022301,2022-11-11,2,5,6,9,14,18,19,27,34,39,44,45,48,52,56,64,66,71,78,80
2022302,2022-11-12,4,5,16,19,24,29,30,31,33,45,46,51,53,61,64,65,66,70,71,78
2022303,2022-11-13,1,4,5,6,8,10,12,15,23,25,29,41,45,46,47,50,54,58,60,75
2022304,2022-11-14,1,2,3,4,8,10,13,14,15,17,19,38,52,53,56,58,64,65,75,78
2022305,2022-11-15,4,5,8,17,18,22,23,28,32,34,36,49,51,52,56,62,67,73,76,77
2022306,2022-11-16,3,12,14,16,22,24,27,31,32,35,45,48,58,62,64,67,71,73,74,78
2022307,2022-11-17,2,7,8,14,18,28,30,40,42,43,44,47,48,55,57,59,63,68,71,80
2022308,2022-11-18,8,12,19,24,26,35,37,38,40,41,42,45,48,51,52,58,62,67,73,74
2022309,2022-11-19,1,2,9,13,16,18,29,32,34,36,38,44,45,51,53,64,68,69,75,78
2022310,2022-11-20,2,8,14,15,16,20,25,35,39,41,44,45,52,53,58,59,63,73,74,80
2022311,2022-11-21,1,4,8,15,17,18,21,22,25,40,41,50,56,60,61,62,63,64,71,77
2022312,2022-11-22,2,3,7,21,28,31,33,34,40,42,49,54,57,62,64,69,75,76,79,80
2022313,2022-11-23,8,9,12,14,19,20,21,22,24,25,26,33,36,43,51,59,64,77,78,79
2022314,2022-11-24,7,8,9,12,13,22,27,31,33,38,42,47,51,56,59,61,62,63,76,80
2022315,2022-11-25,2,7,8,17,18,21,30,32,40,44,45,46,48,52,60,66,69,71,72,79
2022316,2022-11-26,10,12,14,16,17,22,29,30,33,34,37,41,47,51,53,63,68,73,75,78
2022317,2022-11-27,3,7,11,15,16,17,20,28,32,33,36,44,48,50,59,60,65,70,76,78
2022318,2022-11-28,2,7,8,17,20,23,35,39,42,46,47,52,53,55,58,59,61,65,67,80
2022319,2022-11-29,1,8,9,12,13,21,23,27,29,34,35,39,43,47,50,53,59,73,75,77
2022320,2022-11-30,4,5,7,8,10,13,25,26,31,35,42,59,60,63,64,66,73,74,76,78
2022321,2022-12-01,8,11,12,16,18,20,23,35,37,46,48,49,50,56,59,60,66,71,73,79
2022322,2022-12-02,4,11,13,17,19,21,24,30,32,43,44,45,50,52,62,64,69,71,73,78
2022323,2022-12-03,1,8,10,15,16,19,22,30,31,32,42,44,45,48,52,56,59,65,66,78
2022324,2022-12-04,6,7,16,17,18,20,25,34,38,46,49,52,55,56,63,64,68,69,78,79
2022325,2022-12-05,2,3,4,15,18,20,21,23,31,32,37,38,40,45,51,53,55,57,67,72
2022326,2022-12-06,1,2,6,9,14,15,18,22,31,33,47,48,51,53,55,61,67,74,77,78
2022327,2022-12-07,2,8,9,11,18,21,29,39,40,48,56,57,58,63,64,67,70,75,76,77
2022328,2022-12-08,3,18,21,24,26,27,30,31,32,42,43,44,50,53,60,61,71,73,77,79
2022329,2022-12-09,10,13,17,19,25,26,27,28,29,31,35,37,38,48,52,56,57,59,65,72
2022330,2022-12-10,2,3,5,6,11,16,21,24,29,30,31,34,43,50,52,60,61,71,74,80
2022331,2022-12-11,9,13,21,23,24,26,28,30,36,44,46,48,53,55,58,60,62,71,75,76
2022332,2022-12-12,3,5,7,8,9,13,16,19,29,35,43,48,53,55,56,59,65,68,69,75
2022333,2022-12-13,2,13,15,16,20,26,33,34,36,43,45,48,49,50,54,57,67,68,71,78
2022334,2022-12-14,2,14,15,21,26,27,37,39,40,42,45,50,51,61,63,65,67,71,78,80
2022335,2022-12-15,1,2,3,5,7,8,18,32,35,36,40,43,45,46,51,55,56,68,71,76
2022336,2022-12-16,6,10,20,22,26,28,31,32,33,34,35,39,40,47,51,53,56,57,58,69
2022337,2022-12-17,1,8,9,10,11,17,20,24,25,38,40,42,52,53,60,66,68,72,74,79
2022338,2022-12-18,1,3,4,7,12,15,17,27,29,37,50,53,55,59,64,65,66,71,73,78
2022339,2022-12-19,7,8,10,14,16,17,28,29,31,33,34,40,44,46,48,49,62,63,64,77
2022340,2022-12-20,1,6,13,14,17,19,26,27,36,42,44,45,46,49,57,58,64,68,72,77
2022341,2022-12-21,4,5,6,10,14,21,24,25,29,33,47,53,54,57,62,67,68,73,74,76
2022342,2022-12-22,11,15,16,22,29,30,35,37,40,42,45,49,53,55,59,64,67,68,76,79
2022343,2022-12-23,4,5,9,13,15,20,23,26,31,51,53,58,59,67,70,71,77,78,79,80
2022344,2022-12-24,6,15,18,32,34,35,37,38,39,40,42,49,52,53,57,59,61,66,73,77
2022345,2022-12-25,2,7,13,18,20,26,31,32,34,36,41,44,53,57,58,60,68,73,75,77
2022346,2022-12-26,1,4,6,7,8,10,17,18,19,26,35,37,41,44,45,49,59,66,73,75
2022347,2022-12-27,1,4,6,9,10,13,24,30,38,39,45,47,49,50,54,58,65,66,72,75
2022348,2022-12-28,4,5,6,9,11,22,23,25,27,28,39,40,42,43,49,50,60,61,64,80
2022349,2022-12-29,4,7,9,11,16,18,23,27,31,36,37,42,47,48,51,52,56,68,72,79
2022350,2022-12-30,14,16,18,21,23,27,30,32,35,42,47,52,57,58,59,61,62,68,75,76
2022351,2022-12-31,4,14,16,20,21,24,25,31,33,42,44,46,48,54,57,60,67,72,76,80
2023001,2023-01-01,5,7,8,9,12,13,21,22,28,29,30,33,39,41,45,52,55,67,72,73
2023002,2023-01-02,6,10,16,17,19,20,25,29,39,47,53,61,62,63,66,69,71,75,78,80
2023003,2023-01-03,1,4,6,8,30,31,32,37,38,39,43,48,49,51,57,59,62,63,79,80
2023004,2023-01-04,2,4,5,8,9,12,15,16,25,27,32,36,41,46,49,58,67,68,69,71
2023005,2023-01-05,1,2,6,8,9,15,17,22,27,33,42,45,47,53,61,64,71,72,73,76
2023006,2023-01-06,6,8,14,17,20,21,22,41,45,52,56,58,59,61,63,66,68,70,72,75
2023007,2023-01-07,1,5,14,17,18,19,20,22,26,31,36,43,54,60,68,71,73,74,75,78
2023008,2023-01-08,3,15,18,20,24,26,27,28,29,31,35,36,53,54,55,58,67,73,78,80
2023009,2023-01-09,1,2,3,11,14,15,18,22,26,29,39,46,55,56,57,60,61,68,75,77
2023010,2023-01-10,7,8,11,13,14,23,24,34,40,43,45,48,54,57,63,68,69,72,76,78
2023011,2023-01-11,1,4,8,10,16,18,28,29,37,39,43,44,49,53,55,64,72,73,74,80
2023012,2023-01-12,1,3,6,8,10,19,20,23,29,32,34,38,41,42,44,50,53,69,70,72
2023013,2023-01-13,1,3,5,6,11,18,27,30,34,40,41,49,53,58,60,62,66,72,76,77
2023014,2023-01-14,10,12,17,18,20,23,27,28,31,34,53,59,63,64,66,67,71,74,79,80
2023015,2023-01-15,6,7,9,13,16,23,24,33,34,38,39,40,45,54,56,63,64,71,76,80
2023016,2023-01-16,4,7,19,23,24,30,34,36,43,47,49,51,55,59,60,63,64,67,71,73
2023017,2023-01-17,2,6,9,18,19,22,23,24,31,33,37,41,44,48,51,55,59,71,74,79
2023018,2023-01-18,3,4,6,7,11,15,31,32,38,40,45,52,54,57,58,67,71,75,77,79
2023019,2023-01-29,6,7,8,15,16,21,23,27,28,32,38,40,44,57,58,59,65,73,74,75
2023020,2023-01-30,1,3,9,18,23,24,25,26,28,29,34,39,43,45,49,51,57,77,78,79
2023021,2023-01-31,1,3,4,7,9,11,12,14,15,21,23,36,39,46,48,51,60,63,67,79
2023022,2023-02-01,3,11,23,24,25,28,33,36,37,40,45,51,58,59,61,63,64,77,79,80
2023023,2023-02-02,10,12,20,22,23,25,33,34,35,43,44,45,51,61,66,70,71,76,78,79
2023024,2023-02-03,3,6,11,26,28,33,38,43,45,46,49,54,56,58,60,68,70,71,73,76
2023025,2023-02-04,1,4,6,15,16,23,26,27,33,36,39,46,51,57,58,64,71,74,78,80
2023026,2023-02-05,2,5,16,18,28,29,32,38,41,44,45,52,56,62,69,73,74,78,79,80
2023027,2023-02-06,2,4,6,7,13,19,22,25,28,34,39,40,41,48,53,70,74,75,78,79
2023028,2023-02-07,2,5,8,11,15,21,29,30,32,34,41,43,48,49,50,54,58,66,71,79
2023029,2023-02-08,2,4,11,12,22,25,31,36,39,41,42,43,45,47,56,58,71,75,78,80
2023030,2023-02-09,3,4,6,15,16,19,20,23,24,30,31,34,37,40,42,43,47,49,57,76
2023031,2023-02-10,1,6,7,10,12,13,17,21,30,39,47,49,52,54,56,57,61,67,74,80
2023032,2023-02-11,7,8,15,20,22,25,27,32,34,38,41,43,46,52,56,64,69,72,74,75
2023033,2023-02-12,19,22,24,25,27,30,33,35,38,42,43,47,49,54,55,63,67,72,76,78
2023034,2023-02-13,6,7,8,11,14,15,16,17,21,23,24,43,49,58,62,63,67,68,72,73
2023035,2023-02-14,6,7,14,20,21,25,26,31,32,33,35,39,41,48,52,68,69,70,71,78
2023036,2023-02-15,4,6,8,9,11,22,25,27,28,34,36,37,39,45,53,57,62,67,74,75
2023037,2023-02-16,5,7,11,14,15,17,20,21,40,45,48,50,52,56,58,65,68,69,70,79
2023038,2023-02-17,2,9,12,20,21,23,36,38,42,45,47,49,55,56,61,68,69,75,78,80
2023039,2023-02-18,1,4,12,23,24,29,36,42,44,46,51,55,57,58,60,65,70,73,76,79
2023040,2023-02-19,5,11,13,20,25,27,29,32,33,35,37,38,44,46,52,58,64,69,76,79
2023041,2023-02-20,5,10,12,15,20,23,28,37,39,40,43,47,50,57,60,67,68,70,72,73
2023042,2023-02-21,13,16,17,19,24,27,28,31,34,35,37,40,42,48,49,54,58,73,76,78
2023043,2023-02-22,2,9,11,20,23,24,33,37,38,43,44,45,47,54,59,62,66,70,71,75
2023044,2023-02-23,12,15,22,28,30,31,32,35,39,40,44,46,47,48,53,55,62,63,68,71
2023045,2023-02-24,6,7,9,14,17,18,31,37,38,49,50,54,55,62,63,68,74,77,78,80
2023046,2023-02-25,5,8,10,19,21,22,24,25,27,28,40,41,48,49,57,58,62,68,69,77
2023047,2023-02-26,6,9,13,17,23,36,39,42,43,48,49,52,53,56,60,62,64,69,76,79
2023048,2023-02-27,3,13,19,25,32,34,45,46,49,53,56,57,58,59,61,67,70,72,78,79
2023049,2023-02-28,1,6,7,9,18,24,27,34,35,37,40,50,53,55,59,61,67,72,77,80
2023050,2023-03-01,1,6,10,16,20,23,27,35,36,44,49,50,52,59,63,66,67,68,73,78
2023051,2023-03-02,2,6,8,14,17,22,25,28,30,36,37,40,42,44,45,58,66,67,72,80
2023052,2023-03-03,1,3,9,12,17,18,20,24,26,27,35,36,37,40,43,50,52,53,73,75
2023053,2023-03-04,3,6,7,13,18,21,24,26,32,35,45,47,49,50,53,56,69,72,73,75
2023054,2023-03-05,3,4,9,18,21,27,28,31,33,44,45,46,48,50,51,56,57,59,63,72
2023055,2023-03-06,6,11,14,20,24,27,29,36,38,39,41,44,49,50,52,57,61,68,69,80
2023056,2023-03-07,4,10,12,14,18,28,32,38,42,43,47,54,60,62,67,69,77,78,79,80
2023057,2023-03-08,2,4,5,7,11,13,16,21,22,26,33,37,41,43,44,46,48,66,72,79
2023058,2023-03-09,1,5,11,14,15,23,27,28,29,31,37,43,44,48,52,56,58,63,71,76
2023059,2023-03-10,1,2,7,12,20,25,28,32,34,37,38,43,49,53,58,60,61,66,71,72
2023060,2023-03-11,2,4,6,8,17,20,24,26,47,50,51,52,55,62,63,64,65,71,73,79
2023061,2023-03-12,1,2,3,4,7,12,24,27,32,35,37,38,44,45,54,61,62,66,75,76
2023062,2023-03-13,2,15,16,20,22,23,24,30,32,33,39,40,41,43,47,58,59,70,71,79
2023063,2023-03-14,5,8,15,24,25,28,31,33,36,37,39,47,48,56,60,63,64,70,77,80
2023064,2023-03-15,2,4,9,11,12,16,22,29,33,39,40,43,45,60,63,65,70,72,73,78
2023065,2023-03-16,1,14,24,28,30,35,37,38,39,44,45,47,51,52,58,61,70,72,76,79
2023066,2023-03-17,6,9,11,18,19,25,26,34,38,42,43,44,52,56,57,65,67,70,71,75
2023067,2023-03-18,2,8,9,12,13,15,19,26,32,39,41,44,47,53,56,71,72,74,78,80
2023068,2023-03-19,1,7,11,14,18,19,21,30,35,36,44,51,55,56,57,65,67,68,73,75
2023069,2023-03-20,1,6,9,10,22,23,28,29,40,41,44,48,49,53,59,60,62,65,77,78
2023070,2023-03-21,1,2,12,16,17,18,23,27,34,35,39,47,49,56,57,58,59,63,72,79
2023071,2023-03-22,5,6,7,14,17,18,21,24,26,27,29,30,37,43,47,48,56,58,61,65
2023072,2023-03-23,2,5,6,10,14,21,25,27,36,38,46,49,50,57,64,67,74,75,76,79
2023073,2023-03-24,2,15,16,18,20,23,24,27,29,39,40,43,47,48,52,57,69,70,72,76
2023074,2023-03-25,5,8,17,19,22,24,27,35,50,51,52,55,57,59,63,67,74,75,78,80
2023075,2023-03-26,4,5,6,17,20,23,24,25,34,39,44,45,55,59,61,63,70,74,77,80
2023076,2023-03-27,2,13,14,20,25,26,27,34,35,44,49,54,55,56,57,58,74,75,77,78
2023077,2023-03-28,5,13,28,34,37,39,40,41,42,45,46,56,58,62,68,72,74,77,78,79
2023078,2023-03-29,1,5,6,15,16,18,20,23,25,26,27,34,38,48,60,63,65,73,74,76
2023079,2023-03-30,4,8,11,16,21,24,29,31,35,45,48,51,53,57,59,63,66,70,75,77
2023080,2023-03-31,4,16,21,28,30,32,33,34,37,38,44,46,54,56,63,66,69,72,73,74
2023081,2023-04-01,2,21,28,30,36,38,39,40,43,44,47,50,51,54,55,62,67,68,70,74
2023082,2023-04-02,1,7,10,15,24,26,27,28,29,33,35,37,48,51,52,56,63,64,66,70
2023083,2023-04-03,3,4,7,9,10,12,16,19,20,27,28,29,30,33,51,54,56,59,61,73
2023084,2023-04-04,6,10,12,14,18,20,24,26,34,39,50,51,54,56,63,64,68,71,76,78
2023085,2023-04-05,6,10,11,15,26,28,30,34,36,38,50,53,57,59,61,65,70,71,73,79
2023086,2023-04-06,5,9,12,19,21,22,28,34,41,45,46,49,50,56,64,65,68,69,70,75
2023087,2023-04-07,15,17,18,25,28,31,33,36,46,47,49,51,55,58,60,61,62,68,74,79
2023088,2023-04-08,7,9,11,13,15,18,22,30,33,44,45,60,62,64,65,67,69,72,74,75
2023089,2023-04-09,4,13,18,19,21,24,32,33,36,43,46,49,51,54,63,65,68,71,72,80
2023090,2023-04-10,1,8,13,15,18,20,27,28,31,34,35,41,45,55,58,63,64,74,75,79
2023091,2023-04-11,1,5,13,15,18,22,28,31,35,38,44,50,51,54,61,63,65,72,74,77
2023092,2023-04-12,1,4,6,10,11,13,14,24,25,27,33,40,43,52,57,58,64,70,71,73
2023093,2023-04-13,1,2,5,13,14,19,21,24,26,27,28,30,31,35,49,50,62,67,72,74
2023094,2023-04-14,1,3,4,9,10,11,15,34,35,37,42,51,55,59,60,64,65,67,69,76
2023095,2023-04-15,1,2,14,18,26,29,34,39,42,46,50,51,52,53,58,64,67,70,71,73
2023096,2023-04-16,1,2,3,7,13,15,20,24,32,34,44,49,52,59,66,67,69,76,78,80
2023097,2023-04-17,6,9,12,14,17,21,27,34,44,45,47,51,52,53,61,62,63,64,77,80
2023098,2023-04-18,2,6,7,11,13,24,25,32,34,36,39,40,47,52,56,67,69,73,75,78
2023099,2023-04-19,1,2,10,12,13,15,23,27,28,37,38,39,45,47,51,54,62,70,72,79
2023100,2023-04-20,1,4,5,8,12,17,18,21,25,28,29,31,37,41,48,63,72,74,78,79
2023101,2023-04-21,1,5,11,13,16,23,26,29,33,40,41,42,51,52,53,65,68,76,77,79
2023102,2023-04-22,6,8,11,13,18,22,27,30,34,42,46,48,56,59,64,66,70,73,76,78
2023103,2023-04-23,4,10,11,12,13,21,22,26,32,33,35,38,41,45,47,49,55,62,78,79
2023104,2023-04-24,1,5,7,8,11,33,35,38,39,44,47,49,52,56,62,69,71,73,78,79
2023105,2023-04-25,11,14,17,20,24,27,39,42,43,44,46,47,53,57,59,64,67,70,79,80
2023106,2023-04-26,2,3,5,8,9,12,15,18,22,23,48,49,54,56,57,62,64,66,70,78
2023107,2023-04-27,9,12,18,19,22,23,24,31,35,36,39,45,53,56,64,65,74,75,78,80
2023108,2023-04-28,3,4,6,8,9,16,17,26,27,32,50,52,53,54,56,59,60,69,73,74
2023109,2023-04-29,2,5,6,13,16,17,18,24,25,28,40,47,50,54,56,60,63,64,72,76
2023110,2023-04-30,2,4,10,13,17,25,31,32,39,42,43,48,53,64,65,67,71,73,75,80
2023111,2023-05-01,1,3,6,10,14,15,16,23,28,32,33,37,43,45,50,54,60,69,74,77
2023112,2023-05-02,2,3,10,14,19,20,22,23,33,34,38,42,48,51,52,55,66,67,71,73
2023113,2023-05-03,1,10,11,17,19,21,23,24,25,27,37,42,46,49,50,53,55,62,65,77
2023114,2023-05-04,2,3,12,28,30,31,36,40,41,43,44,45,46,57,58,62,63,64,67,76
2023115,2023-05-05,7,8,19,24,26,27,32,35,41,49,53,55,56,61,64,67,71,74,76,79
2023116,2023-05-06,5,6,11,21,24,28,30,31,37,38,46,50,52,54,59,61,64,66,72,78
2023117,2023-05-07,3,8,12,18,19,21,22,23,31,35,41,45,52,59,62,63,66,69,73,78
2023118,2023-05-08,7,8,9,26,29,39,40,41,46,47,48,53,56,57,59,61,62,63,74,80
2023119,2023-05-09,1,12,13,17,21,22,29,32,34,36,41,46,47,51,57,59,67,70,71,79
2023120,2023-05-10,3,4,7,8,11,17,18,24,25,29,32,39,47,53,54,61,72,73,78,80
2023121,2023-05-11,1,4,14,27,31,36,38,39,41,43,46,53,57,58,61,63,67,69,75,77
2023122,2023-05-12,3,6,7,11,13,15,18,22,30,39,47,50,59,61,63,68,71,76,77,80
2023123,2023-05-13,14,17,24,30,31,33,34,37,39,42,49,54,56,57,60,74,76,77,78,80
2023124,2023-05-14,1,2,4,16,18,25,26,27,30,32,33,41,43,47,56,61,62,64,70,79
2023125,2023-05-15,1,5,9,10,17,18,19,20,21,22,32,47,51,54,63,65,68,73,77,79
2023126,2023-05-16,1,3,7,9,12,16,21,24,25,33,36,39,49,51,60,64,66,75,79,80
2023127,2023-05-17,4,11,16,18,23,27,28,30,37,39,40,41,42,44,47,58,60,74,76,79
2023128,2023-05-18,6,8,16,18,20,21,29,31,33,40,47,49,55,56,57,66,69,70,74,80
2023129,2023-05-19,3,5,6,9,12,19,23,30,38,40,41,48,49,53,64,71,73,77,78,80
2023130,2023-05-20,2,5,9,15,17,18,24,27,40,45,46,50,52,54,55,58,63,65,70,80
2023131,2023-05-21,3,4,5,7,14,16,28,30,31,32,34,58,60,61,67,71,73,74,76,78
2023132,2023-05-22,2,6,9,15,17,18,19,21,22,28,41,43,49,50,53,54,64,71,73,77
2023133,2023-05-23,8,11,13,14,18,19,20,25,29,31,36,39,40,45,47,51,63,64,65,70
2023134,2023-05-24,1,3,11,12,16,20,25,36,38,40,42,44,51,52,55,59,65,69,72,75
2023135,2023-05-25,5,7,10,14,25,29,31,33,37,43,44,53,54,59,62,65,69,70,76,77
2023136,2023-05-26,1,2,5,6,8,11,19,26,28,29,36,41,43,48,60,61,68,69,71,77
2023137,2023-05-27,1,2,9,13,18,29,31,36,38,43,47,48,50,54,56,60,64,67,77,79
2023138,2023-05-28,2,5,11,16,19,24,26,41,42,43,48,51,58,61,62,67,69,70,75,77
2023139,2023-05-29,4,6,9,10,14,16,18,20,21,23,29,34,45,47,48,53,57,61,65,80
2023140,2023-05-30,4,8,9,14,22,28,41,43,44,46,51,55,57,59,60,63,69,71,72,80
2023141,2023-05-31,9,13,14,16,17,18,19,25,27,28,38,40,41,42,45,46,52,53,63,66
2023142,2023-06-01,1,3,4,7,12,13,15,17,20,21,26,41,47,54,58,66,69,72,78,79
2023143,2023-06-02,1,3,5,7,11,16,17,18,20,27,33,34,41,42,53,57,59,69,71,77
2023144,2023-06-03,8,28,31,42,46,47,49,53,54,55,58,60,64,67,68,70,71,72,75,79
2023145,2023-06-04,3,4,6,8,17,22,23,35,40,42,43,45,47,50,55,58,65,66,67,80
2023146,2023-06-05,2,5,9,11,21,22,26,32,43,46,47,51,53,55,56,60,61,65,76,77
2023147,2023-06-06,1,2,6,9,17,18,22,24,30,36,40,41,46,48,51,52,58,68,73,75
2023148,2023-06-07,6,14,21,23,24,27,29,34,38,40,42,45,47,54,60,65,67,72,74,75
2023149,2023-06-08,4,5,7,10,14,17,21,28,29,31,42,43,60,62,64,66,68,73,74,75
2023150,2023-06-09,8,9,12,14,23,27,31,36,37,45,48,54,55,59,62,66,68,70,72,77
2023151,2023-06-10,2,3,5,6,8,27,30,33,49,50,53,58,60,61,63,67,68,76,77,78
2023152,2023-06-11,8,11,12,14,20,21,22,27,32,40,41,44,49,50,51,54,61,66,74,76
2023153,2023-06-12,3,24,36,37,42,45,49,50,51,55,56,58,60,65,68,69,71,73,76,78
2023154,2023-06-13,10,14,19,24,33,43,44,45,46,47,48,56,59,64,68,70,72,76,79,80
2023155,2023-06-14,1,7,8,11,12,15,22,24,26,35,37,40,47,48,52,53,59,65,75,80
2023156,2023-06-15,8,12,16,21,22,24,26,29,31,38,41,51,54,59,62,63,64,65,72,74
2023157,2023-06-16,10,13,17,18,23,27,30,32,34,35,41,44,47,53,54,56,63,64,69,70
2023158,2023-06-17,6,7,10,13,16,18,27,28,30,33,36,43,54,61,65,66,70,76,79,80
2023159,2023-06-18,3,14,17,19,20,26,34,38,41,44,48,49,52,61,65,68,70,72,78,80
2023160,2023-06-19,11,18,27,29,30,31,41,43,49,50,52,59,60,62,64,67,73,76,77,78
2023161,2023-06-20,18,22,23,25,26,27,28,33,35,36,38,50,54,57,67,68,72,74,75,77
2023162,2023-06-21,3,6,11,15,21,28,29,30,33,37,39,40,44,48,55,57,60,70,75,80
2023163,2023-06-22,2,4,7,10,12,26,41,45,46,49,54,58,59,63,64,70,71,72,74,76
2023164,2023-06-23,1,2,3,5,6,9,13,14,17,26,28,44,46,48,49,56,65,73,79,80
2023165,2023-06-24,3,7,9,10,15,21,23,26,27,34,39,47,50,52,57,69,71,72,74,78
2023166,2023-06-25,1,4,8,13,14,22,27,31,35,41,43,45,49,50,51,56,59,63,66,69
2023167,2023-06-26,7,9,14,16,21,23,26,28,29,32,36,42,44,50,53,54,60,67,68,76
2023168,2023-06-27,3,5,7,9,12,14,15,20,28,36,41,44,45,52,57,63,67,72,74,80
2023169,2023-06-28,4,5,18,21,22,24,30,32,36,37,40,45,51,54,57,60,62,63,70,74
2023170,2023-06-29,3,13,14,15,20,29,31,33,34,35,36,37,40,45,47,52,59,61,69,77
2023171,2023-06-30,4,12,20,21,24,25,29,33,35,38,47,54,56,61,63,65,71,72,75,78
2023172,2023-07-01,1,13,15,19,20,22,24,36,39,40,42,48,50,52,53,55,63,68,70,77
2023173,2023-07-02,2,10,15,20,24,28,31,32,42,43,44,45,52,54,56,68,69,70,71,72
2023174,2023-07-03,1,8,9,10,18,22,26,27,29,33,34,44,45,48,50,61,66,70,75,79
2023175,2023-07-04,2,4,5,7,8,17,21,28,30,32,47,49,50,52,54,61,64,65,68,74
2023176,2023-07-05,4,5,11,12,28,29,33,41,44,45,50,54,55,57,60,69,70,72,76,79
2023177,2023-07-06,5,7,12,15,17,20,21,34,37,42,45,46,50,52,53,56,58,65,69,74
2023178,2023-07-07,5,10,11,12,16,18,21,30,34,35,44,50,51,53,55,56,57,64,71,73
2023179,2023-07-08,1,2,4,8,12,20,24,30,31,34,37,40,45,59,61,64,67,70,73,77
2023180,2023-07-09,5,14,15,16,17,21,34,35,36,40,47,51,52,54,62,64,65,68,73,77
2023181,2023-07-10,5,7,11,14,21,27,30,32,33,38,53,57,60,70,72,73,74,76,77,80
2023182,2023-07-11,1,9,12,14,24,29,30,35,37,41,45,46,47,51,61,62,64,65,70,75
2023183,2023-07-12,2,3,5,8,11,15,16,18,28,36,38,40,41,43,44,46,59,61,65,66
2023184,2023-07-13,1,4,16,19,21,24,27,30,32,33,34,35,36,42,44,52,56,63,69,70
2023185,2023-07-14,5,7,9,12,15,17,20,24,26,28,30,32,35,41,50,51,55,71,75,79
2023186,2023-07-15,1,3,4,9,11,12,22,23,27,34,41,43,48,50,58,62,63,68,69,75
2023187,2023-07-16,7,11,12,13,17,18,20,24,33,37,39,48,50,52,53,60,67,71,76,77
2023188,2023-07-17,8,11,18,21,25,30,32,35,38,41,44,47,52,54,59,67,71,72,74,80
2023189,2023-07-18,2,4,7,11,13,24,29,35,40,41,43,44,50,51,58,63,69,70,77,79
2023190,2023-07-19,4,5,8,11,12,21,23,29,37,40,46,59,60,61,64,68,69,71,73,80
2023191,2023-07-20,3,5,12,19,22,27,34,36,45,47,50,57,59,63,70,71,72,73,74,75
2023192,2023-07-21,3,5,16,25,26,27,29,30,33,41,47,51,53,54,57,66,67,75,76,77
2023193,2023-07-22,3,9,20,21,27,32,34,39,42,49,51,55,56,58,61,64,70,74,77,80
2023194,2023-07-23,1,13,20,21,25,26,28,32,34,43,45,49,52,56,64,67,69,70,71,76
2023195,2023-07-24,1,10,12,15,16,26,27,35,36,40,47,48,54,57,59,68,70,75,76,79
2023196,2023-07-25,4,5,8,9,17,21,28,32,33,35,36,41,48,51,53,60,74,77,78,80
2023197,2023-07-26,2,3,5,6,11,13,28,32,37,40,41,44,45,55,56,58,67,69,70,74
2023198,2023-07-27,5,8,10,14,18,20,31,33,36,42,49,51,54,57,59,60,61,71,72,73
2023199,2023-07-28,5,8,11,12,15,21,23,26,32,35,38,39,40,44,49,58,59,64,68,71
2023200,2023-07-29,9,10,11,15,17,19,27,29,32,34,35,41,43,44,45,55,64,65,66,76
2023201,2023-07-30,3,12,21,24,25,28,31,32,33,36,37,39,41,47,50,51,60,67,69,80
2023202,2023-07-31,4,10,11,12,16,18,21,22,24,25,35,41,42,43,49,50,59,65,68,78
2023203,2023-08-01,2,7,10,17,20,24,27,30,33,34,35,39,46,55,65,71,72,76,77,79
2023204,2023-08-02,6,8,9,18,25,29,30,34,43,46,51,59,61,62,63,67,70,75,79,80
2023205,2023-08-03,4,7,22,27,28,31,34,39,43,47,52,53,57,60,61,62,64,66,74,77
2023206,2023-08-04,10,14,16,21,25,27,28,29,37,38,41,44,48,49,56,62,66,67,69,71
2023207,2023-08-05,3,16,21,22,28,34,35,39,40,45,53,55,56,61,64,66,67,73,77,80
2023208,2023-08-06,12,15,21,23,26,27,29,33,37,42,49,51,53,54,57,58,61,63,74,80
2023209,2023-08-07,5,6,8,15,17,18,23,28,29,32,35,39,41,45,48,53,57,74,76,77
2023210,2023-08-08,6,11,14,18,21,23,35,36,37,39,41,43,54,55,56,64,65,66,67,72
2023211,2023-08-09,1,7,15,21,42,44,49,55,57,60,61,62,63,64,69,71,72,73,77,78
2023212,2023-08-10,7,14,16,21,24,29,30,36,37,38,39,43,47,56,59,61,62,70,73,79
2023213,2023-08-11,6,7,10,12,13,25,29,32,42,50,56,58,60,61,62,68,69,71,73,79
2023214,2023-08-12,9,10,13,15,18,21,22,23,24,26,30,34,36,41,43,46,55,65,71,74
2023215,2023-08-13,9,12,13,18,24,26,28,30,31,40,42,43,45,47,48,56,66,67,69,75
2023216,2023-08-14,1,2,6,11,12,16,18,19,25,29,43,53,54,58,60,63,68,71,73,75
2023217,2023-08-15,6,9,12,22,24,25,33,35,36,38,41,45,51,53,54,55,61,63,64,70
2023218,2023-08-16,8,9,18,19,20,24,28,29,31,37,45,54,56,61,63,64,68,69,73,78
2023219,2023-08-17,5,10,12,14,15,18,22,24,26,29,30,31,37,42,44,50,53,54,62,75
2023220,2023-08-18,1,2,8,9,11,13,14,16,22,33,36,52,54,58,59,69,71,73,77,79
2023221,2023-08-19,1,3,7,9,13,17,20,23,24,27,31,32,34,39,42,49,64,69,77,78
2023222,2023-08-20,1,3,11,13,14,20,21,27,30,35,39,41,47,48,61,62,63,73,78,80
2023223,2023-08-21,6,10,13,21,22,23,29,32,40,47,51,56,57,58,63,66,68,70,71,76
2023224,2023-08-22,7,9,14,16,17,34,38,40,44,45,50,58,68,69,70,71,73,76,78,79
2023225,2023-08-23,11,12,15,21,25,26,29,30,35,42,43,44,46,55,62,63,65,70,73,75
2023226,2023-08-24,3,4,7,9,11,12,16,20,31,33,36,41,46,54,57,59,62,64,68,78
2023227,2023-08-25,8,11,15,28,30,33,34,36,37,43,49,54,55,59,61,62,67,71,77,78
2023228,2023-08-26,2,7,10,13,28,29,34,36,37,38,44,48,49,50,52,57,59,63,65,72
2023229,2023-08-27,10,11,13,14,17,19,22,24,27,31,39,42,52,53,63,64,65,71,72,78
2023230,2023-08-28,4,8,10,13,16,20,23,25,26,30,36,37,50,58,61,65,67,68,71,79
2023231,2023-08-29,1,3,6,16,27,28,30,31,34,35,36,43,45,51,54,56,61,66,69,79
2023232,2023-08-30,2,3,4,9,14,16,22,26,30,35,36,47,56,58,60,62,63,66,76,80
2023233,2023-08-31,1,3,12,13,18,19,27,31,32,33,35,37,42,44,47,60,66,69,73,79
2023234,2023-09-01,6,9,20,25,26,27,28,36,38,41,42,47,49,58,61,64,66,70,74,75
2023235,2023-09-02,2,13,14,15,16,18,21,23,24,25,26,27,35,36,39,40,57,70,72,78
2023236,2023-09-03,3,6,9,11,12,20,21,22,25,29,39,43,48,49,52,62,66,72,74,77
2023237,2023-09-04,1,3,4,11,12,13,25,32,35,36,38,40,47,52,53,60,66,68,69,75
2023238,2023-09-05,2,3,7,18,20,23,24,33,39,40,47,56,61,63,65,67,69,73,74,76
2023239,2023-09-06,6,11,12,14,16,17,28,38,44,53,55,62,68,69,70,72,74,76,79,80
2023240,2023-09-07,2,5,9,12,19,20,25,27,34,40,49,52,55,57,60,61,71,73,75,76
2023241,2023-09-08,5,10,17,20,24,25,28,29,38,45,46,47,48,53,60,62,64,67,70,77
2023242,2023-09-09,1,4,7,8,9,10,15,16,18,22,29,31,36,51,53,54,57,68,72,77
2023243,2023-09-10,7,19,22,23,24,25,26,27,32,35,36,44,45,54,55,57,61,71,73,75
2023244,2023-09-11,3,8,14,16,17,22,33,42,44,52,56,57,58,61,64,65,66,70,75,79
2023245,2023-09-12,2,4,7,27,28,29,38,41,42,45,54,58,59,60,65,67,69,78,79,80
2023246,2023-09-13,1,2,5,27,29,33,34,40,45,47,53,56,58,62,70,71,72,73,75,77
2023247,2023-09-14,6,17,23,26,39,40,44,46,48,51,53,57,59,64,68,70,74,76,77,79
2023248,2023-09-15,5,7,9,11,15,16,18,22,23,24,31,34,36,42,57,58,62,67,68,80
2023249,2023-09-16,7,10,12,24,25,30,31,35,40,44,51,52,55,58,59,64,65,66,72,75
2023250,2023-09-17,1,8,10,14,16,17,24,25,28,32,41,49,50,62,63,65,68,72,74,76
2023251,2023-09-18,7,10,12,17,20,21,26,30,32,34,41,43,45,62,64,66,67,70,76,80
2023252,2023-09-19,3,4,8,18,20,23,24,26,29,37,42,43,48,54,67,69,71,72,76,78
2023253,2023-09-20,1,9,14,18,20,22,30,35,36,41,43,49,51,52,65,66,68,69,73,79
2023254,2023-09-21,2,12,15,16,27,30,32,34,35,38,39,41,50,54,55,59,60,64,70,72
2023255,2023-09-22,6,14,21,25,28,29,34,37,38,39,40,47,54,61,62,63,70,74,76,79
2023256,2023-09-23,3,6,7,8,10,14,17,20,23,25,28,31,33,54,68,72,73,74,75,79
2023257,2023-09-24,6,8,9,11,13,14,20,24,27,29,30,54,58,60,61,62,67,71,77,79
2023258,2023-09-25,4,7,12,27,28,29,36,42,45,46,50,55,61,62,64,67,69,72,73,80
2023259,2023-09-26,1,5,6,12,14,21,24,29,32,33,41,43,54,55,56,66,68,69,75,79
2023260,2023-09-27,2,3,5,11,13,14,20,23,24,25,27,29,33,37,54,58,68,69,73,80
2023261,2023-09-28,4,7,8,9,17,24,25,29,31,34,44,46,49,52,59,61,62,67,76,78
2023262,2023-09-29,1,4,6,11,12,15,19,26,27,48,54,59,60,62,63,67,68,76,79,80
2023263,2023-09-30,11,13,14,18,21,23,28,29,33,36,53,54,55,57,58,59,61,70,74,77
2023264,2023-10-05,1,5,9,11,14,15,16,32,34,39,42,43,45,52,63,67,69,70,76,78
2023265,2023-10-06,11,13,15,16,21,33,35,36,40,49,51,61,62,63,66,70,71,75,78,80
2023266,2023-10-07,7,16,17,32,33,39,42,44,47,49,51,58,62,68,70,72,75,76,78,80
2023267,2023-10-08,5,9,14,16,20,22,24,33,36,38,40,49,51,54,55,58,61,62,65,74
2023268,2023-10-09,3,6,8,9,13,16,21,25,26,34,42,47,53,55,61,65,69,73,74,80
2023269,2023-10-10,4,5,7,12,18,22,24,28,31,33,36,40,41,47,48,64,69,72,76,79
2023270,2023-10-11,21,25,26,27,33,39,42,46,48,55,58,60,61,64,67,70,71,76,79,80
2023271,2023-10-12,1,11,19,24,25,35,36,38,41,45,47,52,53,55,63,65,69,70,71,77
2023272,2023-10-13,2,5,6,7,12,13,14,15,22,29,31,42,45,64,67,69,70,71,72,79
2023273,2023-10-14,5,9,14,18,26,31,32,34,39,42,45,48,49,53,54,55,63,69,72,75
2023274,2023-10-15,4,5,8,9,10,15,19,25,30,32,37,45,47,48,54,59,60,62,63,67
2023275,2023-10-16,8,13,21,24,27,36,39,41,44,49,52,57,61,63,65,66,69,70,71,76
2023276,2023-10-17,7,14,16,18,21,22,34,38,39,41,44,49,53,54,70,71,74,75,78,79
2023277,2023-10-18,13,18,19,20,22,24,27,32,35,36,38,40,55,59,60,62,66,70,79,80
2023278,2023-10-19,2,10,14,15,17,27,32,33,38,43,44,45,47,48,54,60,69,73,77,78
2023279,2023-10-20,5,6,9,10,16,22,24,27,35,40,43,44,55,56,68,70,73,74,75,77
2023280,2023-10-21,1,2,5,6,7,14,28,29,31,34,39,42,53,55,58,64,67,68,73,79
2023281,2023-10-22,5,7,16,19,20,28,30,31,34,38,40,41,42,46,48,53,61,71,77,78
2023282,2023-10-23,2,15,16,22,27,31,38,39,40,41,42,43,46,53,54,59,60,68,74,77
2023283,2023-10-24,5,6,9,12,18,33,37,39,41,44,47,48,56,63,64,66,68,71,73,79
2023284,2023-10-25,3,6,17,21,22,24,26,33,40,51,52,55,56,57,58,61,64,71,76,79
2023285,2023-10-26,2,5,9,14,15,16,18,24,44,45,46,48,52,61,63,67,74,75,76,78
2023286,2023-10-27,4,6,17,18,23,25,31,33,40,47,49,50,54,56,57,58,60,61,78,79
2023287,2023-10-28,6,7,9,10,12,15,17,22,24,25,36,42,49,50,57,59,61,77,78,79
2023288,2023-10-29,11,15,18,19,21,24,25,27,36,39,44,46,49,62,66,67,70,73,76,77
2023289,2023-10-30,1,2,13,14,18,23,28,37,39,40,45,47,52,53,62,64,68,71,74,76
2023290,2023-10-31,1,3,8,9,12,23,26,29,35,47,51,55,56,59,60,66,67,72,73,77
2023291,2023-11-01,4,5,10,25,27,31,39,42,45,46,54,55,56,57,60,72,73,76,77,78
2023292,2023-11-02,3,4,7,9,10,19,26,29,32,33,39,44,48,55,56,62,65,68,71,78
2023293,2023-11-03,2,5,8,12,14,17,26,33,38,40,41,47,48,50,51,54,62,64,67,69
2023294,2023-11-04,3,5,11,13,14,25,30,44,45,46,48,49,53,56,57,63,64,65,72,75
2023295,2023-11-05,1,4,13,15,19,22,23,24,26,36,40,42,44,49,52,64,65,72,73,74
2023296,2023-11-06,4,6,11,24,25,32,36,40,42,45,50,55,56,62,65,69,70,71,77,79
2023297,2023-11-07,2,5,9,16,25,28,29,35,40,55,56,58,60,61,64,70,71,75,77,80
2023298,2023-11-08,4,14,15,16,18,19,31,32,34,35,37,40,48,53,62,65,68,71,77,79
2023299,2023-11-09,5,6,9,13,15,18,22,26,43,47,48,50,52,53,56,61,67,75,78,79
2023300,2023-11-10,1,4,7,9,12,13,17,18,19,23,29,31,34,36,45,60,62,63,70,78
2023301,2023-11-11,5,9,12,15,16,27,29,35,37,39,41,42,46,48,50,63,67,69,73,80
2023302,2023-11-12,6,12,13,14,17,18,25,27,28,35,36,37,41,55,58,59,60,65,66,75
2023303,2023-11-13,2,5,8,9,17,28,29,35,36,37,46,48,51,58,60,63,69,75,76,79
2023304,2023-11-14,1,16,17,18,24,25,29,32,37,39,59,60,61,66,68,69,70,73,77,80
2023305,2023-11-15,2,12,15,23,24,26,30,31,32,34,36,40,43,44,50,56,58,59,62,79
2023306,2023-11-16,1,3,5,9,14,27,28,30,38,55,57,58,59,64,65,66,69,70,77,80
2023307,2023-11-17,10,12,13,14,15,16,20,21,23,28,38,43,46,48,59,68,70,72,73,75
2023308,2023-11-18,1,4,7,9,12,23,24,26,30,31,35,41,44,47,63,65,66,74,75,77
2023309,2023-11-19,14,17,25,27,30,36,39,40,42,43,44,47,50,55,57,62,63,66,68,69
2023310,2023-11-20,1,5,6,8,14,19,20,21,32,47,49,52,58,59,65,68,72,75,79,80
2023311,2023-11-21,4,15,17,23,24,28,29,30,31,33,40,45,47,48,58,59,65,70,75,80
2023312,2023-11-22,4,7,9,15,26,29,35,38,39,41,52,57,61,62,65,69,70,74,76,79
2023313,2023-11-23,4,10,13,18,24,26,27,30,32,40,41,49,52,58,61,63,65,74,76,80
2023314,2023-11-24,3,4,6,8,12,14,18,19,20,23,28,38,41,46,49,50,60,74,76,80
2023315,2023-11-25,4,11,12,17,18,21,27,28,31,32,33,34,36,37,45,46,53,72,74,75
2023316,2023-11-26,2,12,15,16,18,25,27,36,42,46,49,54,55,57,58,63,64,65,74,77
2023317,2023-11-27,12,16,19,21,22,27,29,33,35,39,42,49,50,56,57,62,63,65,74,78
2023318,2023-11-28,3,4,13,17,22,25,27,28,30,36,38,40,42,44,57,64,72,77,78,79
2023319,2023-11-29,3,6,7,8,15,19,20,23,25,27,30,33,34,38,39,43,45,56,74,77
2023320,2023-11-30,1,6,8,11,13,22,31,33,39,46,47,49,54,55,60,66,70,71,73,77
2023321,2023-12-01,1,2,12,14,15,21,26,27,37,42,44,46,47,51,55,58,66,70,71,79
2023322,2023-12-02,10,11,20,21,26,27,29,40,41,42,43,44,47,57,59,63,64,65,72,73
2023323,2023-12-03,8,13,14,16,24,26,30,36,40,44,45,48,51,56,58,59,69,71,74,75
2023324,2023-12-04,2,6,12,15,20,21,22,25,26,29,32,37,40,42,46,55,58,72,78,79
2023325,2023-12-05,1,3,5,7,10,22,28,30,38,40,46,50,52,53,56,58,62,69,71,80
2023326,2023-12-06,9,10,11,16,18,21,22,27,28,30,33,39,46,49,50,51,61,64,67,79
2023327,2023-12-07,3,4,13,14,17,20,25,30,31,36,38,41,44,47,58,60,62,66,72,76
2023328,2023-12-08,6,8,10,14,18,25,31,41,42,43,47,50,56,58,59,61,65,66,67,74
2023329,2023-12-09,6,7,13,16,20,25,28,29,32,39,51,61,65,66,68,70,72,75,76,79
2023330,2023-12-10,9,10,12,16,19,20,21,23,39,40,43,44,46,49,50,54,59,60,66,67
2023331,2023-12-11,5,14,15,16,17,20,23,25,28,36,38,48,61,62,67,70,73,74,75,77
2023332,2023-12-12,3,5,14,16,17,27,30,31,33,35,42,43,48,56,57,63,66,70,74,76
2023333,2023-12-13,1,7,9,17,20,28,32,44,48,51,53,56,57,60,61,69,70,73,74,77
2023334,2023-12-14,5,7,9,12,13,15,16,18,24,25,27,28,29,46,48,63,66,67,71,77
2023335,2023-12-15,2,9,11,20,22,23,30,34,39,42,43,44,50,55,57,63,66,69,70,74
2023336,2023-12-16,7,8,11,15,16,20,25,35,36,39,46,58,59,61,63,69,70,72,78,79
2023337,2023-12-17,11,13,15,22,23,25,28,33,34,41,44,45,49,55,58,59,63,69,72,80
2023338,2023-12-18,2,3,4,6,7,17,19,31,38,39,40,42,46,50,54,59,61,63,66,80
2023339,2023-12-19,1,2,3,4,27,29,30,36,37,42,46,49,51,55,57,58,59,66,69,77
2023340,2023-12-20,2,7,9,11,14,23,27,31,35,38,39,42,45,48,49,50,56,58,59,67
2023341,2023-12-21,1,19,20,26,29,33,34,47,48,49,50,55,57,61,64,66,70,72,75,76
2023342,2023-12-22,1,3,5,9,10,13,21,22,29,31,41,45,46,50,51,55,56,60,62,72
2023343,2023-12-23,1,9,13,16,18,23,25,27,31,32,33,36,39,49,54,61,74,76,77,78
2023344,2023-12-24,1,3,5,6,10,15,25,27,29,37,44,47,49,50,57,66,72,73,77,79
2023345,2023-12-25,2,3,7,8,9,21,22,23,30,31,37,39,47,50,64,69,70,71,75,77
2023346,2023-12-26,6,8,10,13,15,24,26,27,32,33,34,35,36,41,44,60,67,71,74,76
2023347,2023-12-27,2,4,10,16,18,21,25,28,30,37,38,44,47,49,54,64,67,68,69,74
2023348,2023-12-28,1,2,4,8,11,13,14,19,27,28,43,46,48,50,56,58,62,63,66,69
2023349,2023-12-29,8,9,12,17,18,24,27,32,33,34,38,39,44,49,54,71,72,73,74,80
2023350,2023-12-30,8,9,11,27,32,35,39,45,51,55,56,58,62,65,68,70,75,76,77,78
2023351,2023-12-31,7,13,14,15,19,21,23,24,27,35,42,43,44,46,50,59,63,70,73,76
2024001,2024-01-01,3,10,14,17,19,28,33,37,43,47,52,54,55,58,60,64,66,68,70,79
2024002,2024-01-02,4,14,16,21,22,32,35,37,40,41,46,47,48,51,69,74,75,77,79,80
2024003,2024-01-03,6,7,10,14,22,25,28,35,39,40,41,44,53,54,65,66,69,71,75,79
2024004,2024-01-04,5,10,22,25,26,31,32,34,35,45,46,51,53,54,58,61,62,63,68,73
2024005,2024-01-05,1,2,7,9,12,13,17,18,20,24,32,38,44,47,50,53,54,60,63,78
2024006,2024-01-06,1,7,11,12,17,23,26,27,30,31,38,46,49,50,61,66,70,72,77,79
2024007,2024-01-07,1,3,4,15,16,18,25,33,34,36,41,42,47,51,53,56,62,72,78,80
2024008,2024-01-08,5,14,18,26,27,28,36,37,38,42,43,62,63,65,67,71,72,73,74,77
2024009,2024-01-09,4,8,9,10,13,15,17,18,26,32,34,36,37,42,51,61,71,73,78,79
2024010,2024-01-10,5,9,10,13,20,27,33,40,47,50,54,55,58,61,63,64,67,75,77,78
2024011,2024-01-11,4,5,11,18,19,23,24,26,36,43,44,48,56,60,62,63,70,71,77,79
2024012,2024-01-12,2,10,13,15,19,22,24,26,30,32,33,42,46,53,54,58,62,72,77,80
2024013,2024-01-13,3,8,10,12,14,20,24,25,28,29,30,34,45,49,53,56,57,65,74,77
2024014,2024-01-14,2,6,15,16,17,21,31,35,37,41,44,45,46,48,51,53,55,58,62,68
2024015,2024-01-15,7,15,17,19,20,23,26,37,41,44,49,52,54,57,59,69,71,73,74,79
2024016,2024-01-16,2,4,8,11,14,18,21,29,33,38,44,45,50,56,58,59,61,69,73,76
2024017,2024-01-17,3,4,12,14,16,20,22,28,30,31,37,41,44,50,51,53,55,57,62,79
2024018,2024-01-18,2,3,9,11,12,15,20,21,29,31,32,40,46,47,55,56,64,65,69,71
2024019,2024-01-19,4,5,8,13,14,17,19,20,42,44,45,47,52,53,54,64,68,70,74,78
2024020,2024-01-20,2,13,18,27,33,43,44,46,47,48,49,56,57,58,59,64,72,73,74,79
2024021,2024-01-21,4,7,14,19,20,26,27,29,35,42,43,47,52,53,56,61,63,68,75,76
2024022,2024-01-22,1,2,7,10,12,16,19,24,40,41,43,44,48,50,56,59,61,65,68,79
2024023,2024-01-23,5,10,11,15,23,27,28,34,36,39,40,41,44,57,59,64,66,72,74,79
2024024,2024-01-24,8,11,20,23,29,31,34,36,39,44,47,49,59,66,68,69,73,74,79,80
2024025,2024-01-25,3,7,8,9,14,20,23,36,38,43,45,53,54,56,57,59,61,65,68,77
2024026,2024-01-26,6,7,8,11,13,21,27,32,34,35,37,38,42,43,48,56,59,75,77,80
2024027,2024-01-27,5,6,10,11,12,13,17,25,28,34,39,41,53,58,64,72,73,75,78,80
2024028,2024-01-28,3,4,12,18,22,24,31,39,42,44,49,51,52,54,56,61,65,66,70,71
2024029,2024-01-29,3,5,8,13,15,28,32,34,39,40,41,45,48,51,57,67,73,75,77,78
2024030,2024-01-30,4,6,9,10,11,12,17,20,23,30,33,38,39,49,54,60,62,65,66,77
2024031,2024-01-31,3,6,9,10,12,17,20,22,25,27,28,41,43,48,60,64,65,76,77,80
2024032,2024-02-01,2,4,5,6,15,16,24,30,31,33,35,37,40,42,46,48,60,64,69,76
2024033,2024-02-02,1,4,7,8,10,15,21,27,31,33,35,37,43,44,49,51,63,64,66,74
2024034,2024-02-03,8,12,15,18,19,28,32,33,34,40,45,48,51,58,59,63,67,77,79,80
2024035,2024-02-04,1,7,11,13,14,16,19,23,32,33,37,41,48,53,55,56,58,66,67,80
2024036,2024-02-05,1,4,18,19,21,22,23,24,29,30,35,40,44,45,48,52,58,63,64,78
2024037,2024-02-06,4,5,7,9,10,14,18,21,23,24,27,33,46,49,52,59,66,72,73,78
2024038,2024-02-07,7,10,12,17,18,24,25,30,39,40,45,55,56,59,61,65,68,73,74,75
2024039,2024-02-18,1,2,9,12,13,18,20,25,37,48,50,52,61,69,70,71,73,74,75,76
2024040,2024-02-19,8,12,18,21,25,26,27,29,31,34,41,42,43,47,53,56,71,75,76,77
2024041,2024-02-20,5,6,30,31,33,36,37,40,42,47,49,57,58,61,63,64,70,72,76,79
2024042,2024-02-21,2,6,13,19,21,26,30,31,32,46,49,55,56,58,59,60,64,76,78,80
2024043,2024-02-22,8,12,14,17,18,19,29,35,36,37,38,39,48,62,67,72,73,74,76,80
2024044,2024-02-23,1,2,5,6,12,14,15,18,22,24,31,35,42,44,59,60,64,65,71,76
2024045,2024-02-24,1,5,11,17,27,36,41,45,48,51,56,60,61,62,63,73,74,76,79,80
2024046,2024-02-25,1,6,11,15,18,22,23,24,27,28,29,32,37,40,42,51,56,64,69,77
2024047,2024-02-26,2,13,14,21,22,29,31,32,33,35,36,37,49,55,57,58,63,76,77,78
2024048,2024-02-27,5,7,10,11,16,18,24,30,33,37,41,60,61,64,66,69,71,74,76,80
2024049,2024-02-28,7,8,17,21,23,25,26,29,32,33,46,50,51,52,56,59,69,71,73,76
2024050,2024-02-29,4,7,9,13,17,25,26,27,32,41,43,44,48,57,59,61,62,73,77,78
2024051,2024-03-01,7,16,26,27,29,32,35,38,42,43,44,49,51,52,53,55,57,58,72,73
2024052,2024-03-02,5,8,9,17,27,29,42,43,52,53,56,57,60,61,62,64,68,69,77,80
2024053,2024-03-03,2,4,5,10,21,23,25,31,33,35,37,46,53,62,63,69,75,78,79,80
2024054,2024-03-04,4,5,9,10,12,17,19,21,22,30,32,33,35,37,50,54,57,69,75,78
2024055,2024-03-05,4,8,9,11,22,23,26,29,47,48,49,52,62,64,65,68,70,71,72,79
2024056,2024-03-06,1,6,8,10,18,21,22,24,35,40,41,47,51,55,66,70,74,75,77,78
2024057,2024-03-07,7,10,16,17,20,21,25,30,36,37,39,42,45,47,63,66,67,71,74,76
2024058,2024-03-08,5,9,13,16,18,19,20,22,35,38,43,47,52,54,55,56,63,72,73,74
2024059,2024-03-09,1,7,11,14,18,19,20,38,39,41,44,50,51,59,60,62,67,69,73,75
2024060,2024-03-10,3,4,8,9,12,14,17,19,20,32,35,39,40,46,53,56,57,61,67,73
2024061,2024-03-11,8,10,18,33,34,36,41,42,44,46,47,51,53,54,61,62,64,65,69,72
2024062,2024-03-12,2,5,7,8,9,12,17,18,26,32,39,43,46,49,53,57,61,70,77,79
2024063,2024-03-13,2,5,6,7,11,12,14,17,24,30,36,38,51,56,60,61,67,71,73,78
2024064,2024-03-14,2,10,23,24,27,28,29,32,33,35,36,38,52,54,67,70,72,73,74,80
2024065,2024-03-15,11,12,14,19,21,30,32,36,39,41,42,43,48,53,63,65,69,70,75,80
2024066,2024-03-16,7,10,18,21,23,26,34,35,36,37,42,44,45,47,50,53,68,70,73,80
2024067,2024-03-17,9,10,11,18,20,22,25,30,41,46,50,54,56,63,67,68,71,74,78,80
2024068,2024-03-18,2,3,5,7,10,35,38,39,43,50,52,53,56,57,58,68,70,73,77,78
2024069,2024-03-19,4,7,12,22,25,32,37,39,43,47,49,52,58,62,63,67,70,73,76,80
2024070,2024-03-20,7,9,10,12,13,16,18,24,25,32,38,39,61,62,63,64,72,73,77,79
2024071,2024-03-21,7,8,9,11,15,16,17,19,23,33,38,42,54,57,58,65,66,72,79,80
2024072,2024-03-22,1,12,13,22,27,30,33,35,36,50,58,61,63,66,67,68,69,70,73,80
2024073,2024-03-23,3,12,16,18,22,24,28,36,38,39,47,50,52,53,54,63,65,67,70,77
2024074,2024-03-24,14,17,18,21,27,29,30,31,34,39,44,45,49,51,53,57,58,59,78,80
2024075,2024-03-25,1,9,12,17,20,23,28,30,36,40,46,51,54,56,60,61,63,68,69,80
2024076,2024-03-26,4,9,10,11,16,21,22,28,29,35,38,39,43,44,45,69,70,73,74,75
2024077,2024-03-27,7,8,14,15,28,29,33,43,44,49,51,52,54,55,58,60,68,71,74,77
2024078,2024-03-28,1,3,6,10,19,21,28,29,34,39,46,48,49,50,57,60,63,65,69,74
2024079,2024-03-29,8,13,18,21,22,23,25,29,31,33,36,44,45,48,50,57,64,65,66,80
2024080,2024-03-30,9,10,11,21,27,29,37,43,44,51,56,57,61,63,64,65,66,73,76,77
2024081,2024-03-31,4,10,11,12,19,22,25,31,34,46,49,57,60,62,66,68,69,73,74,76
2024082,2024-04-01,5,6,15,19,21,25,33,34,50,54,55,56,57,58,59,62,69,72,75,77
2024083,2024-04-02,1,3,4,11,12,13,16,17,25,34,45,46,47,50,55,63,71,72,73,77
2024084,2024-04-03,3,21,23,25,34,36,37,43,44,52,54,56,59,60,66,67,73,76,77,78
2024085,2024-04-04,2,6,7,10,12,14,23,32,40,43,52,53,55,58,59,70,72,74,77,78
2024086,2024-04-05,9,10,12,19,21,24,26,31,35,37,41,50,51,52,56,60,63,64,71,78
2024087,2024-04-06,2,7,14,22,27,29,31,33,35,40,41,42,53,60,67,70,73,74,79,80
2024088,2024-04-07,5,10,16,20,24,26,27,37,39,50,51,52,56,59,60,62,66,72,75,76
2024089,2024-04-08,2,10,12,15,16,28,32,33,37,38,42,48,51,57,59,63,64,71,73,78
2024090,2024-04-09,6,8,9,11,14,22,26,28,31,38,47,49,53,54,56,57,58,60,65,80
2024091,2024-04-10,10,13,15,17,20,22,23,24,27,37,39,42,50,53,55,57,63,65,76,77
2024092,2024-04-11,9,22,23,29,32,35,39,40,42,43,45,49,54,56,59,62,66,72,77,79
2024093,2024-04-12,1,8,10,12,14,15,21,27,29,34,38,40,43,52,60,61,64,67,74,79
2024094,2024-04-13,3,6,7,17,19,20,21,27,30,37,42,43,51,54,55,63,65,70,72,74
2024095,2024-04-14,1,16,22,24,27,28,30,34,37,38,39,43,45,52,54,58,59,60,69,73
2024096,2024-04-15,2,5,15,17,22,24,28,30,32,43,56,59,61,63,65,69,74,78,79,80
2024097,2024-04-16,6,7,10,13,20,22,27,28,29,34,39,44,46,53,55,62,65,68,74,76
2024098,2024-04-17,1,3,5,6,7,23,25,26,31,33,36,39,40,44,51,60,63,64,67,69
2024099,2024-04-18,2,12,16,20,23,31,33,34,35,39,42,45,52,53,54,58,60,66,78,79
2024100,2024-04-19,3,4,11,16,18,22,27,31,33,34,41,44,50,52,58,61,62,71,78,79
2024101,2024-04-20,1,3,16,19,20,27,32,37,42,49,54,55,57,64,69,73,76,77,78,80
2024102,2024-04-21,2,11,16,17,21,22,23,26,33,34,44,49,50,58,59,63,64,68,77,78
2024103,2024-04-22,10,11,17,19,25,26,35,37,38,40,45,61,63,71,73,74,75,76,77,80
2024104,2024-04-23,1,2,9,11,12,14,16,20,22,23,26,30,37,45,48,52,58,59,61,65
2024105,2024-04-24,3,11,19,23,25,26,27,31,41,45,46,50,54,57,59,62,65,66,74,75
2024106,2024-04-25,8,9,10,13,14,15,16,17,18,21,35,38,45,50,52,58,64,71,72,75
2024107,2024-04-26,6,8,14,23,27,28,29,30,38,39,40,43,47,48,62,66,68,69,70,79
2024108,2024-04-27,1,3,7,9,11,23,31,33,38,40,42,46,48,50,55,60,71,78,79,80
2024109,2024-04-28,12,14,15,16,19,26,28,29,32,39,41,47,56,57,62,68,70,72,75,80
2024110,2024-04-29,1,2,5,8,10,13,20,32,36,44,49,51,56,57,61,62,70,72,78,79
2024111,2024-04-30,4,7,8,12,15,18,26,28,31,35,36,37,40,50,58,61,64,67,71,78
2024112,2024-05-01,7,11,15,19,21,29,35,37,42,45,46,50,54,55,67,68,69,70,76,78
2024113,2024-05-02,3,5,9,10,13,23,27,36,38,44,48,49,50,51,56,59,64,67,69,76
2024114,2024-05-03,1,5,7,10,15,16,19,24,26,34,49,53,59,60,61,66,68,69,71,78
2024115,2024-05-04,2,4,8,20,22,25,28,33,35,43,45,53,54,57,63,64,65,69,70,78
2024116,2024-05-05,10,18,22,30,32,34,35,40,41,42,51,60,63,64,70,71,73,74,77,80
2024117,2024-05-06,5,6,10,13,16,22,24,29,33,39,40,44,45,50,56,58,60,61,69,77
2024118,2024-05-07,1,9,14,16,26,34,36,43,45,47,53,55,60,62,67,68,74,75,76,80
2024119,2024-05-08,6,8,9,12,24,27,37,41,44,46,50,53,54,62,63,73,75,77,78,79
2024120,2024-05-09,3,10,13,18,21,22,32,33,34,41,43,46,52,53,54,57,59,65,69,77
2024121,2024-05-10,5,7,14,15,16,19,26,27,31,35,39,40,41,48,49,51,55,63,68,80
2024122,2024-05-11,2,3,7,9,10,12,18,27,37,39,45,46,48,52,54,64,67,70,74,78
2024123,2024-05-12,2,7,12,13,14,23,37,38,41,44,45,46,48,49,58,60,63,72,73,77
2024124,2024-05-13,5,6,9,11,12,15,20,21,25,27,30,40,45,48,49,53,56,72,74,76
2024125,2024-05-14,5,7,8,9,11,13,16,22,26,27,29,34,37,43,44,46,50,52,61,62
2024126,2024-05-15,7,12,13,14,15,27,30,33,35,38,40,44,49,56,57,58,67,68,69,71
2024127,2024-05-16,7,10,21,22,24,30,33,35,37,39,40,46,47,48,50,53,60,61,63,74
2024128,2024-05-17,1,9,10,14,19,28,30,31,36,37,46,49,50,53,57,60,64,67,72,75
2024129,2024-05-18,9,14,24,32,35,36,37,39,40,43,44,48,49,55,56,59,62,69,71,80
2024130,2024-05-19,1,3,4,8,10,15,18,20,25,30,33,36,43,45,49,51,52,56,66,70
2024131,2024-05-20,2,6,7,10,11,17,33,40,41,46,55,57,58,60,66,67,69,71,72,77
2024132,2024-05-21,11,12,13,19,20,22,30,32,34,36,41,42,43,55,58,61,63,65,72,74
2024133,2024-05-22,1,5,17,20,21,31,36,38,39,40,41,43,46,47,53,57,58,63,66,77
2024134,2024-05-23,3,5,7,8,9,15,19,29,35,46,50,55,57,58,59,63,68,69,73,78
2024135,2024-05-24,7,10,17,18,27,31,42,46,52,54,56,58,59,60,62,63,70,72,74,79
2024136,2024-05-25,1,2,11,16,17,20,24,29,33,36,54,58,63,65,74,75,76,77,78,79
2024137,2024-05-26,2,7,11,20,24,27,29,34,38,40,47,52,53,64,68,73,75,76,78,79
2024138,2024-05-27,3,9,16,17,31,32,34,35,38,40,41,43,44,56,60,63,74,77,79,80
2024139,2024-05-28,2,7,9,17,20,21,31,33,34,36,39,41,42,45,64,66,67,68,71,74
2024140,2024-05-29,1,2,5,9,12,18,19,25,27,29,30,32,34,44,49,51,56,74,76,78
2024141,2024-05-30,2,8,9,16,17,19,24,27,28,35,41,44,46,48,52,53,56,63,66,69
2024142,2024-05-31,4,17,21,23,27,41,44,46,52,57,58,59,61,65,67,71,73,78,79,80
2024143,2024-06-01,3,7,18,19,20,26,27,33,36,44,46,51,56,62,66,68,69,74,79,80
2024144,2024-06-02,1,4,5,7,8,9,10,11,13,18,24,27,43,48,62,66,71,75,76,78
2024145,2024-06-03,1,3,5,20,30,32,34,35,41,43,45,49,52,58,59,62,66,68,75,79
2024146,2024-06-04,1,9,11,12,13,16,21,24,26,29,30,32,34,35,38,39,44,49,68,75
2024147,2024-06-05,12,13,19,22,26,29,33,41,43,44,45,49,50,51,53,62,64,66,67,68
2024148,2024-06-06,1,2,3,5,6,9,17,19,20,28,39,43,44,45,48,50,52,59,66,67
2024149,2024-06-07,4,6,7,9,13,15,18,19,25,26,30,43,46,48,53,56,60,63,76,79
2024150,2024-06-08,2,6,11,16,17,22,25,29,30,34,35,45,46,57,58,64,71,75,79,80
2024151,2024-06-09,9,13,20,25,26,27,28,35,49,53,55,56,63,66,67,68,71,74,79,80
2024152,2024-06-10,8,10,11,16,18,19,21,23,30,40,46,50,54,57,58,60,62,66,68,80
2024153,2024-06-11,4,9,15,20,21,25,30,32,38,39,41,43,44,49,52,53,57,72,77,80
2024154,2024-06-12,9,15,19,22,23,25,33,41,43,44,46,48,50,57,65,68,69,72,75,78
2024155,2024-06-13,2,11,12,19,25,28,35,37,39,42,44,45,47,56,58,59,69,74,76,78
2024156,2024-06-14,1,8,10,12,21,27,28,29,31,34,35,42,46,47,52,54,56,59,63,70
2024157,2024-06-15,4,6,17,21,24,29,34,40,46,47,49,50,52,55,57,59,61,74,78,79
2024158,2024-06-16,7,8,11,17,19,21,25,31,32,36,38,41,47,54,57,59,62,64,68,71
2024159,2024-06-17,2,7,16,19,22,25,27,28,29,30,36,37,46,56,64,65,67,68,69,75
2024160,2024-06-18,2,5,6,10,25,34,35,36,40,52,56,57,58,60,61,73,74,76,78,79
2024161,2024-06-19,1,9,15,18,22,24,28,41,45,49,50,54,59,63,66,68,69,72,76,80
2024162,2024-06-20,3,7,9,11,21,22,28,30,32,34,39,44,45,47,54,58,65,68,71,78
2024163,2024-06-21,3,10,12,18,21,28,29,30,34,38,46,47,49,57,65,69,70,71,74,79
2024164,2024-06-22,2,4,10,13,24,27,30,33,34,35,36,46,50,52,53,56,61,67,70,73
2024165,2024-06-23,6,9,18,21,29,34,35,37,40,42,51,52,59,63,64,73,74,76,77,80
2024166,2024-06-24,1,2,7,8,14,18,19,21,22,26,30,31,33,36,47,57,65,70,75,78
2024167,2024-06-25,3,11,13,22,24,26,38,42,45,46,54,55,58,61,64,66,68,75,79,80
2024168,2024-06-26,1,2,8,10,11,13,14,17,22,31,32,35,36,38,41,43,48,57,59,69
2024169,2024-06-27,2,5,11,12,16,19,21,23,25,33,37,41,45,57,60,72,74,78,79,80
2024170,2024-06-28,4,7,8,14,20,22,28,29,38,41,44,46,47,53,58,59,65,66,72,75
2024171,2024-06-29,5,11,13,19,20,23,25,27,31,34,38,39,40,46,47,53,59,69,76,80
2024172,2024-06-30,1,7,10,15,26,30,37,39,44,48,53,56,57,62,68,70,72,74,75,78
2024173,2024-07-01,4,8,12,15,18,29,32,33,40,42,43,46,50,60,63,66,70,72,75,77
2024174,2024-07-02,3,5,16,19,20,24,35,36,40,44,46,53,54,58,62,64,66,69,75,80
2024175,2024-07-03,7,9,12,15,17,19,32,33,40,47,48,49,55,58,62,65,66,69,70,73
2024176,2024-07-04,2,6,12,13,18,19,26,30,35,39,45,46,47,50,53,57,60,62,65,67
2024177,2024-07-05,4,6,8,15,28,32,34,37,38,41,45,46,48,50,51,59,62,71,72,75
2024178,2024-07-06,2,5,6,16,18,20,35,40,41,45,47,51,55,56,58,61,62,66,68,72
2024179,2024-07-07,1,2,6,14,15,16,17,22,25,35,47,49,51,54,57,58,60,62,67,80
2024180,2024-07-08,3,4,12,16,17,23,28,30,31,34,37,46,48,50,51,56,58,59,65,66
2024181,2024-07-09,10,14,21,23,25,27,28,33,34,42,44,50,52,62,63,64,69,74,78,80
2024182,2024-07-10,10,12,14,19,22,25,29,33,36,37,41,42,47,50,55,57,63,68,75,79
2024183,2024-07-11,1,7,10,14,16,21,30,35,37,38,41,45,47,49,52,57,58,64,67,69
2024184,2024-07-12,3,5,6,8,11,12,13,18,21,25,26,33,37,43,51,61,62,70,73,76
2024185,2024-07-13,2,7,11,12,20,21,23,26,35,36,37,46,51,52,54,57,59,67,71,72
2024186,2024-07-14,15,19,20,25,26,32,35,38,39,42,44,45,49,53,63,65,67,75,77,78
2024187,2024-07-15,2,4,9,10,13,14,19,25,31,35,45,64,65,68,69,73,76,77,78,80
2024188,2024-07-16,2,4,10,12,15,21,22,23,24,32,41,51,52,53,66,70,71,73,75,79
2024189,2024-07-17,1,2,10,15,17,20,27,32,36,41,43,44,48,53,54,57,65,72,79,80
2024190,2024-07-18,1,6,17,20,27,29,31,32,37,38,41,44,48,50,55,59,63,64,73,80
2024191,2024-07-19,2,3,7,10,11,13,23,26,28,36,41,46,55,57,62,66,68,69,70,73
2024192,2024-07-20,4,6,7,14,18,20,27,33,34,38,42,43,44,50,52,56,65,66,70,77
2024193,2024-07-21,2,4,5,8,20,27,30,32,33,35,38,39,41,48,53,60,64,65,67,78
2024194,2024-07-22,11,14,17,21,23,27,31,32,34,36,37,40,43,56,61,62,70,71,73,80
2024195,2024-07-23,5,9,12,16,24,28,29,30,32,41,42,43,51,59,62,64,66,68,76,80
2024196,2024-07-24,11,20,26,28,31,32,33,35,36,37,39,40,42,47,49,55,61,64,69,70
2024197,2024-07-25,1,2,4,12,15,21,23,30,33,51,53,54,55,57,59,60,61,68,73,77
2024198,2024-07-26,5,6,9,13,21,22,26,29,30,31,32,34,35,36,41,45,52,57,61,67
2024199,2024-07-27,9,16,17,24,27,32,34,37,40,43,44,47,51,61,68,69,71,75,78,80
2024200,2024-07-28,7,8,9,13,15,16,17,18,19,25,32,33,38,39,44,52,60,62,70,72
2024201,2024-07-29,3,6,7,8,10,11,13,15,19,25,29,41,44,47,51,54,65,69,73,80
2024202,2024-07-30,2,4,7,14,16,17,19,21,28,32,52,54,61,64,65,68,69,70,71,74
2024203,2024-07-31,1,5,8,15,19,26,27,28,33,38,40,42,49,52,58,60,63,74,76,80
2024204,2024-08-01,2,3,4,8,9,10,12,19,27,30,31,37,51,56,61,64,67,70,74,79
2024205,2024-08-02,1,5,8,13,16,29,32,35,41,48,51,53,56,64,65,67,71,73,74,77
2024206,2024-08-03,2,3,4,8,9,15,17,24,29,32,33,34,37,48,51,56,57,60,68,75
2024207,2024-08-04,4,10,12,16,18,19,22,23,30,35,38,40,41,47,52,61,70,75,77,80
2024208,2024-08-05,1,5,12,14,21,23,27,40,45,46,49,51,54,56,58,62,64,69,70,77
2024209,2024-08-06,2,3,4,9,11,20,22,26,30,33,36,39,41,55,58,66,67,69,73,78
2024210,2024-08-07,4,5,7,12,17,18,20,22,33,35,41,49,57,60,67,68,73,75,76,77
2024211,2024-08-08,1,4,5,9,16,23,25,26,33,47,48,54,56,61,66,67,71,76,79,80
2024212,2024-08-09,5,6,9,10,11,12,19,21,23,24,33,34,37,41,49,52,67,71,72,79
2024213,2024-08-10,3,5,6,7,13,15,21,30,32,37,41,48,50,51,56,59,63,67,70,79
2024214,2024-08-11,1,5,6,8,9,10,11,13,16,21,30,33,37,48,51,52,56,68,72,74
2024215,2024-08-12,1,3,7,8,10,13,27,41,46,54,57,60,63,66,68,70,72,75,78,79
2024216,2024-08-13,1,3,11,12,21,29,30,31,32,33,39,42,54,56,57,59,61,63,72,77
2024217,2024-08-14,1,3,4,15,21,26,32,36,45,47,49,52,53,56,62,65,67,74,75,80
2024218,2024-08-15,1,9,17,18,20,24,34,35,38,39,46,50,51,54,55,58,61,66,73,79
2024219,2024-08-16,1,3,4,11,17,21,22,31,37,42,45,46,51,56,57,66,67,69,74,75
2024220,2024-08-17,10,13,17,18,23,32,34,39,42,45,57,58,59,63,66,69,72,74,75,77
2024221,2024-08-18,1,4,8,9,18,27,29,32,35,36,48,50,52,58,59,64,66,67,75,80
2024222,2024-08-19,6,8,10,12,14,22,29,32,34,35,46,47,52,53,55,56,65,66,73,74
2024223,2024-08-20,3,10,11,12,13,18,30,35,37,40,42,52,56,57,59,62,63,65,66,71
2024224,2024-08-21,4,6,10,12,14,20,22,29,34,35,45,46,48,49,52,53,54,74,79,80
2024225,2024-08-22,8,9,13,22,24,27,28,32,34,40,44,53,59,60,63,64,69,72,73,76
2024226,2024-08-23,6,9,26,28,32,34,36,47,48,51,54,56,62,63,66,68,69,70,72,77
2024227,2024-08-24,4,5,11,18,20,35,36,38,40,45,46,50,51,54,56,59,61,67,70,72
2024228,2024-08-25,1,2,9,12,15,20,26,40,44,46,48,52,58,60,61,63,64,65,70,76
2024229,2024-08-26,5,6,7,9,17,21,24,25,26,28,31,32,42,47,48,53,58,59,63,74
2024230,2024-08-27,4,5,6,7,11,12,20,21,23,30,32,50,53,61,65,66,67,69,75,80
2024231,2024-08-28,6,10,14,15,20,26,36,37,44,45,46,50,51,64,67,74,75,77,78,80
2024232,2024-08-29,1,5,6,8,9,11,15,16,19,24,30,34,38,61,62,63,68,71,73,74
2024233,2024-08-30,1,2,6,10,14,30,41,44,45,46,51,53,56,58,61,62,65,68,70,79
2024234,2024-08-31,7,13,14,27,32,33,36,37,48,52,53,54,62,65,68,72,73,74,76,77
2024235,2024-09-01,1,9,10,14,16,20,27,28,30,32,33,34,36,39,46,52,59,60,76,77
2024236,2024-09-02,4,5,11,12,21,28,35,36,38,39,40,46,50,61,64,68,71,73,74,77
2024237,2024-09-03,1,2,5,7,16,17,19,20,26,32,38,41,49,58,64,65,66,69,71,79
2024238,2024-09-04,9,23,24,27,31,33,36,37,38,39,41,44,45,48,52,55,58,65,67,71
2024239,2024-09-05,11,16,19,24,26,27,28,31,46,47,52,54,55,60,61,62,63,76,77,78
2024240,2024-09-06,6,8,10,15,23,27,32,35,37,40,41,43,47,54,58,59,63,66,74,75
2024241,2024-09-07,5,11,12,14,27,28,33,41,57,58,63,66,69,70,72,74,75,76,78,80
2024242,2024-09-08,2,19,20,26,30,34,38,40,41,46,48,51,53,54,56,62,65,68,73,80
2024243,2024-09-09,5,7,9,10,11,12,14,15,17,27,37,41,42,43,46,61,64,70,73,80
2024244,2024-09-10,5,15,19,21,22,24,25,29,35,42,45,47,56,63,64,67,74,75,76,79
2024245,2024-09-11,2,4,6,7,17,21,23,28,29,32,35,36,42,45,55,62,66,68,72,77
2024246,2024-09-12,6,9,12,13,18,19,24,28,35,36,38,39,41,42,55,57,61,71,72,76
2024247,2024-09-13,22,24,26,28,31,35,37,41,42,45,48,49,50,51,54,56,57,65,66,67
2024248,2024-09-14,7,8,10,11,12,16,26,34,35,43,45,46,49,50,51,53,61,63,64,69
2024249,2024-09-15,3,12,19,20,22,23,26,36,43,46,51,52,55,59,69,71,72,73,76,80
2024250,2024-09-16,6,8,17,23,24,25,27,29,33,36,37,45,52,53,57,64,66,69,72,73
2024251,2024-09-17,4,9,12,14,18,21,22,23,24,26,29,30,41,53,58,62,69,71,72,73
2024252,2024-09-18,3,8,10,16,17,18,19,25,28,29,33,35,41,43,59,60,63,66,73,75
2024253,2024-09-19,13,14,17,18,19,27,29,31,37,41,43,49,53,56,59,61,65,67,68,79
2024254,2024-09-20,2,4,6,10,22,24,26,27,29,36,37,43,48,50,55,56,58,59,64,76
2024255,2024-09-21,9,12,13,14,16,21,22,27,29,31,32,44,49,50,52,53,62,65,72,77
2024256,2024-09-22,3,7,15,21,27,28,38,44,48,62,63,64,68,70,72,73,74,75,77,79
2024257,2024-09-23,6,7,9,18,20,35,36,45,46,48,51,52,53,56,60,66,68,77,79,80
2024258,2024-09-24,2,5,6,7,9,16,30,32,40,48,56,57,58,59,60,69,70,72,74,80
2024259,2024-09-25,6,20,26,30,32,35,38,39,54,56,57,59,60,61,62,67,71,72,75,76
2024260,2024-09-26,2,3,4,5,7,12,32,42,44,49,50,54,56,62,63,69,71,75,76,77
2024261,2024-09-27,1,8,9,11,12,15,22,28,31,38,39,40,44,57,59,63,64,71,74,79
2024262,2024-09-28,6,9,15,18,19,23,26,30,34,38,46,49,55,57,60,70,71,72,77,80
2024263,2024-09-29,7,10,19,30,32,36,46,47,48,51,53,54,57,64,66,67,69,71,73,76
2024264,2024-09-30,2,3,4,6,8,10,13,17,19,20,26,34,36,48,51,54,57,62,70,76
2024265,2024-10-05,1,3,26,27,32,33,38,39,40,41,44,49,50,53,66,68,71,75,77,79
2024266,2024-10-06,2,5,6,7,9,23,25,26,34,37,45,46,50,53,54,57,65,72,73,78
2024267,2024-10-07,2,4,7,9,17,22,23,24,26,29,33,38,43,50,55,56,71,77,78,79
2024268,2024-10-08,9,10,14,16,19,23,25,27,33,34,37,39,42,50,51,58,67,69,72,75
2024269,2024-10-09,6,16,22,23,25,30,32,36,41,44,45,51,55,65,66,67,71,74,75,76
2024270,2024-10-10,1,2,5,7,20,21,23,27,39,42,45,49,54,58,63,67,70,71,72,74
2024271,2024-10-11,2,3,7,8,16,23,27,31,32,33,35,43,46,50,51,57,59,66,69,71
2024272,2024-10-12,3,4,8,11,14,22,30,31,33,48,49,51,57,58,63,64,67,68,74,76
2024273,2024-10-13,3,5,8,10,11,13,14,26,27,30,32,34,46,48,49,51,68,72,75,79
2024274,2024-10-14,3,12,16,21,23,25,32,39,40,41,52,54,65,67,68,73,74,75,76,77
2024275,2024-10-15,7,13,19,20,23,26,39,40,41,55,57,61,62,63,65,66,71,73,76,79
2024276,2024-10-16,2,3,6,13,14,19,21,22,32,49,52,53,60,68,69,70,71,73,74,75
2024277,2024-10-17,4,7,9,11,12,16,19,20,25,27,28,37,42,52,60,64,66,69,71,78
2024278,2024-10-18,9,13,14,18,22,28,33,35,41,45,48,49,51,53,58,68,71,73,74,80
2024279,2024-10-19,3,5,9,13,20,23,28,31,32,36,42,43,44,49,63,66,68,69,75,76
2024280,2024-10-20,7,16,22,27,28,34,37,38,39,40,45,46,51,57,63,64,65,73,77,80
2024281,2024-10-21,11,12,16,19,22,26,27,36,40,42,45,46,48,49,55,65,69,72,74,76
2024282,2024-10-22,3,7,8,12,13,34,40,43,47,50,54,55,58,61,63,64,66,72,74,78
2024283,2024-10-23,3,9,11,14,15,18,20,21,25,26,28,40,43,50,54,66,72,76,77,78
2024284,2024-10-24,5,7,14,18,19,23,26,27,36,37,44,46,50,53,56,58,64,66,73,78
2024285,2024-10-25,2,12,16,17,23,25,26,27,34,45,51,54,56,58,60,64,67,70,72,77
2024286,2024-10-26,6,9,11,13,14,18,24,28,29,36,38,41,42,49,51,57,66,71,75,78
2024287,2024-10-27,1,5,12,13,15,17,18,28,29,34,39,44,55,60,62,64,66,67,70,77
2024288,2024-10-28,2,6,11,16,18,22,39,46,47,52,55,60,61,66,67,70,71,74,77,78
2024289,2024-10-29,3,12,13,16,21,38,44,46,50,51,54,62,63,68,69,70,74,76,77,78
2024290,2024-10-30,5,9,10,15,23,27,29,31,38,39,41,47,54,66,70,71,72,75,76,78
2024291,2024-10-31,2,12,15,26,27,28,30,31,32,36,38,47,52,54,59,62,63,68,71,76
2024292,2024-11-01,1,7,11,12,23,27,31,37,39,43,45,50,53,54,55,57,65,67,71,75
2024293,2024-11-02,1,2,3,8,9,11,12,16,18,24,31,36,39,44,56,58,67,70,74,80
2024294,2024-11-03,1,2,5,16,19,21,25,31,34,37,42,43,51,53,54,58,59,64,73,80
2024295,2024-11-04,2,10,12,13,14,23,24,29,31,32,35,37,43,44,45,46,61,64,74,75
2024296,2024-11-05,3,5,7,11,12,20,21,29,32,33,35,43,45,51,56,58,74,77,79,80
2024297,2024-11-06,9,10,14,27,28,31,36,39,46,47,60,61,63,64,69,70,71,75,78,80
2024298,2024-11-07,1,2,7,8,15,32,34,37,38,40,42,49,51,54,59,61,67,69,72,73
2024299,2024-11-08,5,6,12,14,22,23,25,26,36,39,48,54,58,61,64,68,69,75,76,79
2024300,2024-11-09,1,3,5,7,24,33,36,39,40,43,51,54,55,56,59,65,70,74,76,80
2024301,2024-11-10,5,7,9,10,15,17,22,23,24,29,30,43,49,51,57,58,63,64,67,73
2024302,2024-11-11,4,15,21,30,31,37,38,39,41,43,49,56,58,60,61,64,65,67,70,76
2024303,2024-11-12,6,7,11,18,21,24,25,28,32,36,40,42,43,46,59,67,71,72,73,79
2024304,2024-11-13,1,2,9,11,13,18,24,29,31,37,38,39,41,46,61,62,63,67,69,72
2024305,2024-11-14,4,8,16,17,22,34,35,36,38,39,40,46,48,52,54,58,64,71,74,75
2024306,2024-11-15,3,7,8,11,12,17,20,33,34,40,41,42,52,56,60,66,68,75,77,79
2024307,2024-11-16,7,13,14,20,27,30,31,36,37,39,41,42,43,44,46,56,61,66,73,77
2024308,2024-11-17,6,8,9,12,25,30,32,34,35,39,41,43,45,48,52,55,63,70,74,80
2024309,2024-11-18,6,7,15,17,20,22,24,26,33,37,50,51,59,64,68,71,72,74,75,80
2024310,2024-11-19,2,6,8,9,16,18,21,22,23,25,33,34,37,45,46,50,52,56,60,76
2024311,2024-11-20,1,3,4,5,13,14,25,28,33,36,50,54,59,61,64,66,69,72,73,76
2024312,2024-11-21,5,6,7,8,12,17,20,22,23,25,27,34,35,41,47,49,53,61,66,71
2024313,2024-11-22,4,8,11,13,15,19,20,23,25,26,28,33,40,41,42,48,53,64,73,78
2024314,2024-11-23,3,5,14,22,23,24,25,28,33,34,44,45,53,55,61,68,69,75,76,79
2024315,2024-11-24,5,6,7,8,9,17,21,29,30,38,39,43,57,61,68,69,72,76,77,80
2024316,2024-11-25,6,8,12,22,29,32,42,47,49,50,54,56,58,59,64,67,68,70,71,80
2024317,2024-11-26,4,9,11,14,18,23,24,26,29,35,36,39,40,49,53,61,62,68,70,74
2024318,2024-11-27,2,3,11,12,15,19,21,26,32,39,41,46,54,58,59,62,67,75,76,78
2024319,2024-11-28,2,5,8,9,11,18,22,26,27,28,33,44,53,55,56,58,61,72,77,80
2024320,2024-11-29,2,5,9,13,17,19,20,28,29,38,44,48,51,60,65,68,73,74,76,79
2024321,2024-11-30,2,3,6,8,11,12,13,15,20,22,26,41,46,47,48,56,58,60,73,74
2024322,2024-12-01,2,3,4,13,16,21,24,37,38,40,42,46,47,57,60,63,70,73,74,75
2024323,2024-12-02,8,18,24,30,32,33,34,35,37,38,42,51,52,54,56,66,69,72,73,74
2024324,2024-12-03,2,6,8,16,20,22,26,28,31,33,39,42,45,53,57,62,65,69,72,80
2024325,2024-12-04,2,3,6,13,16,23,26,36,42,44,46,52,53,54,60,61,64,69,73,79
2024326,2024-12-05,4,6,8,14,15,17,39,46,48,50,52,54,56,58,63,66,71,73,74,80
2024327,2024-12-06,5,6,11,15,16,18,20,29,32,34,36,46,52,55,57,59,65,69,72,79
2024328,2024-12-07,2,6,8,15,16,18,19,23,30,39,40,43,47,50,58,69,71,72,76,80
2024329,2024-12-08,7,9,15,16,17,20,22,25,37,39,48,58,59,67,69,70,72,74,79,80
2024330,2024-12-09,2,3,6,12,17,23,26,29,30,46,48,49,60,61,62,67,70,71,73,74
2024331,2024-12-10,3,4,8,14,21,22,23,35,39,43,46,49,55,58,60,69,72,78,79,80
2024332,2024-12-11,1,8,10,13,21,30,35,38,41,46,47,49,51,61,63,64,65,66,69,80
2024333,2024-12-12,3,5,10,12,13,18,23,27,30,33,48,49,54,56,60,65,67,71,72,77
2024334,2024-12-13,2,10,12,14,20,23,24,44,52,53,57,58,59,60,68,69,70,72,73,78
2024335,2024-12-14,11,13,14,22,23,24,26,32,34,44,50,53,56,58,61,63,67,71,77,79
2024336,2024-12-15,8,12,15,16,17,19,21,27,32,41,44,45,49,54,58,59,61,66,71,74
2024337,2024-12-16,14,15,17,22,26,32,37,42,49,50,59,68,70,71,73,74,75,76,77,79
2024338,2024-12-17,1,2,4,5,7,8,9,12,14,15,19,20,25,31,41,52,56,69,71,77
2024339,2024-12-18,1,2,5,7,10,12,13,16,25,32,35,38,42,50,61,64,67,72,76,80
2024340,2024-12-19,2,3,7,11,18,22,25,27,38,40,46,48,57,59,60,63,64,69,76,79
2024341,2024-12-20,1,2,9,10,15,28,29,31,32,42,44,50,56,58,61,62,71,75,77,78
2024342,2024-12-21,4,7,9,13,15,17,25,37,39,54,58,59,60,65,67,71,72,74,75,80
2024343,2024-12-22,7,22,27,28,31,34,37,42,44,45,46,49,54,57,66,67,72,76,78,80
2024344,2024-12-23,2,4,7,12,19,23,25,31,33,40,42,43,56,57,58,60,63,64,73,75
2024345,2024-12-24,13,23,26,34,38,39,40,43,46,48,57,58,59,64,67,70,72,73,78,80
2024346,2024-12-25,4,7,10,16,19,20,23,27,38,39,40,43,51,52,55,56,62,72,77,79
2024347,2024-12-26,3,5,10,15,18,19,20,29,32,33,41,42,44,47,55,59,63,71,76,77
2024348,2024-12-27,4,12,14,16,20,21,29,31,36,43,44,51,57,59,64,65,72,76,78,80
2024349,2024-12-28,2,3,6,22,26,27,28,32,33,35,36,42,46,49,63,67,69,71,73,78
2024350,2024-12-29,1,3,8,9,13,32,38,40,41,50,51,57,59,60,65,67,69,72,75,76
2024351,2024-12-30,7,9,12,15,16,28,29,31,33,34,35,36,37,38,43,44,64,69,76,79
2024352,2024-12-31,4,6,12,18,26,30,31,34,51,55,56,59,65,66,68,73,74,77,78,79
2025001,2025-01-01,2,15,20,22,32,34,35,42,44,46,50,54,55,64,68,71,74,75,77,79
2025002,2025-01-02,2,5,6,9,13,24,26,27,33,35,45,46,55,56,64,65,66,69,73,78
2025003,2025-01-03,3,6,10,12,15,22,24,26,30,32,37,38,43,57,58,60,62,69,70,79
2025004,2025-01-04,4,7,9,12,16,26,27,35,36,43,46,50,53,65,67,68,73,75,77,80
2025005,2025-01-05,9,11,12,14,19,20,22,27,31,33,36,37,45,49,55,57,60,64,79,80
2025006,2025-01-06,2,8,12,19,24,25,31,32,33,35,43,47,48,52,56,59,60,66,67,79
2025007,2025-01-07,1,2,18,25,27,29,35,39,43,51,53,54,59,61,67,69,71,74,75,79
2025008,2025-01-08,1,2,7,8,10,13,15,26,47,54,55,56,57,60,65,71,75,76,77,79
2025009,2025-01-09,11,15,26,27,28,34,40,43,46,47,48,52,56,58,60,62,67,74,75,79
2025010,2025-01-10,9,10,20,24,27,41,45,46,48,50,53,56,64,65,66,67,70,73,74,76
2025011,2025-01-11,2,3,5,21,23,24,25,30,34,35,45,47,50,57,58,61,70,75,77,79
2025012,2025-01-12,2,4,6,8,10,13,19,31,33,35,38,45,50,51,59,63,65,66,67,74
2025013,2025-01-13,1,3,4,6,11,16,18,21,35,38,42,46,49,53,63,64,65,69,72,75
2025014,2025-01-14,6,17,20,24,26,30,32,34,40,42,45,46,51,54,57,58,59,63,71,76
2025015,2025-01-15,1,3,10,11,12,16,23,38,41,52,53,56,58,61,62,71,72,76,78,80
2025016,2025-01-16,1,2,11,15,16,19,23,32,43,45,46,48,53,55,57,62,68,77,79,80
2025017,2025-01-17,1,3,7,13,18,27,31,32,37,43,47,48,51,52,53,61,64,65,73,80
2025018,2025-01-18,5,9,13,22,23,24,28,31,33,34,37,45,46,48,50,52,55,63,72,76
2025019,2025-01-19,2,3,12,16,18,21,24,33,45,46,50,53,55,62,68,70,71,72,79,80
2025020,2025-01-20,1,2,5,6,11,14,21,26,37,40,41,43,45,50,57,60,61,67,73,78
2025021,2025-01-21,6,8,10,11,13,14,27,30,32,33,35,38,47,50,52,56,62,65,71,76
2025022,2025-01-22,3,6,8,11,14,15,20,25,26,28,39,49,54,56,57,61,63,66,76,77
2025023,2025-01-23,5,6,7,8,13,17,21,25,32,33,36,41,46,55,59,62,68,70,74,76
2025024,2025-01-24,1,7,10,12,16,21,25,26,29,30,33,34,36,37,41,53,71,72,73,75
2025025,2025-01-25,2,3,5,7,12,13,23,26,29,39,43,44,48,60,62,63,64,74,77,79
2025026,2025-01-26,4,11,12,13,17,20,23,33,40,43,44,50,53,60,63,65,67,68,72,80
2025027,2025-02-06,1,9,10,12,14,16,19,24,28,35,38,40,49,53,56,58,64,67,71,77
2025028,2025-02-07,5,9,11,13,25,27,28,29,38,44,50,51,52,53,55,59,63,66,71,73
2025029,2025-02-08,4,5,6,7,12,21,40,49,51,52,53,54,59,61,62,65,75,76,77,79
2025030,2025-02-09,4,10,13,18,20,23,26,30,33,34,37,40,45,46,49,51,57,63,71,73
2025031,2025-02-10,3,4,9,13,14,15,27,28,32,33,36,37,46,51,60,61,66,71,75,78
2025032,2025-02-11,4,10,11,16,17,25,27,31,32,37,38,41,51,54,61,66,67,73,77,80
2025033,2025-02-12,2,8,11,12,14,15,20,22,23,43,45,53,61,62,63,64,69,73,76,78
2025034,2025-02-13,1,5,6,8,10,13,14,15,16,24,27,34,38,41,42,46,52,53,58,71
2025035,2025-02-14,1,9,19,20,21,25,26,28,30,48,49,54,56,57,61,65,71,72,75,77
2025036,2025-02-15,4,6,18,21,23,24,26,33,40,42,43,47,49,53,63,64,65,67,71,78
2025037,2025-02-16,6,9,18,26,30,32,34,35,41,42,54,62,66,68,69,70,71,72,73,80
2025038,2025-02-17,2,8,9,11,13,14,17,18,20,22,24,34,48,64,68,69,73,77,78,80
2025039,2025-02-18,1,4,8,10,13,14,25,26,29,34,36,37,41,44,52,59,60,69,74,77
2025040,2025-02-19,11,19,28,31,33,35,38,40,45,52,53,58,59,61,64,69,72,76,78,79
2025041,2025-02-20,5,10,12,19,26,28,38,39,41,47,49,50,53,56,62,67,71,74,75,78
2025042,2025-02-21,1,2,10,19,25,27,40,41,44,48,51,57,58,59,61,62,70,71,73,74
2025043,2025-02-22,2,3,5,7,9,16,22,27,29,31,33,35,43,52,59,60,61,67,70,72
2025044,2025-02-23,3,6,15,18,19,31,37,40,45,46,52,54,57,60,63,66,72,74,75,80
2025045,2025-02-24,9,10,15,23,25,29,30,33,34,35,40,49,53,57,64,72,73,78,79,80
2025046,2025-02-25,2,11,20,30,32,36,37,39,41,45,48,51,54,61,65,68,70,73,75,76
2025047,2025-02-26,2,3,13,14,20,25,27,36,37,43,47,48,51,55,58,66,71,74,76,79
2025048,2025-02-27,11,12,15,20,21,28,31,32,37,39,42,44,51,55,57,66,71,73,77,79
2025049,2025-02-28,3,11,15,16,20,21,24,27,28,35,42,43,44,46,53,55,57,58,66,72
2025050,2025-03-01,4,10,15,17,20,23,30,31,45,46,47,53,54,57,60,70,72,74,76,77
2025051,2025-03-02,2,5,6,17,18,19,24,25,26,28,31,37,39,53,58,64,65,71,78,80
2025052,2025-03-03,2,6,8,9,11,15,20,22,23,26,30,35,39,43,57,58,60,64,67,77
2025053,2025-03-04,1,2,4,6,8,9,18,22,30,33,36,43,49,53,55,58,61,67,69,76
2025054,2025-03-05,2,7,13,20,28,39,41,43,46,49,51,56,59,60,68,73,74,77,79,80
2025055,2025-03-06,5,6,7,18,19,20,31,34,35,37,43,44,50,52,56,59,61,63,77,78
2025056,2025-03-07,2,8,11,12,13,15,16,20,27,32,34,39,45,47,54,55,56,71,77,79
2025057,2025-03-08,2,4,6,9,13,15,18,19,20,21,28,35,48,53,54,70,72,74,75,78
2025058,2025-03-09,5,7,12,17,19,23,25,26,29,38,40,45,48,53,60,64,67,69,70,79
2025059,2025-03-10,2,3,4,9,17,23,27,31,33,36,37,39,42,43,49,51,55,60,74,80
2025060,2025-03-11,3,7,9,11,15,16,22,24,28,34,44,47,48,51,52,70,71,73,76,78
2025061,2025-03-12,3,9,10,14,23,27,34,38,39,45,50,59,63,65,70,71,72,75,76,77
2025062,2025-03-13,2,4,7,10,14,19,22,24,28,33,34,35,37,39,48,53,59,62,66,68
2025063,2025-03-14,2,6,7,8,13,14,18,21,37,46,47,51,54,58,59,60,63,66,67,75
2025064,2025-03-15,2,8,16,19,22,24,25,29,30,32,37,39,47,50,51,58,74,76,77,79
2025065,2025-03-16,1,2,5,14,16,17,20,24,29,30,35,37,38,43,48,52,58,63,72,79
2025066,2025-03-17,1,12,20,21,23,24,26,29,36,37,42,45,46,51,57,58,64,68,70,74
2025067,2025-03-18,2,5,23,27,29,34,35,42,45,46,48,52,53,63,64,65,66,72,74,76
2025068,2025-03-19,1,3,4,7,9,12,13,18,26,27,32,40,45,50,53,67,73,74,75,79
2025069,2025-03-20,5,12,13,14,20,25,31,38,41,44,61,62,63,64,68,74,75,77,78,79
2025070,2025-03-21,3,4,5,9,12,20,21,26,29,33,41,55,63,65,67,72,73,74,76,80
2025071,2025-03-22,1,8,9,13,14,15,17,25,34,36,48,49,52,57,60,61,62,68,74,77
2025072,2025-03-23,1,6,14,25,26,32,33,35,39,40,41,46,48,49,53,54,68,72,74,78
2025073,2025-03-24,2,7,9,18,20,22,23,27,32,42,48,51,53,57,58,61,65,68,75,79
2025074,2025-03-25,1,2,3,4,10,13,23,24,33,34,36,50,53,54,55,60,62,67,77,79
2025075,2025-03-26,4,9,12,13,20,23,25,29,38,41,45,48,50,51,53,54,55,62,68,80
2025076,2025-03-27,3,10,11,16,18,21,27,28,30,35,40,43,46,47,50,54,62,66,68,72
2025077,2025-03-28,1,4,7,10,13,14,16,17,21,23,35,36,43,45,47,51,53,61,69,80
2025078,2025-03-29,2,5,10,16,18,19,20,22,25,33,35,38,40,54,59,62,64,73,78,80
2025079,2025-03-30,3,4,13,14,15,18,20,23,24,27,28,40,48,53,59,60,68,69,70,73
2025080,2025-03-31,3,5,7,9,23,25,37,39,45,54,55,56,65,67,68,69,71,72,79,80
2025081,2025-04-01,1,2,5,7,10,16,20,23,41,47,48,52,53,54,63,64,71,76,78,79
2025082,2025-04-02,2,5,11,25,31,34,35,42,45,46,49,51,56,58,59,71,72,75,76,78
2025083,2025-04-03,2,6,8,13,18,19,22,29,43,44,47,51,56,61,63,67,71,75,77,79
2025084,2025-04-04,1,6,9,13,15,24,28,30,34,38,40,43,44,48,51,57,60,70,73,75
2025085,2025-04-05,2,3,5,16,18,19,32,33,35,36,37,46,47,50,56,57,60,65,68,76
2025086,2025-04-06,1,5,6,12,19,33,35,37,39,44,45,48,49,51,52,53,59,68,71,80
2025087,2025-04-07,1,7,8,12,14,15,19,23,25,28,35,42,54,56,58,65,68,70,73,80
2025088,2025-04-08,3,4,5,7,10,18,20,24,25,36,45,47,50,53,57,63,65,70,71,75
2025089,2025-04-09,2,5,8,11,12,13,16,28,30,31,34,35,44,47,50,57,58,59,65,69
2025090,2025-04-10,1,3,4,8,23,26,27,34,41,46,49,53,58,64,65,67,68,74,76,79
2025091,2025-04-11,3,4,7,12,23,24,26,28,30,31,33,38,39,45,52,53,59,69,74,76
2025092,2025-04-12,1,2,3,5,11,28,32,37,41,46,52,54,55,58,64,71,72,76,79,80
2025093,2025-04-13,5,6,11,14,17,20,21,28,29,30,39,40,48,55,58,65,66,68,69,74
2025094,2025-04-14,4,10,12,13,16,18,19,27,28,36,46,51,58,63,64,65,67,69,70,79
2025095,2025-04-15,5,7,10,19,24,26,29,30,32,43,47,60,61,63,66,67,71,75,77,80
2025096,2025-04-16,2,10,12,20,21,26,30,32,39,40,44,46,48,54,56,67,69,72,77,80
2025097,2025-04-17,1,5,7,9,12,13,25,33,34,37,41,53,56,59,60,68,70,73,76,80
2025098,2025-04-18,1,6,8,11,13,15,16,20,29,35,50,54,56,59,60,63,66,68,77,79
2025099,2025-04-19,12,14,19,20,21,28,34,35,36,41,47,52,55,62,65,67,71,76,77,78
2025100,2025-04-20,1,3,4,6,7,13,28,33,35,37,39,50,59,63,64,65,68,69,71,79
2025101,2025-04-21,1,7,18,23,27,29,30,35,48,51,55,57,59,62,64,65,66,73,75,79
2025102,2025-04-22,5,6,7,11,16,18,20,23,28,38,40,42,46,47,55,58,59,64,65,70
2025103,2025-04-23,3,5,7,14,22,25,28,29,33,34,35,36,37,39,45,55,59,70,71,76
2025104,2025-04-24,6,7,10,16,35,38,39,42,49,51,52,53,56,57,58,64,69,70,71,72
2025105,2025-04-25,1,4,8,10,14,25,27,29,32,33,34,40,45,47,54,56,58,61,68,69
2025106,2025-04-26,6,10,21,23,29,32,36,37,42,44,50,53,56,57,62,63,67,70,71,77
2025107,2025-04-27,7,14,22,31,34,35,36,38,42,44,48,53,54,56,63,69,70,75,77,78
2025108,2025-04-28,4,9,10,15,23,25,27,29,33,36,40,42,44,50,52,53,60,65,72,74
2025109,2025-04-29,1,2,5,7,17,28,30,31,32,40,46,47,52,56,57,67,68,73,75,79
2025110,2025-04-30,1,2,9,13,18,21,22,24,25,27,33,34,50,53,54,57,66,67,71,74
2025111,2025-05-01,1,3,11,12,13,14,15,22,31,36,38,45,46,55,58,65,70,71,73,74
2025112,2025-05-02,3,8,10,15,16,19,20,24,38,46,49,52,55,63,65,71,75,76,79,80
2025113,2025-05-03,2,7,12,14,19,27,45,48,50,51,53,56,59,61,64,65,67,73,74,78
2025114,2025-05-04,6,8,13,16,21,23,47,48,50,51,54,57,58,63,68,69,70,78,79,80
2025115,2025-05-05,2,5,8,9,12,21,26,35,37,39,40,41,44,47,48,49,67,72,77,78
2025116,2025-05-06,1,5,7,8,11,14,15,20,21,22,35,41,43,49,57,59,60,65,73,80
2025117,2025-05-07,4,6,10,11,15,18,20,23,30,38,40,42,54,56,57,60,69,71,74,79
2025118,2025-05-08,1,2,6,12,14,15,17,20,22,27,33,35,36,48,50,53,54,68,75,77
2025119,2025-05-09,2,4,5,9,12,21,22,25,29,36,42,44,51,52,54,55,74,75,76,77
2025120,2025-05-10,5,15,18,25,26,28,32,33,36,38,42,44,45,48,52,53,63,65,70,73
2025121,2025-05-11,1,2,5,9,19,21,32,39,41,42,44,45,56,57,62,68,73,74,77,80
2025122,2025-05-12,6,7,8,11,12,17,20,23,27,28,30,32,34,35,37,47,61,68,75,78
2025123,2025-05-13,1,13,15,20,21,35,37,42,44,50,51,58,63,64,65,69,70,73,75,77
2025124,2025-05-14,11,12,13,15,21,23,31,34,35,39,42,48,52,53,56,58,59,62,69,80
2025125,2025-05-15,4,5,6,12,18,19,21,30,33,42,44,45,49,52,53,64,71,73,78,80
2025126,2025-05-16,1,7,11,15,21,29,34,36,44,45,46,53,56,63,65,69,72,73,75,79
2025127,2025-05-17,7,13,16,19,22,30,34,35,38,39,40,46,47,50,52,56,58,62,67,71
2025128,2025-05-18,1,2,4,9,10,14,15,17,19,24,25,37,39,46,50,53,60,63,76,80
2025129,2025-05-19,2,5,14,15,19,23,24,30,39,42,44,48,55,59,64,65,66,68,69,80
2025130,2025-05-20,1,5,9,19,21,22,24,26,34,36,41,46,47,48,49,50,52,62,68,75
2025131,2025-05-21,2,5,14,18,20,29,33,34,36,41,43,45,48,50,51,58,62,64,74,76
2025132,2025-05-22,11,13,14,22,29,34,37,39,42,43,46,47,50,55,58,61,62,65,66,70
2025133,2025-05-23,2,3,7,14,15,16,21,22,23,29,42,46,48,52,55,58,65,68,79,80
2025134,2025-05-24,7,12,14,22,23,28,29,34,39,43,49,50,51,52,55,57,58,61,64,73
2025135,2025-05-25,5,7,10,21,22,26,30,35,38,41,42,44,47,52,61,67,70,71,75,79
2025136,2025-05-26,3,8,9,11,12,16,17,19,26,40,43,46,60,64,65,67,68,74,77,78
2025137,2025-05-27,2,8,10,18,20,23,25,27,34,37,39,42,52,59,68,70,72,73,74,80
2025138,2025-05-28,1,6,8,10,14,17,19,21,23,26,29,34,40,43,56,57,58,65,70,77
2025139,2025-05-29,5,9,11,16,24,26,27,32,33,38,43,44,45,54,58,61,62,68,69,71
2025140,2025-05-30,2,7,8,14,16,19,26,29,31,34,38,41,42,44,49,54,56,59,60,78
2025141,2025-05-31,9,11,12,13,14,15,16,20,21,28,29,34,39,40,43,45,48,59,67,68
2025142,2025-06-01,5,6,7,12,14,19,24,25,28,33,34,35,45,47,50,56,60,66,73,79
2025143,2025-06-02,1,3,12,15,16,18,23,31,35,47,49,52,56,57,58,62,63,67,75,79
2025144,2025-06-03,3,5,6,8,14,17,20,21,25,26,31,32,34,36,51,52,55,57,60,67
2025145,2025-06-04,4,10,28,29,31,37,39,40,43,45,52,56,58,59,61,65,68,69,70,77
2025146,2025-06-05,10,12,17,22,28,33,34,41,46,50,52,60,62,63,64,65,71,73,75,79
2025147,2025-06-06,6,13,21,27,29,31,32,39,43,47,51,52,53,58,61,67,69,72,79,80
2025148,2025-06-07,1,4,5,7,9,11,15,16,20,21,24,27,32,43,48,52,59,64,70,71
2025149,2025-06-08,1,2,3,9,15,20,24,25,28,31,32,34,35,48,58,62,64,67,70,74
2025150,2025-06-09,2,5,9,11,14,16,21,24,26,28,30,38,42,52,56,61,62,70,71,74
2025151,2025-06-10,4,10,12,16,19,23,27,29,31,34,43,44,49,50,54,63,65,68,77,80
2025152,2025-06-11,2,3,5,11,19,22,34,35,40,46,50,51,52,55,61,63,68,72,78,80
2025153,2025-06-12,1,8,10,16,19,25,27,32,36,39,42,44,46,47,50,54,55,75,76,79
2025154,2025-06-13,3,4,5,6,13,14,15,16,22,30,31,33,36,46,53,57,61,66,67,76
2025155,2025-06-14,7,10,12,18,27,32,34,42,46,47,48,54,58,59,61,63,73,74,75,76
2025156,2025-06-15,1,3,5,8,12,13,18,19,26,28,29,32,38,50,60,68,73,75,76,80
2025157,2025-06-16,7,9,16,20,25,27,28,30,31,43,49,51,52,56,58,60,61,62,73,76
2025158,2025-06-17,12,13,14,22,23,28,33,36,42,43,47,51,54,55,62,65,71,72,79,80
2025159,2025-06-18,11,15,17,25,27,30,31,32,36,37,41,47,50,55,60,62,65,69,71,80
2025160,2025-06-19,1,4,17,19,26,27,31,35,42,45,46,47,52,57,60,61,67,69,72,80
2025161,2025-06-20,8,11,14,21,28,29,35,37,41,42,44,47,50,55,56,59,69,73,75,80
2025162,2025-06-21,1,2,3,8,11,13,15,20,26,29,35,37,46,49,59,60,61,64,66,71
2025163,2025-06-22,3,4,7,8,19,26,31,38,39,45,51,53,56,57,59,65,68,71,74,78
2025164,2025-06-23,6,13,16,22,23,26,27,31,34,40,41,57,60,67,68,70,71,76,79,80
2025165,2025-06-24,3,6,8,18,19,25,29,30,31,32,37,39,40,42,44,55,63,66,69,77
2025166,2025-06-25,1,4,13,16,18,22,26,28,33,34,48,49,50,51,52,54,56,66,72,73
2025167,2025-06-26,7,13,20,22,27,29,30,33,34,35,36,47,63,68,70,71,72,74,75,80
2025168,2025-06-27,12,13,14,24,26,27,28,29,31,37,38,46,47,48,60,64,71,74,76,78
2025169,2025-06-28,3,6,13,14,17,19,23,28,34,38,41,43,47,55,58,62,70,73,74,80
2025170,2025-06-29,7,9,12,13,16,19,20,21,23,31,40,42,47,52,58,62,65,66,76,80
2025171,2025-06-30,1,9,16,20,21,25,27,30,32,36,37,38,40,50,52,57,66,68,75,79
2025172,2025-07-01,3,8,12,15,18,23,26,33,34,35,44,45,51,52,54,55,56,68,70,74
2025173,2025-07-02,1,7,13,17,22,23,38,40,41,45,46,52,53,60,66,68,69,70,71,78
2025174,2025-07-03,3,4,5,12,18,19,27,37,38,39,46,48,49,59,60,62,63,75,77,78
2025175,2025-07-04,1,3,9,10,15,16,20,25,30,31,37,48,50,51,54,55,60,64,68,75
2025176,2025-07-05,1,2,15,19,24,25,26,29,40,41,47,48,51,56,57,66,68,71,72,78
2025177,2025-07-06,2,3,5,6,9,26,32,33,34,35,36,39,46,49,59,65,69,72,76,80
2025178,2025-07-07,3,4,13,20,25,27,34,36,38,39,41,42,52,54,55,64,67,77,78,79
2025179,2025-07-08,11,12,13,14,16,21,22,25,26,40,45,51,55,56,58,65,67,69,72,76
2025180,2025-07-09,1,8,10,11,14,20,22,25,29,38,43,47,50,54,59,60,65,66,74,80
2025181,2025-07-10,2,3,8,10,12,13,19,26,32,38,39,43,46,48,53,55,69,76,78,80
2025182,2025-07-11,1,4,7,8,11,17,24,30,31,35,45,49,54,59,60,73,75,76,77,80
2025183,2025-07-12,1,3,5,12,15,16,18,29,30,38,41,45,47,52,53,54,57,58,63,66
2025184,2025-07-13,6,18,20,22,25,32,33,35,41,43,52,55,57,65,67,68,70,72,73,75
2025185,2025-07-14,2,5,7,13,18,25,27,30,33,35,39,40,46,48,50,56,63,65,74,76
2025186,2025-07-15,1,4,5,13,17,19,25,26,31,36,50,51,55,56,61,63,64,71,73,77
2025187,2025-07-16,1,6,12,15,25,26,28,29,30,31,32,33,34,36,47,50,55,61,73,77
2025188,2025-07-17,2,6,8,10,11,15,22,28,29,30,36,38,40,46,48,58,64,70,74,77
2025189,2025-07-18,10,22,26,32,34,38,43,44,50,52,55,57,58,66,69,71,72,73,76,79
2025190,2025-07-19,1,3,4,6,20,21,34,35,39,41,46,47,50,53,55,56,65,66,70,79
2025191,2025-07-20,4,5,8,14,22,27,41,44,45,46,52,53,56,57,59,60,71,78,79,80
2025192,2025-07-21,1,9,18,21,23,25,29,40,45,51,52,58,60,65,66,68,70,71,72,77
2025193,2025-07-22,3,5,6,10,15,16,18,20,21,28,33,34,54,59,62,68,70,72,73,74
2025194,2025-07-23,3,10,11,12,13,18,19,27,36,37,40,41,42,46,51,59,64,78,79,80
2025195,2025-07-24,5,12,19,23,26,28,30,32,33,35,48,52,53,55,56,59,65,74,76,78
2025196,2025-07-25,1,2,4,9,12,24,26,27,29,33,50,52,54,67,68,70,71,72,77,79
2025197,2025-07-26,3,8,12,15,16,18,21,26,29,31,35,42,43,45,57,62,65,78,79,80
2025198,2025-07-27,11,13,16,21,24,28,33,34,37,38,43,44,53,59,61,62,68,71,73,77
2025199,2025-07-28,5,7,10,12,13,14,16,21,23,33,43,52,61,65,69,72,73,74,79,80
2025200,2025-07-29,1,3,11,17,24,28,29,30,36,37,39,44,45,48,49,51,54,57,59,63
2025201,2025-07-30,2,3,6,13,17,18,27,34,36,39,40,41,44,57,63,67,70,71,73,76
2025202,2025-07-31,1,4,10,20,27,31,32,36,37,43,50,55,56,63,64,65,66,72,77,79
2025203,2025-08-01,4,5,11,15,20,21,25,27,34,40,46,48,51,58,60,62,63,69,79,80
2025204,2025-08-02,1,2,9,12,18,20,25,27,33,38,42,48,55,57,59,63,67,73,74,78
2025205,2025-08-03,1,5,9,13,17,19,27,28,29,30,31,33,43,44,50,53,61,70,73,78
2025206,2025-08-04,7,13,15,18,22,29,30,36,47,49,52,54,58,60,64,68,70,72,74,77
2025207,2025-08-05,1,2,4,8,10,15,17,25,31,32,47,54,58,64,69,70,72,74,76,78
2025208,2025-08-06,8,10,19,24,28,29,33,38,41,44,45,48,50,52,55,58,63,67,68,78
2025209,2025-08-07,3,7,11,12,15,17,18,24,31,39,41,46,48,56,59,68,69,72,75,80
2025210,2025-08-08,4,14,21,28,30,32,33,34,37,40,44,45,56,57,58,62,65,66,70,78
2025211,2025-08-09,7,9,20,24,25,30,32,33,37,38,39,40,41,43,45,49,69,71,77,80
2025212,2025-08-10,3,10,12,28,29,31,42,45,47,48,55,56,62,65,72,74,76,77,78,79
2025213,2025-08-11,2,8,19,20,21,22,26,31,37,38,39,40,49,52,54,59,71,73,74,76
2025214,2025-08-12,4,7,9,12,15,21,25,29,31,41,42,53,56,59,61,64,67,68,75,80
2025215,2025-08-13,5,9,12,24,25,30,31,33,34,42,45,47,51,52,55,57,66,69,70,77
2025216,2025-08-14,2,6,14,17,21,25,30,33,45,47,49,50,52,55,58,60,66,72,74,76
2025217,2025-08-15,3,8,18,19,21,25,26,30,32,36,41,44,45,53,60,63,64,66,69,73
2025218,2025-08-16,13,14,17,26,28,36,37,42,44,48,49,56,57,58,61,62,64,70,71,73
2025219,2025-08-17,7,10,15,21,22,24,25,27,35,36,40,43,44,46,50,59,60,61,66,80
2025220,2025-08-18,4,7,8,10,13,19,21,26,28,36,39,42,43,45,48,60,67,68,75,76
2025221,2025-08-19,9,10,13,14,22,30,32,34,36,38,43,49,50,54,56,57,58,68,69,76
2025222,2025-08-20,5,8,11,15,22,26,34,40,46,47,50,51,52,54,56,61,67,68,72,80
2025223,2025-08-21,4,5,20,22,24,25,28,29,32,34,36,38,40,50,55,56,57,59,65,70
2025224,2025-08-22,5,9,10,11,12,18,23,33,37,41,45,46,55,58,63,69,70,71,74,78
2025225,2025-08-23,2,5,6,7,26,29,30,36,40,41,46,52,57,59,60,66,72,73,75,76
2025226,2025-08-24,3,6,7,18,21,25,32,34,36,39,46,47,48,53,57,59,67,69,70,76
2025227,2025-08-25,2,11,12,18,19,23,30,33,34,40,46,49,55,62,63,70,71,74,77,78
2025228,2025-08-26,2,6,8,9,17,18,20,28,47,49,50,55,56,58,60,66,69,75,78,80
2025229,2025-08-27,2,3,6,7,10,11,23,24,26,28,29,37,41,48,52,59,61,65,66,77
2025230,2025-08-28,7,15,17,21,29,35,42,43,44,46,47,57,58,59,62,63,68,73,76,79
2025231,2025-08-29,7,16,17,20,21,27,29,35,41,44,45,46,50,53,55,59,60,62,63,66
2025232,2025-08-30,1,2,3,4,5,14,17,20,21,27,29,32,42,45,46,51,56,60,68,73
2025233,2025-08-31,8,11,16,26,35,36,49,52,53,54,55,57,58,61,65,69,70,72,73,80
2025234,2025-09-01,6,8,9,11,14,15,25,27,33,39,40,43,46,49,52,54,61,65,70,80
2025235,2025-09-02,3,8,12,13,16,29,31,38,40,43,44,52,53,57,58,60,63,69,74,79
2025236,2025-09-03,2,5,12,16,21,27,39,44,53,54,56,58,60,61,62,66,72,76,77,78
2025237,2025-09-04,1,3,6,13,18,22,25,26,28,32,33,41,42,45,47,63,66,73,75,80
2025238,2025-09-05,12,14,15,16,17,24,25,28,29,31,38,44,46,47,49,57,59,60,61,76
2025239,2025-09-06,2,3,10,12,15,21,22,27,34,35,37,38,49,51,55,65,66,70,71,76
2025240,2025-09-07,8,9,11,12,15,27,35,36,43,45,49,50,51,61,64,65,68,72,78,79
2025241,2025-09-08,3,7,12,13,16,18,20,28,37,47,48,50,53,61,63,68,69,75,76,80
2025242,2025-09-09,2,8,11,13,15,16,20,21,23,26,35,53,65,66,69,72,73,78,79,80
2025243,2025-09-10,1,4,7,18,22,25,29,30,34,37,43,49,51,53,54,55,57,67,75,77
2025244,2025-09-11,2,3,6,10,12,16,23,25,28,29,34,35,38,42,44,47,58,64,73,80
2025245,2025-09-12,2,7,8,11,17,19,21,22,26,28,31,40,43,44,53,63,71,74,76,80
2025246,2025-09-13,1,4,8,11,26,27,30,37,46,53,55,57,62,64,65,69,72,78,79,80
2025247,2025-09-14,1,3,5,6,10,11,14,23,25,32,35,36,50,51,57,58,65,72,73,76
2025248,2025-09-15,6,10,21,22,28,29,32,33,34,37,43,49,51,52,55,56,57,59,67,80
2025249,2025-09-16,1,6,7,12,13,15,21,25,27,30,36,40,41,45,55,57,67,72,73,77
2025250,2025-09-17,1,2,6,16,20,21,23,26,27,29,30,34,40,43,59,63,65,71,79,80
2025251,2025-09-18,1,2,4,14,15,23,25,26,27,30,36,39,42,44,46,52,55,62,65,66
2025252,2025-09-19,13,18,19,26,27,30,33,37,41,43,47,49,53,58,61,64,68,71,73,76
2025253,2025-09-20,3,10,20,23,27,30,32,35,44,48,50,51,53,56,57,63,65,68,70,72
2025254,2025-09-21,16,18,20,29,32,36,37,41,52,53,54,55,56,57,65,69,70,74,75,76
2025255,2025-09-22,5,13,15,21,25,26,27,31,37,39,46,50,54,56,57,59,65,70,78,79
2025256,2025-09-23,8,13,18,29,34,35,39,41,43,45,46,47,57,64,68,71,73,74,75,78
2025257,2025-09-24,1,8,13,15,22,34,36,38,42,43,49,50,51,65,66,67,70,71,79,80
2025258,2025-09-25,1,5,10,12,16,23,25,28,29,36,40,46,51,55,58,64,66,71,76,80
2025259,2025-09-26,4,7,9,19,20,30,33,35,44,45,48,49,50,51,52,70,71,72,74,78
2025260,2025-09-27,3,8,10,11,13,16,21,24,27,38,41,48,54,58,59,61,62,66,69,71
2025261,2025-09-28,3,10,15,17,19,22,23,25,31,35,36,42,60,61,62,65,70,73,76,77
2025262,2025-09-29,8,10,14,19,27,31,33,40,42,44,46,47,49,54,58,60,67,70,75,77
2025263,2025-09-30,4,5,11,13,14,20,23,24,27,32,33,42,45,55,58,62,64,70,79,80
2025264,2025-10-05,6,10,15,16,20,24,25,28,34,35,37,38,42,44,45,49,54,66,69,80
2025265,2025-10-06,2,9,11,16,18,27,28,35,36,38,49,52,54,60,62,64,66,72,77,78
2025266,2025-10-07,1,5,9,13,16,17,25,28,29,33,34,38,45,47,48,55,62,71,73,78
2025267,2025-10-08,8,13,20,21,25,34,37,39,45,47,50,57,58,60,65,71,72,75,78,79
2025268,2025-10-09,5,12,16,18,19,26,31,33,38,39,41,42,49,54,59,64,65,70,73,77
2025269,2025-10-10,1,8,10,15,19,20,24,30,33,43,49,50,56,57,60,67,70,73,78,80
2025270,2025-10-11,2,8,10,20,21,27,28,30,33,36,43,48,49,52,60,61,64,71,75,79
2025271,2025-10-12,1,3,7,15,17,20,27,37,41,42,47,48,53,54,60,62,63,68,77,78
2025272,2025-10-13,3,6,9,10,11,13,14,16,20,22,25,43,47,50,60,61,62,68,73,79
2025273,2025-10-14,8,9,11,13,14,18,20,24,28,30,31,32,38,39,40,46,62,64,69,70
2025274,2025-10-15,2,3,10,18,26,31,33,34,46,49,50,51,54,55,60,62,74,75,76,80
2025275,2025-10-16,7,9,13,14,28,32,33,34,35,37,48,50,51,56,57,59,65,69,72,76
2025276,2025-10-17,3,17,21,22,24,30,33,34,41,44,45,47,48,59,61,68,69,76,78,79
2025277,2025-10-18,9,11,13,14,20,22,39,43,48,52,54,55,57,64,68,69,72,73,75,80
2025278,2025-10-19,4,5,7,8,10,15,17,18,22,26,30,33,39,42,48,50,63,68,72,77
2025279,2025-10-20,1,5,6,14,25,32,35,40,45,47,53,62,63,67,68,70,71,72,75,78
2025280,2025-10-21,6,10,14,15,16,25,32,36,46,49,50,59,64,68,70,72,73,77,78,79
2025281,2025-10-22,8,15,23,24,28,34,35,36,38,43,45,49,51,53,64,67,69,71,74,75
2025282,2025-10-23,5,9,12,15,16,20,22,24,26,30,35,38,39,47,49,56,62,66,72,74
2025283,2025-10-24,2,4,13,19,20,23,29,31,37,40,47,52,53,54,55,63,64,65,68,69
2025284,2025-10-25,10,11,14,19,20,26,29,30,35,37,40,41,45,46,59,68,70,77,78,80
2025285,2025-10-26,5,6,7,9,11,19,24,27,28,29,38,39,41,45,46,63,67,68,73,80
2025286,2025-10-27,6,12,14,16,22,24,25,34,38,39,41,42,43,54,57,58,61,62,68,74
2025287,2025-10-28,1,6,17,18,21,22,23,24,31,32,40,43,48,49,52,57,58,60,68,79
2025288,2025-10-29,4,11,15,16,22,32,37,46,47,49,51,53,54,55,60,62,70,72,73,74
2025289,2025-10-30,3,6,7,10,11,13,14,15,31,35,40,41,43,45,55,57,66,72,73,75
2025290,2025-10-31,8,9,10,19,20,25,26,30,32,35,40,41,45,47,49,51,54,65,68,75
2025291,2025-11-01,4,7,11,17,20,22,27,29,32,34,37,48,55,64,68,69,71,73,74,78
2025292,2025-11-02,1,2,3,10,11,15,16,25,38,40,43,47,50,52,57,62,64,71,78,80
2025293,2025-11-03,5,7,17,19,23,34,35,37,38,41,46,53,56,63,65,66,67,69,71,79
2025294,2025-11-04,1,2,8,15,21,22,24,26,27,30,38,41,43,45,46,50,61,62,70,78
2025295,2025-11-05,2,7,12,13,21,22,23,24,26,34,38,43,53,57,67,69,71,72,77,80
2025296,2025-11-06,7,9,11,14,23,26,31,32,36,37,42,43,48,52,53,54,55,58,64,68
2025297,2025-11-07,4,8,9,11,14,19,36,40,42,48,49,52,56,59,66,68,69,73,76,79
2025298,2025-11-08,3,5,8,13,15,19,20,25,26,27,28,30,33,34,37,45,47,67,69,77
2025299,2025-11-09,9,10,11,19,23,25,39,41,45,51,53,54,59,60,63,65,68,69,70,75
2025300,2025-11-10,4,11,20,26,29,35,37,39,47,54,55,59,63,64,65,67,70,71,72,74
2025301,2025-11-11,8,9,11,13,14,18,21,30,33,34,40,44,46,51,58,62,65,67,77,78
2025302,2025-11-12,1,2,8,12,14,15,24,26,27,40,43,53,59,62,65,66,68,74,77,80
2025303,2025-11-13,1,2,10,11,15,25,33,43,44,50,52,54,55,56,57,60,62,69,74,78
2025304,2025-11-14,1,6,17,19,21,30,31,32,33,35,42,49,50,52,59,65,66,68,75,78
2025305,2025-11-15,1,8,9,10,15,18,21,27,32,40,41,43,46,47,50,54,56,60,67,74
2025306,2025-11-16,3,6,7,14,17,20,21,31,32,36,44,47,48,51,52,55,61,70,76,77
2025307,2025-11-17,3,6,12,13,14,16,26,27,41,42,45,49,52,55,63,66,72,75,79,80
2025308,2025-11-18,5,7,8,11,16,17,21,25,29,36,37,39,41,42,46,53,59,62,75,77
2025309,2025-11-19,9,19,20,21,23,30,38,39,40,41,44,48,53,54,58,60,61,65,68,72
2025310,2025-11-20,1,6,7,11,14,15,18,28,30,31,35,48,55,59,61,65,67,69,70,76
2025311,2025-11-21,2,4,15,19,23,24,29,34,37,43,44,55,56,60,62,66,70,73,77,79
2025312,2025-11-22,3,7,16,17,18,19,23,24,26,29,30,37,43,48,57,62,67,72,79,80
2025313,2025-11-23,1,7,22,23,28,29,31,37,43,49,53,55,57,63,64,69,73,76,79,80
2025314,2025-11-24,5,14,15,16,39,40,41,43,44,48,49,53,57,58,60,63,73,76,79,80
2025315,2025-11-25,3,6,8,9,10,14,15,19,23,26,38,40,47,58,61,68,69,74,75,80
2025316,2025-11-26,6,9,16,17,18,20,28,31,33,42,53,54,55,57,60,62,65,67,72,75
2025317,2025-11-27,1,9,10,14,17,21,29,31,36,38,41,44,55,56,58,62,67,68,74,79
2025318,2025-11-28,1,4,15,17,26,27,30,31,36,37,40,41,47,53,54,62,66,74,75,78
2025319,2025-11-29,2,7,8,10,11,21,26,27,28,29,39,46,48,59,61,62,74,77,78,79
2025320,2025-11-30,1,3,8,12,16,17,20,22,25,27,30,32,46,48,52,53,55,62,65,78
2025321,2025-12-01,7,13,14,15,16,18,19,33,35,40,48,52,54,66,69,71,72,74,75,76
2025322,2025-12-02,1,5,6,10,11,17,22,25,28,34,36,39,41,47,57,62,65,71,73,76
2025323,2025-12-03,1,13,18,19,22,24,35,40,44,45,50,51,53,54,57,63,69,71,73,75
2025324,2025-12-04,9,13,20,26,28,32,39,42,43,46,47,49,50,60,61,62,63,64,66,79
2025325,2025-12-05,5,8,10,15,16,17,19,22,26,34,37,41,47,55,57,62,63,65,67,75
2025326,2025-12-06,7,17,22,24,27,28,37,41,42,49,51,53,57,58,69,73,76,77,79,80
2025327,2025-12-07,6,7,10,15,16,17,19,21,22,25,27,35,36,40,44,45,47,56,62,74
2025328,2025-12-08,1,4,6,10,13,27,28,31,38,48,53,58,60,61,68,71,73,74,77,79
2025329,2025-12-09,2,4,10,11,15,17,18,23,26,27,30,33,41,48,52,54,55,59,60,69
2025330,2025-12-10,11,16,17,27,30,31,33,34,37,38,39,44,50,55,58,61,63,70,71,74
2025331,2025-12-11,5,6,7,8,14,18,22,23,25,31,40,52,59,63,71,72,73,76,77,79
2025332,2025-12-12,2,5,6,8,10,16,26,27,35,40,48,49,54,56,57,58,61,72,73,79
2025333,2025-12-13,4,9,11,16,19,20,22,24,28,32,33,37,38,41,46,49,66,71,72,74
2025334,2025-12-14,2,3,8,16,18,24,30,32,33,35,36,42,49,54,63,64,72,74,77,78
2025335,2025-12-15,2,5,13,14,16,17,27,34,39,45,48,50,55,57,58,60,74,76,78,79
2025336,2025-12-16,1,6,8,10,11,13,20,26,27,29,41,43,54,55,59,61,62,71,76,80
2025337,2025-12-17,3,6,8,10,16,20,28,32,33,43,46,48,49,53,60,68,69,76,77,78
2025338,2025-12-18,2,3,9,11,14,25,28,29,34,36,38,39,49,50,58,68,69,71,77,78
2025339,2025-12-19,3,6,7,9,14,19,25,26,31,32,35,36,37,38,60,62,66,67,68,75
2025340,2025-12-20,1,9,14,15,16,20,21,24,29,31,40,45,46,47,49,63,65,68,71,74
2025341,2025-12-21,4,8,9,11,15,19,21,23,24,25,26,37,38,43,45,46,52,63,64,74
2025342,2025-12-22,5,6,10,22,25,33,41,42,53,55,58,59,60,63,66,70,71,73,77,80
2025343,2025-12-23,4,11,23,26,29,30,33,35,44,46,49,50,55,56,58,60,62,65,69,80
2025344,2025-12-24,1,4,6,11,12,20,23,26,30,33,37,40,44,50,52,53,67,68,72,73
2025345,2025-12-25,6,10,11,12,14,19,30,32,35,38,39,41,43,45,46,48,61,67,76,79
2025346,2025-12-26,3,6,8,13,14,23,25,26,28,30,33,38,40,41,42,48,51,56,68,69
2025347,2025-12-27,3,10,11,14,17,20,22,28,34,40,45,46,48,51,55,56,67,71,72,73
2025348,2025-12-28,2,19,20,22,24,25,30,33,35,39,41,49,53,54,55,60,63,66,75,80
2025349,2025-12-29,7,8,18,20,22,23,28,40,41,43,45,47,48,51,53,58,64,67,78,80
2025350,2025-12-30,1,5,6,20,24,30,32,33,35,36,37,38,40,52,55,62,64,70,72,76
2025351,2025-12-31,5,12,14,17,19,21,24,25,31,32,39,42,46,49,50,52,57,63,68,72
2026001,2026-01-01,2,5,6,11,24,25,27,32,34,35,39,41,44,51,54,62,70,71,72,75
2026002,2026-01-02,3,8,10,17,22,24,25,28,39,51,61,62,67,69,70,71,72,73,74,80
2026003,2026-01-03,2,7,14,16,22,25,28,31,39,42,47,53,54,55,61,68,69,72,73,78
2026004,2026-01-04,4,5,9,13,16,21,23,24,32,35,37,38,45,50,52,54,55,62,63,64
2026005,2026-01-05,7,8,9,14,18,21,24,26,33,35,41,43,49,54,56,59,60,63,68,76
2026006,2026-01-06,3,5,7,9,19,28,30,32,34,38,49,52,56,61,62,66,73,76,78,79
2026007,2026-01-07,3,13,15,18,20,21,25,32,42,43,45,54,57,62,63,68,72,74,76,80
2026008,2026-01-08,2,4,15,20,21,23,24,34,47,50,51,52,57,58,60,61,66,71,77,79
2026009,2026-01-09,3,4,8,17,18,31,34,37,42,46,47,55,56,61,65,70,74,75,76,80
2026010,2026-01-10,6,7,13,16,19,27,33,37,39,42,43,44,55,59,62,64,65,67,76,80
2026011,2026-01-11,1,3,12,16,22,25,27,30,32,49,52,56,59,61,62,63,66,68,69,79
2026012,2026-01-12,4,11,12,15,16,20,21,26,27,28,30,32,33,41,53,60,62,64,65,76
2026013,2026-01-13,1,5,9,10,11,12,14,15,16,22,28,32,37,41,44,64,72,77,78,80
2026014,2026-01-14,6,12,13,14,18,24,28,29,30,34,38,43,49,52,59,60,64,74,78,80
2026015,2026-01-15,2,8,9,11,14,17,18,19,27,29,31,34,36,41,55,60,64,70,72,79
2026016,2026-01-16,4,19,24,27,28,35,36,38,39,45,50,56,58,59,60,61,64,66,73,78
2026017,2026-01-17,11,15,28,33,36,37,38,46,47,50,51,52,61,62,63,67,68,71,73,80
2026018,2026-01-18,11,12,14,15,18,21,22,23,29,32,33,35,40,41,55,65,69,74,75,78
2026019,2026-01-19,16,20,21,23,24,37,48,51,52,53,54,59,60,62,66,68,75,76,77,78
2026020,2026-01-20,7,13,18,22,24,30,32,33,37,43,47,48,52,62,63,67,69,73,78,79
2026021,2026-01-21,4,5,6,9,10,11,14,19,21,31,34,43,45,48,51,53,56,60,65,70
2026022,2026-01-22,2,9,10,11,15,16,17,18,28,33,35,43,54,55,60,61,63,65,68,73
2026023,2026-01-23,9,13,17,27,28,31,36,39,42,45,50,55,57,61,67,68,73,74,75,79
2026024,2026-01-24,3,8,16,19,22,25,28,35,36,37,49,50,52,54,57,58,64,67,71,73
2026025,2026-01-25,2,3,4,6,8,13,17,20,21,25,26,29,34,40,47,49,51,58,59,69
2026026,2026-01-26,2,6,14,17,21,22,26,34,35,36,48,51,52,58,60,62,71,73,75,76
2026027,2026-01-27,1,4,7,14,18,26,28,37,38,49,51,58,61,62,64,67,71,75,76,79
2026028,2026-01-28,9,11,14,16,17,20,28,30,32,33,46,51,54,57,58,62,66,68,71,74
2026029,2026-01-29,1,4,11,15,19,27,29,31,33,39,43,45,52,58,65,67,69,73,75,77
2026030,2026-01-30,2,8,12,13,14,16,23,31,37,39,44,46,50,54,55,59,61,69,70,73
2026031,2026-01-31,8,10,15,22,25,26,35,42,43,45,47,52,56,57,62,63,72,76,78,80
2026032,2026-02-01,2,4,9,22,24,26,27,28,31,34,36,39,43,44,53,55,59,62,65,70
2026033,2026-02-02,2,3,8,10,16,19,20,21,29,30,33,34,36,48,53,54,55,58,59,76
2026034,2026-02-03,4,6,19,25,26,29,30,31,32,43,44,48,50,62,65,66,68,71,72,80
2026035,2026-02-04,5,7,18,19,23,24,29,32,34,47,48,53,57,62,64,65,70,72,77,80
2026036,2026-02-05,3,11,19,27,32,33,35,38,43,46,49,50,63,64,66,67,74,75,76,77
2026037,2026-02-06,6,7,8,17,24,25,27,28,29,34,40,41,49,53,57,58,60,67,69,72
2026038,2026-02-07,3,4,5,6,7,9,11,20,21,26,36,44,46,47,54,68,73,74,75,80
2026039,2026-02-08,3,5,13,17,22,27,36,38,40,43,49,50,51,61,62,64,68,73,78,80
2026040,2026-02-09,12,13,16,24,31,32,35,37,41,43,48,50,51,55,64,66,68,73,76,79
2026041,2026-02-10,8,12,17,18,23,24,25,26,27,28,30,31,38,41,46,56,66,68,69,79
2026042,2026-02-11,2,8,14,15,16,17,25,34,37,41,47,52,56,60,62,63,72,74,77,79
2026043,2026-02-12,1,6,12,15,16,19,22,23,25,28,32,34,35,36,41,48,56,64,65,77
2026044,2026-02-13,1,3,8,9,13,16,19,23,33,43,47,49,52,53,55,60,68,74,76,79
2026045,2026-02-24,2,3,5,9,11,12,13,18,19,25,35,38,45,57,61,65,68,70,72,76
2026046,2026-02-25,1,10,13,14,15,23,25,26,28,48,49,50,52,54,59,61,64,69,70,79
2026047,2026-02-26,5,14,16,21,22,28,31,34,37,40,50,51,55,62,63,64,74,75,77,80
2026048,2026-02-27,3,4,10,12,16,17,21,25,33,35,41,43,49,50,60,65,69,75,76,80
2026049,2026-02-28,1,6,7,8,11,17,28,35,36,39,41,42,44,48,53,60,61,69,72,75
2026050,2026-03-01,12,14,25,34,39,41,43,45,46,49,51,57,58,60,62,64,65,66,72,74
2026051,2026-03-02,6,7,9,20,21,28,31,32,33,34,36,39,41,47,56,62,67,70,71,77
2026052,2026-03-03,2,6,11,13,19,23,27,29,32,34,40,45,49,51,56,59,66,69,74,80
2026053,2026-03-04,2,3,7,14,20,22,23,25,26,27,28,30,35,36,38,41,44,63,67,68
2026054,2026-03-05,2,8,11,14,15,18,21,23,39,40,42,43,44,51,55,60,65,71,79,80
2026055,2026-03-06,3,4,8,10,12,16,19,22,24,26,31,49,54,55,58,63,64,67,75,79
2026056,2026-03-07,1,8,14,16,25,39,40,48,50,51,56,58,65,67,69,71,73,74,75,79
2026057,2026-03-08,4,8,12,13,17,21,26,27,30,31,35,38,43,50,52,57,60,72,79,80
2026058,2026-03-09,3,5,8,17,19,20,21,27,29,42,47,49,51,53,62,66,69,71,74,80
2026059,2026-03-10,3,10,18,22,24,26,28,30,37,41,46,47,48,51,57,63,69,70,75,76
2026060,2026-03-11,2,3,4,14,15,19,25,28,32,38,39,40,42,45,48,60,61,63,65,67
2026061,2026-03-12,4,5,6,7,13,18,20,21,28,32,34,39,40,42,44,47,50,56,75,76
2026062,2026-03-13,3,4,5,7,14,16,22,27,38,43,46,48,56,58,68,71,73,77,79,80
2026063,2026-03-14,2,4,8,9,14,30,33,35,37,38,40,47,52,59,62,65,73,75,76,79
2026064,2026-03-15,13,16,21,25,31,32,38,45,49,57,58,59,61,63,67,69,72,75,77,78
2026065,2026-03-16,1,2,4,7,9,11,14,16,24,32,34,37,48,49,50,52,53,59,63,70
2026066,2026-03-17,2,3,4,6,8,17,20,27,30,37,41,43,54,56,57,58,60,63,65,69
2026067,2026-03-18,10,11,12,13,14,16,19,23,24,26,39,42,43,50,53,61,62,66,75,80
2026068,2026-03-19,1,4,10,18,19,20,22,31,35,36,44,49,50,52,61,67,68,74,75,78
2026069,2026-03-20,1,5,6,9,15,19,21,25,31,40,47,50,54,56,59,62,65,67,72,80
2026070,2026-03-21,1,3,4,7,11,19,25,27,37,38,42,45,46,48,54,56,69,72,76,77
2026071,2026-03-22,2,3,8,12,13,14,15,21,25,29,42,44,45,46,47,48,52,58,63,66
2026072,2026-03-23,1,5,19,22,28,30,34,37,38,40,41,44,48,50,51,54,59,74,75,80
2026073,2026-03-24,2,3,6,8,9,20,26,27,29,35,52,57,64,67,73,74,75,76,79,80
2026074,2026-03-25,2,5,7,8,11,13,15,16,20,31,32,33,41,43,52,62,70,71,72,73
2026075,2026-03-26,1,4,17,18,21,22,23,24,25,30,41,47,48,50,54,55,56,57,62,78
2026076,2026-03-27,6,10,12,14,16,21,24,38,39,40,46,48,52,58,61,69,71,74,75,77
2026077,2026-03-28,3,6,19,21,24,32,36,37,44,45,51,55,58,61,62,66,71,73,74,75
2026078,2026-03-29,1,6,7,11,15,21,24,27,31,32,34,38,46,49,52,60,67,71,73,74
2026079,2026-03-30,4,10,12,23,38,39,41,44,45,50,51,55,57,60,64,66,68,73,75,76
2026080,2026-03-31,7,11,14,24,25,27,32,33,34,46,49,52,54,56,59,60,61,66,69,72
2026081,2026-04-01,1,2,8,9,11,12,20,32,34,39,42,43,53,54,55,58,59,63,66,77
2026082,2026-04-02,2,5,11,16,23,25,26,29,33,39,57,62,64,68,69,74,76,77,79,80
2026083,2026-04-03,1,2,7,13,14,18,23,27,28,38,41,48,51,54,63,65,68,71,75,78
2026084,2026-04-04,5,8,17,33,34,35,38,42,43,46,49,50,57,59,60,66,71,72,74,80
2026085,2026-04-05,1,3,4,11,13,14,26,31,33,38,40,50,56,58,61,63,65,66,69,79
2026086,2026-04-06,1,3,5,7,11,15,17,24,28,29,34,39,45,47,53,57,63,66,72,79
2026087,2026-04-07,2,5,7,10,14,23,24,32,37,41,42,44,45,46,48,63,64,71,73,76
2026088,2026-04-08,8,9,13,14,18,22,25,33,39,40,44,46,49,55,64,66,68,71,77,80
2026089,2026-04-09,3,12,29,30,31,33,42,45,50,54,56,57,62,63,66,68,71,74,77,80
2026090,2026-04-10,1,4,8,10,20,22,33,35,36,44,49,51,53,59,62,65,69,71,77,78
2026091,2026-04-11,2,5,9,10,12,17,20,21,25,26,28,39,44,51,53,54,57,60,65,67
2026092,2026-04-12,2,3,8,14,17,20,24,30,33,35,38,44,45,56,59,61,67,71,76,77
2026093,2026-04-13,2,16,21,24,26,36,37,38,40,42,45,48,51,53,57,58,59,62,69,80
2026094,2026-04-14,4,7,11,13,18,19,26,31,35,38,42,43,51,53,54,57,59,67,69,74
2026095,2026-04-15,2,4,5,12,20,22,25,26,29,30,31,44,45,48,56,69,70,71,72,73
2026096,2026-04-16,1,4,8,9,10,13,15,17,20,24,26,33,34,35,36,41,44,51,53,60
2026097,2026-04-17,4,5,8,12,14,16,17,35,37,43,46,54,56,58,62,66,68,69,70,74
2026098,2026-04-18,6,7,15,17,18,19,21,23,26,29,34,36,49,52,65,67,69,72,77,80
2026099,2026-04-19,11,13,14,15,18,23,30,34,36,37,39,53,56,58,63,64,70,72,73,80
2026100,2026-04-20,3,5,7,12,15,17,20,29,36,37,38,39,42,48,50,58,64,67,68,77
2026101,2026-04-21,4,6,11,18,21,23,32,38,39,40,45,46,50,52,55,59,61,63,64,67
2026102,2026-04-22,6,9,15,17,21,27,28,33,37,39,40,41,42,46,47,64,70,77,78,79
2026103,2026-04-23,4,6,11,13,15,20,25,27,30,34,35,45,48,52,54,57,60,64,67,80
2026104,2026-04-24,5,18,20,31,35,41,42,44,46,48,49,52,55,57,63,64,70,72,75,79
2026105,2026-04-25,2,6,12,13,14,18,29,31,33,34,35,36,50,67,68,70,71,72,76,77
2026106,2026-04-26,10,11,12,18,27,28,30,32,38,42,46,53,62,65,67,69,71,73,75,76
2026107,2026-04-27,2,8,16,21,24,28,29,34,37,39,44,51,53,54,55,57,66,69,75,79
2026108,2026-04-28,3,4,16,18,27,29,32,33,41,45,46,47,49,50,53,61,66,74,77,80
2026109,2026-04-29,5,11,18,23,24,25,30,33,36,37,38,39,40,57,61,64,66,70,71,76
2026110,2026-04-30,10,13,14,26,27,29,30,39,43,46,47,51,53,55,57,58,68,71,75,76
2026111,2026-05-01,1,9,10,13,18,19,21,23,25,32,38,41,45,46,54,59,61,64,68,79
2026112,2026-05-02,10,12,23,27,36,38,41,45,47,50,53,58,61,62,65,67,69,72,75,76
2026113,2026-05-03,2,5,6,9,17,19,20,26,29,31,32,33,37,40,44,53,58,62,71,78
2026114,2026-05-04,1,5,11,12,20,24,25,32,33,37,39,45,46,52,53,54,56,57,69,77
2026115,2026-05-05,5,6,7,12,14,25,26,30,31,33,36,43,44,48,51,57,70,75,77,80
2026116,2026-05-06,3,11,16,22,27,31,32,36,40,47,48,58,62,65,67,69,70,74,75,80
2026117,2026-05-07,4,15,19,20,24,26,29,39,42,44,45,48,49,55,56,60,61,66,75,77
2026118,2026-05-08,2,7,8,9,12,17,18,33,36,39,44,46,61,66,68,69,71,72,75,80
2026119,2026-05-09,3,12,14,15,17,22,23,27,31,39,43,46,48,53,54,64,66,69,77,78
2026120,2026-05-10,2,3,6,10,16,21,35,37,43,45,52,54,57,63,67,68,70,76,78,80
2026121,2026-05-11,2,16,18,19,26,32,33,38,39,42,49,50,52,54,60,61,63,65,72,78
2026122,2026-05-12,1,7,9,15,19,26,27,28,30,36,45,50,56,57,58,61,63,66,76,78
2026123,2026-05-13,11,14,17,21,23,24,30,34,41,43,50,51,52,58,62,71,74,75,78,80
2026124,2026-05-14,3,7,8,9,14,23,31,34,35,37,38,40,43,47,61,63,66,71,76,78
2026125,2026-05-15,9,30,38,39,40,41,43,44,45,46,47,51,53,54,56,58,60,67,76,77
2026126,2026-05-16,1,4,10,11,12,16,22,23,29,36,39,43,52,57,59,60,61,62,64,74
2026127,2026-05-17,1,5,10,14,15,27,31,33,34,47,51,54,57,63,65,66,69,73,77,78
2026128,2026-05-18,4,5,11,13,17,19,26,28,38,39,41,43,45,46,47,51,53,60,75,76
2026129,2026-05-19,3,8,9,12,17,25,28,29,33,36,38,43,49,59,60,62,63,66,76,78
2026130,2026-05-20,2,7,8,10,18,21,22,26,28,30,31,32,33,39,41,49,52,62,64,67
2026131,2026-05-21,7,19,25,28,32,33,36,38,43,44,46,50,55,61,65,70,71,72,73,79
2026132,2026-05-22,8,9,11,12,13,16,18,19,32,37,38,40,42,53,56,57,63,68,77,78
2026133,2026-05-23,1,6,9,16,18,19,21,26,27,29,55,58,59,60,62,66,73,74,76,80
2026134,2026-05-24,6,12,19,20,21,22,27,30,31,32,34,42,51,54,57,66,70,71,72,75
2026135,2026-05-25,8,13,20,23,24,27,29,37,42,48,49,50,51,57,59,60,64,65,67,77
2026136,2026-05-26,2,6,11,14,17,20,24,33,35,40,42,45,49,50,51,52,57,60,64,75
2026137,2026-05-27,4,8,9,13,14,15,16,17,18,23,28,39,47,48,53,56,63,66,77,79
2026138,2026-05-28,2,6,8,10,11,14,19,22,26,30,31,33,47,53,56,62,63,73,76,77
2026139,2026-05-29,2,6,7,9,10,11,14,19,22,23,26,30,36,40,41,44,47,51,53,60
2026140,2026-05-30,1,3,11,12,16,18,23,24,31,35,37,39,40,54,61,64,65,69,71,79
2026141,2026-05-31,6,9,10,20,21,28,33,38,48,49,52,54,57,64,66,70,72,74,75,77
2026142,2026-06-01,2,4,10,14,18,21,26,35,39,40,41,48,50,53,57,59,65,73,75,76
2026143,2026-06-02,2,3,7,11,14,23,30,31,34,38,39,41,47,51,52,60,63,68,72,78
2026144,2026-06-03,3,4,12,24,27,30,34,50,53,55,61,63,65,69,70,72,74,75,76,77
2026145,2026-06-04,2,4,5,15,19,24,27,29,32,33,36,38,50,52,60,64,66,69,74,75
2026146,2026-06-05,4,7,9,10,14,27,38,39,40,43,44,45,48,50,54,56,66,70,77,78
2026147,2026-06-06,3,6,7,10,11,12,14,17,22,24,28,35,37,38,45,50,52,67,77,79
2026148,2026-06-07,1,2,7,11,17,18,26,28,30,38,41,42,43,54,59,62,69,71,74,79
2026149,2026-06-08,2,4,10,12,13,17,23,30,31,33,37,43,47,55,58,62,65,72,75,77
2026150,2026-06-09,7,8,12,18,19,23,24,27,53,54,56,57,59,60,62,70,74,77,78,79
2026151,2026-06-10,3,4,6,10,12,21,24,36,37,38,41,42,44,45,49,52,70,73,77,78
2026152,2026-06-11,1,3,13,16,18,25,32,35,37,44,45,47,58,59,60,63,66,68,72,75
2026153,2026-06-12,1,7,17,19,20,21,22,23,35,37,43,44,49,51,53,59,66,71,77,78
2026154,2026-06-13,7,10,12,13,17,18,26,29,33,38,41,47,50,54,56,57,58,62,68,73
2026155,2026-06-14,7,10,11,12,17,18,24,27,30,31,32,34,42,49,54,59,64,65,71,72
2026156,2026-06-15,2,5,9,11,16,17,19,27,39,48,49,54,62,63,66,69,70,71,73,76
2026157,2026-06-16,1,3,6,8,14,18,29,38,39,42,44,46,49,51,57,58,61,75,77,80
2026158,2026-06-17,5,11,12,15,20,23,28,29,37,38,45,49,51,55,63,64,65,69,77,79
2026159,2026-06-18,4,5,8,12,22,23,26,27,35,39,47,50,56,58,60,61,66,70,71,77
2026160,2026-06-19,2,4,6,9,13,26,32,36,38,41,44,47,56,58,60,69,72,76,78,80
2026161,2026-06-20,2,14,15,23,28,30,35,39,43,44,49,50,51,53,57,60,62,69,74,76
2026162,2026-06-21,1,2,8,13,16,18,19,30,33,37,39,40,56,57,63,69,71,73,76,78
2026163,2026-06-22,8,9,11,14,18,22,28,35,37,40,41,42,45,50,54,58,70,71,73,74
2026164,2026-06-23,1,3,4,5,13,17,19,25,30,34,38,46,56,58,59,60,63,69,76,80
2026165,2026-06-24,1,9,10,12,26,31,33,35,39,42,46,48,49,57,61,64,65,66,67,74
2026166,2026-06-25,2,8,14,16,17,24,25,27,30,31,41,48,50,55,61,70,71,73,76,79
2026167,2026-06-26,1,3,12,13,15,16,17,22,24,28,33,34,35,40,45,47,54,66,68,74
2026168,2026-06-27,2,6,8,9,20,21,24,25,31,33,42,44,46,48,55,61,64,66,72,77
2026169,2026-06-28,4,5,6,18,21,25,26,27,31,33,37,39,40,43,52,56,58,61,62,73
2026170,2026-06-29,2,3,7,9,16,20,21,23,24,25,27,33,35,36,41,43,49,51,57,65
2026171,2026-06-30,6,8,11,16,20,22,23,30,31,33,38,39,41,44,53,54,55,62,63,79
2026172,2026-07-01,4,5,11,16,17,19,20,26,37,44,46,47,51,55,61,63,66,68,70,75
2026173,2026-07-02,1,3,5,8,9,12,19,24,27,30,32,47,51,52,59,64,67,74,75,80
2026174,2026-07-03,2,7,11,13,18,21,23,25,30,31,48,53,54,55,61,62,69,76,77,80
2026175,2026-07-04,9,15,16,21,27,32,33,34,36,38,39,44,45,54,60,67,77,78,79,80
2026176,2026-07-05,7,8,14,21,22,26,29,33,36,39,40,57,59,63,64,67,70,72,73,76
2026177,2026-07-06,11,15,16,20,33,35,37,39,42,46,49,50,54,56,61,62,71,73,76,79
2026178,2026-07-07,5,10,12,19,20,26,27,30,35,38,44,45,46,47,49,54,56,61,72,77
2026179,2026-07-08,1,10,12,13,14,15,19,27,29,32,40,43,49,53,59,62,69,72,73,80
2026180,2026-07-09,1,2,5,12,19,23,36,37,41,42,50,53,56,59,64,68,72,73,74,77
2026181,2026-07-10,6,10,12,18,22,28,30,33,35,38,42,48,58,59,63,64,65,71,76,79
2026182,2026-07-11,1,2,3,6,12,17,23,25,28,39,48,49,52,53,55,63,68,69,73,78
2026183,2026-07-12,1,9,10,11,14,15,22,42,45,55,57,62,65,66,68,69,73,76,77,80
2026184,2026-07-13,3,4,6,7,9,10,11,13,25,32,33,43,57,59,66,69,72,73,77,78
2026185,2026-07-14,4,6,12,15,24,30,33,35,39,40,42,45,48,58,60,61,66,67,69,80
2026186,2026-07-15,1,7,11,18,21,23,26,28,30,34,37,41,44,45,46,58,65,67,71,80
2026187,2026-07-16,2,3,8,9,11,12,15,25,27,31,33,34,38,55,57,62,69,72,75,78
2026188,2026-07-17,4,11,13,17,18,20,21,23,25,27,29,38,44,56,61,62,65,67,75,79
2026189,2026-07-18,1,5,6,12,14,18,22,27,29,32,35,42,49,55,57,59,69,71,74,78
2026190,2026-07-19,2,3,7,10,23,30,32,39,40,41,42,44,45,46,51,53,59,61,67,80
2026191,2026-07-20,1,2,5,6,13,15,23,28,32,34,37,42,45,46,53,55,71,73,75,77
2026192,2026-07-21,4,10,12,15,16,18,19,27,28,32,36,46,49,51,54,62,69,70,73,75
2026193,2026-07-22,3,7,15,22,29,30,37,40,42,48,51,52,61,62,64,66,71,74,75,78
2026194,2026-07-23,2,5,6,12,19,20,29,35,37,39,46,47,48,51,54,59,66,72,74,78
2026195,2026-07-24,7,10,14,17,18,19,23,24,27,30,31,37,40,41,46,47,49,63,64,75
2026196,2026-07-25,4,6,14,29,32,36,39,40,42,43,44,53,56,61,67,68,69,70,73,79
2026197,2026-07-26,2,6,11,12,13,17,19,27,35,39,42,44,45,53,58,64,71,72,74,75
2026198,2026-07-27,5,9,18,19,24,26,30,34,42,46,47,49,51,54,55,56,62,73,74,75
2026199,2026-07-28,4,14,17,18,20,21,26,27,29,34,44,48,50,53,55,59,62,67,76,79
2026200,2026-07-29,2,4,17,25,29,31,32,33,35,37,42,44,45,51,56,57,59,60,64,66
2026201,2026-07-30,2,3,12,13,17,20,24,27,31,32,40,45,50,52,61,67,71,76,79,80
2026202,2026-07-31,1,4,7,10,12,15,16,17,26,29,32,40,42,44,49,65,68,73,77,78
2026203,2026-08-01,2,9,10,21,22,24,29,32,38,40,42,50,51,53,58,60,63,67,70,74
2026204,2026-08-02,3,10,13,21,22,24,28,37,38,46,51,52,54,56,59,60,65,66,70,73
2026205,2026-08-03,4,5,9,10,11,19,28,31,32,35,36,39,43,47,53,56,59,70,77,79
2026206,2026-08-04,1,6,7,16,17,21,27,32,33,36,44,47,50,51,55,62,64,76,78,79
2026207,2026-08-05,2,10,16,18,19,20,28,33,39,41,46,49,51,57,60,63,64,65,71,76
2026208,2026-08-06,8,11,12,13,14,15,16,23,25,28,34,37,38,43,45,48,58,70,73,77
2026209,2026-08-07,2,4,10,11,14,16,18,23,32,35,37,45,47,51,52,53,59,67,75,80
2026210,2026-08-08,3,4,7,12,14,15,17,21,22,24,27,29,45,47,56,60,72,74,78,80
2026211,2026-08-09,4,5,8,12,14,20,23,24,25,30,35,37,46,51,53,60,74,75,77,78
2026212,2026-08-10,1,8,10,12,14,15,26,31,37,42,45,48,58,61,66,71,72,74,77,79
2026213,2026-08-11,6,7,8,11,12,13,18,21,33,36,37,42,44,56,57,58,60,66,71,80
2026214,2026-08-12,2,7,12,18,20,21,23,25,32,34,35,37,40,45,47,51,55,59,61,71
2026215,2026-08-13,1,9,14,19,21,22,24,27,36,41,44,51,55,60,61,69,71,76,78,80
2026216,2026-08-14,2,3,13,19,22,24,25,28,29,42,43,45,49,62,63,69,70,72,76,80
2026217,2026-08-15,7,8,10,11,14,18,20,21,24,28,29,33,41,46,67,68,74,76,77,78
2026218,2026-08-16,3,5,7,11,15,17,18,19,22,24,29,41,43,47,49,50,59,62,78,80
2026219,2026-08-17,2,3,5,6,13,15,20,35,36,39,47,48,51,58,65,67,72,73,79,80
2026220,2026-08-18,5,6,10,12,17,20,21,23,24,25,33,35,38,39,40,41,43,49,67,71
2026221,2026-08-19,1,2,3,5,10,18,21,25,28,34,35,41,48,51,54,58,59,60,77,79
2026222,2026-08-20,2,5,7,9,17,18,21,25,28,31,32,33,34,35,38,51,57,58,61,65
2026223,2026-08-21,3,19,22,27,28,33,34,35,36,40,50,51,54,57,64,67,68,69,75,79
2026224,2026-08-22,3,6,15,19,20,22,23,24,27,29,36,42,45,46,49,55,56,75,76,78
2026225,2026-08-23,3,4,7,12,13,16,20,21,25,26,32,41,43,44,47,53,60,68,73,76
2026226,2026-08-24,8,9,10,15,16,20,30,34,36,37,43,45,46,47,48,50,53,62,65,66
2026227,2026-08-25,4,9,10,12,17,18,22,28,33,38,42,44,47,48,61,63,64,67,73,74
2026228,2026-08-26,8,13,15,17,19,23,24,27,28,35,40,41,42,45,46,47,52,56,67,80
2026229,2026-08-27,14,26,33,39,41,47,48,56,59,61,64,65,66,68,71,72,76,77,78,80
2026230,2026-08-28,3,7,8,13,14,21,24,28,33,35,38,44,50,51,54,59,69,74,77,78
2026231,2026-08-29,12,17,26,28,31,34,37,42,44,51,52,55,59,60,61,62,68,74,75,79
2026232,2026-08-30,1,5,9,11,14,27,29,32,36,41,54,55,57,61,63,67,69,71,73,79
2026233,2026-08-31,3,5,7,17,19,24,26,30,31,34,35,36,42,44,52,53,55,63,65,66
2026234,2026-09-01,3,8,15,21,36,37,42,44,46,50,52,55,56,57,60,61,68,72,75,79
2026235,2026-09-02,2,11,14,19,21,23,36,48,50,51,53,60,62,64,66,72,73,75,78,80
2026236,2026-09-03,15,19,24,25,28,29,31,37,45,50,55,56,61,62,64,65,70,75,76,80
2026237,2026-09-04,2,6,9,13,15,17,18,20,21,30,37,43,48,51,53,55,58,68,74,77
2026238,2026-09-05,1,4,6,11,12,16,17,20,22,32,41,47,51,52,62,63,64,68,72,75
2026239,2026-09-06,14,17,20,21,26,27,29,30,37,44,45,47,54,55,61,65,68,69,77,79
2026240,2026-09-07,2,6,9,10,16,21,27,28,32,33,38,39,55,63,64,66,67,70,75,78
2026241,2026-09-08,7,9,15,16,18,19,32,33,36,37,40,52,53,60,62,63,66,68,69,73
2026242,2026-09-09,4,20,28,32,35,37,39,44,48,50,52,53,55,56,57,63,71,72,76,77
2026243,2026-09-10,1,2,3,9,21,29,31,36,37,41,43,46,50,55,64,67,68,70,74,76
2026244,2026-09-11,1,4,7,8,10,12,34,46,47,53,55,56,59,61,63,65,71,73,78,79
2026245,2026-09-12,5,6,9,15,18,25,26,27,30,31,34,36,39,43,44,48,54,63,65,77
2026246,2026-09-13,3,8,10,16,18,20,23,29,31,35,51,53,54,56,58,69,70,75,78,80
2026247,2026-09-14,5,7,19,22,28,29,38,39,41,42,43,44,55,58,61,65,66,71,72,73
2026248,2026-09-15,3,5,9,15,23,28,31,33,34,35,39,42,48,50,53,70,73,74,76,78
2026249,2026-09-16,4,8,10,11,13,26,29,34,41,50,51,52,53,57,59,65,66,73,74,77
2026250,2026-09-17,4,5,6,8,17,22,23,31,35,47,49,51,59,60,62,65,67,68,76,78
2026251,2026-09-18,1,4,8,9,10,11,18,26,28,29,43,49,51,52,53,54,62,66,70,76
2026252,2026-09-19,2,3,4,8,36,38,40,41,46,49,50,52,53,56,57,62,63,65,68,72
2026253,2026-09-20,1,2,8,17,23,24,29,31,40,41,46,47,51,54,59,62,65,72,74,79
2026254,2026-09-21,2,4,10,13,18,20,21,26,32,37,43,49,50,57,62,66,69,73,78,80
2026255,2026-09-22,2,9,12,16,18,23,26,31,36,44,47,52,54,55,59,60,61,66,72,77
2026256,2026-09-23,1,2,6,11,12,14,15,22,24,32,33,35,38,46,67,68,71,73,74,76
2026257,2026-09-24,1,4,7,8,10,13,23,24,31,33,39,40,47,48,58,61,65,74,76,79
2026258,2026-09-25,7,13,14,15,17,19,20,24,28,30,35,44,50,51,54,57,60,64,75,78
