issue,date,n1,n2,n3
2004001,2004-11-14,1,9,2
2004002,2004-11-16,3,1,7
2004003,2004-11-19,7,1,8
2004004,2004-11-21,4,4,3
2004005,2004-11-22,0,5,4
2004006,2004-11-23,5,2,6
2004007,2004-11-24,8,3,0
2004008,2004-11-25,6,2,2
2004009,2004-11-26,4,4,1
2004010,2004-11-27,2,2,7
2004011,2004-11-28,4,3,6
2004012,2004-11-29,4,3,0
2004013,2004-11-30,0,0,3
2004014,2004-12-01,3,3,5
2004015,2004-12-02,4,5,9
2004016,2004-12-03,4,4,4
2004017,2004-12-04,4,1,9
2004018,2004-12-05,6,1,2
2004019,2004-12-06,4,7,1
2004020,2004-12-07,8,1,0
2004021,2004-12-08,3,9,3
2004022,2004-12-09,5,9,1
2004023,2004-12-10,8,7,1
2004024,2004-12-11,8,8,6
2004025,2004-12-12,6,1,8
2004026,2004-12-13,6,2,1
2004027,2004-12-14,3,6,3
2004028,2004-12-15,0,7,5
2004029,2004-12-16,2,5,6
2004030,2004-12-17,1,2,0
2004031,2004-12-18,3,6,2
2004032,2004-12-19,3,7,8
2004033,2004-12-20,5,0,5
2004034,2004-12-21,9,9,5
2004035,2004-12-22,3,7,4
2004036,2004-12-23,0,0,9
2004037,2004-12-24,3,2,5
2004038,2004-12-25,4,2,5
2004039,2004-12-26,8,0,2
2004040,2004-12-27,5,6,6
2004041,2004-12-28,8,1,4
2004042,2004-12-29,7,8,0
2004043,2004-12-30,7,0,4
2004044,2004-12-31,3,8,2
2005001,2005-01-01,0,5,4
2005002,2005-01-02,3,6,6
2005003,2005-01-03,4,3,1
2005004,2005-01-04,6,7,4
2005005,2005-01-05,2,9,9
2005006,2005-01-06,4,2,0
2005007,2005-01-07,4,3,5
2005008,2005-01-08,2,8,1
2005009,2005-01-09,8,6,9
2005010,2005-01-10,4,1,6
2005011,2005-01-11,2,0,4
2005012,2005-01-12,1,9,6
2005013,2005-01-13,6,1,3
2005014,2005-01-14,0,8,5
2005015,2005-01-15,3,6,7
2005016,2005-01-16,6,6,5
2005017,2005-01-17,1,5,7
2005018,2005-01-18,0,5,5
2005019,2005-01-19,5,7,4
2005020,2005-01-20,9,2,2
2005021,2005-01-21,0,0,1
2005022,2005-01-22,9,3,8
2005023,2005-01-23,0,8,0
2005024,2005-01-24,3,1,2
2005025,2005-01-25,7,5,5
2005026,2005-01-26,2,7,7
2005027,2005-01-27,0,1,4
2005028,2005-01-28,8,6,2
2005029,2005-01-29,6,2,8
2005030,2005-01-30,4,5,9
2005031,2005-01-31,5,0,4
2005032,2005-02-01,3,6,1
2005033,2005-02-02,5,9,0
2005034,2005-02-03,1,8,6
2005035,2005-02-04,8,3,0
2005036,2005-02-05,9,4,2
2005037,2005-02-06,7,0,8
2005038,2005-02-07,3,1,9
2005039,2005-02-08,0,2,8
2005040,2005-02-16,0,4,7
2005041,2005-02-17,1,3,3
2005042,2005-02-18,2,3,4
2005043,2005-02-19,8,4,5
2005044,2005-02-20,9,5,5
2005045,2005-02-21,4,0,0
2005046,2005-02-22,5,4,5
2005047,2005-02-23,4,2,9
2005048,2005-02-24,7,6,1
2005049,2005-02-25,7,9,0
2005050,2005-02-26,1,0,4
2005051,2005-02-27,2,4,7
2005052,2005-02-28,3,0,6
2005053,2005-03-01,1,7,5
2005054,2005-03-02,5,1,9
2005055,2005-03-03,0,1,4
2005056,2005-03-04,6,0,0
2005057,2005-03-05,8,1,3
2005058,2005-03-06,3,5,3
2005059,2005-03-07,9,8,3
2005060,2005-03-08,9,6,0
2005061,2005-03-09,9,1,2
2005062,2005-03-10,7,9,6
2005063,2005-03-11,1,8,1
2005064,2005-03-12,9,6,9
2005065,2005-03-13,8,9,5
2005066,2005-03-14,6,2,6
2005067,2005-03-15,1,6,9
2005068,2005-03-16,9,0,3
2005069,2005-03-17,7,4,3
2005070,2005-03-18,9,8,4
2005071,2005-03-19,9,1,7
2005072,2005-03-20,2,5,6
2005073,2005-03-21,2,3,2
2005074,2005-03-22,0,0,6
2005075,2005-03-23,7,0,0
2005076,2005-03-24,4,1,8
2005077,2005-03-25,6,4,8
2005078,2005-03-26,8,4,2
2005079,2005-03-27,9,5,9
2005080,2005-03-28,4,9,5
2005081,2005-03-29,2,5,0
2005082,2005-03-30,2,1,6
2005083,2005-03-31,7,0,2
2005084,2005-04-01,2,7,7
2005085,2005-04-02,9,4,2
2005086,2005-04-03,6,3,5
2005087,2005-04-04,1,5,5
2005088,2005-04-05,1,4,4
2005089,2005-04-06,0,9,1
2005090,2005-04-07,0,6,5
2005091,2005-04-08,1,0,2
2005092,2005-04-09,2,9,9
2005093,2005-04-10,8,6,1
2005094,2005-04-11,1,1,2
2005095,2005-04-12,0,6,1
2005096,2005-04-13,9,3,5
2005097,2005-04-14,0,8,5
2005098,2005-04-15,6,7,0
2005099,2005-04-16,6,9,5
2005100,2005-04-17,1,2,7
2005101,2005-04-18,3,2,0
2005102,2005-04-19,4,3,1
2005103,2005-04-20,8,7,3
2005104,2005-04-21,6,8,1
2005105,2005-04-22,3,6,3
2005106,2005-04-23,5,4,0
2005107,2005-04-24,8,3,8
2005108,2005-04-25,3,8,4
2005109,2005-04-26,6,1,0
2005110,2005-04-27,4,1,7
2005111,2005-04-28,0,6,1
2005112,2005-04-29,2,9,8
2005113,2005-04-30,0,0,5
2005114,2005-05-01,8,9,2
2005115,2005-05-02,6,2,6
2005116,2005-05-03,5,6,9
2005117,2005-05-04,9,9,2
2005118,2005-05-05,5,9,3
2005119,2005-05-06,1,1,1
2005120,2005-05-07,1,6,2
2005121,2005-05-08,7,2,9
2005122,2005-05-09,5,4,2
2005123,2005-05-10,9,7,4
2005124,2005-05-11,2,1,9
2005125,2005-05-12,5,0,8
2005126,2005-05-13,5,3,4
2005127,2005-05-14,4,4,5
2005128,2005-05-15,1,6,2
2005129,2005-05-16,7,0,7
2005130,2005-05-17,5,4,6
2005131,2005-05-18,6,6,3
2005132,2005-05-19,8,3,6
2005133,2005-05-20,7,5,9
2005134,2005-05-21,7,0,4
2005135,2005-05-22,7,4,5
2005136,2005-05-23,9,2,8
2005137,2005-05-24,2,5,3
2005138,2005-05-25,0,1,4
2005139,2005-05-26,4,6,2
2005140,2005-05-27,8,9,4
2005141,2005-05-28,1,6,8
2005142,2005-05-29,3,0,6
2005143,2005-05-30,2,0,7
2005144,2005-05-31,5,7,4
2005145,2005-06-01,0,5,7
2005146,2005-06-02,1,0,9
2005147,2005-06-03,1,2,1
2005148,2005-06-04,9,7,9
2005149,2005-06-05,8,9,9
2005150,2005-06-06,5,2,4
2005151,2005-06-07,9,9,0
2005152,2005-06-08,9,2,7
2005153,2005-06-09,8,6,6
2005154,2005-06-10,7,7,6
2005155,2005-06-11,0,2,4
2005156,2005-06-12,1,1,9
2005157,2005-06-13,5,9,8
2005158,2005-06-14,8,7,6
2005159,2005-06-15,1,0,7
2005160,2005-06-16,7,2,6
2005161,2005-06-17,2,2,1
2005162,2005-06-18,9,6,7
2005163,2005-06-19,6,4,5
2005164,2005-06-20,0,0,1
2005165,2005-06-21,3,9,8
2005166,2005-06-22,7,3,6
2005167,2005-06-23,7,1,1
2005168,2005-06-24,9,0,7
2005169,2005-06-25,2,6,3
2005170,2005-06-26,1,9,5
2005171,2005-06-27,1,6,5
2005172,2005-06-28,9,9,7
2005173,2005-06-29,2,0,7
2005174,2005-06-30,8,7,6
2005175,2005-07-01,9,3,3
2005176,2005-07-02,9,3,7
2005177,2005-07-03,7,0,5
2005178,2005-07-04,0,0,4
2005179,2005-07-05,0,4,3
2005180,2005-07-06,3,9,5
2005181,2005-07-07,4,0,2
2005182,2005-07-08,4,6,9
2005183,2005-07-09,1,7,3
2005184,2005-07-10,8,8,4
2005185,2005-07-11,4,3,9
2005186,2005-07-12,2,0,2
2005187,2005-07-13,9,1,3
2005188,2005-07-14,6,2,9
2005189,2005-07-15,4,0,3
2005190,2005-07-16,4,2,6
2005191,2005-07-17,5,0,6
2005192,2005-07-18,6,2,4
2005193,2005-07-19,9,9,9
2005194,2005-07-20,4,9,4
2005195,2005-07-21,5,2,6
2005196,2005-07-22,0,0,5
2005197,2005-07-23,7,8,8
2005198,2005-07-24,7,4,9
2005199,2005-07-25,7,9,4
2005200,2005-07-26,9,9,8
2005201,2005-07-27,0,4,5
2005202,2005-07-28,3,3,0
2005203,2005-07-29,8,1,9
2005204,2005-07-30,5,0,6
2005205,2005-07-31,8,7,5
2005206,2005-08-01,9,5,8
2005207,2005-08-02,8,6,7
2005208,2005-08-03,5,4,0
2005209,2005-08-04,3,1,6
2005210,2005-08-05,5,4,3
2005211,2005-08-06,5,3,4
2005212,2005-08-07,7,8,0
2005213,2005-08-08,9,6,2
2005214,2005-08-09,1,6,9
2005215,2005-08-10,2,3,6
2005216,2005-08-11,8,5,6
2005217,2005-08-12,5,5,5
2005218,2005-08-13,7,2,4
2005219,2005-08-14,2,1,6
2005220,2005-08-15,8,0,2
2005221,2005-08-16,8,7,0
2005222,2005-08-17,8,9,5
2005223,2005-08-18,5,3,9
2005224,2005-08-19,5,6,7
2005225,2005-08-20,3,0,9
2005226,2005-08-21,2,9,3
2005227,2005-08-22,2,6,4
2005228,2005-08-23,7,2,5
2005229,2005-08-24,8,1,3
2005230,2005-08-25,7,8,4
2005231,2005-08-26,0,7,7
2005232,2005-08-27,7,4,9
2005233,2005-08-28,9,3,4
2005234,2005-08-29,1,2,2
2005235,2005-08-30,8,5,6
2005236,2005-08-31,5,3,7
2005237,2005-09-01,6,0,0
2005238,2005-09-02,4,6,3
2005239,2005-09-03,3,4,6
2005240,2005-09-04,5,1,7
2005241,2005-09-05,8,3,2
2005242,2005-09-06,2,8,9
2005243,2005-09-07,9,4,9
2005244,2005-09-08,8,9,4
2005245,2005-09-09,8,2,7
2005246,2005-09-10,5,9,7
2005247,2005-09-11,3,1,0
2005248,2005-09-12,4,8,1
2005249,2005-09-13,5,2,1
2005250,2005-09-14,0,3,7
2005251,2005-09-15,8,1,8
2005252,2005-09-16,0,8,5
2005253,2005-09-17,4,4,2
2005254,2005-09-18,3,0,2
2005255,2005-09-19,9,5,9
2005256,2005-09-20,5,3,9
2005257,2005-09-21,0,2,6
2005258,2005-09-22,9,7,6
2005259,2005-09-23,9,7,1
2005260,2005-09-24,4,8,9
2005261,2005-09-25,6,1,4
2005262,2005-09-26,2,4,0
2005263,2005-09-27,8,4,6
2005264,2005-09-28,8,0,7
2005265,2005-09-29,6,9,6
2005266,2005-09-30,1,0,7
2005267,2005-10-01,5,8,4
2005268,2005-10-02,8,5,5
2005269,2005-10-03,3,2,7
2005270,2005-10-04,9,0,9
2005271,2005-10-05,5,6,6
2005272,2005-10-06,9,8,1
2005273,2005-10-07,7,2,6
2005274,2005-10-08,5,2,6
2005275,2005-10-09,4,7,0
2005276,2005-10-10,8,6,2
2005277,2005-10-11,0,7,5
2005278,2005-10-12,6,9,2
2005279,2005-10-13,2,5,4
2005280,2005-10-14,8,9,9
2005281,2005-10-15,5,7,6
2005282,2005-10-16,5,4,9
2005283,2005-10-17,1,8,4
2005284,2005-10-18,3,8,0
2005285,2005-10-19,6,5,4
2005286,2005-10-20,8,5,3
2005287,2005-10-21,7,8,7
2005288,2005-10-22,4,8,7
2005289,2005-10-23,3,0,4
2005290,2005-10-24,8,0,3
2005291,2005-10-25,3,7,1
2005292,2005-10-26,4,3,6
2005293,2005-10-27,0,4,0
2005294,2005-10-28,8,2,0
2005295,2005-10-29,8,9,3
2005296,2005-10-30,7,1,6
2005297,2005-10-31,3,1,9
2005298,2005-11-01,6,0,8
2005299,2005-11-02,7,5,6
2005300,2005-11-03,9,6,6
2005301,2005-11-04,6,3,5
2005302,2005-11-05,7,4,7
2005303,2005-11-06,5,7,6
2005304,2005-11-07,8,6,3
2005305,2005-11-08,5,7,8
2005306,2005-11-09,3,9,0
2005307,2005-11-10,9,6,8
2005308,2005-11-11,1,2,9
2005309,2005-11-12,5,2,4
2005310,2005-11-13,0,1,5
2005311,2005-11-14,4,5,0
2005312,2005-11-15,7,5,6
2005313,2005-11-16,7,2,8
2005314,2005-11-17,8,6,0
2005315,2005-11-18,6,7,0
2005316,2005-11-19,7,4,1
2005317,2005-11-20,8,4,6
2005318,2005-11-21,0,6,9
2005319,2005-11-22,8,2,4
2005320,2005-11-23,0,8,4
2005321,2005-11-24,8,0,5
2005322,2005-11-25,2,7,4
2005323,2005-11-26,3,3,9
2005324,2005-11-27,5,7,8
2005325,2005-11-28,4,7,2
2005326,2005-11-29,5,0,8
2005327,2005-11-30,7,3,5
2005328,2005-12-01,4,6,3
2005329,2005-12-02,1,1,7
2005330,2005-12-03,1,4,9
2005331,2005-12-04,7,9,0
2005332,2005-12-05,1,8,7
2005333,2005-12-06,3,4,1
2005334,2005-12-07,6,7,2
2005335,2005-12-08,7,8,1
2005336,2005-12-09,6,9,3
2005337,2005-12-10,4,6,1
2005338,2005-12-11,2,3,6
2005339,2005-12-12,4,4,0
2005340,2005-12-13,6,7,8
2005341,2005-12-14,3,0,2
2005342,2005-12-15,3,8,5
2005343,2005-12-16,8,7,6
2005344,2005-12-17,9,4,9
2005345,2005-12-18,7,8,6
2005346,2005-12-19,2,9,2
2005347,2005-12-20,1,7,2
2005348,2005-12-21,3,2,3
2005349,2005-12-22,4,9,2
2005350,2005-12-23,2,3,7
2005351,2005-12-24,2,3,9
2005352,2005-12-25,5,6,2
2005353,2005-12-26,0,9,5
2005354,2005-12-27,0,1,4
2005355,2005-12-28,0,1,2
2005356,2005-12-29,4,3,9
2005357,2005-12-30,4,1,5
2005358,2005-12-31,3,9,7
2006001,2006-01-01,1,8,4
2006002,2006-01-02,2,9,9
2006003,2006-01-03,0,1,2
2006004,2006-01-04,9,4,0
2006005,2006-01-05,1,8,5
2006006,2006-01-06,5,9,8
2006007,2006-01-07,5,6,1
2006008,2006-01-08,4,8,9
2006009,2006-01-09,8,0,3
2006010,2006-01-10,5,3,8
2006011,2006-01-11,7,5,5
2006012,2006-01-12,6,5,2
2006013,2006-01-13,7,7,7
2006014,2006-01-14,6,7,8
2006015,2006-01-15,4,4,6
2006016,2006-01-16,5,1,9
2006017,2006-01-17,9,2,5
2006018,2006-01-18,9,1,6
2006019,2006-01-19,1,9,9
2006020,2006-01-20,7,1,0
2006021,2006-01-21,4,3,8
2006022,2006-01-22,1,6,4
2006023,2006-01-23,2,1,5
2006024,2006-01-24,1,6,3
2006025,2006-01-25,7,0,7
2006026,2006-01-26,9,9,8
2006027,2006-01-27,4,0,4
2006028,2006-02-05,5,4,7
2006029,2006-02-06,7,0,6
2006030,2006-02-07,0,8,6
2006031,2006-02-08,6,7,5
2006032,2006-02-09,6,9,9
2006033,2006-02-10,5,4,9
2006034,2006-02-11,4,6,5
2006035,2006-02-12,6,4,7
2006036,2006-02-13,1,5,4
2006037,2006-02-14,2,3,6
2006038,2006-02-15,3,7,4
2006039,2006-02-16,5,8,7
2006040,2006-02-17,8,7,6
2006041,2006-02-18,8,5,3
2006042,2006-02-19,0,2,8
2006043,2006-02-20,4,4,5
2006044,2006-02-21,0,2,6
2006045,2006-02-22,1,8,7
2006046,2006-02-23,5,6,8
2006047,2006-02-24,6,9,4
2006048,2006-02-25,5,6,4
2006049,2006-02-26,4,8,9
2006050,2006-02-27,8,7,4
2006051,2006-02-28,8,7,3
2006052,2006-03-01,5,0,1
2006053,2006-03-02,6,9,8
2006054,2006-03-03,9,0,9
2006055,2006-03-04,1,4,0
2006056,2006-03-05,8,9,8
2006057,2006-03-06,7,9,1
2006058,2006-03-07,6,0,0
2006059,2006-03-08,9,9,0
2006060,2006-03-09,0,6,2
2006061,2006-03-10,2,2,4
2006062,2006-03-11,7,6,1
2006063,2006-03-12,4,5,8
2006064,2006-03-13,9,8,3
2006065,2006-03-14,9,2,1
2006066,2006-03-15,9,6,7
2006067,2006-03-16,1,4,9
2006068,2006-03-17,0,0,3
2006069,2006-03-18,0,8,2
2006070,2006-03-19,4,1,5
2006071,2006-03-20,2,0,2
2006072,2006-03-21,4,2,0
2006073,2006-03-22,2,0,3
2006074,2006-03-23,2,9,2
2006075,2006-03-24,8,4,4
2006076,2006-03-25,2,2,4
2006077,2006-03-26,2,0,1
2006078,2006-03-27,2,8,6
2006079,2006-03-28,7,1,4
2006080,2006-03-29,5,4,4
2006081,2006-03-30,4,3,4
2006082,2006-03-31,6,7,1
2006083,2006-04-01,9,7,2
2006084,2006-04-02,2,7,6
2006085,2006-04-03,4,9,5
2006086,2006-04-04,1,6,2
2006087,2006-04-05,9,4,7
2006088,2006-04-06,6,4,2
2006089,2006-04-07,4,9,2
2006090,2006-04-08,8,7,7
2006091,2006-04-09,5,3,3
2006092,2006-04-10,4,4,4
2006093,2006-04-11,8,2,4
2006094,2006-04-12,0,1,0
2006095,2006-04-13,3,0,4
2006096,2006-04-14,2,7,5
2006097,2006-04-15,9,3,8
2006098,2006-04-16,6,6,0
2006099,2006-04-17,8,2,6
2006100,2006-04-18,4,5,1
2006101,2006-04-19,4,3,0
2006102,2006-04-20,2,6,0
2006103,2006-04-21,2,2,3
2006104,2006-04-22,6,1,6
2006105,2006-04-23,5,1,9
2006106,2006-04-24,5,3,3
2006107,2006-04-25,1,9,0
2006108,2006-04-26,6,9,6
2006109,2006-04-27,3,0,8
2006110,2006-04-28,4,3,7
2006111,2006-04-29,2,1,8
2006112,2006-04-30,4,9,9
2006113,2006-05-01,6,0,1
2006114,2006-05-02,9,9,7
2006115,2006-05-03,2,5,9
2006116,2006-05-04,3,3,2
2006117,2006-05-05,9,9,9
2006118,2006-05-06,8,9,0
2006119,2006-05-07,9,0,0
2006120,2006-05-08,3,3,2
2006121,2006-05-09,5,7,5
2006122,2006-05-10,5,2,0
2006123,2006-05-11,2,4,9
2006124,2006-05-12,2,6,1
2006125,2006-05-13,3,1,5
2006126,2006-05-14,2,3,8
2006127,2006-05-15,1,0,3
2006128,2006-05-16,6,4,0
2006129,2006-05-17,9,2,9
2006130,2006-05-18,8,0,8
2006131,2006-05-19,1,6,5
2006132,2006-05-20,0,9,3
2006133,2006-05-21,9,8,9
2006134,2006-05-22,0,7,3
2006135,2006-05-23,7,4,5
2006136,2006-05-24,3,9,1
2006137,2006-05-25,7,3,3
2006138,2006-05-26,0,8,7
2006139,2006-05-27,1,7,2
2006140,2006-05-28,8,3,0
2006141,2006-05-29,9,7,4
2006142,2006-05-30,2,6,6
2006143,2006-05-31,1,0,4
2006144,2006-06-01,1,5,1
2006145,2006-06-02,5,8,8
2006146,2006-06-03,8,3,4
2006147,2006-06-04,7,3,3
2006148,2006-06-05,7,6,0
2006149,2006-06-06,0,1,9
2006150,2006-06-07,0,4,9
2006151,2006-06-08,1,8,1
2006152,2006-06-09,8,1,4
2006153,2006-06-10,9,5,0
2006154,2006-06-11,9,4,8
2006155,2006-06-12,7,5,9
2006156,2006-06-13,6,7,8
2006157,2006-06-14,0,3,8
2006158,2006-06-15,6,2,3
2006159,2006-06-16,5,3,9
2006160,2006-06-17,9,8,6
2006161,2006-06-18,9,7,6
2006162,2006-06-19,2,4,2
2006163,2006-06-20,9,9,4
2006164,2006-06-21,5,3,4
2006165,2006-06-22,3,9,7
2006166,2006-06-23,3,7,3
2006167,2006-06-24,9,6,4
2006168,2006-06-25,2,1,1
2006169,2006-06-26,7,9,4
2006170,2006-06-27,3,0,5
2006171,2006-06-28,2,4,6
2006172,2006-06-29,6,8,7
2006173,2006-06-30,0,1,9
2006174,2006-07-01,4,5,4
2006175,2006-07-02,0,0,1
2006176,2006-07-03,7,7,2
2006177,2006-07-04,9,4,5
2006178,2006-07-05,4,6,5
2006179,2006-07-06,4,9,9
2006180,2006-07-07,5,9,3
2006181,2006-07-08,9,5,9
2006182,2006-07-09,2,1,7
2006183,2006-07-10,4,6,5
2006184,2006-07-11,3,4,0
2006185,2006-07-12,7,0,0
2006186,2006-07-13,4,6,9
2006187,2006-07-14,7,1,3
2006188,2006-07-15,9,9,5
2006189,2006-07-16,3,3,4
2006190,2006-07-17,4,1,9
2006191,2006-07-18,2,9,3
2006192,2006-07-19,3,0,0
2006193,2006-07-20,7,4,8
2006194,2006-07-21,1,1,6
2006195,2006-07-22,9,1,8
2006196,2006-07-23,8,4,8
2006197,2006-07-24,9,4,9
2006198,2006-07-25,1,6,5
2006199,2006-07-26,0,2,9
2006200,2006-07-27,9,2,8
2006201,2006-07-28,7,2,4
2006202,2006-07-29,8,9,1
2006203,2006-07-30,4,5,1
2006204,2006-07-31,8,7,2
2006205,2006-08-01,4,8,1
2006206,2006-08-02,4,7,1
2006207,2006-08-03,9,3,7
2006208,2006-08-04,3,6,8
2006209,2006-08-05,5,6,2
2006210,2006-08-06,2,5,7
2006211,2006-08-07,5,5,2
2006212,2006-08-08,9,3,4
2006213,2006-08-09,4,2,1
2006214,2006-08-10,3,4,0
2006215,2006-08-11,5,2,7
2006216,2006-08-12,8,3,6
2006217,2006-08-13,3,5,3
2006218,2006-08-14,7,2,1
2006219,2006-08-15,5,5,4
2006220,2006-08-16,5,4,6
2006221,2006-08-17,7,5,1
2006222,2006-08-18,2,5,5
2006223,2006-08-19,7,6,0
2006224,2006-08-20,7,0,8
2006225,2006-08-21,8,9,3
2006226,2006-08-22,6,0,8
2006227,2006-08-23,6,3,3
2006228,2006-08-24,6,1,2
2006229,2006-08-25,2,6,6
2006230,2006-08-26,2,6,7
2006231,2006-08-27,0,6,8
2006232,2006-08-28,1,6,2
2006233,2006-08-29,7,1,4
2006234,2006-08-30,4,5,7
2006235,2006-08-31,7,3,2
2006236,2006-09-01,1,6,9
2006237,2006-09-02,7,9,3
2006238,2006-09-03,1,6,6
2006239,2006-09-04,5,3,6
2006240,2006-09-05,2,2,8
2006241,2006-09-06,4,3,2
2006242,2006-09-07,7,8,9
2006243,2006-09-08,4,9,8
2006244,2006-09-09,2,2,2
2006245,2006-09-10,0,8,0
2006246,2006-09-11,9,8,9
2006247,2006-09-12,5,2,8
2006248,2006-09-13,8,9,5
2006249,2006-09-14,1,6,6
2006250,2006-09-15,9,5,9
2006251,2006-09-16,6,5,6
2006252,2006-09-17,1,1,5
2006253,2006-09-18,9,7,8
2006254,2006-09-19,2,9,3
2006255,2006-09-20,4,7,9
2006256,2006-09-21,9,9,8
2006257,2006-09-22,5,0,8
2006258,2006-09-23,8,6,0
2006259,2006-09-24,6,2,8
2006260,2006-09-25,6,5,9
2006261,2006-09-26,7,3,5
2006262,2006-09-27,9,1,7
2006263,2006-09-28,8,8,6
2006264,2006-09-29,6,5,6
2006265,2006-09-30,2,2,8
2006266,2006-10-01,2,7,2
2006267,2006-10-02,2,6,5
2006268,2006-10-03,6,3,8
2006269,2006-10-04,0,1,0
2006270,2006-10-05,3,1,7
2006271,2006-10-06,9,4,4
2006272,2006-10-07,5,1,7
2006273,2006-10-08,3,7,3
2006274,2006-10-09,9,0,8
2006275,2006-10-10,7,7,2
2006276,2006-10-11,1,1,0
2006277,2006-10-12,9,0,7
2006278,2006-10-13,2,1,6
2006279,2006-10-14,9,5,1
2006280,2006-10-15,8,0,8
2006281,2006-10-16,2,6,3
2006282,2006-10-17,4,3,3
2006283,2006-10-18,0,2,3
2006284,2006-10-19,2,7,9
2006285,2006-10-20,8,5,7
2006286,2006-10-21,5,6,4
2006287,2006-10-22,4,4,7
2006288,2006-10-23,1,4,5
2006289,2006-10-24,7,8,1
2006290,2006-10-25,2,0,8
2006291,2006-10-26,4,3,9
2006292,2006-10-27,3,3,8
2006293,2006-10-28,0,6,0
2006294,2006-10-29,4,3,7
2006295,2006-10-30,3,3,1
2006296,2006-10-31,6,0,9
2006297,2006-11-01,6,0,0
2006298,2006-11-02,9,7,2
2006299,2006-11-03,9,5,6
2006300,2006-11-04,2,1,4
2006301,2006-11-05,1,9,9
2006302,2006-11-06,6,3,5
2006303,2006-11-07,7,7,2
2006304,2006-11-08,9,9,1
2006305,2006-11-09,2,5,9
2006306,2006-11-10,6,6,1
2006307,2006-11-11,2,7,8
2006308,2006-11-12,8,7,1
2006309,2006-11-13,8,3,4
2006310,2006-11-14,9,9,9
2006311,2006-11-15,3,0,5
2006312,2006-11-16,3,1,0
2006313,2006-11-17,8,3,0
2006314,2006-11-18,7,2,4
2006315,2006-11-19,0,4,1
2006316,2006-11-20,1,3,3
2006317,2006-11-21,8,4,5
2006318,2006-11-22,6,1,9
2006319,2006-11-23,6,5,5
2006320,2006-11-24,3,4,9
2006321,2006-11-25,4,6,8
2006322,2006-11-26,6,6,4
2006323,2006-11-27,7,3,6
2006324,2006-11-28,8,1,5
2006325,2006-11-29,1,4,3
2006326,2006-11-30,9,7,7
2006327,2006-12-01,3,7,5
2006328,2006-12-02,1,6,9
2006329,2006-12-03,8,9,6
2006330,2006-12-04,7,7,4
2006331,2006-12-05,0,9,0
2006332,2006-12-06,0,2,0
2006333,2006-12-07,7,6,7
2006334,2006-12-08,8,9,3
2006335,2006-12-09,6,5,9
2006336,2006-12-10,4,5,6
2006337,2006-12-11,1,2,6
2006338,2006-12-12,9,4,0
2006339,2006-12-13,0,6,3
2006340,2006-12-14,5,3,1
2006341,2006-12-15,6,6,4
2006342,2006-12-16,7,4,6
2006343,2006-12-17,1,8,3
2006344,2006-12-18,7,1,2
2006345,2006-12-19,0,3,0
2006346,2006-12-20,5,6,6
2006347,2006-12-21,1,8,4
2006348,2006-12-22,1,1,4
2006349,2006-12-23,7,3,5
2006350,2006-12-24,6,9,8
2006351,2006-12-25,1,1,7
2006352,2006-12-26,6,9,1
2006353,2006-12-27,5,1,3
2006354,2006-12-28,3,3,4
2006355,2006-12-29,9,1,4
2006356,2006-12-30,6,7,8
2006357,2006-12-31,5,8,4
2007001,2007-01-01,0,3,8
2007002,2007-01-02,0,6,0
2007003,2007-01-03,8,3,9
2007004,2007-01-04,1,6,3
2007005,2007-01-05,0,9,1
2007006,2007-01-06,8,3,5
2007007,2007-01-07,5,4,1
2007008,2007-01-08,4,1,6
2007009,2007-01-09,2,9,2
2007010,2007-01-10,4,5,3
2007011,2007-01-11,2,6,1
2007012,2007-01-12,4,0,5
2007013,2007-01-13,2,5,2
2007014,2007-01-14,0,4,7
2007015,2007-01-15,9,7,7
2007016,2007-01-16,8,7,8
2007017,2007-01-17,4,8,5
2007018,2007-01-18,2,0,4
2007019,2007-01-19,2,1,9
2007020,2007-01-20,1,5,1
2007021,2007-01-21,7,5,7
2007022,2007-01-22,8,9,6
2007023,2007-01-23,7,1,6
2007024,2007-01-24,9,5,5
2007025,2007-01-25,3,1,9
2007026,2007-01-26,2,6,0
2007027,2007-01-27,3,4,9
2007028,2007-01-28,1,1,9
2007029,2007-01-29,3,9,9
2007030,2007-01-30,2,8,1
2007031,2007-01-31,7,0,4
2007032,2007-02-01,9,6,1
2007033,2007-02-02,8,7,5
2007034,2007-02-03,4,9,4
2007035,2007-02-04,7,6,4
2007036,2007-02-05,0,3,2
2007037,2007-02-06,5,0,7
2007038,2007-02-07,2,0,3
2007039,2007-02-08,0,2,5
2007040,2007-02-09,9,4,8
2007041,2007-02-10,3,3,5
2007042,2007-02-11,1,9,9
2007043,2007-02-12,9,4,7
2007044,2007-02-13,9,8,8
2007045,2007-02-14,0,0,0
2007046,2007-02-15,5,6,4
2007047,2007-02-16,3,7,7
2007048,2007-02-25,5,7,2
2007049,2007-02-26,7,6,0
2007050,2007-02-27,1,6,3
2007051,2007-02-28,2,6,5
2007052,2007-03-01,7,3,3
2007053,2007-03-02,8,0,2
2007054,2007-03-03,8,4,7
2007055,2007-03-04,0,1,7
2007056,2007-03-05,2,7,8
2007057,2007-03-06,9,5,5
2007058,2007-03-07,8,8,7
2007059,2007-03-08,5,2,8
2007060,2007-03-09,3,6,8
2007061,2007-03-10,7,8,7
2007062,2007-03-11,3,2,7
2007063,2007-03-12,3,6,5
2007064,2007-03-13,3,3,0
2007065,2007-03-14,2,6,8
2007066,2007-03-15,6,8,3
2007067,2007-03-16,4,9,9
2007068,2007-03-17,1,0,3
2007069,2007-03-18,5,3,1
2007070,2007-03-19,4,4,1
2007071,2007-03-20,9,8,4
2007072,2007-03-21,0,1,0
2007073,2007-03-22,5,6,4
2007074,2007-03-23,9,0,6
2007075,2007-03-24,5,1,5
2007076,2007-03-25,3,1,6
2007077,2007-03-26,7,6,1
2007078,2007-03-27,7,3,7
2007079,2007-03-28,1,9,5
2007080,2007-03-29,8,5,6
2007081,2007-03-30,4,9,1
2007082,2007-03-31,0,4,4
2007083,2007-04-01,9,0,3
2007084,2007-04-02,0,2,0
2007085,2007-04-03,8,7,8
2007086,2007-04-04,0,2,8
2007087,2007-04-05,7,3,8
2007088,2007-04-06,8,9,4
2007089,2007-04-07,5,7,7
2007090,2007-04-08,6,2,4
2007091,2007-04-09,1,7,0
2007092,2007-04-10,4,1,7
2007093,2007-04-11,9,7,1
2007094,2007-04-12,0,5,1
2007095,2007-04-13,9,3,7
2007096,2007-04-14,9,6,7
2007097,2007-04-15,5,3,2
2007098,2007-04-16,6,7,9
2007099,2007-04-17,4,0,5
2007100,2007-04-18,9,4,1
2007101,2007-04-19,3,4,9
2007102,2007-04-20,4,8,5
2007103,2007-04-21,4,4,1
2007104,2007-04-22,7,5,4
2007105,2007-04-23,9,9,9
2007106,2007-04-24,8,4,5
2007107,2007-04-25,6,9,1
2007108,2007-04-26,4,9,7
2007109,2007-04-27,3,9,5
2007110,2007-04-28,7,8,6
2007111,2007-04-29,7,6,2
2007112,2007-04-30,7,3,4
2007113,2007-05-01,1,8,3
2007114,2007-05-02,7,8,6
2007115,2007-05-03,1,6,7
2007116,2007-05-04,2,7,2
2007117,2007-05-05,3,7,8
2007118,2007-05-06,9,7,1
2007119,2007-05-07,9,6,7
2007120,2007-05-08,5,3,4
2007121,2007-05-09,0,0,6
2007122,2007-05-10,5,2,0
2007123,2007-05-11,5,2,5
2007124,2007-05-12,7,7,9
2007125,2007-05-13,1,6,3
2007126,2007-05-14,0,7,5
2007127,2007-05-15,9,0,9
2007128,2007-05-16,6,9,9
2007129,2007-05-17,9,4,5
2007130,2007-05-18,1,1,1
2007131,2007-05-19,5,7,5
2007132,2007-05-20,6,8,4
2007133,2007-05-21,8,3,9
2007134,2007-05-22,0,9,7
2007135,2007-05-23,5,9,5
2007136,2007-05-24,8,5,8
2007137,2007-05-25,9,6,4
2007138,2007-05-26,0,4,7
2007139,2007-05-27,3,2,8
2007140,2007-05-28,0,3,6
2007141,2007-05-29,8,8,4
2007142,2007-05-30,6,6,9
2007143,2007-05-31,1,3,9
2007144,2007-06-01,9,1,2
2007145,2007-06-02,0,6,0
2007146,2007-06-03,9,1,0
2007147,2007-06-04,9,7,6
2007148,2007-06-05,2,4,6
2007149,2007-06-06,3,7,8
2007150,2007-06-07,8,7,3
2007151,2007-06-08,6,7,6
2007152,2007-06-09,9,5,1
2007153,2007-06-10,1,8,1
2007154,2007-06-11,8,5,1
2007155,2007-06-12,6,8,2
2007156,2007-06-13,7,7,5
2007157,2007-06-14,0,0,0
2007158,2007-06-15,8,9,1
2007159,2007-06-16,5,3,9
2007160,2007-06-17,8,7,8
2007161,2007-06-18,5,6,7
2007162,2007-06-19,5,5,4
2007163,2007-06-20,6,5,8
2007164,2007-06-21,7,3,8
2007165,2007-06-22,9,4,6
2007166,2007-06-23,7,9,5
2007167,2007-06-24,8,0,0
2007168,2007-06-25,0,6,4
2007169,2007-06-26,3,3,8
2007170,2007-06-27,2,0,0
2007171,2007-06-28,8,9,0
2007172,2007-06-29,5,1,7
2007173,2007-06-30,9,8,1
2007174,2007-07-01,3,8,4
2007175,2007-07-02,4,4,6
2007176,2007-07-03,1,7,4
2007177,2007-07-04,7,2,6
2007178,2007-07-05,4,9,1
2007179,2007-07-06,8,2,5
2007180,2007-07-07,6,8,0
2007181,2007-07-08,8,4,9
2007182,2007-07-09,6,0,4
2007183,2007-07-10,9,0,3
2007184,2007-07-11,5,7,4
2007185,2007-07-12,5,8,1
2007186,2007-07-13,0,0,0
2007187,2007-07-14,8,6,7
2007188,2007-07-15,5,8,9
2007189,2007-07-16,1,8,4
2007190,2007-07-17,6,1,6
2007191,2007-07-18,9,5,9
2007192,2007-07-19,1,0,6
2007193,2007-07-20,9,5,1
2007194,2007-07-21,1,4,1
2007195,2007-07-22,5,6,6
2007196,2007-07-23,5,6,5
2007197,2007-07-24,7,1,3
2007198,2007-07-25,2,8,2
2007199,2007-07-26,4,4,9
2007200,2007-07-27,7,6,6
2007201,2007-07-28,0,8,5
2007202,2007-07-29,8,6,8
2007203,2007-07-30,1,3,1
2007204,2007-07-31,9,8,1
2007205,2007-08-01,5,3,3
2007206,2007-08-02,5,1,8
2007207,2007-08-03,9,2,3
2007208,2007-08-04,6,4,3
2007209,2007-08-05,3,8,9
2007210,2007-08-06,0,6,1
2007211,2007-08-07,1,8,8
2007212,2007-08-08,2,4,4
2007213,2007-08-09,8,9,9
2007214,2007-08-10,9,4,4
2007215,2007-08-11,8,8,4
2007216,2007-08-12,1,7,6
2007217,2007-08-13,5,0,3
2007218,2007-08-14,3,9,7
2007219,2007-08-15,5,6,9
2007220,2007-08-16,4,7,9
2007221,2007-08-17,2,1,1
2007222,2007-08-18,7,1,2
2007223,2007-08-19,4,2,7
2007224,2007-08-20,4,3,6
2007225,2007-08-21,8,0,1
2007226,2007-08-22,2,5,9
2007227,2007-08-23,2,0,1
2007228,2007-08-24,2,9,1
2007229,2007-08-25,0,2,2
2007230,2007-08-26,9,4,7
2007231,2007-08-27,1,3,9
2007232,2007-08-28,8,3,3
2007233,2007-08-29,8,3,2
2007234,2007-08-30,6,3,8
2007235,2007-08-31,8,9,3
2007236,2007-09-01,6,8,9
2007237,2007-09-02,4,3,8
2007238,2007-09-03,0,7,8
2007239,2007-09-04,8,4,6
2007240,2007-09-05,4,6,1
2007241,2007-09-06,5,3,2
2007242,2007-09-07,8,2,0
2007243,2007-09-08,7,1,9
2007244,2007-09-09,3,3,3
2007245,2007-09-10,9,4,6
2007246,2007-09-11,2,5,2
2007247,2007-09-12,8,5,4
2007248,2007-09-13,2,5,1
2007249,2007-09-14,0,5,1
2007250,2007-09-15,0,2,8
2007251,2007-09-16,6,0,2
2007252,2007-09-17,0,2,9
2007253,2007-09-18,5,3,3
2007254,2007-09-19,6,3,0
2007255,2007-09-20,4,8,8
2007256,2007-09-21,2,2,1
2007257,2007-09-22,1,4,4
2007258,2007-09-23,5,4,3
2007259,2007-09-24,1,5,4
2007260,2007-09-25,9,7,9
2007261,2007-09-26,9,1,2
2007262,2007-09-27,0,4,9
2007263,2007-09-28,2,3,1
2007264,2007-09-29,7,9,6
2007265,2007-09-30,2,3,2
2007266,2007-10-01,8,0,6
2007267,2007-10-02,5,9,8
2007268,2007-10-03,6,3,9
2007269,2007-10-04,8,3,3
2007270,2007-10-05,8,5,2
2007271,2007-10-06,2,9,5
2007272,2007-10-07,7,9,2
2007273,2007-10-08,8,5,4
2007274,2007-10-09,4,3,5
2007275,2007-10-10,3,6,1
2007276,2007-10-11,4,9,4
2007277,2007-10-12,2,5,4
2007278,2007-10-13,5,6,3
2007279,2007-10-14,8,9,6
2007280,2007-10-15,8,6,4
2007281,2007-10-16,4,0,3
2007282,2007-10-17,9,0,4
2007283,2007-10-18,2,1,0
2007284,2007-10-19,7,5,9
2007285,2007-10-20,4,0,7
2007286,2007-10-21,6,1,9
2007287,2007-10-22,3,7,4
2007288,2007-10-23,9,2,7
2007289,2007-10-24,7,9,4
2007290,2007-10-25,4,5,3
2007291,2007-10-26,4,4,1
2007292,2007-10-27,5,6,9
2007293,2007-10-28,4,7,4
2007294,2007-10-29,5,6,3
2007295,2007-10-30,3,1,1
2007296,2007-10-31,9,4,5
2007297,2007-11-01,9,7,1
2007298,2007-11-02,2,6,8
2007299,2007-11-03,4,9,4
2007300,2007-11-04,3,5,7
2007301,2007-11-05,8,2,4
2007302,2007-11-06,4,9,1
2007303,2007-11-07,9,8,0
2007304,2007-11-08,4,0,2
2007305,2007-11-09,7,9,8
2007306,2007-11-10,0,5,3
2007307,2007-11-11,6,1,0
2007308,2007-11-12,0,8,7
2007309,2007-11-13,8,8,4
2007310,2007-11-14,7,5,9
2007311,2007-11-15,3,4,7
2007312,2007-11-16,0,5,3
2007313,2007-11-17,6,3,3
2007314,2007-11-18,1,7,4
2007315,2007-11-19,2,0,1
2007316,2007-11-20,6,0,7
2007317,2007-11-21,7,8,7
2007318,2007-11-22,0,9,1
2007319,2007-11-23,0,5,3
2007320,2007-11-24,7,9,4
2007321,2007-11-25,8,5,8
2007322,2007-11-26,8,8,3
2007323,2007-11-27,6,9,4
2007324,2007-11-28,0,5,1
2007325,2007-11-29,8,1,9
2007326,2007-11-30,5,6,6
2007327,2007-12-01,4,3,8
2007328,2007-12-02,9,4,0
2007329,2007-12-03,2,7,3
2007330,2007-12-04,0,1,5
2007331,2007-12-05,1,5,3
2007332,2007-12-06,6,6,4
2007333,2007-12-07,9,1,4
2007334,2007-12-08,7,7,3
2007335,2007-12-09,5,2,3
2007336,2007-12-10,7,7,4
2007337,2007-12-11,2,7,6
2007338,2007-12-12,5,8,5
2007339,2007-12-13,0,4,8
2007340,2007-12-14,4,1,6
2007341,2007-12-15,0,3,2
2007342,2007-12-16,0,6,8
2007343,2007-12-17,4,9,2
2007344,2007-12-18,7,5,7
2007345,2007-12-19,5,9,6
2007346,2007-12-20,0,8,0
2007347,2007-12-21,3,1,0
2007348,2007-12-22,4,1,8
2007349,2007-12-23,4,7,7
2007350,2007-12-24,1,6,4
2007351,2007-12-25,0,2,8
2007352,2007-12-26,1,4,7
2007353,2007-12-27,0,0,5
2007354,2007-12-28,0,6,5
2007355,2007-12-29,6,3,4
2007356,2007-12-30,2,1,5
2007357,2007-12-31,3,1,7
2008001,2008-01-01,6,5,9
2008002,2008-01-02,8,7,0
2008003,2008-01-03,8,3,8
2008004,2008-01-04,3,5,9
2008005,2008-01-05,3,1,4
2008006,2008-01-06,2,8,2
2008007,2008-01-07,0,8,9
2008008,2008-01-08,8,0,3
2008009,2008-01-09,0,8,1
2008010,2008-01-10,2,8,4
2008011,2008-01-11,5,0,6
2008012,2008-01-12,6,3,0
2008013,2008-01-13,0,0,4
2008014,2008-01-14,1,6,3
2008015,2008-01-15,4,7,5
2008016,2008-01-16,7,8,9
2008017,2008-01-17,0,6,5
2008018,2008-01-18,1,5,5
2008019,2008-01-19,6,4,9
2008020,2008-01-20,7,8,6
2008021,2008-01-21,1,1,9
2008022,2008-01-22,6,5,4
2008023,2008-01-23,0,8,8
2008024,2008-01-24,0,1,2
2008025,2008-01-25,6,3,0
2008026,2008-01-26,8,0,6
2008027,2008-01-27,0,2,6
2008028,2008-01-28,9,9,0
2008029,2008-01-29,3,2,0
2008030,2008-01-30,3,1,4
2008031,2008-01-31,5,3,5
2008032,2008-02-01,8,2,7
2008033,2008-02-02,5,2,0
2008034,2008-02-03,8,3,5
2008035,2008-02-04,9,1,3
2008036,2008-02-05,5,4,1
2008037,2008-02-13,8,0,6
2008038,2008-02-14,6,5,3
2008039,2008-02-15,4,5,8
2008040,2008-02-16,8,0,4
2008041,2008-02-17,6,6,1
2008042,2008-02-18,6,1,2
2008043,2008-02-19,1,1,1
2008044,2008-02-20,1,2,1
2008045,2008-02-21,6,6,6
2008046,2008-02-22,8,0,5
2008047,2008-02-23,2,2,7
2008048,2008-02-24,8,0,5
2008049,2008-02-25,5,2,3
2008050,2008-02-26,3,3,2
2008051,2008-02-27,2,3,9
2008052,2008-02-28,2,8,0
2008053,2008-02-29,5,0,7
2008054,2008-03-01,9,3,2
2008055,2008-03-02,4,0,0
2008056,2008-03-03,6,7,1
2008057,2008-03-04,3,2,0
2008058,2008-03-05,6,7,7
2008059,2008-03-06,4,5,7
2008060,2008-03-07,6,3,6
2008061,2008-03-08,4,3,8
2008062,2008-03-09,4,1,3
2008063,2008-03-10,8,3,0
2008064,2008-03-11,6,4,8
2008065,2008-03-12,3,6,6
2008066,2008-03-13,1,9,5
2008067,2008-03-14,9,2,1
2008068,2008-03-15,5,4,2
2008069,2008-03-16,6,0,8
2008070,2008-03-17,7,3,8
2008071,2008-03-18,3,4,6
2008072,2008-03-19,5,0,2
2008073,2008-03-20,8,2,4
2008074,2008-03-21,3,8,1
2008075,2008-03-22,5,9,7
2008076,2008-03-23,8,2,6
2008077,2008-03-24,6,7,4
2008078,2008-03-25,6,1,9
2008079,2008-03-26,7,3,7
2008080,2008-03-27,8,5,3
2008081,2008-03-28,7,9,8
2008082,2008-03-29,4,6,7
2008083,2008-03-30,9,0,9
2008084,2008-03-31,3,9,7
2008085,2008-04-01,0,1,0
2008086,2008-04-02,3,9,1
2008087,2008-04-03,7,2,6
2008088,2008-04-04,4,5,6
2008089,2008-04-05,0,5,4
2008090,2008-04-06,3,1,8
2008091,2008-04-07,6,4,0
2008092,2008-04-08,9,8,3
2008093,2008-04-09,6,8,8
2008094,2008-04-10,5,9,9
2008095,2008-04-11,0,6,3
2008096,2008-04-12,4,7,0
2008097,2008-04-13,9,2,1
2008098,2008-04-14,5,6,7
2008099,2008-04-15,9,5,2
2008100,2008-04-16,7,5,7
2008101,2008-04-17,2,3,6
2008102,2008-04-18,5,1,1
2008103,2008-04-19,2,6,2
2008104,2008-04-20,1,1,5
2008105,2008-04-21,5,2,5
2008106,2008-04-22,0,9,0
2008107,2008-04-23,3,5,0
2008108,2008-04-24,5,6,2
2008109,2008-04-25,5,1,8
2008110,2008-04-26,3,9,3
2008111,2008-04-27,8,9,1
2008112,2008-04-28,4,7,6
2008113,2008-04-29,1,1,2
2008114,2008-04-30,2,4,6
2008115,2008-05-01,8,8,8
2008116,2008-05-02,6,9,5
2008117,2008-05-03,9,9,9
2008118,2008-05-04,1,7,7
2008119,2008-05-05,8,7,4
2008120,2008-05-06,7,5,4
2008121,2008-05-07,1,1,8
2008122,2008-05-08,3,1,3
2008123,2008-05-09,8,3,4
2008124,2008-05-10,1,0,9
2008125,2008-05-11,2,8,8
2008126,2008-05-12,2,9,4
2008127,2008-05-13,8,6,1
2008128,2008-05-14,4,9,5
2008129,2008-05-15,8,6,0
2008130,2008-05-16,8,0,8
2008131,2008-05-17,6,4,3
2008132,2008-05-18,2,5,4
2008133,2008-05-19,2,8,6
2008134,2008-05-20,5,4,2
2008135,2008-05-21,9,6,4
2008136,2008-05-22,4,6,7
2008137,2008-05-23,0,6,2
2008138,2008-05-24,8,4,1
2008139,2008-05-25,7,5,9
2008140,2008-05-26,4,1,4
2008141,2008-05-27,5,1,6
2008142,2008-05-28,6,7,2
2008143,2008-05-29,8,5,8
2008144,2008-05-30,1,8,6
2008145,2008-05-31,0,2,4
2008146,2008-06-01,1,4,2
2008147,2008-06-02,8,9,7
2008148,2008-06-03,2,9,4
2008149,2008-06-04,9,1,6
2008150,2008-06-05,5,8,4
2008151,2008-06-06,6,7,3
2008152,2008-06-07,8,2,4
2008153,2008-06-08,6,6,6
2008154,2008-06-09,9,1,0
2008155,2008-06-10,3,5,7
2008156,2008-06-11,0,7,2
2008157,2008-06-12,7,4,9
2008158,2008-06-13,8,0,5
2008159,2008-06-14,6,0,4
2008160,2008-06-15,7,4,9
2008161,2008-06-16,7,6,7
2008162,2008-06-17,6,7,4
2008163,2008-06-18,3,0,7
2008164,2008-06-19,1,8,2
2008165,2008-06-20,2,3,0
2008166,2008-06-21,8,8,0
2008167,2008-06-22,4,6,2
2008168,2008-06-23,6,3,4
2008169,2008-06-24,9,9,7
2008170,2008-06-25,4,4,2
2008171,2008-06-26,7,3,2
2008172,2008-06-27,3,8,2
2008173,2008-06-28,6,1,5
2008174,2008-06-29,8,8,7
2008175,2008-06-30,5,1,6
2008176,2008-07-01,5,4,2
2008177,2008-07-02,1,0,4
2008178,2008-07-03,3,4,4
2008179,2008-07-04,1,2,2
2008180,2008-07-05,4,1,1
2008181,2008-07-06,3,9,3
2008182,2008-07-07,0,8,2
2008183,2008-07-08,3,6,9
2008184,2008-07-09,8,4,0
2008185,2008-07-10,0,6,4
2008186,2008-07-11,8,7,6
2008187,2008-07-12,9,0,5
2008188,2008-07-13,5,9,5
2008189,2008-07-14,0,8,5
2008190,2008-07-15,8,6,2
2008191,2008-07-16,1,3,4
2008192,2008-07-17,8,6,7
2008193,2008-07-18,6,0,8
2008194,2008-07-19,3,1,2
2008195,2008-07-20,2,8,2
2008196,2008-07-21,8,6,1
2008197,2008-07-22,3,5,7
2008198,2008-07-23,0,6,8
2008199,2008-07-24,4,8,1
2008200,2008-07-25,2,0,4
2008201,2008-07-26,7,4,3
2008202,2008-07-27,1,9,8
2008203,2008-07-28,7,9,9
2008204,2008-07-29,6,7,6
2008205,2008-07-30,0,5,6
2008206,2008-07-31,4,8,0
2008207,2008-08-01,0,6,0
2008208,2008-08-02,3,5,6
2008209,2008-08-03,6,1,9
2008210,2008-08-04,0,0,3
2008211,2008-08-05,1,9,4
2008212,2008-08-06,8,9,4
2008213,2008-08-07,8,6,0
2008214,2008-08-08,1,4,4
2008215,2008-08-09,7,3,5
2008216,2008-08-10,9,3,8
2008217,2008-08-11,0,5,4
2008218,2008-08-12,1,6,1
2008219,2008-08-13,4,9,2
2008220,2008-08-14,4,8,4
2008221,2008-08-15,3,9,8
2008222,2008-08-16,1,0,8
2008223,2008-08-17,9,9,6
2008224,2008-08-18,6,3,2
2008225,2008-08-19,3,5,4
2008226,2008-08-20,9,8,2
2008227,2008-08-21,5,8,7
2008228,2008-08-22,7,5,9
2008229,2008-08-23,1,9,4
2008230,2008-08-24,6,3,2
2008231,2008-08-25,6,3,5
2008232,2008-08-26,8,4,0
2008233,2008-08-27,0,2,6
2008234,2008-08-28,8,0,0
2008235,2008-08-29,3,7,2
2008236,2008-08-30,7,9,6
2008237,2008-08-31,1,1,4
2008238,2008-09-01,2,5,9
2008239,2008-09-02,4,4,3
2008240,2008-09-03,3,0,0
2008241,2008-09-04,5,6,9
2008242,2008-09-05,3,8,4
2008243,2008-09-06,9,3,9
2008244,2008-09-07,2,1,3
2008245,2008-09-08,7,7,0
2008246,2008-09-09,7,1,6
2008247,2008-09-10,3,6,0
2008248,2008-09-11,2,5,1
2008249,2008-09-12,1,5,7
2008250,2008-09-13,1,8,0
2008251,2008-09-14,5,9,6
2008252,2008-09-15,5,1,8
2008253,2008-09-16,2,0,5
2008254,2008-09-17,4,3,0
2008255,2008-09-18,4,7,8
2008256,2008-09-19,9,2,5
2008257,2008-09-20,7,5,7
2008258,2008-09-21,8,2,6
2008259,2008-09-22,5,8,5
2008260,2008-09-23,2,7,6
2008261,2008-09-24,0,1,0
2008262,2008-09-25,5,8,9
2008263,2008-09-26,0,4,0
2008264,2008-09-27,5,3,3
2008265,2008-09-28,7,2,8
2008266,2008-09-29,9,3,7
2008267,2008-09-30,8,5,1
2008268,2008-10-01,5,9,5
2008269,2008-10-02,1,1,9
2008270,2008-10-03,0,4,4
2008271,2008-10-04,3,5,0
2008272,2008-10-05,9,3,9
2008273,2008-10-06,0,7,7
2008274,2008-10-07,0,2,7
2008275,2008-10-08,1,2,2
2008276,2008-10-09,0,2,7
2008277,2008-10-10,6,2,1
2008278,2008-10-11,7,9,3
2008279,2008-10-12,8,9,4
2008280,2008-10-13,6,5,9
2008281,2008-10-14,2,1,2
2008282,2008-10-15,1,5,0
2008283,2008-10-16,8,0,6
2008284,2008-10-17,8,5,4
2008285,2008-10-18,3,4,3
2008286,2008-10-19,5,1,9
2008287,2008-10-20,6,7,1
2008288,2008-10-21,4,3,2
2008289,2008-10-22,1,4,1
2008290,2008-10-23,3,3,6
2008291,2008-10-24,4,9,7
2008292,2008-10-25,8,4,5
2008293,2008-10-26,0,9,9
2008294,2008-10-27,0,9,7
2008295,2008-10-28,9,4,4
2008296,2008-10-29,7,6,6
2008297,2008-10-30,9,4,1
2008298,2008-10-31,7,2,6
2008299,2008-11-01,0,7,8
2008300,2008-11-02,6,8,8
2008301,2008-11-03,0,2,0
2008302,2008-11-04,9,0,7
2008303,2008-11-05,3,9,3
2008304,2008-11-06,9,7,6
2008305,2008-11-07,0,1,0
2008306,2008-11-08,4,8,9
2008307,2008-11-09,4,5,3
2008308,2008-11-10,7,4,6
2008309,2008-11-11,2,5,0
2008310,2008-11-12,7,9,3
2008311,2008-11-13,0,7,1
2008312,2008-11-14,6,3,6
2008313,2008-11-15,9,7,1
2008314,2008-11-16,4,4,7
2008315,2008-11-17,8,8,7
2008316,2008-11-18,8,4,5
2008317,2008-11-19,3,8,1
2008318,2008-11-20,8,0,3
2008319,2008-11-21,8,8,1
2008320,2008-11-22,7,4,3
2008321,2008-11-23,9,9,1
2008322,2008-11-24,2,3,5
2008323,2008-11-25,4,6,1
2008324,2008-11-26,5,4,9
2008325,2008-11-27,0,8,7
2008326,2008-11-28,8,0,7
2008327,2008-11-29,5,5,3
2008328,2008-11-30,2,0,5
2008329,2008-12-01,4,2,2
2008330,2008-12-02,1,7,8
2008331,2008-12-03,3,7,6
2008332,2008-12-04,9,0,0
2008333,2008-12-05,8,8,5
2008334,2008-12-06,0,7,8
2008335,2008-12-07,6,2,8
2008336,2008-12-08,2,9,8
2008337,2008-12-09,0,1,7
2008338,2008-12-10,9,9,9
2008339,2008-12-11,4,5,2
2008340,2008-12-12,5,6,8
2008341,2008-12-13,3,5,1
2008342,2008-12-14,0,0,1
2008343,2008-12-15,6,1,4
2008344,2008-12-16,0,7,0
2008345,2008-12-17,9,2,3
2008346,2008-12-18,5,5,9
2008347,2008-12-19,7,9,0
2008348,2008-12-20,4,1,3
2008349,2008-12-21,0,8,3
2008350,2008-12-22,5,5,9
2008351,2008-12-23,1,6,3
2008352,2008-12-24,5,7,5
2008353,2008-12-25,3,7,5
2008354,2008-12-26,4,7,4
2008355,2008-12-27,4,8,7
2008356,2008-12-28,7,1,5
2008357,2008-12-29,2,8,3
2008358,2008-12-30,6,9,4
2008359,2008-12-31,2,1,0
2009001,2009-01-01,3,2,5
2009002,2009-01-02,6,1,4
2009003,2009-01-03,4,8,8
2009004,2009-01-04,5,0,2
2009005,2009-01-05,5,2,1
2009006,2009-01-06,6,5,9
2009007,2009-01-07,3,4,1
2009008,2009-01-08,2,4,3
2009009,2009-01-09,6,6,9
2009010,2009-01-10,8,6,2
2009011,2009-01-11,6,5,6
2009012,2009-01-12,9,6,1
2009013,2009-01-13,5,5,1
2009014,2009-01-14,2,9,9
2009015,2009-01-15,2,7,1
2009016,2009-01-16,9,7,7
2009017,2009-01-17,3,5,5
2009018,2009-01-18,8,8,6
2009019,2009-01-19,8,3,0
2009020,2009-01-20,4,6,1
2009021,2009-01-21,7,0,0
2009022,2009-01-22,9,1,4
2009023,2009-01-23,6,6,2
2009024,2009-01-24,5,1,8
2009025,2009-02-01,2,7,8
2009026,2009-02-02,6,6,9
2009027,2009-02-03,5,8,5
2009028,2009-02-04,3,3,5
2009029,2009-02-05,4,7,0
2009030,2009-02-06,1,0,3
2009031,2009-02-07,5,4,3
2009032,2009-02-08,9,8,1
2009033,2009-02-09,4,7,2
2009034,2009-02-10,2,3,5
2009035,2009-02-11,8,1,4
2009036,2009-02-12,0,3,2
2009037,2009-02-13,9,0,4
2009038,2009-02-14,6,3,5
2009039,2009-02-15,8,4,5
2009040,2009-02-16,7,3,6
2009041,2009-02-17,6,7,9
2009042,2009-02-18,3,1,3
2009043,2009-02-19,6,2,6
2009044,2009-02-20,7,3,3
2009045,2009-02-21,7,7,4
2009046,2009-02-22,8,0,2
2009047,2009-02-23,7,1,3
2009048,2009-02-24,1,3,6
2009049,2009-02-25,3,7,3
2009050,2009-02-26,6,9,8
2009051,2009-02-27,1,0,8
2009052,2009-02-28,9,2,6
2009053,2009-03-01,6,2,2
2009054,2009-03-02,5,4,9
2009055,2009-03-03,0,4,5
2009056,2009-03-04,7,9,7
2009057,2009-03-05,3,8,1
2009058,2009-03-06,4,3,7
2009059,2009-03-07,2,1,0
2009060,2009-03-08,4,1,1
2009061,2009-03-09,8,0,4
2009062,2009-03-10,6,7,5
2009063,2009-03-11,1,5,9
2009064,2009-03-12,4,6,6
2009065,2009-03-13,4,5,5
2009066,2009-03-14,4,7,1
2009067,2009-03-15,6,9,0
2009068,2009-03-16,4,1,5
2009069,2009-03-17,3,2,0
2009070,2009-03-18,8,4,3
2009071,2009-03-19,5,0,2
2009072,2009-03-20,4,7,9
2009073,2009-03-21,5,4,7
2009074,2009-03-22,1,6,1
2009075,2009-03-23,5,2,8
2009076,2009-03-24,3,7,6
2009077,2009-03-25,8,5,6
2009078,2009-03-26,4,9,3
2009079,2009-03-27,3,2,8
2009080,2009-03-28,7,9,9
2009081,2009-03-29,2,8,3
2009082,2009-03-30,0,3,8
2009083,2009-03-31,5,0,9
2009084,2009-04-01,5,7,8
2009085,2009-04-02,1,9,8
2009086,2009-04-03,8,0,6
2009087,2009-04-04,5,0,0
2009088,2009-04-05,8,0,9
2009089,2009-04-06,7,8,4
2009090,2009-04-07,2,1,4
2009091,2009-04-08,6,1,2
2009092,2009-04-09,9,2,0
2009093,2009-04-10,8,8,0
2009094,2009-04-11,7,9,9
2009095,2009-04-12,3,0,1
2009096,2009-04-13,3,5,1
2009097,2009-04-14,5,9,1
2009098,2009-04-15,8,6,7
2009099,2009-04-16,7,6,2
2009100,2009-04-17,3,3,5
2009101,2009-04-18,3,7,0
2009102,2009-04-19,8,9,2
2009103,2009-04-20,3,9,3
2009104,2009-04-21,4,7,3
2009105,2009-04-22,9,5,6
2009106,2009-04-23,2,0,3
2009107,2009-04-24,0,4,6
2009108,2009-04-25,4,0,8
2009109,2009-04-26,2,4,0
2009110,2009-04-27,9,4,4
2009111,2009-04-28,6,7,2
2009112,2009-04-29,4,2,2
2009113,2009-04-30,1,7,4
2009114,2009-05-01,3,0,1
2009115,2009-05-02,7,9,2
2009116,2009-05-03,3,3,0
2009117,2009-05-04,1,9,8
2009118,2009-05-05,7,6,3
2009119,2009-05-06,9,6,1
2009120,2009-05-07,1,0,7
2009121,2009-05-08,8,8,0
2009122,2009-05-09,3,5,5
2009123,2009-05-10,0,7,9
2009124,2009-05-11,9,4,5
2009125,2009-05-12,6,3,1
2009126,2009-05-13,3,0,6
2009127,2009-05-14,9,9,8
2009128,2009-05-15,5,1,5
2009129,2009-05-16,7,1,7
2009130,2009-05-17,0,6,2
2009131,2009-05-18,7,5,7
2009132,2009-05-19,9,9,0
2009133,2009-05-20,7,5,0
2009134,2009-05-21,4,4,0
2009135,2009-05-22,2,0,5
2009136,2009-05-23,7,8,5
2009137,2009-05-24,3,1,7
2009138,2009-05-25,6,3,3
2009139,2009-05-26,4,2,9
2009140,2009-05-27,2,8,1
2009141,2009-05-28,6,0,6
2009142,2009-05-29,1,4,7
2009143,2009-05-30,6,1,6
2009144,2009-05-31,9,7,3
2009145,2009-06-01,1,8,0
2009146,2009-06-02,1,8,3
2009147,2009-06-03,7,4,1
2009148,2009-06-04,3,4,1
2009149,2009-06-05,6,2,3
2009150,2009-06-06,0,0,4
2009151,2009-06-07,4,9,6
2009152,2009-06-08,6,3,8
2009153,2009-06-09,6,9,8
2009154,2009-06-10,3,2,5
2009155,2009-06-11,2,0,6
2009156,2009-06-12,9,0,6
2009157,2009-06-13,0,6,0
2009158,2009-06-14,1,4,8
2009159,2009-06-15,3,8,0
2009160,2009-06-16,6,2,2
2009161,2009-06-17,1,8,6
2009162,2009-06-18,6,7,4
2009163,2009-06-19,1,2,0
2009164,2009-06-20,5,5,2
2009165,2009-06-21,1,6,8
2009166,2009-06-22,9,3,2
2009167,2009-06-23,5,2,6
2009168,2009-06-24,1,0,8
2009169,2009-06-25,3,7,5
2009170,2009-06-26,5,4,5
2009171,2009-06-27,8,1,4
2009172,2009-06-28,9,4,0
2009173,2009-06-29,8,1,8
2009174,2009-06-30,6,8,5
2009175,2009-07-01,2,0,0
2009176,2009-07-02,5,1,2
2009177,2009-07-03,2,2,0
2009178,2009-07-04,9,9,3
2009179,2009-07-05,6,3,4
2009180,2009-07-06,9,0,6
2009181,2009-07-07,0,6,9
2009182,2009-07-08,8,9,8
2009183,2009-07-09,7,5,9
2009184,2009-07-10,9,0,5
2009185,2009-07-11,9,0,6
2009186,2009-07-12,7,6,7
2009187,2009-07-13,6,2,8
2009188,2009-07-14,8,5,3
2009189,2009-07-15,5,7,4
2009190,2009-07-16,4,5,1
2009191,2009-07-17,3,2,0
2009192,2009-07-18,9,3,7
2009193,2009-07-19,4,2,7
2009194,2009-07-20,5,6,1
2009195,2009-07-21,1,4,7
2009196,2009-07-22,4,3,9
2009197,2009-07-23,9,4,1
2009198,2009-07-24,3,5,1
2009199,2009-07-25,3,7,2
2009200,2009-07-26,7,1,1
2009201,2009-07-27,0,1,5
2009202,2009-07-28,2,0,4
2009203,2009-07-29,3,0,6
2009204,2009-07-30,1,2,9
2009205,2009-07-31,5,8,3
2009206,2009-08-01,3,6,0
2009207,2009-08-02,5,5,0
2009208,2009-08-03,2,5,6
2009209,2009-08-04,3,7,6
2009210,2009-08-05,0,1,3
2009211,2009-08-06,4,1,5
2009212,2009-08-07,4,8,2
2009213,2009-08-08,6,4,1
2009214,2009-08-09,5,0,2
2009215,2009-08-10,8,7,3
2009216,2009-08-11,1,8,3
2009217,2009-08-12,9,9,0
2009218,2009-08-13,8,4,8
2009219,2009-08-14,5,3,4
2009220,2009-08-15,4,1,6
2009221,2009-08-16,8,2,2
2009222,2009-08-17,5,5,7
2009223,2009-08-18,2,0,2
2009224,2009-08-19,9,6,7
2009225,2009-08-20,4,4,7
2009226,2009-08-21,4,6,8
2009227,2009-08-22,0,8,7
2009228,2009-08-23,6,0,8
2009229,2009-08-24,9,1,3
2009230,2009-08-25,3,2,3
2009231,2009-08-26,9,4,7
2009232,2009-08-27,5,4,8
2009233,2009-08-28,7,3,8
2009234,2009-08-29,7,3,4
2009235,2009-08-30,7,0,8
2009236,2009-08-31,4,5,1
2009237,2009-09-01,4,8,9
2009238,2009-09-02,3,6,2
2009239,2009-09-03,7,6,5
2009240,2009-09-04,3,7,8
2009241,2009-09-05,9,8,2
2009242,2009-09-06,8,8,4
2009243,2009-09-07,9,0,3
2009244,2009-09-08,6,4,7
2009245,2009-09-09,1,5,3
2009246,2009-09-10,2,2,0
2009247,2009-09-11,1,5,9
2009248,2009-09-12,2,0,4
2009249,2009-09-13,8,9,4
2009250,2009-09-14,3,6,2
2009251,2009-09-15,4,1,9
2009252,2009-09-16,9,9,0
2009253,2009-09-17,0,9,8
2009254,2009-09-18,3,1,9
2009255,2009-09-19,3,1,6
2009256,2009-09-20,8,7,7
2009257,2009-09-21,9,0,5
2009258,2009-09-22,2,0,6
2009259,2009-09-23,5,4,4
2009260,2009-09-24,8,6,1
2009261,2009-09-25,8,0,8
2009262,2009-09-26,5,2,1
2009263,2009-09-27,0,5,0
2009264,2009-09-28,3,3,2
2009265,2009-09-29,7,7,9
2009266,2009-09-30,0,8,9
2009267,2009-10-01,5,4,5
2009268,2009-10-02,0,7,3
2009269,2009-10-03,6,4,2
2009270,2009-10-04,4,7,5
2009271,2009-10-05,6,9,8
2009272,2009-10-06,6,3,1
2009273,2009-10-07,3,2,9
2009274,2009-10-08,0,7,2
2009275,2009-10-09,7,3,2
2009276,2009-10-10,5,2,1
2009277,2009-10-11,1,7,6
2009278,2009-10-12,0,8,9
2009279,2009-10-13,6,3,1
2009280,2009-10-14,4,0,4
2009281,2009-10-15,8,1,9
2009282,2009-10-16,2,4,1
2009283,2009-10-17,5,6,2
2009284,2009-10-18,4,8,8
2009285,2009-10-19,3,6,3
2009286,2009-10-20,1,8,4
2009287,2009-10-21,9,7,1
2009288,2009-10-22,2,0,1
2009289,2009-10-23,7,3,9
2009290,2009-10-24,1,3,9
2009291,2009-10-25,8,3,0
2009292,2009-10-26,9,6,6
2009293,2009-10-27,9,0,6
2009294,2009-10-28,2,7,8
2009295,2009-10-29,8,0,0
2009296,2009-10-30,6,4,6
2009297,2009-10-31,2,3,0
2009298,2009-11-01,5,6,6
2009299,2009-11-02,5,3,5
2009300,2009-11-03,7,5,4
2009301,2009-11-04,2,2,4
2009302,2009-11-05,6,1,7
2009303,2009-11-06,7,3,9
2009304,2009-11-07,5,2,6
2009305,2009-11-08,4,8,7
2009306,2009-11-09,5,4,7
2009307,2009-11-10,3,9,4
2009308,2009-11-11,1,0,8
2009309,2009-11-12,5,9,5
2009310,2009-11-13,4,7,7
2009311,2009-11-14,1,9,9
2009312,2009-11-15,3,3,2
2009313,2009-11-16,9,3,1
2009314,2009-11-17,8,8,0
2009315,2009-11-18,0,5,9
2009316,2009-11-19,4,8,9
2009317,2009-11-20,2,9,4
2009318,2009-11-21,8,2,7
2009319,2009-11-22,5,3,1
2009320,2009-11-23,6,8,6
2009321,2009-11-24,5,9,8
2009322,2009-11-25,2,2,6
2009323,2009-11-26,1,2,1
2009324,2009-11-27,2,7,8
2009325,2009-11-28,4,5,5
2009326,2009-11-29,6,0,0
2009327,2009-11-30,7,8,5
2009328,2009-12-01,4,1,7
2009329,2009-12-02,5,2,4
2009330,2009-12-03,6,7,4
2009331,2009-12-04,9,4,5
2009332,2009-12-05,0,5,1
2009333,2009-12-06,5,9,2
2009334,2009-12-07,4,8,0
2009335,2009-12-08,4,0,7
2009336,2009-12-09,8,3,2
2009337,2009-12-10,9,8,6
2009338,2009-12-11,9,7,0
2009339,2009-12-12,5,2,0
2009340,2009-12-13,6,8,0
2009341,2009-12-14,9,3,9
2009342,2009-12-15,7,8,2
2009343,2009-12-16,8,3,7
2009344,2009-12-17,5,3,1
2009345,2009-12-18,3,7,5
2009346,2009-12-19,1,5,1
2009347,2009-12-20,2,0,3
2009348,2009-12-21,8,2,7
2009349,2009-12-22,3,0,7
2009350,2009-12-23,3,3,5
2009351,2009-12-24,1,5,9
2009352,2009-12-25,6,2,2
2009353,2009-12-26,6,6,7
2009354,2009-12-27,0,7,5
2009355,2009-12-28,4,4,2
2009356,2009-12-29,7,8,4
2009357,2009-12-30,2,5,5
2009358,2009-12-31,8,2,3
2010001,2010-01-01,3,2,7
2010002,2010-01-02,9,8,1
2010003,2010-01-03,9,1,5
2010004,2010-01-04,2,3,2
2010005,2010-01-05,3,8,7
2010006,2010-01-06,5,2,7
2010007,2010-01-07,4,2,5
2010008,2010-01-08,6,4,5
2010009,2010-01-09,0,3,7
2010010,2010-01-10,9,2,9
2010011,2010-01-11,4,2,0
2010012,2010-01-12,0,8,0
2010013,2010-01-13,9,3,7
2010014,2010-01-14,3,9,4
2010015,2010-01-15,9,5,6
2010016,2010-01-16,1,0,8
2010017,2010-01-17,3,8,3
2010018,2010-01-18,4,3,6
2010019,2010-01-19,1,8,4
2010020,2010-01-20,1,7,0
2010021,2010-01-21,0,8,4
2010022,2010-01-22,5,7,0
2010023,2010-01-23,4,5,1
2010024,2010-01-24,8,3,7
2010025,2010-01-25,7,4,6
2010026,2010-01-26,6,8,5
2010027,2010-01-27,5,0,0
2010028,2010-01-28,8,9,4
2010029,2010-01-29,5,5,0
2010030,2010-01-30,8,0,2
2010031,2010-01-31,0,1,5
2010032,2010-02-01,0,9,3
2010033,2010-02-02,6,6,8
2010034,2010-02-03,5,6,9
2010035,2010-02-04,3,4,9
2010036,2010-02-05,5,6,8
2010037,2010-02-06,7,7,8
2010038,2010-02-07,5,9,6
2010039,2010-02-08,5,1,1
2010040,2010-02-09,4,0,1
2010041,2010-02-10,2,3,6
2010042,2010-02-11,6,0,1
2010043,2010-02-12,4,0,8
2010044,2010-02-20,4,1,5
2010045,2010-02-21,3,6,8
2010046,2010-02-22,9,6,1
2010047,2010-02-23,4,0,0
2010048,2010-02-24,1,2,1
2010049,2010-02-25,2,5,9
2010050,2010-02-26,7,3,5
2010051,2010-02-27,7,3,4
2010052,2010-02-28,2,0,4
2010053,2010-03-01,5,4,8
2010054,2010-03-02,7,9,6
2010055,2010-03-03,2,3,0
2010056,2010-03-04,5,3,4
2010057,2010-03-05,3,7,4
2010058,2010-03-06,4,1,1
2010059,2010-03-07,6,2,7
2010060,2010-03-08,5,7,0
2010061,2010-03-09,6,0,9
2010062,2010-03-10,1,4,6
2010063,2010-03-11,8,4,4
2010064,2010-03-12,2,6,8
2010065,2010-03-13,2,0,8
2010066,2010-03-14,3,6,0
2010067,2010-03-15,5,8,8
2010068,2010-03-16,5,9,7
2010069,2010-03-17,8,5,1
2010070,2010-03-18,6,6,9
2010071,2010-03-19,5,7,8
2010072,2010-03-20,9,7,0
2010073,2010-03-21,5,5,5
2010074,2010-03-22,3,4,9
2010075,2010-03-23,8,5,4
2010076,2010-03-24,2,7,1
2010077,2010-03-25,9,9,2
2010078,2010-03-26,0,4,9
2010079,2010-03-27,9,5,7
2010080,2010-03-28,2,6,4
2010081,2010-03-29,5,9,8
2010082,2010-03-30,5,0,8
2010083,2010-03-31,4,6,8
2010084,2010-04-01,9,2,2
2010085,2010-04-02,2,9,6
2010086,2010-04-03,9,6,8
2010087,2010-04-04,8,1,4
2010088,2010-04-05,6,0,8
2010089,2010-04-06,2,4,1
2010090,2010-04-07,5,9,0
2010091,2010-04-08,0,7,0
2010092,2010-04-09,3,0,5
2010093,2010-04-10,9,7,4
2010094,2010-04-11,9,5,8
2010095,2010-04-12,4,7,0
2010096,2010-04-13,0,5,9
2010097,2010-04-14,1,4,6
2010098,2010-04-15,9,3,6
2010099,2010-04-16,1,6,8
2010100,2010-04-17,7,1,8
2010101,2010-04-18,1,4,3
2010102,2010-04-19,8,8,8
2010103,2010-04-20,8,1,2
2010104,2010-04-21,2,4,4
2010105,2010-04-22,2,8,4
2010106,2010-04-23,6,9,7
2010107,2010-04-24,0,5,3
2010108,2010-04-25,1,3,0
2010109,2010-04-26,7,7,6
2010110,2010-04-27,8,1,3
2010111,2010-04-28,8,7,1
2010112,2010-04-29,3,7,7
2010113,2010-04-30,3,4,2
2010114,2010-05-01,1,3,0
2010115,2010-05-02,2,2,1
2010116,2010-05-03,5,0,3
2010117,2010-05-04,5,6,5
2010118,2010-05-05,9,6,8
2010119,2010-05-06,3,3,2
2010120,2010-05-07,2,1,9
2010121,2010-05-08,8,2,9
2010122,2010-05-09,8,3,2
2010123,2010-05-10,2,6,1
2010124,2010-05-11,4,7,3
2010125,2010-05-12,4,8,8
2010126,2010-05-13,4,8,3
2010127,2010-05-14,2,7,7
2010128,2010-05-15,9,1,3
2010129,2010-05-16,1,0,1
2010130,2010-05-17,3,9,5
2010131,2010-05-18,3,3,6
2010132,2010-05-19,5,4,5
2010133,2010-05-20,3,4,3
2010134,2010-05-21,3,5,8
2010135,2010-05-22,4,0,9
2010136,2010-05-23,9,2,6
2010137,2010-05-24,7,7,6
2010138,2010-05-25,7,2,8
2010139,2010-05-26,0,4,5
2010140,2010-05-27,6,3,4
2010141,2010-05-28,8,3,1
2010142,2010-05-29,2,6,1
2010143,2010-05-30,3,7,0
2010144,2010-05-31,8,6,6
2010145,2010-06-01,9,3,4
2010146,2010-06-02,8,1,4
2010147,2010-06-03,0,0,6
2010148,2010-06-04,2,7,8
2010149,2010-06-05,9,6,4
2010150,2010-06-06,1,0,1
2010151,2010-06-07,3,0,9
2010152,2010-06-08,9,9,7
2010153,2010-06-09,0,0,6
2010154,2010-06-10,0,6,9
2010155,2010-06-11,3,3,1
2010156,2010-06-12,1,3,8
2010157,2010-06-13,7,0,8
2010158,2010-06-14,4,8,0
2010159,2010-06-15,6,4,4
2010160,2010-06-16,8,7,8
2010161,2010-06-17,6,3,7
2010162,2010-06-18,0,1,3
2010163,2010-06-19,1,3,4
2010164,2010-06-20,6,8,4
2010165,2010-06-21,8,4,2
2010166,2010-06-22,7,8,6
2010167,2010-06-23,0,9,4
2010168,2010-06-24,6,7,7
2010169,2010-06-25,8,4,4
2010170,2010-06-26,7,3,9
2010171,2010-06-27,8,0,8
2010172,2010-06-28,2,3,9
2010173,2010-06-29,4,0,6
2010174,2010-06-30,8,4,1
2010175,2010-07-01,5,6,9
2010176,2010-07-02,7,7,0
2010177,2010-07-03,1,9,4
2010178,2010-07-04,3,5,6
2010179,2010-07-05,5,1,9
2010180,2010-07-06,0,8,8
2010181,2010-07-07,8,0,6
2010182,2010-07-08,9,4,7
2010183,2010-07-09,3,3,7
2010184,2010-07-10,8,2,0
2010185,2010-07-11,1,3,5
2010186,2010-07-12,2,8,4
2010187,2010-07-13,4,1,5
2010188,2010-07-14,6,8,1
2010189,2010-07-15,9,1,8
2010190,2010-07-16,7,5,7
2010191,2010-07-17,3,5,3
2010192,2010-07-18,6,1,3
2010193,2010-07-19,1,1,1
2010194,2010-07-20,1,4,8
2010195,2010-07-21,8,0,4
2010196,2010-07-22,0,5,2
2010197,2010-07-23,7,7,8
2010198,2010-07-24,4,6,6
2010199,2010-07-25,9,8,8
2010200,2010-07-26,2,0,6
2010201,2010-07-27,1,8,0
2010202,2010-07-28,0,5,3
2010203,2010-07-29,1,0,6
2010204,2010-07-30,0,3,6
2010205,2010-07-31,0,4,7
2010206,2010-08-01,3,5,3
2010207,2010-08-02,8,2,8
2010208,2010-08-03,4,6,7
2010209,2010-08-04,0,8,1
2010210,2010-08-05,8,0,9
2010211,2010-08-06,9,3,2
2010212,2010-08-07,7,8,5
2010213,2010-08-08,3,9,1
2010214,2010-08-09,1,2,4
2010215,2010-08-10,6,6,7
2010216,2010-08-11,8,2,4
2010217,2010-08-12,8,9,3
2010218,2010-08-13,2,4,5
2010219,2010-08-14,6,8,5
2010220,2010-08-15,2,9,5
2010221,2010-08-16,6,8,3
2010222,2010-08-17,1,4,0
2010223,2010-08-18,5,7,4
2010224,2010-08-19,6,7,4
2010225,2010-08-20,9,9,7
2010226,2010-08-21,5,0,4
2010227,2010-08-22,2,3,9
2010228,2010-08-23,9,4,7
2010229,2010-08-24,6,7,6
2010230,2010-08-25,8,5,4
2010231,2010-08-26,0,6,6
2010232,2010-08-27,1,9,5
2010233,2010-08-28,5,3,4
2010234,2010-08-29,3,7,9
2010235,2010-08-30,3,0,0
2010236,2010-08-31,1,7,3
2010237,2010-09-01,9,0,3
2010238,2010-09-02,6,8,7
2010239,2010-09-03,4,1,4
2010240,2010-09-04,3,3,1
2010241,2010-09-05,2,5,1
2010242,2010-09-06,0,9,5
2010243,2010-09-07,4,8,8
2010244,2010-09-08,4,8,2
2010245,2010-09-09,4,8,4
2010246,2010-09-10,5,3,0
2010247,2010-09-11,8,8,5
2010248,2010-09-12,2,0,4
2010249,2010-09-13,6,9,5
2010250,2010-09-14,0,8,2
2010251,2010-09-15,6,9,8
2010252,2010-09-16,2,9,9
2010253,2010-09-17,6,7,5
2010254,2010-09-18,3,5,8
2010255,2010-09-19,9,7,1
2010256,2010-09-20,1,7,9
2010257,2010-09-21,9,6,9
2010258,2010-09-22,9,5,8
2010259,2010-09-23,2,4,3
2010260,2010-09-24,8,8,1
2010261,2010-09-25,3,3,3
2010262,2010-09-26,1,8,5
2010263,2010-09-27,4,2,5
2010264,2010-09-28,4,4,5
2010265,2010-09-29,8,4,6
2010266,2010-09-30,2,3,5
2010267,2010-10-01,7,0,3
2010268,2010-10-02,5,9,3
2010269,2010-10-03,1,6,3
2010270,2010-10-04,1,1,7
2010271,2010-10-05,5,2,1
2010272,2010-10-06,6,7,0
2010273,2010-10-07,7,7,2
2010274,2010-10-08,4,1,1
2010275,2010-10-09,6,8,0
2010276,2010-10-10,2,8,0
2010277,2010-10-11,6,2,3
2010278,2010-10-12,1,8,8
2010279,2010-10-13,6,8,5
2010280,2010-10-14,1,5,2
2010281,2010-10-15,2,7,3
2010282,2010-10-16,5,3,8
2010283,2010-10-17,0,4,7
2010284,2010-10-18,2,1,0
2010285,2010-10-19,7,4,7
2010286,2010-10-20,9,6,0
2010287,2010-10-21,1,6,7
2010288,2010-10-22,4,6,0
2010289,2010-10-23,1,3,4
2010290,2010-10-24,3,9,9
2010291,2010-10-25,1,5,0
2010292,2010-10-26,1,2,2
2010293,2010-10-27,1,2,9
2010294,2010-10-28,0,4,0
2010295,2010-10-29,2,3,8
2010296,2010-10-30,4,4,8
2010297,2010-10-31,5,2,0
2010298,2010-11-01,7,8,6
2010299,2010-11-02,2,2,5
2010300,2010-11-03,5,9,6
2010301,2010-11-04,3,5,6
2010302,2010-11-05,0,9,1
2010303,2010-11-06,0,7,0
2010304,2010-11-07,3,3,2
2010305,2010-11-08,9,3,7
2010306,2010-11-09,4,0,5
2010307,2010-11-10,2,1,9
2010308,2010-11-11,2,3,2
2010309,2010-11-12,0,2,6
2010310,2010-11-13,3,8,7
2010311,2010-11-14,5,9,8
2010312,2010-11-15,1,3,8
2010313,2010-11-16,8,7,8
2010314,2010-11-17,6,7,5
2010315,2010-11-18,0,5,5
2010316,2010-11-19,3,2,9
2010317,2010-11-20,1,8,2
2010318,2010-11-21,4,5,4
2010319,2010-11-22,7,3,3
2010320,2010-11-23,2,8,3
2010321,2010-11-24,0,2,7
2010322,2010-11-25,8,4,0
2010323,2010-11-26,4,7,4
2010324,2010-11-27,1,2,7
2010325,2010-11-28,8,4,6
2010326,2010-11-29,1,5,9
2010327,2010-11-30,3,7,6
2010328,2010-12-01,8,5,3
2010329,2010-12-02,3,6,6
2010330,2010-12-03,6,8,1
2010331,2010-12-04,4,4,3
2010332,2010-12-05,4,2,4
2010333,2010-12-06,8,6,7
2010334,2010-12-07,3,5,4
2010335,2010-12-08,6,5,5
2010336,2010-12-09,8,7,8
2010337,2010-12-10,8,9,5
2010338,2010-12-11,7,5,4
2010339,2010-12-12,5,9,9
2010340,2010-12-13,0,9,4
2010341,2010-12-14,9,4,3
2010342,2010-12-15,3,7,6
2010343,2010-12-16,1,6,8
2010344,2010-12-17,3,3,2
2010345,2010-12-18,7,4,1
2010346,2010-12-19,3,8,3
2010347,2010-12-20,3,2,2
2010348,2010-12-21,4,8,4
2010349,2010-12-22,6,7,0
2010350,2010-12-23,8,9,0
2010351,2010-12-24,5,7,2
2010352,2010-12-25,1,1,2
2010353,2010-12-26,1,6,9
2010354,2010-12-27,1,6,7
2010355,2010-12-28,5,4,5
2010356,2010-12-29,8,6,8
2010357,2010-12-30,1,7,1
2010358,2010-12-31,3,1,1
2011001,2011-01-01,9,2,8
2011002,2011-01-02,6,7,6
2011003,2011-01-03,9,3,3
2011004,2011-01-04,5,5,0
2011005,2011-01-05,4,9,1
2011006,2011-01-06,3,5,9
2011007,2011-01-07,8,8,4
2011008,2011-01-08,5,3,4
2011009,2011-01-09,1,5,6
2011010,2011-01-10,9,1,7
2011011,2011-01-11,5,0,2
2011012,2011-01-12,6,8,7
2011013,2011-01-13,1,8,7
2011014,2011-01-14,8,1,0
2011015,2011-01-15,7,1,7
2011016,2011-01-16,8,1,6
2011017,2011-01-17,1,8,4
2011018,2011-01-18,9,0,3
2011019,2011-01-19,3,2,8
2011020,2011-01-20,5,7,8
2011021,2011-01-21,5,7,8
2011022,2011-01-22,0,0,8
2011023,2011-01-23,7,4,1
2011024,2011-01-24,4,8,7
2011025,2011-01-25,3,5,2
2011026,2011-01-26,7,9,7
2011027,2011-01-27,2,1,2
2011028,2011-01-28,1,3,4
2011029,2011-01-29,3,6,5
2011030,2011-01-30,4,9,3
2011031,2011-01-31,8,6,4
2011032,2011-02-01,3,4,9
2011033,2011-02-09,0,6,2
2011034,2011-02-10,4,8,9
2011035,2011-02-11,7,4,4
2011036,2011-02-12,1,6,3
2011037,2011-02-13,7,0,5
2011038,2011-02-14,0,1,6
2011039,2011-02-15,2,6,0
2011040,2011-02-16,1,1,7
2011041,2011-02-17,4,4,9
2011042,2011-02-18,3,3,7
2011043,2011-02-19,2,8,6
2011044,2011-02-20,4,1,6
2011045,2011-02-21,5,7,9
2011046,2011-02-22,9,0,9
2011047,2011-02-23,3,6,7
2011048,2011-02-24,6,2,1
2011049,2011-02-25,4,5,9
2011050,2011-02-26,0,6,7
2011051,2011-02-27,6,8,4
2011052,2011-02-28,5,0,9
2011053,2011-03-01,8,3,5
2011054,2011-03-02,7,6,0
2011055,2011-03-03,8,3,5
2011056,2011-03-04,6,0,9
2011057,2011-03-05,3,6,6
2011058,2011-03-06,6,6,4
2011059,2011-03-07,3,9,8
2011060,2011-03-08,1,4,4
2011061,2011-03-09,4,1,6
2011062,2011-03-10,6,2,8
2011063,2011-03-11,1,4,1
2011064,2011-03-12,6,9,0
2011065,2011-03-13,7,2,1
2011066,2011-03-14,0,7,9
2011067,2011-03-15,4,1,3
2011068,2011-03-16,5,0,0
2011069,2011-03-17,2,8,5
2011070,2011-03-18,8,9,2
2011071,2011-03-19,0,7,1
2011072,2011-03-20,7,9,9
2011073,2011-03-21,0,6,3
2011074,2011-03-22,7,8,4
2011075,2011-03-23,9,5,3
2011076,2011-03-24,6,6,7
2011077,2011-03-25,7,8,7
2011078,2011-03-26,5,4,4
2011079,2011-03-27,8,2,3
2011080,2011-03-28,9,4,3
2011081,2011-03-29,7,4,8
2011082,2011-03-30,1,7,1
2011083,2011-03-31,8,3,5
2011084,2011-04-01,2,5,2
2011085,2011-04-02,9,9,5
2011086,2011-04-03,9,4,1
2011087,2011-04-04,0,9,2
2011088,2011-04-05,6,7,0
2011089,2011-04-06,1,2,4
2011090,2011-04-07,0,8,7
2011091,2011-04-08,2,2,2
2011092,2011-04-09,7,4,9
2011093,2011-04-10,5,0,0
2011094,2011-04-11,1,5,9
2011095,2011-04-12,8,4,4
2011096,2011-04-13,0,9,7
2011097,2011-04-14,6,7,9
2011098,2011-04-15,1,8,7
2011099,2011-04-16,8,2,9
2011100,2011-04-17,2,3,2
2011101,2011-04-18,2,7,5
2011102,2011-04-19,9,0,9
2011103,2011-04-20,4,7,2
2011104,2011-04-21,5,8,9
2011105,2011-04-22,7,0,0
2011106,2011-04-23,6,5,0
2011107,2011-04-24,9,2,4
2011108,2011-04-25,3,3,0
2011109,2011-04-26,2,2,2
2011110,2011-04-27,3,5,1
2011111,2011-04-28,2,5,2
2011112,2011-04-29,0,9,8
2011113,2011-04-30,7,3,3
2011114,2011-05-01,3,9,8
2011115,2011-05-02,3,7,5
2011116,2011-05-03,7,4,0
2011117,2011-05-04,7,0,4
2011118,2011-05-05,0,7,5
2011119,2011-05-06,2,9,5
2011120,2011-05-07,9,8,3
2011121,2011-05-08,6,4,9
2011122,2011-05-09,0,3,3
2011123,2011-05-10,5,3,5
2011124,2011-05-11,7,7,4
2011125,2011-05-12,3,2,7
2011126,2011-05-13,2,9,9
2011127,2011-05-14,5,4,3
2011128,2011-05-15,7,3,3
2011129,2011-05-16,4,2,0
2011130,2011-05-17,0,5,9
2011131,2011-05-18,2,3,3
2011132,2011-05-19,6,5,2
2011133,2011-05-20,4,8,7
2011134,2011-05-21,4,1,9
2011135,2011-05-22,4,3,7
2011136,2011-05-23,3,9,6
2011137,2011-05-24,2,4,3
2011138,2011-05-25,9,0,7
2011139,2011-05-26,5,3,8
2011140,2011-05-27,8,0,7
2011141,2011-05-28,6,3,9
2011142,2011-05-29,8,8,9
2011143,2011-05-30,0,5,2
2011144,2011-05-31,1,2,4
2011145,2011-06-01,1,0,7
2011146,2011-06-02,3,7,9
2011147,2011-06-03,8,8,7
2011148,2011-06-04,5,8,9
2011149,2011-06-05,8,8,4
2011150,2011-06-06,8,6,5
2011151,2011-06-07,9,8,5
2011152,2011-06-08,9,7,4
2011153,2011-06-09,6,2,9
2011154,2011-06-10,7,6,5
2011155,2011-06-11,6,5,2
2011156,2011-06-12,2,4,1
2011157,2011-06-13,4,1,9
2011158,2011-06-14,1,0,4
2011159,2011-06-15,8,9,6
2011160,2011-06-16,7,1,3
2011161,2011-06-17,8,1,5
2011162,2011-06-18,2,3,9
2011163,2011-06-19,3,7,8
2011164,2011-06-20,6,8,9
2011165,2011-06-21,5,7,8
2011166,2011-06-22,8,2,6
2011167,2011-06-23,4,6,2
2011168,2011-06-24,2,9,7
2011169,2011-06-25,5,2,0
2011170,2011-06-26,3,5,3
2011171,2011-06-27,9,9,1
2011172,2011-06-28,2,6,6
2011173,2011-06-29,9,1,7
2011174,2011-06-30,3,1,0
2011175,2011-07-01,9,0,9
2011176,2011-07-02,5,7,2
2011177,2011-07-03,8,4,3
2011178,2011-07-04,1,9,0
2011179,2011-07-05,1,2,3
2011180,2011-07-06,5,5,3
2011181,2011-07-07,5,9,9
2011182,2011-07-08,2,6,2
2011183,2011-07-09,7,9,3
2011184,2011-07-10,0,3,9
2011185,2011-07-11,4,5,7
2011186,2011-07-12,7,7,5
2011187,2011-07-13,8,1,2
2011188,2011-07-14,7,6,8
2011189,2011-07-15,0,0,3
2011190,2011-07-16,1,2,5
2011191,2011-07-17,4,1,9
2011192,2011-07-18,8,1,2
2011193,2011-07-19,7,0,0
2011194,2011-07-20,8,8,9
2011195,2011-07-21,8,6,1
2011196,2011-07-22,7,0,8
2011197,2011-07-23,3,1,8
2011198,2011-07-24,6,6,8
2011199,2011-07-25,0,0,4
2011200,2011-07-26,7,6,9
2011201,2011-07-27,6,7,9
2011202,2011-07-28,6,3,3
2011203,2011-07-29,5,8,3
2011204,2011-07-30,5,8,7
2011205,2011-07-31,6,7,5
2011206,2011-08-01,8,5,2
2011207,2011-08-02,6,4,8
2011208,2011-08-03,6,1,5
2011209,2011-08-04,2,8,1
2011210,2011-08-05,9,7,6
2011211,2011-08-06,3,2,6
2011212,2011-08-07,3,3,1
2011213,2011-08-08,8,0,6
2011214,2011-08-09,2,5,4
2011215,2011-08-10,7,9,7
2011216,2011-08-11,5,0,6
2011217,2011-08-12,6,0,7
2011218,2011-08-13,9,0,5
2011219,2011-08-14,5,4,7
2011220,2011-08-15,6,0,4
2011221,2011-08-16,3,6,9
2011222,2011-08-17,4,3,5
2011223,2011-08-18,6,7,7
2011224,2011-08-19,4,7,8
2011225,2011-08-20,8,8,6
2011226,2011-08-21,6,3,2
2011227,2011-08-22,8,2,1
2011228,2011-08-23,3,2,4
2011229,2011-08-24,1,0,5
2011230,2011-08-25,8,7,4
2011231,2011-08-26,8,5,3
2011232,2011-08-27,9,2,3
2011233,2011-08-28,5,6,1
2011234,2011-08-29,0,9,3
2011235,2011-08-30,3,0,4
2011236,2011-08-31,7,3,7
2011237,2011-09-01,3,7,2
2011238,2011-09-02,0,1,3
2011239,2011-09-03,8,8,2
2011240,2011-09-04,0,8,6
2011241,2011-09-05,6,4,8
2011242,2011-09-06,9,6,7
2011243,2011-09-07,7,2,1
2011244,2011-09-08,9,6,2
2011245,2011-09-09,3,1,0
2011246,2011-09-10,0,1,4
2011247,2011-09-11,4,3,0
2011248,2011-09-12,4,4,2
2011249,2011-09-13,7,5,6
2011250,2011-09-14,3,4,3
2011251,2011-09-15,4,3,1
2011252,2011-09-16,4,3,2
2011253,2011-09-17,6,1,0
2011254,2011-09-18,8,5,3
2011255,2011-09-19,5,4,6
2011256,2011-09-20,9,8,5
2011257,2011-09-21,1,6,1
2011258,2011-09-22,3,7,0
2011259,2011-09-23,8,6,7
2011260,2011-09-24,6,5,3
2011261,2011-09-25,5,8,7
2011262,2011-09-26,9,2,5
2011263,2011-09-27,5,0,3
2011264,2011-09-28,3,7,9
2011265,2011-09-29,4,9,8
2011266,2011-09-30,4,9,8
2011267,2011-10-01,7,8,6
2011268,2011-10-02,3,7,8
2011269,2011-10-03,8,7,6
2011270,2011-10-04,1,5,5
2011271,2011-10-05,0,1,4
2011272,2011-10-06,9,4,6
2011273,2011-10-07,8,3,2
2011274,2011-10-08,3,5,9
2011275,2011-10-09,0,5,9
2011276,2011-10-10,8,8,0
2011277,2011-10-11,3,2,4
2011278,2011-10-12,9,5,1
2011279,2011-10-13,3,8,2
2011280,2011-10-14,8,7,5
2011281,2011-10-15,2,1,4
2011282,2011-10-16,8,9,3
2011283,2011-10-17,9,0,5
2011284,2011-10-18,2,0,5
2011285,2011-10-19,2,6,4
2011286,2011-10-20,2,3,1
2011287,2011-10-21,6,7,2
2011288,2011-10-22,6,2,9
2011289,2011-10-23,5,0,4
2011290,2011-10-24,6,0,4
2011291,2011-10-25,0,9,3
2011292,2011-10-26,3,9,3
2011293,2011-10-27,2,5,6
2011294,2011-10-28,9,5,9
2011295,2011-10-29,3,2,9
2011296,2011-10-30,8,3,3
2011297,2011-10-31,4,5,8
2011298,2011-11-01,0,9,9
2011299,2011-11-02,0,0,6
2011300,2011-11-03,8,2,2
2011301,2011-11-04,6,4,1
2011302,2011-11-05,4,9,6
2011303,2011-11-06,1,0,7
2011304,2011-11-07,3,2,2
2011305,2011-11-08,1,1,6
2011306,2011-11-09,6,2,6
2011307,2011-11-10,9,9,0
2011308,2011-11-11,6,6,9
2011309,2011-11-12,7,7,3
2011310,2011-11-13,8,2,5
2011311,2011-11-14,0,9,4
2011312,2011-11-15,3,6,5
2011313,2011-11-16,4,6,6
2011314,2011-11-17,7,8,3
2011315,2011-11-18,3,7,4
2011316,2011-11-19,5,3,8
2011317,2011-11-20,4,9,2
2011318,2011-11-21,4,1,3
2011319,2011-11-22,3,5,6
2011320,2011-11-23,8,7,0
2011321,2011-11-24,3,6,5
2011322,2011-11-25,3,6,8
2011323,2011-11-26,4,7,2
2011324,2011-11-27,1,5,6
2011325,2011-11-28,0,3,9
2011326,2011-11-29,0,9,2
2011327,2011-11-30,4,6,5
2011328,2011-12-01,8,1,1
2011329,2011-12-02,6,4,8
2011330,2011-12-03,8,8,8
2011331,2011-12-04,9,4,3
2011332,2011-12-05,8,9,7
2011333,2011-12-06,3,5,2
2011334,2011-12-07,8,0,3
2011335,2011-12-08,4,3,6
2011336,2011-12-09,7,4,7
2011337,2011-12-10,3,8,7
2011338,2011-12-11,8,8,8
2011339,2011-12-12,5,1,4
2011340,2011-12-13,9,7,3
2011341,2011-12-14,8,7,4
2011342,2011-12-15,2,0,4
2011343,2011-12-16,9,6,1
2011344,2011-12-17,3,6,0
2011345,2011-12-18,2,9,6
2011346,2011-12-19,4,9,4
2011347,2011-12-20,2,9,0
2011348,2011-12-21,2,2,7
2011349,2011-12-22,0,0,0
2011350,2011-12-23,9,2,7
2011351,2011-12-24,3,0,0
2011352,2011-12-25,1,4,2
2011353,2011-12-26,0,6,8
2011354,2011-12-27,3,0,1
2011355,2011-12-28,5,1,8
2011356,2011-12-29,4,7,0
2011357,2011-12-30,2,3,9
2011358,2011-12-31,7,2,5
2012001,2012-01-01,0,0,3
2012002,2012-01-02,4,0,9
2012003,2012-01-03,1,8,1
2012004,2012-01-04,9,8,9
2012005,2012-01-05,6,0,9
2012006,2012-01-06,3,6,4
2012007,2012-01-07,6,8,2
2012008,2012-01-08,8,2,4
2012009,2012-01-09,3,1,6
2012010,2012-01-10,0,3,9
2012011,2012-01-11,9,1,4
2012012,2012-01-12,4,1,3
2012013,2012-01-13,3,4,9
2012014,2012-01-14,0,8,5
2012015,2012-01-15,2,3,4
2012016,2012-01-16,7,6,5
2012017,2012-01-17,5,1,5
2012018,2012-01-18,4,6,5
2012019,2012-01-19,8,5,5
2012020,2012-01-20,0,1,9
2012021,2012-01-21,1,3,8
2012022,2012-01-29,6,4,4
2012023,2012-01-30,7,4,1
2012024,2012-01-31,3,3,4
2012025,2012-02-01,9,9,7
2012026,2012-02-02,8,3,3
2012027,2012-02-03,0,0,6
2012028,2012-02-04,6,8,9
2012029,2012-02-05,7,7,9
2012030,2012-02-06,6,6,5
2012031,2012-02-07,9,8,8
2012032,2012-02-08,5,0,3
2012033,2012-02-09,1,2,7
2012034,2012-02-10,7,4,1
2012035,2012-02-11,2,7,4
2012036,2012-02-12,0,3,4
2012037,2012-02-13,4,4,3
2012038,2012-02-14,5,2,8
2012039,2012-02-15,8,5,5
2012040,2012-02-16,8,1,8
2012041,2012-02-17,3,4,1
2012042,2012-02-18,8,4,1
2012043,2012-02-19,3,5,2
2012044,2012-02-20,6,8,3
2012045,2012-02-21,4,2,1
2012046,2012-02-22,3,7,3
2012047,2012-02-23,4,9,6
2012048,2012-02-24,8,3,3
2012049,2012-02-25,0,4,4
2012050,2012-02-26,7,7,8
2012051,2012-02-27,4,6,7
2012052,2012-02-28,8,4,1
2012053,2012-02-29,5,3,5
2012054,2012-03-01,0,5,7
2012055,2012-03-02,0,6,6
2012056,2012-03-03,1,4,3
2012057,2012-03-04,6,9,1
2012058,2012-03-05,2,5,9
2012059,2012-03-06,3,4,6
2012060,2012-03-07,4,2,4
2012061,2012-03-08,7,1,3
2012062,2012-03-09,3,5,0
2012063,2012-03-10,7,7,3
2012064,2012-03-11,8,3,1
2012065,2012-03-12,3,6,3
2012066,2012-03-13,0,8,4
2012067,2012-03-14,4,2,2
2012068,2012-03-15,9,2,5
2012069,2012-03-16,7,2,1
2012070,2012-03-17,3,0,0
2012071,2012-03-18,6,1,3
2012072,2012-03-19,9,9,8
2012073,2012-03-20,4,6,4
2012074,2012-03-21,2,7,6
2012075,2012-03-22,9,8,9
2012076,2012-03-23,0,7,8
2012077,2012-03-24,4,1,2
2012078,2012-03-25,6,6,0
2012079,2012-03-26,0,1,0
2012080,2012-03-27,7,7,2
2012081,2012-03-28,3,9,9
2012082,2012-03-29,9,9,0
2012083,2012-03-30,6,8,8
2012084,2012-03-31,2,3,8
2012085,2012-04-01,4,7,8
2012086,2012-04-02,7,1,6
2012087,2012-04-03,6,8,4
2012088,2012-04-04,5,3,5
2012089,2012-04-05,2,2,1
2012090,2012-04-06,6,8,2
2012091,2012-04-07,8,3,5
2012092,2012-04-08,7,3,9
2012093,2012-04-09,6,7,1
2012094,2012-04-10,6,0,8
2012095,2012-04-11,9,5,6
2012096,2012-04-12,7,4,9
2012097,2012-04-13,6,8,2
2012098,2012-04-14,6,1,1
2012099,2012-04-15,1,0,5
2012100,2012-04-16,4,8,9
2012101,2012-04-17,3,7,7
2012102,2012-04-18,9,5,5
2012103,2012-04-19,2,7,3
2012104,2012-04-20,3,8,8
2012105,2012-04-21,5,4,2
2012106,2012-04-22,6,8,2
2012107,2012-04-23,2,6,9
2012108,2012-04-24,3,9,9
2012109,2012-04-25,2,4,1
2012110,2012-04-26,7,0,4
2012111,2012-04-27,4,6,1
2012112,2012-04-28,7,5,0
2012113,2012-04-29,4,3,2
2012114,2012-04-30,0,7,9
2012115,2012-05-01,0,2,9
2012116,2012-05-02,4,7,1
2012117,2012-05-03,0,4,2
2012118,2012-05-04,8,0,4
2012119,2012-05-05,8,3,6
2012120,2012-05-06,4,6,9
2012121,2012-05-07,6,7,0
2012122,2012-05-08,4,7,4
2012123,2012-05-09,6,2,2
2012124,2012-05-10,9,0,1
2012125,2012-05-11,6,7,8
2012126,2012-05-12,2,8,1
2012127,2012-05-13,2,0,5
2012128,2012-05-14,1,7,8
2012129,2012-05-15,9,2,1
2012130,2012-05-16,2,1,1
2012131,2012-05-17,5,8,6
2012132,2012-05-18,6,2,6
2012133,2012-05-19,6,3,8
2012134,2012-05-20,0,4,9
2012135,2012-05-21,5,6,9
2012136,2012-05-22,7,2,0
2012137,2012-05-23,8,8,2
2012138,2012-05-24,3,8,4
2012139,2012-05-25,7,1,9
2012140,2012-05-26,0,4,4
2012141,2012-05-27,2,5,0
2012142,2012-05-28,9,6,7
2012143,2012-05-29,9,9,0
2012144,2012-05-30,2,7,8
2012145,2012-05-31,8,5,6
2012146,2012-06-01,7,2,8
2012147,2012-06-02,5,6,8
2012148,2012-06-03,5,2,4
2012149,2012-06-04,9,4,0
2012150,2012-06-05,5,9,8
2012151,2012-06-06,6,1,3
2012152,2012-06-07,7,3,9
2012153,2012-06-08,3,8,3
2012154,2012-06-09,2,0,6
2012155,2012-06-10,8,9,5
2012156,2012-06-11,4,4,0
2012157,2012-06-12,5,9,9
2012158,2012-06-13,7,7,2
2012159,2012-06-14,9,5,7
2012160,2012-06-15,9,7,0
2012161,2012-06-16,5,3,2
2012162,2012-06-17,2,4,3
2012163,2012-06-18,6,9,3
2012164,2012-06-19,7,1,8
2012165,2012-06-20,0,4,6
2012166,2012-06-21,8,6,2
2012167,2012-06-22,2,8,9
2012168,2012-06-23,6,5,1
2012169,2012-06-24,7,2,0
2012170,2012-06-25,7,8,8
2012171,2012-06-26,7,3,5
2012172,2012-06-27,4,3,7
2012173,2012-06-28,5,9,7
2012174,2012-06-29,2,1,8
2012175,2012-06-30,0,5,8
2012176,2012-07-01,4,0,0
2012177,2012-07-02,0,1,8
2012178,2012-07-03,3,5,7
2012179,2012-07-04,1,4,5
2012180,2012-07-05,9,9,0
2012181,2012-07-06,6,9,3
2012182,2012-07-07,4,5,6
2012183,2012-07-08,7,9,5
2012184,2012-07-09,1,6,9
2012185,2012-07-10,4,6,0
2012186,2012-07-11,6,7,3
2012187,2012-07-12,9,6,2
2012188,2012-07-13,6,3,8
2012189,2012-07-14,4,1,8
2012190,2012-07-15,3,1,3
2012191,2012-07-16,5,8,4
2012192,2012-07-17,5,7,6
2012193,2012-07-18,2,6,9
2012194,2012-07-19,1,5,9
2012195,2012-07-20,2,1,3
2012196,2012-07-21,9,9,3
2012197,2012-07-22,5,4,6
2012198,2012-07-23,1,1,2
2012199,2012-07-24,8,4,9
2012200,2012-07-25,2,8,2
2012201,2012-07-26,7,9,0
2012202,2012-07-27,1,0,2
2012203,2012-07-28,1,7,6
2012204,2012-07-29,3,6,1
2012205,2012-07-30,9,7,8
2012206,2012-07-31,6,0,8
2012207,2012-08-01,7,9,0
2012208,2012-08-02,7,5,7
2012209,2012-08-03,2,2,7
2012210,2012-08-04,5,7,4
2012211,2012-08-05,4,2,7
2012212,2012-08-06,1,4,4
2012213,2012-08-07,6,8,1
2012214,2012-08-08,3,2,1
2012215,2012-08-09,0,3,8
2012216,2012-08-10,7,7,5
2012217,2012-08-11,8,7,1
2012218,2012-08-12,1,7,0
2012219,2012-08-13,9,3,5
2012220,2012-08-14,0,9,9
2012221,2012-08-15,3,3,5
2012222,2012-08-16,2,4,0
2012223,2012-08-17,3,6,0
2012224,2012-08-18,5,4,0
2012225,2012-08-19,4,5,3
2012226,2012-08-20,0,1,0
2012227,2012-08-21,7,2,1
2012228,2012-08-22,0,8,1
2012229,2012-08-23,4,6,1
2012230,2012-08-24,6,4,4
2012231,2012-08-25,7,6,3
2012232,2012-08-26,1,4,7
2012233,2012-08-27,2,5,0
2012234,2012-08-28,6,1,1
2012235,2012-08-29,4,6,0
2012236,2012-08-30,9,2,9
2012237,2012-08-31,0,4,9
2012238,2012-09-01,0,9,7
2012239,2012-09-02,0,7,1
2012240,2012-09-03,0,6,3
2012241,2012-09-04,5,0,2
2012242,2012-09-05,9,6,8
2012243,2012-09-06,1,4,5
2012244,2012-09-07,4,5,3
2012245,2012-09-08,2,3,2
2012246,2012-09-09,5,7,1
2012247,2012-09-10,1,1,4
2012248,2012-09-11,9,4,0
2012249,2012-09-12,5,7,5
2012250,2012-09-13,9,9,9
2012251,2012-09-14,1,0,8
2012252,2012-09-15,8,9,2
2012253,2012-09-16,8,9,3
2012254,2012-09-17,6,7,9
2012255,2012-09-18,4,0,4
2012256,2012-09-19,0,9,2
2012257,2012-09-20,3,5,5
2012258,2012-09-21,7,9,4
2012259,2012-09-22,0,8,1
2012260,2012-09-23,4,5,7
2012261,2012-09-24,6,8,6
2012262,2012-09-25,5,0,6
2012263,2012-09-26,4,3,6
2012264,2012-09-27,0,9,2
2012265,2012-09-28,8,6,5
2012266,2012-09-29,1,0,0
2012267,2012-09-30,4,4,6
2012268,2012-10-01,6,3,0
2012269,2012-10-02,1,5,3
2012270,2012-10-03,5,2,1
2012271,2012-10-04,6,5,6
2012272,2012-10-05,9,7,3
2012273,2012-10-06,7,0,6
2012274,2012-10-07,5,6,7
2012275,2012-10-08,3,6,1
2012276,2012-10-09,1,7,9
2012277,2012-10-10,9,1,1
2012278,2012-10-11,6,6,3
2012279,2012-10-12,9,5,4
2012280,2012-10-13,0,6,3
2012281,2012-10-14,0,9,6
2012282,2012-10-15,0,1,0
2012283,2012-10-16,1,5,4
2012284,2012-10-17,5,6,0
2012285,2012-10-18,6,0,5
2012286,2012-10-19,0,4,4
2012287,2012-10-20,2,3,1
2012288,2012-10-21,5,7,6
2012289,2012-10-22,8,8,4
2012290,2012-10-23,9,7,4
2012291,2012-10-24,0,2,1
2012292,2012-10-25,2,0,3
2012293,2012-10-26,0,8,6
2012294,2012-10-27,1,3,7
2012295,2012-10-28,2,9,5
2012296,2012-10-29,4,8,9
2012297,2012-10-30,8,1,4
2012298,2012-10-31,8,3,3
2012299,2012-11-01,0,8,7
2012300,2012-11-02,9,5,4
2012301,2012-11-03,5,7,9
2012302,2012-11-04,3,4,3
2012303,2012-11-05,5,8,5
2012304,2012-11-06,4,1,9
2012305,2012-11-07,7,2,1
2012306,2012-11-08,3,3,7
2012307,2012-11-09,6,8,7
2012308,2012-11-10,2,9,9
2012309,2012-11-11,2,8,7
2012310,2012-11-12,6,4,4
2012311,2012-11-13,6,4,4
2012312,2012-11-14,0,5,6
2012313,2012-11-15,1,3,8
2012314,2012-11-16,6,2,4
2012315,2012-11-17,0,0,7
2012316,2012-11-18,7,0,8
2012317,2012-11-19,1,7,7
2012318,2012-11-20,8,3,6
2012319,2012-11-21,0,5,1
2012320,2012-11-22,0,0,9
2012321,2012-11-23,1,3,3
2012322,2012-11-24,1,7,6
2012323,2012-11-25,8,9,9
2012324,2012-11-26,8,8,8
2012325,2012-11-27,1,0,4
2012326,2012-11-28,8,9,6
2012327,2012-11-29,4,4,6
2012328,2012-11-30,8,1,4
2012329,2012-12-01,6,1,1
2012330,2012-12-02,2,1,9
2012331,2012-12-03,0,8,9
2012332,2012-12-04,8,2,2
2012333,2012-12-05,0,2,5
2012334,2012-12-06,5,2,4
2012335,2012-12-07,8,9,3
2012336,2012-12-08,5,5,7
2012337,2012-12-09,4,6,2
2012338,2012-12-10,3,3,1
2012339,2012-12-11,2,7,4
2012340,2012-12-12,6,5,4
2012341,2012-12-13,4,7,2
2012342,2012-12-14,4,9,2
2012343,2012-12-15,7,2,2
2012344,2012-12-16,4,8,8
2012345,2012-12-17,3,9,0
2012346,2012-12-18,4,3,7
2012347,2012-12-19,4,1,9
2012348,2012-12-20,8,2,1
2012349,2012-12-21,0,4,1
2012350,2012-12-22,8,9,6
2012351,2012-12-23,9,9,2
2012352,2012-12-24,9,4,4
2012353,2012-12-25,4,6,9
2012354,2012-12-26,1,8,3
2012355,2012-12-27,3,6,9
2012356,2012-12-28,4,6,2
2012357,2012-12-29,1,1,1
2012358,2012-12-30,0,1,2
2012359,2012-12-31,1,4,6
2013001,2013-01-01,5,2,4
2013002,2013-01-02,5,9,9
2013003,2013-01-03,7,2,4
2013004,2013-01-04,1,8,4
2013005,2013-01-05,4,6,8
2013006,2013-01-06,8,5,3
2013007,2013-01-07,6,2,6
2013008,2013-01-08,5,9,9
2013009,2013-01-09,5,7,4
2013010,2013-01-10,6,8,8
2013011,2013-01-11,6,1,8
2013012,2013-01-12,7,6,0
2013013,2013-01-13,2,9,2
2013014,2013-01-14,2,6,6
2013015,2013-01-15,6,4,7
2013016,2013-01-16,7,0,8
2013017,2013-01-17,3,5,9
2013018,2013-01-18,8,2,4
2013019,2013-01-19,5,6,7
2013020,2013-01-20,9,6,3
2013021,2013-01-21,7,1,9
2013022,2013-01-22,7,4,4
2013023,2013-01-23,6,7,2
2013024,2013-01-24,8,5,9
2013025,2013-01-25,3,2,2
2013026,2013-01-26,8,9,5
2013027,2013-01-27,4,9,0
2013028,2013-01-28,0,7,2
2013029,2013-01-29,7,2,2
2013030,2013-01-30,3,5,4
2013031,2013-01-31,5,9,3
2013032,2013-02-01,8,9,8
2013033,2013-02-02,3,2,5
2013034,2013-02-03,6,9,0
2013035,2013-02-04,4,4,6
2013036,2013-02-05,9,2,1
2013037,2013-02-06,3,6,5
2013038,2013-02-07,8,0,6
2013039,2013-02-08,9,1,1
2013040,2013-02-16,8,9,8
2013041,2013-02-17,9,8,6
2013042,2013-02-18,0,9,1
2013043,2013-02-19,5,3,0
2013044,2013-02-20,7,3,1
2013045,2013-02-21,2,9,9
2013046,2013-02-22,4,4,6
2013047,2013-02-23,0,7,2
2013048,2013-02-24,2,6,3
2013049,2013-02-25,7,2,8
2013050,2013-02-26,2,2,1
2013051,2013-02-27,6,5,2
2013052,2013-02-28,6,4,2
2013053,2013-03-01,2,1,2
2013054,2013-03-02,7,3,2
2013055,2013-03-03,0,5,3
2013056,2013-03-04,4,8,1
2013057,2013-03-05,6,3,9
2013058,2013-03-06,2,4,8
2013059,2013-03-07,9,5,4
2013060,2013-03-08,5,3,0
2013061,2013-03-09,1,0,6
2013062,2013-03-10,1,4,3
2013063,2013-03-11,8,8,2
2013064,2013-03-12,4,6,5
2013065,2013-03-13,2,2,2
2013066,2013-03-14,1,5,8
2013067,2013-03-15,0,4,4
2013068,2013-03-16,2,4,4
2013069,2013-03-17,1,1,9
2013070,2013-03-18,1,4,9
2013071,2013-03-19,0,4,0
2013072,2013-03-20,3,3,0
2013073,2013-03-21,0,4,3
2013074,2013-03-22,8,5,8
2013075,2013-03-23,9,5,4
2013076,2013-03-24,5,4,5
2013077,2013-03-25,9,1,1
2013078,2013-03-26,6,6,6
2013079,2013-03-27,1,5,4
2013080,2013-03-28,2,3,7
2013081,2013-03-29,8,4,2
2013082,2013-03-30,5,4,6
2013083,2013-03-31,7,5,2
2013084,2013-04-01,1,2,5
2013085,2013-04-02,5,2,7
2013086,2013-04-03,6,7,9
2013087,2013-04-04,0,0,7
2013088,2013-04-05,8,0,6
2013089,2013-04-06,0,3,0
2013090,2013-04-07,1,4,3
2013091,2013-04-08,0,2,2
2013092,2013-04-09,6,9,1
2013093,2013-04-10,4,7,3
2013094,2013-04-11,5,0,2
2013095,2013-04-12,5,0,2
2013096,2013-04-13,3,4,2
2013097,2013-04-14,4,9,3
2013098,2013-04-15,2,4,9
2013099,2013-04-16,0,7,8
2013100,2013-04-17,7,6,4
2013101,2013-04-18,2,3,8
2013102,2013-04-19,8,6,2
2013103,2013-04-20,9,7,9
2013104,2013-04-21,8,4,5
2013105,2013-04-22,8,2,0
2013106,2013-04-23,5,1,1
2013107,2013-04-24,7,6,0
2013108,2013-04-25,3,2,0
2013109,2013-04-26,0,6,2
2013110,2013-04-27,1,6,4
2013111,2013-04-28,1,8,1
2013112,2013-04-29,6,0,6
2013113,2013-04-30,5,9,3
2013114,2013-05-01,2,4,6
2013115,2013-05-02,9,8,8
2013116,2013-05-03,0,4,7
2013117,2013-05-04,8,2,9
2013118,2013-05-05,4,0,5
2013119,2013-05-06,0,9,9
2013120,2013-05-07,2,9,0
2013121,2013-05-08,5,6,5
2013122,2013-05-09,8,7,7
2013123,2013-05-10,0,5,7
2013124,2013-05-11,3,6,3
2013125,2013-05-12,4,4,3
2013126,2013-05-13,6,3,0
2013127,2013-05-14,5,3,9
2013128,2013-05-15,0,8,2
2013129,2013-05-16,0,8,6
2013130,2013-05-17,0,4,3
2013131,2013-05-18,3,9,2
2013132,2013-05-19,1,0,4
2013133,2013-05-20,0,2,2
2013134,2013-05-21,2,6,0
2013135,2013-05-22,3,4,9
2013136,2013-05-23,5,6,8
2013137,2013-05-24,1,0,2
2013138,2013-05-25,0,4,0
2013139,2013-05-26,0,3,2
2013140,2013-05-27,8,5,7
2013141,2013-05-28,4,6,2
2013142,2013-05-29,9,1,4
2013143,2013-05-30,8,6,2
2013144,2013-05-31,1,5,2
2013145,2013-06-01,2,8,0
2013146,2013-06-02,7,2,1
2013147,2013-06-03,6,2,2
2013148,2013-06-04,8,0,3
2013149,2013-06-05,9,3,6
2013150,2013-06-06,0,3,6
2013151,2013-06-07,8,7,6
2013152,2013-06-08,4,3,8
2013153,2013-06-09,2,7,0
2013154,2013-06-10,9,5,4
2013155,2013-06-11,0,9,6
2013156,2013-06-12,1,2,8
2013157,2013-06-13,5,8,8
2013158,2013-06-14,4,7,0
2013159,2013-06-15,5,5,4
2013160,2013-06-16,0,3,6
2013161,2013-06-17,1,3,3
2013162,2013-06-18,1,9,9
2013163,2013-06-19,1,4,2
2013164,2013-06-20,9,5,1
2013165,2013-06-21,5,8,1
2013166,2013-06-22,4,4,4
2013167,2013-06-23,3,4,1
2013168,2013-06-24,8,4,4
2013169,2013-06-25,2,7,3
2013170,2013-06-26,4,7,8
2013171,2013-06-27,0,2,7
2013172,2013-06-28,2,1,9
2013173,2013-06-29,3,8,4
2013174,2013-06-30,2,6,1
2013175,2013-07-01,6,5,2
2013176,2013-07-02,6,4,1
2013177,2013-07-03,3,9,6
2013178,2013-07-04,6,2,4
2013179,2013-07-05,5,1,1
2013180,2013-07-06,6,6,9
2013181,2013-07-07,1,5,3
2013182,2013-07-08,6,5,8
2013183,2013-07-09,4,5,2
2013184,2013-07-10,8,2,9
2013185,2013-07-11,2,8,6
2013186,2013-07-12,5,9,2
2013187,2013-07-13,2,6,6
2013188,2013-07-14,6,5,4
2013189,2013-07-15,2,9,5
2013190,2013-07-16,1,5,7
2013191,2013-07-17,4,7,3
2013192,2013-07-18,5,5,6
2013193,2013-07-19,7,7,5
2013194,2013-07-20,5,0,8
2013195,2013-07-21,5,0,0
2013196,2013-07-22,6,6,6
2013197,2013-07-23,2,8,0
2013198,2013-07-24,5,5,3
2013199,2013-07-25,6,6,1
2013200,2013-07-26,4,6,8
2013201,2013-07-27,2,2,8
2013202,2013-07-28,1,3,7
2013203,2013-07-29,0,3,1
2013204,2013-07-30,4,9,9
2013205,2013-07-31,8,4,3
2013206,2013-08-01,1,7,3
2013207,2013-08-02,9,5,9
2013208,2013-08-03,4,2,1
2013209,2013-08-04,5,6,2
2013210,2013-08-05,5,3,9
2013211,2013-08-06,7,3,4
2013212,2013-08-07,1,4,3
2013213,2013-08-08,3,3,8
2013214,2013-08-09,7,7,9
2013215,2013-08-10,5,4,1
2013216,2013-08-11,0,0,5
2013217,2013-08-12,8,9,8
2013218,2013-08-13,1,4,7
2013219,2013-08-14,5,2,7
2013220,2013-08-15,3,0,0
2013221,2013-08-16,6,0,9
2013222,2013-08-17,6,0,5
2013223,2013-08-18,5,7,1
2013224,2013-08-19,0,0,0
2013225,2013-08-20,9,5,2
2013226,2013-08-21,0,8,3
2013227,2013-08-22,5,5,9
2013228,2013-08-23,7,5,6
2013229,2013-08-24,2,9,0
2013230,2013-08-25,4,5,2
2013231,2013-08-26,0,5,9
2013232,2013-08-27,6,4,7
2013233,2013-08-28,4,2,2
2013234,2013-08-29,5,6,5
2013235,2013-08-30,9,0,9
2013236,2013-08-31,5,5,7
2013237,2013-09-01,6,8,2
2013238,2013-09-02,6,9,5
2013239,2013-09-03,6,9,2
2013240,2013-09-04,7,5,1
2013241,2013-09-05,8,6,6
2013242,2013-09-06,5,1,1
2013243,2013-09-07,4,8,1
2013244,2013-09-08,6,4,2
2013245,2013-09-09,3,0,4
2013246,2013-09-10,2,7,4
2013247,2013-09-11,6,7,3
2013248,2013-09-12,4,7,7
2013249,2013-09-13,6,9,0
2013250,2013-09-14,7,1,4
2013251,2013-09-15,6,5,9
2013252,2013-09-16,9,7,8
2013253,2013-09-17,6,8,7
2013254,2013-09-18,8,3,8
2013255,2013-09-19,0,1,5
2013256,2013-09-20,2,8,6
2013257,2013-09-21,6,2,7
2013258,2013-09-22,9,3,0
2013259,2013-09-23,0,4,4
2013260,2013-09-24,8,5,4
2013261,2013-09-25,5,6,3
2013262,2013-09-26,4,3,3
2013263,2013-09-27,5,2,1
2013264,2013-09-28,0,3,5
2013265,2013-09-29,8,2,1
2013266,2013-09-30,9,2,6
2013267,2013-10-01,9,1,5
2013268,2013-10-02,8,3,1
2013269,2013-10-03,3,0,5
2013270,2013-10-04,2,5,3
2013271,2013-10-05,7,9,1
2013272,2013-10-06,6,9,0
2013273,2013-10-07,4,1,8
2013274,2013-10-08,6,9,5
2013275,2013-10-09,1,6,5
2013276,2013-10-10,8,4,5
2013277,2013-10-11,4,5,3
2013278,2013-10-12,3,9,3
2013279,2013-10-13,9,0,0
2013280,2013-10-14,5,7,5
2013281,2013-10-15,9,9,7
2013282,2013-10-16,9,0,1
2013283,2013-10-17,3,1,4
2013284,2013-10-18,8,5,4
2013285,2013-10-19,5,7,1
2013286,2013-10-20,2,4,7
2013287,2013-10-21,9,0,9
2013288,2013-10-22,9,2,6
2013289,2013-10-23,6,0,7
2013290,2013-10-24,6,6,3
2013291,2013-10-25,5,5,6
2013292,2013-10-26,9,4,9
2013293,2013-10-27,4,2,1
2013294,2013-10-28,7,3,2
2013295,2013-10-29,8,2,0
2013296,2013-10-30,5,5,7
2013297,2013-10-31,3,8,9
2013298,2013-11-01,3,3,7
2013299,2013-11-02,0,8,7
2013300,2013-11-03,1,9,2
2013301,2013-11-04,3,7,6
2013302,2013-11-05,3,1,6
2013303,2013-11-06,8,2,0
2013304,2013-11-07,0,1,4
2013305,2013-11-08,2,3,8
2013306,2013-11-09,1,2,0
2013307,2013-11-10,5,9,8
2013308,2013-11-11,2,5,7
2013309,2013-11-12,3,0,8
2013310,2013-11-13,8,7,3
2013311,2013-11-14,6,9,4
2013312,2013-11-15,4,6,9
2013313,2013-11-16,7,1,3
2013314,2013-11-17,7,0,0
2013315,2013-11-18,4,9,7
2013316,2013-11-19,8,3,2
2013317,2013-11-20,4,5,5
2013318,2013-11-21,7,8,0
2013319,2013-11-22,9,1,8
2013320,2013-11-23,3,8,8
2013321,2013-11-24,8,0,0
2013322,2013-11-25,1,5,7
2013323,2013-11-26,5,2,5
2013324,2013-11-27,1,6,9
2013325,2013-11-28,7,7,5
2013326,2013-11-29,3,3,1
2013327,2013-11-30,7,7,5
2013328,2013-12-01,9,0,1
2013329,2013-12-02,3,5,8
2013330,2013-12-03,8,9,3
2013331,2013-12-04,1,8,9
2013332,2013-12-05,7,2,6
2013333,2013-12-06,6,6,5
2013334,2013-12-07,4,3,9
2013335,2013-12-08,8,5,2
2013336,2013-12-09,1,6,6
2013337,2013-12-10,3,2,6
2013338,2013-12-11,5,4,9
2013339,2013-12-12,9,5,8
2013340,2013-12-13,4,1,4
2013341,2013-12-14,1,5,6
2013342,2013-12-15,2,5,4
2013343,2013-12-16,6,6,1
2013344,2013-12-17,1,1,0
2013345,2013-12-18,0,6,7
2013346,2013-12-19,7,6,7
2013347,2013-12-20,7,9,7
2013348,2013-12-21,5,6,6
2013349,2013-12-22,8,3,3
2013350,2013-12-23,0,5,2
2013351,2013-12-24,2,1,1
2013352,2013-12-25,4,5,4
2013353,2013-12-26,5,8,9
2013354,2013-12-27,9,9,7
2013355,2013-12-28,0,3,0
2013356,2013-12-29,8,0,0
2013357,2013-12-30,1,5,4
2013358,2013-12-31,9,8,8
2014001,2014-01-01,9,6,3
2014002,2014-01-02,3,7,5
2014003,2014-01-03,6,1,2
2014004,2014-01-04,9,2,9
2014005,2014-01-05,1,2,1
2014006,2014-01-06,3,4,4
2014007,2014-01-07,4,2,4
2014008,2014-01-08,1,3,4
2014009,2014-01-09,6,1,8
2014010,2014-01-10,4,1,6
2014011,2014-01-11,5,3,7
2014012,2014-01-12,9,0,2
2014013,2014-01-13,6,0,0
2014014,2014-01-14,5,3,5
2014015,2014-01-15,1,7,5
2014016,2014-01-16,9,8,2
2014017,2014-01-17,0,7,1
2014018,2014-01-18,0,2,1
2014019,2014-01-19,4,3,0
2014020,2014-01-20,1,8,2
2014021,2014-01-21,3,5,4
2014022,2014-01-22,6,0,3
2014023,2014-01-23,6,4,9
2014024,2014-01-24,2,2,4
2014025,2014-01-25,2,0,7
2014026,2014-01-26,1,0,7
2014027,2014-01-27,7,2,7
2014028,2014-01-28,4,4,0
2014029,2014-01-29,6,0,5
2014030,2014-02-07,4,0,5
2014031,2014-02-08,8,9,1
2014032,2014-02-09,2,6,6
2014033,2014-02-10,9,4,9
2014034,2014-02-11,5,1,8
2014035,2014-02-12,4,6,7
2014036,2014-02-13,1,0,4
2014037,2014-02-14,1,8,5
2014038,2014-02-15,2,9,1
2014039,2014-02-16,9,2,2
2014040,2014-02-17,9,0,1
2014041,2014-02-18,7,2,5
2014042,2014-02-19,3,6,3
2014043,2014-02-20,5,0,1
2014044,2014-02-21,3,5,4
2014045,2014-02-22,7,4,7
2014046,2014-02-23,5,8,4
2014047,2014-02-24,8,9,8
2014048,2014-02-25,8,6,1
2014049,2014-02-26,9,0,8
2014050,2014-02-27,4,2,4
2014051,2014-02-28,5,3,6
2014052,2014-03-01,0,3,2
2014053,2014-03-02,8,1,2
2014054,2014-03-03,7,2,5
2014055,2014-03-04,8,0,7
2014056,2014-03-05,6,7,8
2014057,2014-03-06,5,0,1
2014058,2014-03-07,3,2,2
2014059,2014-03-08,4,2,9
2014060,2014-03-09,9,3,2
2014061,2014-03-10,2,2,5
2014062,2014-03-11,3,8,2
2014063,2014-03-12,4,7,8
2014064,2014-03-13,2,1,8
2014065,2014-03-14,2,9,0
2014066,2014-03-15,0,0,3
2014067,2014-03-16,3,1,8
2014068,2014-03-17,1,0,2
2014069,2014-03-18,0,6,4
2014070,2014-03-19,1,1,9
2014071,2014-03-20,2,9,2
2014072,2014-03-21,4,8,8
2014073,2014-03-22,0,4,2
2014074,2014-03-23,5,0,0
2014075,2014-03-24,4,1,4
2014076,2014-03-25,3,8,2
2014077,2014-03-26,7,4,7
2014078,2014-03-27,4,6,7
2014079,2014-03-28,7,9,4
2014080,2014-03-29,5,8,7
2014081,2014-03-30,2,0,6
2014082,2014-03-31,3,2,4
2014083,2014-04-01,0,9,3
2014084,2014-04-02,9,8,7
2014085,2014-04-03,2,4,3
2014086,2014-04-04,7,9,5
2014087,2014-04-05,8,4,4
2014088,2014-04-06,5,7,1
2014089,2014-04-07,6,6,0
2014090,2014-04-08,8,3,8
2014091,2014-04-09,4,9,6
2014092,2014-04-10,5,0,8
2014093,2014-04-11,1,9,6
2014094,2014-04-12,1,8,9
2014095,2014-04-13,7,7,5
2014096,2014-04-14,2,1,6
2014097,2014-04-15,7,7,4
2014098,2014-04-16,1,3,9
2014099,2014-04-17,4,6,4
2014100,2014-04-18,2,6,9
2014101,2014-04-19,1,0,9
2014102,2014-04-20,7,5,0
2014103,2014-04-21,8,3,2
2014104,2014-04-22,5,7,6
2014105,2014-04-23,4,9,0
2014106,2014-04-24,0,8,2
2014107,2014-04-25,6,3,9
2014108,2014-04-26,1,6,8
2014109,2014-04-27,6,5,2
2014110,2014-04-28,4,7,5
2014111,2014-04-29,9,0,5
2014112,2014-04-30,0,1,3
2014113,2014-05-01,7,5,8
2014114,2014-05-02,2,1,4
2014115,2014-05-03,1,6,5
2014116,2014-05-04,9,0,6
2014117,2014-05-05,8,9,5
2014118,2014-05-06,1,9,4
2014119,2014-05-07,9,0,4
2014120,2014-05-08,2,4,4
2014121,2014-05-09,5,8,0
2014122,2014-05-10,2,0,3
2014123,2014-05-11,8,3,1
2014124,2014-05-12,3,9,5
2014125,2014-05-13,1,4,7
2014126,2014-05-14,8,4,8
2014127,2014-05-15,2,2,7
2014128,2014-05-16,2,1,5
2014129,2014-05-17,0,8,8
2014130,2014-05-18,0,1,4
2014131,2014-05-19,5,9,4
2014132,2014-05-20,3,5,1
2014133,2014-05-21,0,0,6
2014134,2014-05-22,6,3,3
2014135,2014-05-23,1,4,4
2014136,2014-05-24,2,6,8
2014137,2014-05-25,5,5,8
2014138,2014-05-26,3,8,7
2014139,2014-05-27,1,3,8
2014140,2014-05-28,7,6,6
2014141,2014-05-29,8,1,0
2014142,2014-05-30,6,5,6
2014143,2014-05-31,6,7,5
2014144,2014-06-01,8,6,5
2014145,2014-06-02,4,1,5
2014146,2014-06-03,8,1,8
2014147,2014-06-04,1,4,2
2014148,2014-06-05,2,9,5
2014149,2014-06-06,6,8,9
2014150,2014-06-07,0,2,8
2014151,2014-06-08,9,8,7
2014152,2014-06-09,0,2,8
2014153,2014-06-10,3,0,8
2014154,2014-06-11,2,6,8
2014155,2014-06-12,2,1,3
2014156,2014-06-13,1,5,9
2014157,2014-06-14,0,7,9
2014158,2014-06-15,3,7,0
2014159,2014-06-16,0,9,0
2014160,2014-06-17,9,2,8
2014161,2014-06-18,5,5,0
2014162,2014-06-19,7,2,9
2014163,2014-06-20,3,0,2
2014164,2014-06-21,9,9,3
2014165,2014-06-22,1,5,2
2014166,2014-06-23,0,9,9
2014167,2014-06-24,7,6,5
2014168,2014-06-25,1,9,8
2014169,2014-06-26,1,0,4
2014170,2014-06-27,2,5,7
2014171,2014-06-28,6,3,0
2014172,2014-06-29,9,5,9
2014173,2014-06-30,8,8,8
2014174,2014-07-01,4,0,9
2014175,2014-07-02,6,9,1
2014176,2014-07-03,0,3,4
2014177,2014-07-04,5,8,0
2014178,2014-07-05,9,0,9
2014179,2014-07-06,2,6,4
2014180,2014-07-07,7,5,9
2014181,2014-07-08,7,2,7
2014182,2014-07-09,7,5,3
2014183,2014-07-10,7,7,4
2014184,2014-07-11,5,2,3
2014185,2014-07-12,4,5,2
2014186,2014-07-13,6,0,5
2014187,2014-07-14,3,2,6
2014188,2014-07-15,3,0,2
2014189,2014-07-16,5,5,0
2014190,2014-07-17,5,3,7
2014191,2014-07-18,7,5,7
2014192,2014-07-19,5,3,9
2014193,2014-07-20,5,1,3
2014194,2014-07-21,0,4,6
2014195,2014-07-22,8,4,0
2014196,2014-07-23,4,6,0
2014197,2014-07-24,9,7,4
2014198,2014-07-25,8,9,3
2014199,2014-07-26,2,5,1
2014200,2014-07-27,0,2,5
2014201,2014-07-28,8,3,4
2014202,2014-07-29,4,7,5
2014203,2014-07-30,4,1,1
2014204,2014-07-31,5,6,4
2014205,2014-08-01,9,0,7
2014206,2014-08-02,9,0,6
2014207,2014-08-03,1,4,7
2014208,2014-08-04,7,7,8
2014209,2014-08-05,7,1,2
2014210,2014-08-06,4,0,5
2014211,2014-08-07,2,0,5
2014212,2014-08-08,0,5,6
2014213,2014-08-09,7,7,5
2014214,2014-08-10,2,1,4
2014215,2014-08-11,6,0,9
2014216,2014-08-12,0,3,3
2014217,2014-08-13,1,3,7
2014218,2014-08-14,8,0,8
2014219,2014-08-15,2,9,5
2014220,2014-08-16,4,4,9
2014221,2014-08-17,2,7,2
2014222,2014-08-18,5,0,4
2014223,2014-08-19,8,0,4
2014224,2014-08-20,6,9,6
2014225,2014-08-21,7,9,2
2014226,2014-08-22,1,9,3
2014227,2014-08-23,3,2,6
2014228,2014-08-24,2,4,3
2014229,2014-08-25,4,7,4
2014230,2014-08-26,0,8,3
2014231,2014-08-27,4,6,3
2014232,2014-08-28,6,1,4
2014233,2014-08-29,9,2,1
2014234,2014-08-30,0,7,1
2014235,2014-08-31,7,4,8
2014236,2014-09-01,8,4,1
2014237,2014-09-02,6,8,5
2014238,2014-09-03,4,1,9
2014239,2014-09-04,7,2,4
2014240,2014-09-05,8,6,4
2014241,2014-09-06,8,5,8
2014242,2014-09-07,2,4,5
2014243,2014-09-08,7,9,9
2014244,2014-09-09,3,0,2
2014245,2014-09-10,6,1,9
2014246,2014-09-11,2,2,2
2014247,2014-09-12,2,2,9
2014248,2014-09-13,4,4,1
2014249,2014-09-14,8,1,0
2014250,2014-09-15,1,7,7
2014251,2014-09-16,4,2,1
2014252,2014-09-17,5,5,7
2014253,2014-09-18,4,4,1
2014254,2014-09-19,9,2,4
2014255,2014-09-20,6,9,1
2014256,2014-09-21,7,7,1
2014257,2014-09-22,6,6,6
2014258,2014-09-23,4,5,2
2014259,2014-09-24,1,1,0
2014260,2014-09-25,3,6,6
2014261,2014-09-26,4,1,2
2014262,2014-09-27,2,1,9
2014263,2014-09-28,8,5,7
2014264,2014-09-29,1,0,7
2014265,2014-09-30,4,5,9
2014266,2014-10-01,5,0,6
2014267,2014-10-02,1,4,9
2014268,2014-10-03,7,4,0
2014269,2014-10-04,0,3,2
2014270,2014-10-05,6,5,8
2014271,2014-10-06,7,7,0
2014272,2014-10-07,4,1,7
2014273,2014-10-08,5,8,5
2014274,2014-10-09,4,7,5
2014275,2014-10-10,2,8,6
2014276,2014-10-11,4,9,7
2014277,2014-10-12,5,1,3
2014278,2014-10-13,7,3,9
2014279,2014-10-14,5,9,2
2014280,2014-10-15,1,3,1
2014281,2014-10-16,7,9,4
2014282,2014-10-17,5,9,0
2014283,2014-10-18,3,4,3
2014284,2014-10-19,0,1,8
2014285,2014-10-20,8,2,6
2014286,2014-10-21,9,8,8
2014287,2014-10-22,2,7,5
2014288,2014-10-23,2,4,5
2014289,2014-10-24,0,4,8
2014290,2014-10-25,4,3,3
2014291,2014-10-26,4,8,8
2014292,2014-10-27,8,4,1
2014293,2014-10-28,3,5,9
2014294,2014-10-29,8,1,5
2014295,2014-10-30,7,9,4
2014296,2014-10-31,3,9,9
2014297,2014-11-01,8,8,8
2014298,2014-11-02,2,8,0
2014299,2014-11-03,5,3,2
2014300,2014-11-04,2,9,0
2014301,2014-11-05,5,2,4
2014302,2014-11-06,8,6,2
2014303,2014-11-07,0,7,8
2014304,2014-11-08,7,5,0
2014305,2014-11-09,0,0,4
2014306,2014-11-10,1,3,1
2014307,2014-11-11,2,9,6
2014308,2014-11-12,1,8,0
2014309,2014-11-13,3,8,2
2014310,2014-11-14,4,8,9
2014311,2014-11-15,2,9,6
2014312,2014-11-16,3,7,7
2014313,2014-11-17,4,0,2
2014314,2014-11-18,7,9,5
2014315,2014-11-19,1,5,3
2014316,2014-11-20,3,7,1
2014317,2014-11-21,0,5,9
2014318,2014-11-22,5,9,4
2014319,2014-11-23,6,9,6
2014320,2014-11-24,2,3,6
2014321,2014-11-25,6,5,2
2014322,2014-11-26,9,6,9
2014323,2014-11-27,8,2,6
2014324,2014-11-28,5,8,9
2014325,2014-11-29,0,3,7
2014326,2014-11-30,8,8,1
2014327,2014-12-01,3,5,4
2014328,2014-12-02,5,4,3
2014329,2014-12-03,3,5,9
2014330,2014-12-04,7,8,0
2014331,2014-12-05,7,1,3
2014332,2014-12-06,6,6,6
2014333,2014-12-07,6,9,5
2014334,2014-12-08,3,9,4
2014335,2014-12-09,9,0,1
2014336,2014-12-10,7,5,3
2014337,2014-12-11,6,6,2
2014338,2014-12-12,3,9,8
2014339,2014-12-13,5,8,9
2014340,2014-12-14,1,2,9
2014341,2014-12-15,7,1,1
2014342,2014-12-16,9,7,6
2014343,2014-12-17,6,8,7
2014344,2014-12-18,0,9,7
2014345,2014-12-19,5,1,2
2014346,2014-12-20,2,0,4
2014347,2014-12-21,9,8,2
2014348,2014-12-22,1,6,8
2014349,2014-12-23,6,6,1
2014350,2014-12-24,2,6,6
2014351,2014-12-25,6,8,8
2014352,2014-12-26,0,6,0
2014353,2014-12-27,3,5,5
2014354,2014-12-28,0,6,9
2014355,2014-12-29,9,5,0
2014356,2014-12-30,7,8,6
2014357,2014-12-31,3,6,2
2015001,2015-01-01,3,9,7
2015002,2015-01-02,7,4,9
2015003,2015-01-03,5,2,4
2015004,2015-01-04,1,4,2
2015005,2015-01-05,6,9,3
2015006,2015-01-06,9,4,7
2015007,2015-01-07,0,3,9
2015008,2015-01-08,6,1,3
2015009,2015-01-09,5,7,4
2015010,2015-01-10,8,6,2
2015011,2015-01-11,3,1,8
2015012,2015-01-12,8,6,4
2015013,2015-01-13,4,1,2
2015014,2015-01-14,4,0,3
2015015,2015-01-15,8,4,5
2015016,2015-01-16,2,9,0
2015017,2015-01-17,8,8,0
2015018,2015-01-18,8,3,1
2015019,2015-01-19,9,1,4
2015020,2015-01-20,2,1,6
2015021,2015-01-21,3,3,9
2015022,2015-01-22,7,5,8
2015023,2015-01-23,4,9,6
2015024,2015-01-24,6,0,6
2015025,2015-01-25,3,8,1
2015026,2015-01-26,8,3,3
2015027,2015-01-27,2,8,1
2015028,2015-01-28,3,5,7
2015029,2015-01-29,9,2,7
2015030,2015-01-30,8,2,0
2015031,2015-01-31,5,2,4
2015032,2015-02-01,4,1,3
2015033,2015-02-02,9,8,6
2015034,2015-02-03,0,4,9
2015035,2015-02-04,6,7,4
2015036,2015-02-05,8,7,1
2015037,2015-02-06,1,5,1
2015038,2015-02-07,9,2,2
2015039,2015-02-08,5,4,8
2015040,2015-02-09,4,6,6
2015041,2015-02-10,5,3,8
2015042,2015-02-11,2,3,2
2015043,2015-02-12,7,5,1
2015044,2015-02-13,7,2,5
2015045,2015-02-14,5,7,7
2015046,2015-02-15,3,0,5
2015047,2015-02-16,8,0,0
2015048,2015-02-17,0,8,5
2015049,2015-02-25,2,5,1
2015050,2015-02-26,0,3,9
2015051,2015-02-27,9,5,1
2015052,2015-02-28,5,9,8
2015053,2015-03-01,7,4,7
2015054,2015-03-02,0,6,3
2015055,2015-03-03,9,6,9
2015056,2015-03-04,8,1,3
2015057,2015-03-05,7,7,9
2015058,2015-03-06,8,8,9
2015059,2015-03-07,0,2,4
2015060,2015-03-08,4,4,7
2015061,2015-03-09,9,1,8
2015062,2015-03-10,0,6,8
2015063,2015-03-11,1,3,8
2015064,2015-03-12,5,2,7
2015065,2015-03-13,6,9,6
2015066,2015-03-14,2,0,8
2015067,2015-03-15,7,1,8
2015068,2015-03-16,5,5,9
2015069,2015-03-17,9,8,6
2015070,2015-03-18,4,1,8
2015071,2015-03-19,7,5,9
2015072,2015-03-20,7,9,3
2015073,2015-03-21,9,4,2
2015074,2015-03-22,4,4,1
2015075,2015-03-23,4,2,3
2015076,2015-03-24,9,3,7
2015077,2015-03-25,9,6,5
2015078,2015-03-26,1,1,4
2015079,2015-03-27,5,2,8
2015080,2015-03-28,3,2,0
2015081,2015-03-29,6,0,3
2015082,2015-03-30,2,5,5
2015083,2015-03-31,0,1,3
2015084,2015-04-01,9,4,1
2015085,2015-04-02,4,1,6
2015086,2015-04-03,9,3,0
2015087,2015-04-04,0,1,3
2015088,2015-04-05,1,0,8
2015089,2015-04-06,6,5,4
2015090,2015-04-07,6,8,4
2015091,2015-04-08,7,9,5
2015092,2015-04-09,7,0,3
2015093,2015-04-10,6,0,2
2015094,2015-04-11,5,4,6
2015095,2015-04-12,2,3,7
2015096,2015-04-13,2,1,8
2015097,2015-04-14,6,8,8
2015098,2015-04-15,4,1,3
2015099,2015-04-16,7,7,1
2015100,2015-04-17,5,3,6
2015101,2015-04-18,6,3,3
2015102,2015-04-19,3,9,5
2015103,2015-04-20,4,9,9
2015104,2015-04-21,9,8,6
2015105,2015-04-22,7,0,0
2015106,2015-04-23,6,8,8
2015107,2015-04-24,7,1,0
2015108,2015-04-25,8,6,5
2015109,2015-04-26,6,4,9
2015110,2015-04-27,8,2,4
2015111,2015-04-28,9,7,2
2015112,2015-04-29,9,7,1
2015113,2015-04-30,7,7,7
2015114,2015-05-01,3,1,0
2015115,2015-05-02,6,2,3
2015116,2015-05-03,7,6,8
2015117,2015-05-04,7,6,0
2015118,2015-05-05,2,7,3
2015119,2015-05-06,6,1,4
2015120,2015-05-07,8,7,4
2015121,2015-05-08,6,4,0
2015122,2015-05-09,6,7,5
2015123,2015-05-10,5,9,0
2015124,2015-05-11,5,1,3
2015125,2015-05-12,5,4,4
2015126,2015-05-13,2,1,1
2015127,2015-05-14,0,8,1
2015128,2015-05-15,8,9,2
2015129,2015-05-16,2,3,2
2015130,2015-05-17,5,1,2
2015131,2015-05-18,7,7,4
2015132,2015-05-19,3,9,3
2015133,2015-05-20,9,5,6
2015134,2015-05-21,1,5,6
2015135,2015-05-22,0,2,7
2015136,2015-05-23,8,8,4
2015137,2015-05-24,2,2,9
2015138,2015-05-25,4,7,3
2015139,2015-05-26,8,1,1
2015140,2015-05-27,6,7,7
2015141,2015-05-28,9,2,9
2015142,2015-05-29,2,9,6
2015143,2015-05-30,2,4,0
2015144,2015-05-31,0,5,4
2015145,2015-06-01,6,2,7
2015146,2015-06-02,3,1,8
2015147,2015-06-03,0,7,5
2015148,2015-06-04,1,6,1
2015149,2015-06-05,0,8,4
2015150,2015-06-06,7,7,5
2015151,2015-06-07,4,5,5
2015152,2015-06-08,6,8,1
2015153,2015-06-09,0,8,8
2015154,2015-06-10,2,2,4
2015155,2015-06-11,4,0,5
2015156,2015-06-12,9,7,3
2015157,2015-06-13,0,8,4
2015158,2015-06-14,7,6,3
2015159,2015-06-15,7,2,2
2015160,2015-06-16,1,7,3
2015161,2015-06-17,6,6,2
2015162,2015-06-18,0,7,6
2015163,2015-06-19,6,4,6
2015164,2015-06-20,3,9,2
2015165,2015-06-21,3,8,9
2015166,2015-06-22,5,3,3
2015167,2015-06-23,3,5,6
2015168,2015-06-24,7,4,4
2015169,2015-06-25,1,6,0
2015170,2015-06-26,9,0,0
2015171,2015-06-27,4,1,0
2015172,2015-06-28,4,0,6
2015173,2015-06-29,5,3,7
2015174,2015-06-30,9,3,4
2015175,2015-07-01,6,1,6
2015176,2015-07-02,7,6,2
2015177,2015-07-03,0,7,0
2015178,2015-07-04,7,2,0
2015179,2015-07-05,5,3,5
2015180,2015-07-06,0,2,0
2015181,2015-07-07,8,6,8
2015182,2015-07-08,7,8,4
2015183,2015-07-09,6,5,3
2015184,2015-07-10,2,9,1
2015185,2015-07-11,7,9,8
2015186,2015-07-12,7,8,5
2015187,2015-07-13,0,5,8
2015188,2015-07-14,3,1,9
2015189,2015-07-15,7,6,2
2015190,2015-07-16,6,8,8
2015191,2015-07-17,5,1,4
2015192,2015-07-18,6,6,6
2015193,2015-07-19,7,0,2
2015194,2015-07-20,2,7,7
2015195,2015-07-21,9,4,6
2015196,2015-07-22,8,6,2
2015197,2015-07-23,4,0,2
2015198,2015-07-24,3,1,3
2015199,2015-07-25,8,6,7
2015200,2015-07-26,9,3,4
2015201,2015-07-27,0,6,3
2015202,2015-07-28,3,9,5
2015203,2015-07-29,6,4,7
2015204,2015-07-30,0,6,8
2015205,2015-07-31,2,1,2
2015206,2015-08-01,8,8,1
2015207,2015-08-02,3,3,8
2015208,2015-08-03,3,5,3
2015209,2015-08-04,7,2,7
2015210,2015-08-05,7,2,8
2015211,2015-08-06,9,5,1
2015212,2015-08-07,6,1,4
2015213,2015-08-08,0,5,5
2015214,2015-08-09,1,9,0
2015215,2015-08-10,1,5,4
2015216,2015-08-11,2,5,4
2015217,2015-08-12,2,4,2
2015218,2015-08-13,2,3,2
2015219,2015-08-14,1,9,2
2015220,2015-08-15,3,2,8
2015221,2015-08-16,7,8,1
2015222,2015-08-17,4,3,8
2015223,2015-08-18,3,8,7
2015224,2015-08-19,6,4,1
2015225,2015-08-20,8,5,9
2015226,2015-08-21,4,4,0
2015227,2015-08-22,4,4,2
2015228,2015-08-23,3,1,2
2015229,2015-08-24,9,9,1
2015230,2015-08-25,7,2,7
2015231,2015-08-26,5,0,9
2015232,2015-08-27,5,3,2
2015233,2015-08-28,9,8,3
2015234,2015-08-29,4,3,6
2015235,2015-08-30,4,6,5
2015236,2015-08-31,9,1,0
2015237,2015-09-01,3,0,4
2015238,2015-09-02,1,2,7
2015239,2015-09-03,9,3,1
2015240,2015-09-04,6,8,9
2015241,2015-09-05,6,5,1
2015242,2015-09-06,6,7,8
2015243,2015-09-07,0,0,8
2015244,2015-09-08,3,5,0
2015245,2015-09-09,9,8,7
2015246,2015-09-10,7,7,8
2015247,2015-09-11,0,6,5
2015248,2015-09-12,2,5,1
2015249,2015-09-13,4,6,1
2015250,2015-09-14,7,1,3
2015251,2015-09-15,4,9,4
2015252,2015-09-16,4,5,1
2015253,2015-09-17,2,9,2
2015254,2015-09-18,3,4,3
2015255,2015-09-19,4,3,0
2015256,2015-09-20,1,5,6
2015257,2015-09-21,0,2,3
2015258,2015-09-22,3,7,4
2015259,2015-09-23,9,5,2
2015260,2015-09-24,2,5,8
2015261,2015-09-25,8,3,3
2015262,2015-09-26,2,5,2
2015263,2015-09-27,2,1,6
2015264,2015-09-28,1,7,3
2015265,2015-09-29,9,2,5
2015266,2015-09-30,0,8,4
2015267,2015-10-01,6,5,2
2015268,2015-10-02,8,0,8
2015269,2015-10-03,2,5,8
2015270,2015-10-04,1,1,5
2015271,2015-10-05,9,7,9
2015272,2015-10-06,4,1,9
2015273,2015-10-07,2,5,4
2015274,2015-10-08,3,0,6
2015275,2015-10-09,9,3,4
2015276,2015-10-10,8,9,1
2015277,2015-10-11,4,8,3
2015278,2015-10-12,0,1,1
2015279,2015-10-13,2,1,7
2015280,2015-10-14,9,8,8
2015281,2015-10-15,0,9,0
2015282,2015-10-16,4,9,2
2015283,2015-10-17,2,3,4
2015284,2015-10-18,6,3,2
2015285,2015-10-19,4,2,1
2015286,2015-10-20,0,7,4
2015287,2015-10-21,0,5,0
2015288,2015-10-22,8,4,2
2015289,2015-10-23,5,2,9
2015290,2015-10-24,0,6,4
2015291,2015-10-25,1,2,0
2015292,2015-10-26,2,9,6
2015293,2015-10-27,4,3,2
2015294,2015-10-28,0,4,1
2015295,2015-10-29,3,0,5
2015296,2015-10-30,9,0,5
2015297,2015-10-31,4,4,0
2015298,2015-11-01,5,9,4
2015299,2015-11-02,6,2,7
2015300,2015-11-03,8,4,5
2015301,2015-11-04,4,4,9
2015302,2015-11-05,6,4,2
2015303,2015-11-06,4,4,1
2015304,2015-11-07,2,7,1
2015305,2015-11-08,5,4,9
2015306,2015-11-09,2,1,7
2015307,2015-11-10,0,6,9
2015308,2015-11-11,3,7,9
2015309,2015-11-12,0,0,3
2015310,2015-11-13,2,5,7
2015311,2015-11-14,2,3,3
2015312,2015-11-15,4,3,5
2015313,2015-11-16,5,5,5
2015314,2015-11-17,0,6,5
2015315,2015-11-18,7,5,0
2015316,2015-11-19,0,2,1
2015317,2015-11-20,8,1,2
2015318,2015-11-21,3,4,9
2015319,2015-11-22,6,1,9
2015320,2015-11-23,8,8,4
2015321,2015-11-24,8,3,6
2015322,2015-11-25,6,4,4
2015323,2015-11-26,1,6,9
2015324,2015-11-27,7,9,3
2015325,2015-11-28,9,2,9
2015326,2015-11-29,8,7,5
2015327,2015-11-30,4,2,9
2015328,2015-12-01,4,9,7
2015329,2015-12-02,6,7,5
2015330,2015-12-03,0,5,6
2015331,2015-12-04,7,8,0
2015332,2015-12-05,6,9,0
2015333,2015-12-06,3,8,8
2015334,2015-12-07,0,5,2
2015335,2015-12-08,5,6,2
2015336,2015-12-09,6,5,8
2015337,2015-12-10,9,1,3
2015338,2015-12-11,9,0,9
2015339,2015-12-12,9,9,7
2015340,2015-12-13,8,2,8
2015341,2015-12-14,6,6,4
2015342,2015-12-15,5,9,6
2015343,2015-12-16,5,8,0
2015344,2015-12-17,2,5,3
2015345,2015-12-18,2,9,3
2015346,2015-12-19,7,0,1
2015347,2015-12-20,1,4,5
2015348,2015-12-21,8,7,8
2015349,2015-12-22,7,5,0
2015350,2015-12-23,8,1,3
2015351,2015-12-24,9,7,4
2015352,2015-12-25,9,1,8
2015353,2015-12-26,3,4,9
2015354,2015-12-27,3,9,1
2015355,2015-12-28,8,7,1
2015356,2015-12-29,3,9,7
2015357,2015-12-30,4,3,2
2015358,2015-12-31,0,0,9
2016001,2016-01-01,8,2,8
2016002,2016-01-02,5,6,7
2016003,2016-01-03,5,7,3
2016004,2016-01-04,5,4,3
2016005,2016-01-05,4,3,9
2016006,2016-01-06,1,0,1
2016007,2016-01-07,1,7,4
2016008,2016-01-08,9,6,7
2016009,2016-01-09,6,4,8
2016010,2016-01-10,8,2,3
2016011,2016-01-11,4,6,1
2016012,2016-01-12,5,3,0
2016013,2016-01-13,0,1,9
2016014,2016-01-14,9,2,5
2016015,2016-01-15,6,8,6
2016016,2016-01-16,8,4,1
2016017,2016-01-17,8,6,1
2016018,2016-01-18,6,4,6
2016019,2016-01-19,8,8,3
2016020,2016-01-20,6,9,3
2016021,2016-01-21,4,0,2
2016022,2016-01-22,7,4,4
2016023,2016-01-23,0,4,1
2016024,2016-01-24,0,9,1
2016025,2016-01-25,5,0,0
2016026,2016-01-26,4,0,3
2016027,2016-01-27,7,2,9
2016028,2016-01-28,2,6,2
2016029,2016-01-29,2,2,5
2016030,2016-01-30,9,8,8
2016031,2016-01-31,4,5,7
2016032,2016-02-01,5,5,5
2016033,2016-02-02,0,0,2
2016034,2016-02-03,1,0,2
2016035,2016-02-04,0,5,1
2016036,2016-02-05,2,5,8
2016037,2016-02-06,6,2,4
2016038,2016-02-14,8,2,3
2016039,2016-02-15,5,0,3
2016040,2016-02-16,0,4,7
2016041,2016-02-17,7,2,0
2016042,2016-02-18,7,2,9
2016043,2016-02-19,9,4,4
2016044,2016-02-20,0,1,2
2016045,2016-02-21,6,1,2
2016046,2016-02-22,1,2,6
2016047,2016-02-23,1,3,2
2016048,2016-02-24,3,3,7
2016049,2016-02-25,6,1,8
2016050,2016-02-26,1,4,0
2016051,2016-02-27,1,0,2
2016052,2016-02-28,7,9,2
2016053,2016-02-29,4,4,7
2016054,2016-03-01,7,3,6
2016055,2016-03-02,3,2,3
2016056,2016-03-03,6,6,5
2016057,2016-03-04,7,6,4
2016058,2016-03-05,1,1,9
2016059,2016-03-06,0,7,8
2016060,2016-03-07,6,8,6
2016061,2016-03-08,6,7,5
2016062,2016-03-09,4,7,7
2016063,2016-03-10,4,9,1
2016064,2016-03-11,4,5,5
2016065,2016-03-12,0,1,6
2016066,2016-03-13,4,5,5
2016067,2016-03-14,4,4,5
2016068,2016-03-15,0,1,3
2016069,2016-03-16,9,9,5
2016070,2016-03-17,7,8,9
2016071,2016-03-18,5,3,0
2016072,2016-03-19,2,9,9
2016073,2016-03-20,9,7,2
2016074,2016-03-21,9,5,1
2016075,2016-03-22,6,3,7
2016076,2016-03-23,6,0,6
2016077,2016-03-24,7,8,2
2016078,2016-03-25,4,6,7
2016079,2016-03-26,3,9,0
2016080,2016-03-27,6,7,0
2016081,2016-03-28,1,5,0
2016082,2016-03-29,7,4,8
2016083,2016-03-30,2,3,4
2016084,2016-03-31,0,2,3
2016085,2016-04-01,9,9,7
2016086,2016-04-02,0,6,5
2016087,2016-04-03,9,1,7
2016088,2016-04-04,5,4,7
2016089,2016-04-05,9,8,3
2016090,2016-04-06,8,6,7
2016091,2016-04-07,1,3,3
2016092,2016-04-08,2,7,3
2016093,2016-04-09,9,8,2
2016094,2016-04-10,9,6,0
2016095,2016-04-11,8,6,9
2016096,2016-04-12,4,1,0
2016097,2016-04-13,1,1,1
2016098,2016-04-14,9,8,2
2016099,2016-04-15,3,3,2
2016100,2016-04-16,0,3,7
2016101,2016-04-17,6,0,3
2016102,2016-04-18,8,8,5
2016103,2016-04-19,7,6,2
2016104,2016-04-20,2,1,9
2016105,2016-04-21,6,1,1
2016106,2016-04-22,0,3,7
2016107,2016-04-23,2,4,0
2016108,2016-04-24,2,3,6
2016109,2016-04-25,0,7,1
2016110,2016-04-26,7,7,2
2016111,2016-04-27,4,7,6
2016112,2016-04-28,6,1,1
2016113,2016-04-29,2,9,7
2016114,2016-04-30,2,1,8
2016115,2016-05-01,0,0,2
2016116,2016-05-02,4,8,8
2016117,2016-05-03,9,4,5
2016118,2016-05-04,3,6,9
2016119,2016-05-05,1,3,9
2016120,2016-05-06,8,7,7
2016121,2016-05-07,5,6,4
2016122,2016-05-08,4,3,6
2016123,2016-05-09,1,4,7
2016124,2016-05-10,8,5,6
2016125,2016-05-11,2,0,1
2016126,2016-05-12,0,6,3
2016127,2016-05-13,9,9,7
2016128,2016-05-14,7,4,4
2016129,2016-05-15,4,0,5
2016130,2016-05-16,2,4,7
2016131,2016-05-17,6,6,5
2016132,2016-05-18,4,9,1
2016133,2016-05-19,7,1,1
2016134,2016-05-20,9,2,3
2016135,2016-05-21,1,4,4
2016136,2016-05-22,6,6,5
2016137,2016-05-23,9,6,6
2016138,2016-05-24,1,3,3
2016139,2016-05-25,1,8,8
2016140,2016-05-26,6,5,6
2016141,2016-05-27,7,2,0
2016142,2016-05-28,3,4,7
2016143,2016-05-29,1,1,2
2016144,2016-05-30,5,6,8
2016145,2016-05-31,0,1,4
2016146,2016-06-01,1,4,5
2016147,2016-06-02,9,7,6
2016148,2016-06-03,7,8,7
2016149,2016-06-04,7,5,7
2016150,2016-06-05,1,1,4
2016151,2016-06-06,6,1,6
2016152,2016-06-07,1,2,5
2016153,2016-06-08,6,2,2
2016154,2016-06-09,7,1,2
2016155,2016-06-10,9,9,9
2016156,2016-06-11,3,1,6
2016157,2016-06-12,6,0,3
2016158,2016-06-13,6,1,7
2016159,2016-06-14,8,3,5
2016160,2016-06-15,6,5,7
2016161,2016-06-16,8,4,5
2016162,2016-06-17,7,0,8
2016163,2016-06-18,9,7,0
2016164,2016-06-19,7,2,3
2016165,2016-06-20,5,7,1
2016166,2016-06-21,4,1,2
2016167,2016-06-22,9,6,9
2016168,2016-06-23,9,0,0
2016169,2016-06-24,1,9,6
2016170,2016-06-25,4,0,9
2016171,2016-06-26,0,5,8
2016172,2016-06-27,7,6,0
2016173,2016-06-28,2,6,2
2016174,2016-06-29,1,1,1
2016175,2016-06-30,6,3,0
2016176,2016-07-01,7,6,5
2016177,2016-07-02,5,8,5
2016178,2016-07-03,9,0,0
2016179,2016-07-04,4,5,6
2016180,2016-07-05,6,3,2
2016181,2016-07-06,4,3,7
2016182,2016-07-07,2,0,0
2016183,2016-07-08,5,7,3
2016184,2016-07-09,3,5,9
2016185,2016-07-10,5,4,2
2016186,2016-07-11,8,1,1
2016187,2016-07-12,3,0,7
2016188,2016-07-13,8,4,2
2016189,2016-07-14,1,3,1
2016190,2016-07-15,0,2,6
2016191,2016-07-16,2,0,8
2016192,2016-07-17,3,2,5
2016193,2016-07-18,7,8,3
2016194,2016-07-19,5,5,7
2016195,2016-07-20,0,2,4
2016196,2016-07-21,3,3,9
2016197,2016-07-22,3,0,0
2016198,2016-07-23,2,8,9
2016199,2016-07-24,5,1,0
2016200,2016-07-25,5,8,3
2016201,2016-07-26,3,7,4
2016202,2016-07-27,5,8,4
2016203,2016-07-28,0,4,4
2016204,2016-07-29,2,4,4
2016205,2016-07-30,4,3,5
2016206,2016-07-31,7,8,8
2016207,2016-08-01,7,7,5
2016208,2016-08-02,2,8,4
2016209,2016-08-03,2,9,9
2016210,2016-08-04,3,0,5
2016211,2016-08-05,4,6,3
2016212,2016-08-06,6,9,3
2016213,2016-08-07,6,5,8
2016214,2016-08-08,7,0,9
2016215,2016-08-09,7,8,7
2016216,2016-08-10,3,9,8
2016217,2016-08-11,4,4,9
2016218,2016-08-12,9,0,0
2016219,2016-08-13,0,4,7
2016220,2016-08-14,0,7,3
2016221,2016-08-15,6,1,2
2016222,2016-08-16,4,2,5
2016223,2016-08-17,0,6,3
2016224,2016-08-18,6,5,6
2016225,2016-08-19,6,3,6
2016226,2016-08-20,0,1,6
2016227,2016-08-21,3,9,7
2016228,2016-08-22,8,6,5
2016229,2016-08-23,0,4,2
2016230,2016-08-24,5,6,6
2016231,2016-08-25,2,8,5
2016232,2016-08-26,9,1,6
2016233,2016-08-27,5,6,8
2016234,2016-08-28,9,7,6
2016235,2016-08-29,4,5,0
2016236,2016-08-30,2,6,3
2016237,2016-08-31,2,8,4
2016238,2016-09-01,5,4,3
2016239,2016-09-02,5,8,5
2016240,2016-09-03,6,3,9
2016241,2016-09-04,3,2,0
2016242,2016-09-05,7,5,2
2016243,2016-09-06,4,1,6
2016244,2016-09-07,1,5,3
2016245,2016-09-08,3,8,9
2016246,2016-09-09,7,8,2
2016247,2016-09-10,8,8,2
2016248,2016-09-11,7,2,7
2016249,2016-09-12,9,7,3
2016250,2016-09-13,1,6,2
2016251,2016-09-14,3,0,6
2016252,2016-09-15,4,5,9
2016253,2016-09-16,6,9,1
2016254,2016-09-17,6,5,2
2016255,2016-09-18,3,3,5
2016256,2016-09-19,1,3,7
2016257,2016-09-20,3,8,9
2016258,2016-09-21,9,6,1
2016259,2016-09-22,3,9,6
2016260,2016-09-23,0,3,8
2016261,2016-09-24,9,9,4
2016262,2016-09-25,3,5,8
2016263,2016-09-26,1,1,0
2016264,2016-09-27,6,7,1
2016265,2016-09-28,6,9,5
2016266,2016-09-29,6,4,0
2016267,2016-09-30,1,4,1
2016268,2016-10-01,0,7,6
2016269,2016-10-02,2,2,1
2016270,2016-10-03,0,4,2
2016271,2016-10-04,8,7,5
2016272,2016-10-05,1,9,6
2016273,2016-10-06,5,8,3
2016274,2016-10-07,9,0,5
2016275,2016-10-08,8,2,0
2016276,2016-10-09,9,6,4
2016277,2016-10-10,5,8,4
2016278,2016-10-11,2,3,2
2016279,2016-10-12,5,0,6
2016280,2016-10-13,8,0,2
2016281,2016-10-14,1,3,6
2016282,2016-10-15,8,2,8
2016283,2016-10-16,0,0,4
2016284,2016-10-17,4,6,7
2016285,2016-10-18,7,2,8
2016286,2016-10-19,6,2,3
2016287,2016-10-20,8,9,0
2016288,2016-10-21,4,3,0
2016289,2016-10-22,7,3,6
2016290,2016-10-23,6,3,1
2016291,2016-10-24,1,9,6
2016292,2016-10-25,2,4,0
2016293,2016-10-26,8,0,4
2016294,2016-10-27,6,1,2
2016295,2016-10-28,3,9,2
2016296,2016-10-29,4,7,9
2016297,2016-10-30,8,5,3
2016298,2016-10-31,7,3,3
2016299,2016-11-01,5,1,7
2016300,2016-11-02,1,8,9
2016301,2016-11-03,8,8,8
2016302,2016-11-04,5,1,8
2016303,2016-11-05,7,5,1
2016304,2016-11-06,4,7,0
2016305,2016-11-07,3,6,8
2016306,2016-11-08,7,4,0
2016307,2016-11-09,5,8,6
2016308,2016-11-10,1,2,6
2016309,2016-11-11,2,2,5
2016310,2016-11-12,7,9,4
2016311,2016-11-13,8,4,1
2016312,2016-11-14,6,6,4
2016313,2016-11-15,3,1,4
2016314,2016-11-16,2,3,5
2016315,2016-11-17,4,9,7
2016316,2016-11-18,2,1,4
2016317,2016-11-19,8,8,6
2016318,2016-11-20,1,4,2
2016319,2016-11-21,4,1,9
2016320,2016-11-22,3,4,9
2016321,2016-11-23,6,0,6
2016322,2016-11-24,2,7,1
2016323,2016-11-25,8,4,0
2016324,2016-11-26,1,7,3
2016325,2016-11-27,6,6,8
2016326,2016-11-28,3,6,3
2016327,2016-11-29,6,5,6
2016328,2016-11-30,8,6,5
2016329,2016-12-01,9,5,1
2016330,2016-12-02,5,6,4
2016331,2016-12-03,6,7,3
2016332,2016-12-04,4,4,5
2016333,2016-12-05,9,7,5
2016334,2016-12-06,3,5,5
2016335,2016-12-07,5,3,8
2016336,2016-12-08,1,5,0
2016337,2016-12-09,5,2,8
2016338,2016-12-10,4,0,1
2016339,2016-12-11,5,4,8
2016340,2016-12-12,6,4,8
2016341,2016-12-13,0,3,9
2016342,2016-12-14,6,3,3
2016343,2016-12-15,8,0,7
2016344,2016-12-16,1,0,3
2016345,2016-12-17,5,6,2
2016346,2016-12-18,1,0,0
2016347,2016-12-19,5,8,9
2016348,2016-12-20,7,5,7
2016349,2016-12-21,1,5,4
2016350,2016-12-22,5,1,9
2016351,2016-12-23,4,7,5
2016352,2016-12-24,4,2,4
2016353,2016-12-25,4,5,3
2016354,2016-12-26,5,3,3
2016355,2016-12-27,7,1,9
2016356,2016-12-28,1,8,0
2016357,2016-12-29,2,2,2
2016358,2016-12-30,1,4,3
2016359,2016-12-31,8,9,6
2017001,2017-01-01,0,9,2
2017002,2017-01-02,7,5,8
2017003,2017-01-03,3,7,4
2017004,2017-01-04,6,1,6
2017005,2017-01-05,3,4,2
2017006,2017-01-06,4,2,6
2017007,2017-01-07,6,9,2
2017008,2017-01-08,5,9,7
2017009,2017-01-09,3,1,7
2017010,2017-01-10,2,6,1
2017011,2017-01-11,4,8,6
2017012,2017-01-12,0,5,9
2017013,2017-01-13,0,3,9
2017014,2017-01-14,4,2,8
2017015,2017-01-15,6,8,6
2017016,2017-01-16,7,9,6
2017017,2017-01-17,8,9,7
2017018,2017-01-18,3,9,7
2017019,2017-01-19,8,4,4
2017020,2017-01-20,5,2,6
2017021,2017-01-21,8,7,4
2017022,2017-01-22,6,7,7
2017023,2017-01-23,2,3,7
2017024,2017-01-24,0,4,3
2017025,2017-01-25,2,7,7
2017026,2017-01-26,0,8,1
2017027,2017-02-03,3,2,5
2017028,2017-02-04,9,5,5
2017029,2017-02-05,8,0,4
2017030,2017-02-06,8,9,6
2017031,2017-02-07,5,0,2
2017032,2017-02-08,7,3,8
2017033,2017-02-09,7,8,5
2017034,2017-02-10,8,9,5
2017035,2017-02-11,8,9,0
2017036,2017-02-12,4,7,2
2017037,2017-02-13,3,8,0
2017038,2017-02-14,8,2,3
2017039,2017-02-15,5,9,8
2017040,2017-02-16,3,9,5
2017041,2017-02-17,9,8,2
2017042,2017-02-18,1,4,9
2017043,2017-02-19,5,0,8
2017044,2017-02-20,1,3,8
2017045,2017-02-21,7,3,5
2017046,2017-02-22,8,8,7
2017047,2017-02-23,2,8,3
2017048,2017-02-24,1,6,4
2017049,2017-02-25,6,6,5
2017050,2017-02-26,3,0,7
2017051,2017-02-27,4,4,4
2017052,2017-02-28,1,5,9
2017053,2017-03-01,9,2,1
2017054,2017-03-02,7,0,2
2017055,2017-03-03,3,6,6
2017056,2017-03-04,2,3,2
2017057,2017-03-05,9,2,1
2017058,2017-03-06,7,3,0
2017059,2017-03-07,6,6,2
2017060,2017-03-08,5,4,6
2017061,2017-03-09,1,9,8
2017062,2017-03-10,8,8,7
2017063,2017-03-11,7,6,8
2017064,2017-03-12,1,6,5
2017065,2017-03-13,5,5,2
2017066,2017-03-14,8,4,8
2017067,2017-03-15,3,8,2
2017068,2017-03-16,2,1,7
2017069,2017-03-17,9,4,6
2017070,2017-03-18,3,3,3
2017071,2017-03-19,8,4,2
2017072,2017-03-20,9,4,8
2017073,2017-03-21,0,3,1
2017074,2017-03-22,6,5,6
2017075,2017-03-23,9,0,0
2017076,2017-03-24,3,8,9
2017077,2017-03-25,6,3,4
2017078,2017-03-26,6,3,3
2017079,2017-03-27,4,8,5
2017080,2017-03-28,1,8,8
2017081,2017-03-29,2,1,0
2017082,2017-03-30,5,5,3
2017083,2017-03-31,5,6,4
2017084,2017-04-01,8,3,6
2017085,2017-04-02,7,2,2
2017086,2017-04-03,9,4,4
2017087,2017-04-04,2,3,7
2017088,2017-04-05,5,6,1
2017089,2017-04-06,3,8,9
2017090,2017-04-07,2,8,3
2017091,2017-04-08,6,7,6
2017092,2017-04-09,7,5,9
2017093,2017-04-10,5,8,0
2017094,2017-04-11,0,9,8
2017095,2017-04-12,3,2,3
2017096,2017-04-13,8,0,9
2017097,2017-04-14,8,0,6
2017098,2017-04-15,2,2,8
2017099,2017-04-16,9,9,6
2017100,2017-04-17,8,1,3
2017101,2017-04-18,3,9,0
2017102,2017-04-19,0,5,9
2017103,2017-04-20,0,4,4
2017104,2017-04-21,7,8,2
2017105,2017-04-22,8,4,6
2017106,2017-04-23,4,0,2
2017107,2017-04-24,9,5,1
2017108,2017-04-25,7,2,7
2017109,2017-04-26,0,3,0
2017110,2017-04-27,8,1,5
2017111,2017-04-28,6,5,8
2017112,2017-04-29,6,8,6
2017113,2017-04-30,1,5,7
2017114,2017-05-01,6,8,1
2017115,2017-05-02,5,6,7
2017116,2017-05-03,2,1,3
2017117,2017-05-04,2,9,9
2017118,2017-05-05,4,9,9
2017119,2017-05-06,5,2,2
2017120,2017-05-07,4,5,8
2017121,2017-05-08,0,5,4
2017122,2017-05-09,4,8,6
2017123,2017-05-10,4,9,2
2017124,2017-05-11,0,8,1
2017125,2017-05-12,2,5,5
2017126,2017-05-13,2,5,8
2017127,2017-05-14,7,3,9
2017128,2017-05-15,4,5,2
2017129,2017-05-16,3,6,5
2017130,2017-05-17,5,8,9
2017131,2017-05-18,9,1,9
2017132,2017-05-19,3,0,5
2017133,2017-05-20,1,6,6
2017134,2017-05-21,6,9,7
2017135,2017-05-22,5,2,5
2017136,2017-05-23,5,1,0
2017137,2017-05-24,1,2,2
2017138,2017-05-25,0,2,0
2017139,2017-05-26,3,6,0
2017140,2017-05-27,2,0,4
2017141,2017-05-28,6,0,4
2017142,2017-05-29,0,1,3
2017143,2017-05-30,1,7,7
2017144,2017-05-31,2,3,9
2017145,2017-06-01,5,9,1
2017146,2017-06-02,9,4,2
2017147,2017-06-03,3,3,1
2017148,2017-06-04,1,5,2
2017149,2017-06-05,9,8,7
2017150,2017-06-06,5,2,9
2017151,2017-06-07,0,7,8
2017152,2017-06-08,8,0,2
2017153,2017-06-09,8,8,5
2017154,2017-06-10,2,1,5
2017155,2017-06-11,0,0,4
2017156,2017-06-12,0,0,7
2017157,2017-06-13,8,1,8
2017158,2017-06-14,0,8,3
2017159,2017-06-15,1,2,3
2017160,2017-06-16,9,4,6
2017161,2017-06-17,8,3,0
2017162,2017-06-18,8,1,4
2017163,2017-06-19,7,5,9
2017164,2017-06-20,4,4,7
2017165,2017-06-21,3,3,0
2017166,2017-06-22,6,4,4
2017167,2017-06-23,7,9,5
2017168,2017-06-24,1,7,5
2017169,2017-06-25,6,4,4
2017170,2017-06-26,5,4,4
2017171,2017-06-27,1,9,0
2017172,2017-06-28,4,9,6
2017173,2017-06-29,7,1,2
2017174,2017-06-30,9,6,0
2017175,2017-07-01,3,7,6
2017176,2017-07-02,6,0,2
2017177,2017-07-03,6,7,0
2017178,2017-07-04,3,0,3
2017179,2017-07-05,0,6,6
2017180,2017-07-06,5,8,6
2017181,2017-07-07,4,8,4
2017182,2017-07-08,9,7,5
2017183,2017-07-09,4,0,9
2017184,2017-07-10,1,2,9
2017185,2017-07-11,3,7,0
2017186,2017-07-12,9,6,7
2017187,2017-07-13,8,3,1
2017188,2017-07-14,2,0,9
2017189,2017-07-15,9,6,0
2017190,2017-07-16,4,4,6
2017191,2017-07-17,9,7,8
2017192,2017-07-18,2,7,9
2017193,2017-07-19,8,8,0
2017194,2017-07-20,6,2,5
2017195,2017-07-21,3,1,9
2017196,2017-07-22,4,3,6
2017197,2017-07-23,5,9,4
2017198,2017-07-24,7,5,4
2017199,2017-07-25,3,3,0
2017200,2017-07-26,9,3,5
2017201,2017-07-27,4,4,5
2017202,2017-07-28,4,6,1
2017203,2017-07-29,2,4,3
2017204,2017-07-30,2,3,2
2017205,2017-07-31,6,4,9
2017206,2017-08-01,3,7,5
2017207,2017-08-02,6,9,7
2017208,2017-08-03,1,0,8
2017209,2017-08-04,3,9,1
2017210,2017-08-05,9,1,1
2017211,2017-08-06,1,1,6
2017212,2017-08-07,0,0,2
2017213,2017-08-08,7,2,7
2017214,2017-08-09,4,2,3
2017215,2017-08-10,2,1,2
2017216,2017-08-11,8,7,1
2017217,2017-08-12,7,9,6
2017218,2017-08-13,5,7,3
2017219,2017-08-14,4,9,3
2017220,2017-08-15,6,4,3
2017221,2017-08-16,4,4,7
2017222,2017-08-17,7,0,7
2017223,2017-08-18,4,9,6
2017224,2017-08-19,6,3,4
2017225,2017-08-20,4,8,8
2017226,2017-08-21,3,3,5
2017227,2017-08-22,2,4,7
2017228,2017-08-23,3,8,9
2017229,2017-08-24,4,8,7
2017230,2017-08-25,6,7,4
2017231,2017-08-26,4,2,0
2017232,2017-08-27,8,4,4
2017233,2017-08-28,1,8,7
2017234,2017-08-29,4,6,6
2017235,2017-08-30,1,5,6
2017236,2017-08-31,5,1,5
2017237,2017-09-01,2,1,0
2017238,2017-09-02,9,2,1
2017239,2017-09-03,6,0,5
2017240,2017-09-04,5,1,7
2017241,2017-09-05,9,3,9
2017242,2017-09-06,8,9,3
2017243,2017-09-07,3,3,5
2017244,2017-09-08,8,3,2
2017245,2017-09-09,6,2,3
2017246,2017-09-10,1,1,1
2017247,2017-09-11,9,4,5
2017248,2017-09-12,8,4,9
2017249,2017-09-13,3,6,1
2017250,2017-09-14,8,5,6
2017251,2017-09-15,1,5,1
2017252,2017-09-16,1,7,8
2017253,2017-09-17,7,7,8
2017254,2017-09-18,9,1,5
2017255,2017-09-19,9,4,8
2017256,2017-09-20,1,3,2
2017257,2017-09-21,2,2,3
2017258,2017-09-22,8,7,1
2017259,2017-09-23,4,8,7
2017260,2017-09-24,9,2,9
2017261,2017-09-25,6,3,5
2017262,2017-09-26,3,9,1
2017263,2017-09-27,3,3,5
2017264,2017-09-28,6,8,0
2017265,2017-09-29,3,0,9
2017266,2017-09-30,1,5,1
2017267,2017-10-01,7,1,4
2017268,2017-10-02,3,1,7
2017269,2017-10-03,0,4,5
2017270,2017-10-04,1,4,1
2017271,2017-10-05,5,5,0
2017272,2017-10-06,9,2,1
2017273,2017-10-07,3,8,0
2017274,2017-10-08,9,4,6
2017275,2017-10-09,9,6,5
2017276,2017-10-10,0,9,3
2017277,2017-10-11,0,7,6
2017278,2017-10-12,0,5,7
2017279,2017-10-13,2,6,2
2017280,2017-10-14,7,9,7
2017281,2017-10-15,8,0,8
2017282,2017-10-16,3,0,2
2017283,2017-10-17,1,5,4
2017284,2017-10-18,6,1,8
2017285,2017-10-19,9,7,7
2017286,2017-10-20,4,8,1
2017287,2017-10-21,0,9,4
2017288,2017-10-22,7,5,6
2017289,2017-10-23,7,4,4
2017290,2017-10-24,4,2,3
2017291,2017-10-25,6,9,4
2017292,2017-10-26,9,4,6
2017293,2017-10-27,7,8,7
2017294,2017-10-28,4,1,8
2017295,2017-10-29,5,5,4
2017296,2017-10-30,3,1,8
2017297,2017-10-31,8,1,0
2017298,2017-11-01,0,9,9
2017299,2017-11-02,6,8,5
2017300,2017-11-03,7,5,4
2017301,2017-11-04,6,1,6
2017302,2017-11-05,9,0,2
2017303,2017-11-06,4,5,8
2017304,2017-11-07,4,4,4
2017305,2017-11-08,0,0,5
2017306,2017-11-09,1,2,5
2017307,2017-11-10,6,2,3
2017308,2017-11-11,8,9,1
2017309,2017-11-12,2,6,2
2017310,2017-11-13,7,6,1
2017311,2017-11-14,9,0,0
2017312,2017-11-15,5,9,8
2017313,2017-11-16,3,0,6
2017314,2017-11-17,5,8,0
2017315,2017-11-18,2,4,3
2017316,2017-11-19,2,0,2
2017317,2017-11-20,1,0,3
2017318,2017-11-21,8,8,3
2017319,2017-11-22,9,3,9
2017320,2017-11-23,0,3,6
2017321,2017-11-24,4,3,5
2017322,2017-11-25,1,7,3
2017323,2017-11-26,5,7,2
2017324,2017-11-27,8,2,8
2017325,2017-11-28,5,0,9
2017326,2017-11-29,7,2,3
2017327,2017-11-30,1,4,5
2017328,2017-12-01,6,2,1
2017329,2017-12-02,5,3,5
2017330,2017-12-03,3,8,5
2017331,2017-12-04,0,9,8
2017332,2017-12-05,3,2,1
2017333,2017-12-06,4,2,7
2017334,2017-12-07,1,8,1
2017335,2017-12-08,6,6,1
2017336,2017-12-09,3,4,0
2017337,2017-12-10,9,1,0
2017338,2017-12-11,2,7,9
2017339,2017-12-12,1,3,1
2017340,2017-12-13,1,1,2
2017341,2017-12-14,7,2,2
2017342,2017-12-15,3,8,6
2017343,2017-12-16,7,5,2
2017344,2017-12-17,3,6,5
2017345,2017-12-18,3,4,4
2017346,2017-12-19,1,0,3
2017347,2017-12-20,0,3,7
2017348,2017-12-21,0,8,7
2017349,2017-12-22,1,5,6
2017350,2017-12-23,1,2,8
2017351,2017-12-24,2,6,0
2017352,2017-12-25,9,9,4
2017353,2017-12-26,3,0,4
2017354,2017-12-27,1,8,7
2017355,2017-12-28,3,8,4
2017356,2017-12-29,9,5,2
2017357,2017-12-30,8,0,9
2017358,2017-12-31,9,5,1
2018001,2018-01-01,1,7,7
2018002,2018-01-02,6,4,4
2018003,2018-01-03,1,4,5
2018004,2018-01-04,4,1,6
2018005,2018-01-05,3,9,1
2018006,2018-01-06,8,6,9
2018007,2018-01-07,0,8,0
2018008,2018-01-08,4,4,7
2018009,2018-01-09,4,9,6
2018010,2018-01-10,1,6,7
2018011,2018-01-11,9,7,2
2018012,2018-01-12,4,3,7
2018013,2018-01-13,6,0,6
2018014,2018-01-14,1,6,1
2018015,2018-01-15,7,3,9
2018016,2018-01-16,3,7,4
2018017,2018-01-17,9,9,0
2018018,2018-01-18,1,7,4
2018019,2018-01-19,7,6,0
2018020,2018-01-20,9,2,1
2018021,2018-01-21,7,2,6
2018022,2018-01-22,6,5,6
2018023,2018-01-23,9,3,6
2018024,2018-01-24,5,0,6
2018025,2018-01-25,5,4,3
2018026,2018-01-26,4,7,6
2018027,2018-01-27,4,8,9
2018028,2018-01-28,3,1,3
2018029,2018-01-29,7,9,0
2018030,2018-01-30,7,5,3
2018031,2018-01-31,5,2,5
2018032,2018-02-01,8,6,0
2018033,2018-02-02,8,7,0
2018034,2018-02-03,2,6,3
2018035,2018-02-04,7,5,2
2018036,2018-02-05,6,9,3
2018037,2018-02-06,7,6,8
2018038,2018-02-07,9,4,7
2018039,2018-02-08,1,2,5
2018040,2018-02-09,4,7,8
2018041,2018-02-10,4,1,1
2018042,2018-02-11,5,3,7
2018043,2018-02-12,0,7,9
2018044,2018-02-13,2,3,7
2018045,2018-02-14,0,0,9
2018046,2018-02-22,5,5,1
2018047,2018-02-23,0,8,8
2018048,2018-02-24,4,4,4
2018049,2018-02-25,8,1,8
2018050,2018-02-26,7,8,0
2018051,2018-02-27,4,2,4
2018052,2018-02-28,9,5,8
2018053,2018-03-01,8,2,7
2018054,2018-03-02,6,6,3
2018055,2018-03-03,0,4,3
2018056,2018-03-04,4,4,6
2018057,2018-03-05,2,5,2
2018058,2018-03-06,4,9,7
2018059,2018-03-07,7,5,5
2018060,2018-03-08,7,7,4
2018061,2018-03-09,1,3,4
2018062,2018-03-10,8,3,6
2018063,2018-03-11,8,2,0
2018064,2018-03-12,2,3,4
2018065,2018-03-13,2,3,8
2018066,2018-03-14,2,2,6
2018067,2018-03-15,1,7,1
2018068,2018-03-16,9,1,1
2018069,2018-03-17,1,4,1
2018070,2018-03-18,8,9,0
2018071,2018-03-19,5,0,3
2018072,2018-03-20,4,1,2
2018073,2018-03-21,7,4,8
2018074,2018-03-22,9,4,1
2018075,2018-03-23,3,4,2
2018076,2018-03-24,3,2,8
2018077,2018-03-25,1,3,7
2018078,2018-03-26,2,9,4
2018079,2018-03-27,7,3,8
2018080,2018-03-28,7,4,9
2018081,2018-03-29,9,4,8
2018082,2018-03-30,5,7,4
2018083,2018-03-31,7,5,2
2018084,2018-04-01,5,5,4
2018085,2018-04-02,3,3,4
2018086,2018-04-03,3,9,1
2018087,2018-04-04,8,2,7
2018088,2018-04-05,2,1,2
2018089,2018-04-06,7,7,3
2018090,2018-04-07,9,4,2
2018091,2018-04-08,0,7,1
2018092,2018-04-09,1,5,3
2018093,2018-04-10,5,5,3
2018094,2018-04-11,7,3,4
2018095,2018-04-12,8,9,4
2018096,2018-04-13,4,7,5
2018097,2018-04-14,3,0,4
2018098,2018-04-15,3,9,4
2018099,2018-04-16,3,3,2
2018100,2018-04-17,8,3,0
2018101,2018-04-18,7,9,8
2018102,2018-04-19,9,3,8
2018103,2018-04-20,7,9,6
2018104,2018-04-21,7,6,7
2018105,2018-04-22,8,4,5
2018106,2018-04-23,9,6,0
2018107,2018-04-24,9,4,7
2018108,2018-04-25,0,1,0
2018109,2018-04-26,3,3,1
2018110,2018-04-27,7,4,6
2018111,2018-04-28,8,1,7
2018112,2018-04-29,2,5,6
2018113,2018-04-30,7,9,8
2018114,2018-05-01,8,8,7
2018115,2018-05-02,1,8,0
2018116,2018-05-03,8,2,0
2018117,2018-05-04,8,3,6
2018118,2018-05-05,7,8,6
2018119,2018-05-06,5,0,5
2018120,2018-05-07,4,4,2
2018121,2018-05-08,5,1,4
2018122,2018-05-09,1,3,7
2018123,2018-05-10,8,3,0
2018124,2018-05-11,1,4,1
2018125,2018-05-12,3,2,8
2018126,2018-05-13,4,7,8
2018127,2018-05-14,2,9,7
2018128,2018-05-15,2,2,9
2018129,2018-05-16,9,8,2
2018130,2018-05-17,9,8,9
2018131,2018-05-18,5,4,8
2018132,2018-05-19,4,7,0
2018133,2018-05-20,4,1,4
2018134,2018-05-21,2,9,9
2018135,2018-05-22,0,8,6
2018136,2018-05-23,0,6,4
2018137,2018-05-24,1,7,7
2018138,2018-05-25,1,5,3
2018139,2018-05-26,8,2,8
2018140,2018-05-27,6,8,0
2018141,2018-05-28,2,7,9
2018142,2018-05-29,9,4,9
2018143,2018-05-30,3,2,2
2018144,2018-05-31,0,1,9
2018145,2018-06-01,5,2,3
2018146,2018-06-02,6,2,3
2018147,2018-06-03,0,3,8
2018148,2018-06-04,8,1,9
2018149,2018-06-05,8,7,1
2018150,2018-06-06,6,7,5
2018151,2018-06-07,6,9,4
2018152,2018-06-08,4,6,9
2018153,2018-06-09,0,8,3
2018154,2018-06-10,0,3,1
2018155,2018-06-11,1,6,0
2018156,2018-06-12,3,2,2
2018157,2018-06-13,2,0,9
2018158,2018-06-14,3,0,0
2018159,2018-06-15,2,9,4
2018160,2018-06-16,1,0,8
2018161,2018-06-17,4,7,3
2018162,2018-06-18,2,6,0
2018163,2018-06-19,5,7,0
2018164,2018-06-20,6,1,0
2018165,2018-06-21,3,0,2
2018166,2018-06-22,0,6,1
2018167,2018-06-23,1,3,2
2018168,2018-06-24,2,7,5
2018169,2018-06-25,7,1,6
2018170,2018-06-26,1,2,7
2018171,2018-06-27,2,9,7
2018172,2018-06-28,2,4,7
2018173,2018-06-29,2,4,2
2018174,2018-06-30,0,1,9
2018175,2018-07-01,6,1,2
2018176,2018-07-02,2,0,7
2018177,2018-07-03,2,2,2
2018178,2018-07-04,5,2,8
2018179,2018-07-05,7,1,3
2018180,2018-07-06,4,3,3
2018181,2018-07-07,5,7,3
2018182,2018-07-08,4,0,0
2018183,2018-07-09,8,4,4
2018184,2018-07-10,2,6,1
2018185,2018-07-11,6,9,6
2018186,2018-07-12,3,5,0
2018187,2018-07-13,5,0,7
2018188,2018-07-14,0,6,8
2018189,2018-07-15,2,6,9
2018190,2018-07-16,0,3,1
2018191,2018-07-17,3,4,0
2018192,2018-07-18,9,3,9
2018193,2018-07-19,3,8,2
2018194,2018-07-20,6,0,5
2018195,2018-07-21,4,8,4
2018196,2018-07-22,3,3,2
2018197,2018-07-23,1,3,3
2018198,2018-07-24,8,9,3
2018199,2018-07-25,4,4,2
2018200,2018-07-26,5,9,8
2018201,2018-07-27,6,2,9
2018202,2018-07-28,2,2,4
2018203,2018-07-29,2,1,6
2018204,2018-07-30,7,1,3
2018205,2018-07-31,2,9,8
2018206,2018-08-01,2,6,7
2018207,2018-08-02,0,0,6
2018208,2018-08-03,1,7,5
2018209,2018-08-04,1,0,0
2018210,2018-08-05,9,5,6
2018211,2018-08-06,8,9,3
2018212,2018-08-07,5,1,5
2018213,2018-08-08,3,5,5
2018214,2018-08-09,8,1,7
2018215,2018-08-10,9,3,9
2018216,2018-08-11,8,9,0
2018217,2018-08-12,8,5,6
2018218,2018-08-13,8,7,7
2018219,2018-08-14,8,7,1
2018220,2018-08-15,2,0,8
2018221,2018-08-16,5,9,8
2018222,2018-08-17,3,2,3
2018223,2018-08-18,1,9,7
2018224,2018-08-19,7,9,1
2018225,2018-08-20,6,4,8
2018226,2018-08-21,9,2,9
2018227,2018-08-22,0,8,8
2018228,2018-08-23,8,2,9
2018229,2018-08-24,4,4,3
2018230,2018-08-25,7,6,4
2018231,2018-08-26,5,1,6
2018232,2018-08-27,5,3,1
2018233,2018-08-28,1,1,1
2018234,2018-08-29,5,0,5
2018235,2018-08-30,5,8,4
2018236,2018-08-31,7,0,3
2018237,2018-09-01,1,5,7
2018238,2018-09-02,3,9,2
2018239,2018-09-03,8,3,7
2018240,2018-09-04,4,9,2
2018241,2018-09-05,1,7,0
2018242,2018-09-06,0,9,7
2018243,2018-09-07,7,9,0
2018244,2018-09-08,6,4,9
2018245,2018-09-09,0,5,1
2018246,2018-09-10,9,1,6
2018247,2018-09-11,3,0,3
2018248,2018-09-12,9,3,9
2018249,2018-09-13,2,8,9
2018250,2018-09-14,9,1,7
2018251,2018-09-15,0,3,0
2018252,2018-09-16,5,7,8
2018253,2018-09-17,8,5,2
2018254,2018-09-18,0,2,1
2018255,2018-09-19,7,1,0
2018256,2018-09-20,1,4,7
2018257,2018-09-21,6,0,3
2018258,2018-09-22,0,4,5
2018259,2018-09-23,1,4,9
2018260,2018-09-24,6,6,4
2018261,2018-09-25,3,5,2
2018262,2018-09-26,3,6,7
2018263,2018-09-27,4,5,2
2018264,2018-09-28,1,9,0
2018265,2018-09-29,1,8,0
2018266,2018-09-30,6,9,7
2018267,2018-10-01,1,0,5
2018268,2018-10-02,1,8,7
2018269,2018-10-03,4,2,6
2018270,2018-10-04,9,5,9
2018271,2018-10-05,7,7,5
2018272,2018-10-06,0,7,8
2018273,2018-10-07,6,2,4
2018274,2018-10-08,6,5,6
2018275,2018-10-09,3,9,3
2018276,2018-10-10,4,1,8
2018277,2018-10-11,0,2,5
2018278,2018-10-12,8,1,2
2018279,2018-10-13,6,4,5
2018280,2018-10-14,9,5,1
2018281,2018-10-15,1,0,6
2018282,2018-10-16,7,8,0
2018283,2018-10-17,8,9,9
2018284,2018-10-18,8,5,8
2018285,2018-10-19,0,8,0
2018286,2018-10-20,9,3,1
2018287,2018-10-21,0,5,1
2018288,2018-10-22,2,7,4
2018289,2018-10-23,9,1,3
2018290,2018-10-24,5,3,5
2018291,2018-10-25,6,3,9
2018292,2018-10-26,4,5,9
2018293,2018-10-27,1,5,1
2018294,2018-10-28,8,3,2
2018295,2018-10-29,1,6,8
2018296,2018-10-30,0,3,0
2018297,2018-10-31,4,6,1
2018298,2018-11-01,2,5,3
2018299,2018-11-02,4,8,9
2018300,2018-11-03,0,9,4
2018301,2018-11-04,9,0,1
2018302,2018-11-05,1,9,9
2018303,2018-11-06,6,0,8
2018304,2018-11-07,0,2,0
2018305,2018-11-08,1,9,0
2018306,2018-11-09,0,0,0
2018307,2018-11-10,6,4,8
2018308,2018-11-11,4,1,2
2018309,2018-11-12,7,4,3
2018310,2018-11-13,3,6,7
2018311,2018-11-14,8,6,4
2018312,2018-11-15,1,1,5
2018313,2018-11-16,3,8,3
2018314,2018-11-17,8,6,7
2018315,2018-11-18,7,7,3
2018316,2018-11-19,7,3,1
2018317,2018-11-20,2,9,9
2018318,2018-11-21,3,4,6
2018319,2018-11-22,4,0,8
2018320,2018-11-23,3,2,9
2018321,2018-11-24,8,2,9
2018322,2018-11-25,4,3,4
2018323,2018-11-26,2,6,5
2018324,2018-11-27,0,3,4
2018325,2018-11-28,6,4,4
2018326,2018-11-29,5,3,1
2018327,2018-11-30,0,6,8
2018328,2018-12-01,6,2,9
2018329,2018-12-02,6,0,1
2018330,2018-12-03,2,3,6
2018331,2018-12-04,4,5,8
2018332,2018-12-05,9,6,5
2018333,2018-12-06,8,3,6
2018334,2018-12-07,4,5,4
2018335,2018-12-08,3,5,9
2018336,2018-12-09,2,1,0
2018337,2018-12-10,5,5,8
2018338,2018-12-11,5,7,5
2018339,2018-12-12,8,4,1
2018340,2018-12-13,6,9,5
2018341,2018-12-14,0,3,0
2018342,2018-12-15,0,7,8
2018343,2018-12-16,9,7,4
2018344,2018-12-17,8,8,7
2018345,2018-12-18,4,7,8
2018346,2018-12-19,5,9,6
2018347,2018-12-20,4,7,1
2018348,2018-12-21,1,4,4
2018349,2018-12-22,4,9,4
2018350,2018-12-23,8,9,2
2018351,2018-12-24,3,1,8
2018352,2018-12-25,0,6,8
2018353,2018-12-26,6,9,1
2018354,2018-12-27,4,6,9
2018355,2018-12-28,3,7,8
2018356,2018-12-29,1,8,8
2018357,2018-12-30,9,2,2
2018358,2018-12-31,3,2,9
2019001,2019-01-01,3,2,2
2019002,2019-01-02,7,5,4
2019003,2019-01-03,5,4,2
2019004,2019-01-04,2,4,1
2019005,2019-01-05,0,6,2
2019006,2019-01-06,1,4,8
2019007,2019-01-07,7,5,1
2019008,2019-01-08,9,8,7
2019009,2019-01-09,6,6,8
2019010,2019-01-10,4,2,5
2019011,2019-01-11,4,9,2
2019012,2019-01-12,5,4,1
2019013,2019-01-13,2,2,3
2019014,2019-01-14,0,2,3
2019015,2019-01-15,4,2,4
2019016,2019-01-16,5,9,1
2019017,2019-01-17,1,4,7
2019018,2019-01-18,1,7,0
2019019,2019-01-19,9,9,9
2019020,2019-01-20,8,2,1
2019021,2019-01-21,6,6,2
2019022,2019-01-22,0,7,4
2019023,2019-01-23,6,6,1
2019024,2019-01-24,5,8,8
2019025,2019-01-25,1,6,2
2019026,2019-01-26,1,8,5
2019027,2019-01-27,6,1,3
2019028,2019-01-28,5,0,1
2019029,2019-01-29,2,5,3
2019030,2019-01-30,8,3,8
2019031,2019-01-31,7,1,2
2019032,2019-02-01,8,4,8
2019033,2019-02-02,3,4,2
2019034,2019-02-03,8,0,8
2019035,2019-02-11,5,7,5
2019036,2019-02-12,5,0,7
2019037,2019-02-13,6,9,9
2019038,2019-02-14,0,4,8
2019039,2019-02-15,0,6,6
2019040,2019-02-16,3,0,1
2019041,2019-02-17,1,3,0
2019042,2019-02-18,3,2,8
2019043,2019-02-19,6,0,3
2019044,2019-02-20,1,0,5
2019045,2019-02-21,3,7,7
2019046,2019-02-22,2,3,1
2019047,2019-02-23,3,6,3
2019048,2019-02-24,1,6,1
2019049,2019-02-25,6,3,2
2019050,2019-02-26,8,1,1
2019051,2019-02-27,3,3,7
2019052,2019-02-28,5,7,7
2019053,2019-03-01,3,6,4
2019054,2019-03-02,3,7,4
2019055,2019-03-03,1,8,2
2019056,2019-03-04,2,5,2
2019057,2019-03-05,8,6,8
2019058,2019-03-06,4,1,7
2019059,2019-03-07,1,0,4
2019060,2019-03-08,2,3,9
2019061,2019-03-09,2,8,8
2019062,2019-03-10,8,4,8
2019063,2019-03-11,2,1,1
2019064,2019-03-12,7,5,2
2019065,2019-03-13,4,3,2
2019066,2019-03-14,2,5,7
2019067,2019-03-15,5,7,9
2019068,2019-03-16,5,5,0
2019069,2019-03-17,7,9,3
2019070,2019-03-18,7,5,5
2019071,2019-03-19,2,0,5
2019072,2019-03-20,9,2,1
2019073,2019-03-21,7,0,9
2019074,2019-03-22,8,4,2
2019075,2019-03-23,4,2,9
2019076,2019-03-24,2,1,4
2019077,2019-03-25,5,1,4
2019078,2019-03-26,2,3,9
2019079,2019-03-27,0,8,7
2019080,2019-03-28,3,1,6
2019081,2019-03-29,9,5,4
2019082,2019-03-30,5,9,5
2019083,2019-03-31,0,5,8
2019084,2019-04-01,3,0,2
2019085,2019-04-02,6,1,2
2019086,2019-04-03,3,4,9
2019087,2019-04-04,0,5,8
2019088,2019-04-05,3,8,1
2019089,2019-04-06,3,8,2
2019090,2019-04-07,7,8,5
2019091,2019-04-08,0,3,5
2019092,2019-04-09,5,1,2
2019093,2019-04-10,5,2,5
2019094,2019-04-11,0,8,8
2019095,2019-04-12,1,1,4
2019096,2019-04-13,9,1,2
2019097,2019-04-14,0,7,1
2019098,2019-04-15,5,4,9
2019099,2019-04-16,4,6,1
2019100,2019-04-17,3,8,8
2019101,2019-04-18,5,6,1
2019102,2019-04-19,0,5,6
2019103,2019-04-20,3,4,5
2019104,2019-04-21,4,6,1
2019105,2019-04-22,4,5,8
2019106,2019-04-23,3,8,4
2019107,2019-04-24,2,1,4
2019108,2019-04-25,3,0,9
2019109,2019-04-26,9,8,3
2019110,2019-04-27,3,0,3
2019111,2019-04-28,4,8,6
2019112,2019-04-29,5,4,5
2019113,2019-04-30,4,7,2
2019114,2019-05-01,9,4,9
2019115,2019-05-02,0,0,8
2019116,2019-05-03,8,2,4
2019117,2019-05-04,3,5,8
2019118,2019-05-05,6,2,0
2019119,2019-05-06,2,1,1
2019120,2019-05-07,9,1,1
2019121,2019-05-08,8,8,2
2019122,2019-05-09,6,9,2
2019123,2019-05-10,4,7,1
2019124,2019-05-11,2,7,0
2019125,2019-05-12,4,8,5
2019126,2019-05-13,1,8,9
2019127,2019-05-14,2,8,0
2019128,2019-05-15,0,6,4
2019129,2019-05-16,5,4,0
2019130,2019-05-17,7,2,5
2019131,2019-05-18,6,2,7
2019132,2019-05-19,5,9,3
2019133,2019-05-20,1,9,7
2019134,2019-05-21,4,1,9
2019135,2019-05-22,0,9,4
2019136,2019-05-23,9,3,9
2019137,2019-05-24,7,7,6
2019138,2019-05-25,0,0,7
2019139,2019-05-26,4,0,6
2019140,2019-05-27,1,5,4
2019141,2019-05-28,0,0,4
2019142,2019-05-29,0,8,3
2019143,2019-05-30,5,8,1
2019144,2019-05-31,4,8,9
2019145,2019-06-01,0,8,8
2019146,2019-06-02,3,7,4
2019147,2019-06-03,5,3,4
2019148,2019-06-04,1,9,1
2019149,2019-06-05,8,8,0
2019150,2019-06-06,9,6,6
2019151,2019-06-07,5,7,5
2019152,2019-06-08,2,8,5
2019153,2019-06-09,0,6,0
2019154,2019-06-10,3,7,8
2019155,2019-06-11,0,8,1
2019156,2019-06-12,6,5,9
2019157,2019-06-13,3,1,2
2019158,2019-06-14,7,2,1
2019159,2019-06-15,1,9,6
2019160,2019-06-16,4,6,5
2019161,2019-06-17,9,9,7
2019162,2019-06-18,6,1,0
2019163,2019-06-19,4,9,3
2019164,2019-06-20,7,9,7
2019165,2019-06-21,1,1,2
2019166,2019-06-22,8,6,5
2019167,2019-06-23,3,0,7
2019168,2019-06-24,7,0,3
2019169,2019-06-25,0,4,1
2019170,2019-06-26,3,6,4
2019171,2019-06-27,4,4,3
2019172,2019-06-28,7,5,2
2019173,2019-06-29,8,8,4
2019174,2019-06-30,3,9,9
2019175,2019-07-01,3,8,9
2019176,2019-07-02,0,9,6
2019177,2019-07-03,2,3,2
2019178,2019-07-04,7,7,4
2019179,2019-07-05,7,6,1
2019180,2019-07-06,2,4,8
2019181,2019-07-07,3,0,6
2019182,2019-07-08,7,6,1
2019183,2019-07-09,8,3,2
2019184,2019-07-10,4,4,9
2019185,2019-07-11,4,3,6
2019186,2019-07-12,5,4,7
2019187,2019-07-13,8,9,9
2019188,2019-07-14,3,1,6
2019189,2019-07-15,8,9,0
2019190,2019-07-16,1,7,0
2019191,2019-07-17,2,5,0
2019192,2019-07-18,7,2,9
2019193,2019-07-19,6,5,2
2019194,2019-07-20,3,1,8
2019195,2019-07-21,6,8,9
2019196,2019-07-22,6,4,5
2019197,2019-07-23,6,2,2
2019198,2019-07-24,2,5,7
2019199,2019-07-25,4,7,6
2019200,2019-07-26,4,7,1
2019201,2019-07-27,2,3,2
2019202,2019-07-28,8,2,3
2019203,2019-07-29,1,0,3
2019204,2019-07-30,5,6,2
2019205,2019-07-31,1,8,7
2019206,2019-08-01,9,1,7
2019207,2019-08-02,1,1,7
2019208,2019-08-03,8,5,7
2019209,2019-08-04,8,6,5
2019210,2019-08-05,7,7,3
2019211,2019-08-06,5,9,0
2019212,2019-08-07,7,7,2
2019213,2019-08-08,7,2,8
2019214,2019-08-09,9,2,1
2019215,2019-08-10,8,7,6
2019216,2019-08-11,6,5,8
2019217,2019-08-12,1,2,3
2019218,2019-08-13,6,4,9
2019219,2019-08-14,3,8,2
2019220,2019-08-15,3,2,9
2019221,2019-08-16,7,9,6
2019222,2019-08-17,9,0,9
2019223,2019-08-18,5,3,4
2019224,2019-08-19,0,9,3
2019225,2019-08-20,3,9,1
2019226,2019-08-21,3,9,6
2019227,2019-08-22,8,2,3
2019228,2019-08-23,9,7,8
2019229,2019-08-24,9,4,8
2019230,2019-08-25,6,3,0
2019231,2019-08-26,9,3,5
2019232,2019-08-27,7,7,2
2019233,2019-08-28,5,3,1
2019234,2019-08-29,2,4,5
2019235,2019-08-30,4,2,2
2019236,2019-08-31,0,2,1
2019237,2019-09-01,8,0,8
2019238,2019-09-02,4,1,0
2019239,2019-09-03,4,9,1
2019240,2019-09-04,8,9,4
2019241,2019-09-05,3,8,5
2019242,2019-09-06,8,9,2
2019243,2019-09-07,5,1,1
2019244,2019-09-08,0,9,0
2019245,2019-09-09,5,9,5
2019246,2019-09-10,4,2,7
2019247,2019-09-11,4,8,9
2019248,2019-09-12,3,1,1
2019249,2019-09-13,6,2,9
2019250,2019-09-14,1,7,1
2019251,2019-09-15,2,7,2
2019252,2019-09-16,4,1,6
2019253,2019-09-17,6,3,9
2019254,2019-09-18,6,1,8
2019255,2019-09-19,2,7,2
2019256,2019-09-20,4,7,4
2019257,2019-09-21,8,7,1
2019258,2019-09-22,5,1,1
2019259,2019-09-23,4,3,2
2019260,2019-09-24,1,6,2
2019261,2019-09-25,8,6,5
2019262,2019-09-26,7,8,5
2019263,2019-09-27,9,8,4
2019264,2019-09-28,6,6,9
2019265,2019-09-29,5,9,0
2019266,2019-09-30,4,6,1
2019267,2019-10-08,0,3,5
2019268,2019-10-09,0,8,1
2019269,2019-10-10,8,5,4
2019270,2019-10-11,6,0,1
2019271,2019-10-12,9,5,1
2019272,2019-10-13,0,1,4
2019273,2019-10-14,8,2,2
2019274,2019-10-15,1,0,2
2019275,2019-10-16,2,8,7
2019276,2019-10-17,8,1,8
2019277,2019-10-18,7,3,7
2019278,2019-10-19,1,9,4
2019279,2019-10-20,1,7,7
2019280,2019-10-21,2,9,4
2019281,2019-10-22,0,0,5
2019282,2019-10-23,6,2,6
2019283,2019-10-24,0,4,9
2019284,2019-10-25,9,9,2
2019285,2019-10-26,0,7,1
2019286,2019-10-27,7,7,4
2019287,2019-10-28,3,3,7
2019288,2019-10-29,7,8,9
2019289,2019-10-30,2,4,9
2019290,2019-10-31,4,8,5
2019291,2019-11-01,6,7,6
2019292,2019-11-02,4,8,6
2019293,2019-11-03,5,9,9
2019294,2019-11-04,7,5,8
2019295,2019-11-05,3,3,5
2019296,2019-11-06,8,7,0
2019297,2019-11-07,5,2,5
2019298,2019-11-08,5,5,5
2019299,2019-11-09,5,7,8
2019300,2019-11-10,5,3,7
2019301,2019-11-11,3,7,9
2019302,2019-11-12,7,4,4
2019303,2019-11-13,6,6,9
2019304,2019-11-14,6,6,3
2019305,2019-11-15,4,8,2
2019306,2019-11-16,6,4,7
2019307,2019-11-17,0,2,7
2019308,2019-11-18,6,7,5
2019309,2019-11-19,3,5,4
2019310,2019-11-20,7,5,4
2019311,2019-11-21,1,1,4
2019312,2019-11-22,5,7,6
2019313,2019-11-23,2,4,1
2019314,2019-11-24,2,0,0
2019315,2019-11-25,4,5,1
2019316,2019-11-26,4,8,1
2019317,2019-11-27,4,2,3
2019318,2019-11-28,3,1,9
2019319,2019-11-29,3,3,1
2019320,2019-11-30,7,8,7
2019321,2019-12-01,5,9,3
2019322,2019-12-02,9,7,2
2019323,2019-12-03,8,3,0
2019324,2019-12-04,3,7,3
2019325,2019-12-05,7,4,4
2019326,2019-12-06,2,0,9
2019327,2019-12-07,7,7,0
2019328,2019-12-08,5,9,6
2019329,2019-12-09,4,1,2
2019330,2019-12-10,3,9,7
2019331,2019-12-11,8,6,0
2019332,2019-12-12,2,5,4
2019333,2019-12-13,3,8,3
2019334,2019-12-14,9,7,2
2019335,2019-12-15,3,6,9
2019336,2019-12-16,2,3,4
2019337,2019-12-17,4,0,7
2019338,2019-12-18,5,4,7
2019339,2019-12-19,9,0,1
2019340,2019-12-20,3,8,3
2019341,2019-12-21,0,3,0
2019342,2019-12-22,1,7,8
2019343,2019-12-23,9,5,2
2019344,2019-12-24,0,8,7
2019345,2019-12-25,8,7,4
2019346,2019-12-26,5,8,9
2019347,2019-12-27,5,4,9
2019348,2019-12-28,0,5,5
2019349,2019-12-29,3,3,8
2019350,2019-12-30,8,1,8
2019351,2019-12-31,9,7,7
2020001,2020-01-01,2,0,2
2020002,2020-01-02,1,6,1
2020003,2020-01-03,8,9,3
2020004,2020-01-04,4,9,8
2020005,2020-01-05,5,6,9
2020006,2020-01-06,0,8,3
2020007,2020-01-07,3,0,9
2020008,2020-01-08,1,8,8
2020009,2020-01-09,2,0,8
2020010,2020-01-10,0,1,1
2020011,2020-01-11,4,5,9
2020012,2020-01-12,3,1,3
2020013,2020-01-13,0,8,1
2020014,2020-01-14,1,6,1
2020015,2020-01-15,3,2,2
2020016,2020-01-16,4,0,2
2020017,2020-01-17,7,2,8
2020018,2020-01-18,5,8,5
2020019,2020-01-19,9,7,3
2020020,2020-01-20,1,6,6
2020021,2020-01-21,9,6,4
2020022,2020-03-12,6,3,4
2020023,2020-03-13,0,6,1
2020024,2020-03-14,6,1,4
2020025,2020-03-15,4,2,4
2020026,2020-03-16,7,0,5
2020027,2020-03-17,2,3,9
2020028,2020-03-18,5,1,3
2020029,2020-03-19,3,9,5
2020030,2020-03-20,7,1,9
2020031,2020-03-21,9,3,7
2020032,2020-03-22,6,8,8
2020033,2020-03-23,7,6,7
2020034,2020-03-24,4,7,3
2020035,2020-03-25,3,2,8
2020036,2020-03-26,3,0,1
2020037,2020-03-27,1,2,0
2020038,2020-03-28,7,3,9
2020039,2020-03-29,8,4,6
2020040,2020-03-30,3,8,9
2020041,2020-03-31,7,0,5
2020042,2020-04-01,2,7,4
2020043,2020-04-02,0,7,0
2020044,2020-04-03,1,2,0
2020045,2020-04-04,0,3,1
2020046,2020-04-05,3,2,4
2020047,2020-04-06,8,0,9
2020048,2020-04-07,8,5,4
2020049,2020-04-08,7,1,0
2020050,2020-04-09,5,9,3
2020051,2020-04-10,7,5,3
2020052,2020-04-11,2,2,3
2020053,2020-04-12,5,8,8
2020054,2020-04-13,0,8,7
2020055,2020-04-14,6,5,9
2020056,2020-04-15,5,7,8
2020057,2020-04-16,0,5,7
2020058,2020-04-17,2,2,8
2020059,2020-04-18,0,1,9
2020060,2020-04-19,4,9,0
2020061,2020-04-20,1,5,2
2020062,2020-04-21,3,1,8
2020063,2020-04-22,5,3,1
2020064,2020-04-23,3,5,2
2020065,2020-04-24,1,9,9
2020066,2020-04-25,2,6,2
2020067,2020-04-26,4,7,7
2020068,2020-04-27,4,1,0
2020069,2020-04-28,7,8,8
2020070,2020-04-29,8,0,4
2020071,2020-04-30,3,8,4
2020072,2020-05-01,7,9,0
2020073,2020-05-02,6,6,9
2020074,2020-05-03,2,2,4
2020075,2020-05-04,5,8,5
2020076,2020-05-05,8,6,4
2020077,2020-05-06,2,1,3
2020078,2020-05-07,3,5,6
2020079,2020-05-08,1,0,3
2020080,2020-05-09,3,8,4
2020081,2020-05-10,2,6,2
2020082,2020-05-11,8,8,9
2020083,2020-05-12,0,9,6
2020084,2020-05-13,5,6,7
2020085,2020-05-14,8,3,5
2020086,2020-05-15,9,7,2
2020087,2020-05-16,3,4,3
2020088,2020-05-17,5,5,1
2020089,2020-05-18,0,8,7
2020090,2020-05-19,5,5,9
2020091,2020-05-20,5,9,9
2020092,2020-05-21,6,1,6
2020093,2020-05-22,7,3,0
2020094,2020-05-23,3,2,8
2020095,2020-05-24,4,2,5
2020096,2020-05-25,7,1,8
2020097,2020-05-26,9,3,5
2020098,2020-05-27,4,4,9
2020099,2020-05-28,7,9,8
2020100,2020-05-29,0,6,4
2020101,2020-05-30,2,6,7
2020102,2020-05-31,8,7,7
2020103,2020-06-01,9,0,4
2020104,2020-06-02,2,9,5
2020105,2020-06-03,5,9,8
2020106,2020-06-04,4,4,0
2020107,2020-06-05,1,9,8
2020108,2020-06-06,2,6,7
2020109,2020-06-07,3,1,7
2020110,2020-06-08,2,8,2
2020111,2020-06-09,6,7,5
2020112,2020-06-10,4,2,1
2020113,2020-06-11,0,7,5
2020114,2020-06-12,0,6,5
2020115,2020-06-13,5,5,2
2020116,2020-06-14,9,3,4
2020117,2020-06-15,8,3,4
2020118,2020-06-16,2,0,4
2020119,2020-06-17,1,6,0
2020120,2020-06-18,2,4,2
2020121,2020-06-19,7,1,8
2020122,2020-06-20,6,3,9
2020123,2020-06-21,2,4,8
2020124,2020-06-22,6,2,9
2020125,2020-06-23,6,6,0
2020126,2020-06-24,4,9,4
2020127,2020-06-25,3,2,5
2020128,2020-06-26,0,8,6
2020129,2020-06-27,0,1,1
2020130,2020-06-28,9,6,8
2020131,2020-06-29,3,5,8
2020132,2020-06-30,8,7,9
2020133,2020-07-01,0,7,7
2020134,2020-07-02,7,5,3
2020135,2020-07-03,6,0,3
2020136,2020-07-04,5,5,2
2020137,2020-07-05,1,0,2
2020138,2020-07-06,0,0,4
2020139,2020-07-07,9,5,6
2020140,2020-07-08,5,1,5
2020141,2020-07-09,8,3,3
2020142,2020-07-10,7,1,3
2020143,2020-07-11,8,5,4
2020144,2020-07-12,6,1,0
2020145,2020-07-13,8,4,6
2020146,2020-07-14,8,8,0
2020147,2020-07-15,0,7,9
2020148,2020-07-16,9,6,4
2020149,2020-07-17,3,3,4
2020150,2020-07-18,3,7,3
2020151,2020-07-19,8,0,0
2020152,2020-07-20,6,9,8
2020153,2020-07-21,0,6,6
2020154,2020-07-22,8,1,0
2020155,2020-07-23,0,1,2
2020156,2020-07-24,0,9,8
2020157,2020-07-25,7,6,4
2020158,2020-07-26,2,6,6
2020159,2020-07-27,4,8,1
2020160,2020-07-28,9,2,0
2020161,2020-07-29,7,0,4
2020162,2020-07-30,6,2,8
2020163,2020-07-31,2,3,0
2020164,2020-08-01,4,8,4
2020165,2020-08-02,0,5,9
2020166,2020-08-03,3,4,3
2020167,2020-08-04,8,4,1
2020168,2020-08-05,7,8,6
2020169,2020-08-06,1,2,2
2020170,2020-08-07,6,5,0
2020171,2020-08-08,2,4,3
2020172,2020-08-09,6,0,3
2020173,2020-08-10,3,1,7
2020174,2020-08-11,2,9,4
2020175,2020-08-12,9,4,4
2020176,2020-08-13,9,6,2
2020177,2020-08-14,4,8,1
2020178,2020-08-15,3,3,7
2020179,2020-08-16,0,6,9
2020180,2020-08-17,1,2,7
2020181,2020-08-18,2,9,3
2020182,2020-08-19,9,1,3
2020183,2020-08-20,8,6,6
2020184,2020-08-21,5,5,5
2020185,2020-08-22,1,9,7
2020186,2020-08-23,5,4,7
2020187,2020-08-24,1,4,3
2020188,2020-08-25,2,9,4
2020189,2020-08-26,9,1,7
2020190,2020-08-27,7,3,3
2020191,2020-08-28,9,3,6
2020192,2020-08-29,8,4,9
2020193,2020-08-30,3,0,9
2020194,2020-08-31,4,3,6
2020195,2020-09-01,8,3,9
2020196,2020-09-02,8,4,1
2020197,2020-09-03,4,2,9
2020198,2020-09-04,6,1,2
2020199,2020-09-05,7,0,8
2020200,2020-09-06,0,2,3
2020201,2020-09-07,8,1,6
2020202,2020-09-08,2,6,0
2020203,2020-09-09,6,7,7
2020204,2020-09-10,0,7,4
2020205,2020-09-11,6,8,1
2020206,2020-09-12,6,1,1
2020207,2020-09-13,3,7,8
2020208,2020-09-14,8,1,1
2020209,2020-09-15,2,0,7
2020210,2020-09-16,3,2,6
2020211,2020-09-17,4,6,3
2020212,2020-09-18,5,5,9
2020213,2020-09-19,7,3,6
2020214,2020-09-20,8,6,0
2020215,2020-09-21,7,9,7
2020216,2020-09-22,6,2,3
2020217,2020-09-23,7,1,9
2020218,2020-09-24,6,4,8
2020219,2020-09-25,0,2,0
2020220,2020-09-26,2,9,3
2020221,2020-09-27,4,4,2
2020222,2020-09-28,5,2,8
2020223,2020-09-29,2,3,1
2020224,2020-09-30,9,3,9
2020225,2020-10-05,0,2,7
2020226,2020-10-06,2,0,0
2020227,2020-10-07,1,8,8
2020228,2020-10-08,4,3,0
2020229,2020-10-09,9,1,1
2020230,2020-10-10,5,7,3
2020231,2020-10-11,1,1,5
2020232,2020-10-12,0,5,6
2020233,2020-10-13,3,9,3
2020234,2020-10-14,6,1,0
2020235,2020-10-15,2,8,4
2020236,2020-10-16,9,9,8
2020237,2020-10-17,5,2,4
2020238,2020-10-18,2,7,5
2020239,2020-10-19,8,2,1
2020240,2020-10-20,8,6,1
2020241,2020-10-21,0,4,9
2020242,2020-10-22,8,2,8
2020243,2020-10-23,0,8,2
2020244,2020-10-24,9,7,8
2020245,2020-10-25,8,9,5
2020246,2020-10-26,5,2,5
2020247,2020-10-27,9,8,0
2020248,2020-10-28,9,6,2
2020249,2020-10-29,7,0,0
2020250,2020-10-30,8,3,9
2020251,2020-10-31,2,5,2
2020252,2020-11-01,7,6,1
2020253,2020-11-02,8,5,8
2020254,2020-11-03,1,2,0
2020255,2020-11-04,4,6,0
2020256,2020-11-05,2,0,8
2020257,2020-11-06,2,5,8
2020258,2020-11-07,4,6,8
2020259,2020-11-08,2,3,0
2020260,2020-11-09,2,7,8
2020261,2020-11-10,8,3,3
2020262,2020-11-11,6,6,5
2020263,2020-11-12,8,0,9
2020264,2020-11-13,1,6,0
2020265,2020-11-14,7,7,0
2020266,2020-11-15,1,1,0
2020267,2020-11-16,6,2,5
2020268,2020-11-17,6,3,5
2020269,2020-11-18,6,9,3
2020270,2020-11-19,4,1,4
2020271,2020-11-20,9,2,9
2020272,2020-11-21,2,4,3
2020273,2020-11-22,1,7,4
2020274,2020-11-23,5,9,5
2020275,2020-11-24,7,1,6
2020276,2020-11-25,9,9,4
2020277,2020-11-26,5,6,7
2020278,2020-11-27,2,7,4
2020279,2020-11-28,9,3,2
2020280,2020-11-29,1,6,0
2020281,2020-11-30,9,5,1
2020282,2020-12-01,2,5,7
2020283,2020-12-02,5,7,0
2020284,2020-12-03,3,3,7
2020285,2020-12-04,1,4,4
2020286,2020-12-05,5,1,9
2020287,2020-12-06,2,7,6
2020288,2020-12-07,6,9,3
2020289,2020-12-08,5,9,3
2020290,2020-12-09,8,4,6
2020291,2020-12-10,4,6,8
2020292,2020-12-11,7,6,7
2020293,2020-12-12,2,0,3
2020294,2020-12-13,6,3,0
2020295,2020-12-14,8,3,9
2020296,2020-12-15,2,5,1
2020297,2020-12-16,7,4,5
2020298,2020-12-17,2,9,0
2020299,2020-12-18,3,2,3
2020300,2020-12-19,4,1,2
2020301,2020-12-20,4,1,8
2020302,2020-12-21,1,0,8
2020303,2020-12-22,9,0,6
2020304,2020-12-23,6,2,7
2020305,2020-12-24,3,7,3
2020306,2020-12-25,4,3,8
2020307,2020-12-26,6,9,5
2020308,2020-12-27,5,7,4
2020309,2020-12-28,2,7,2
2020310,2020-12-29,5,0,3
2020311,2020-12-30,5,8,0
2020312,2020-12-31,6,1,4
2021001,2021-01-01,3,2,6
2021002,2021-01-02,3,5,5
2021003,2021-01-03,8,8,0
2021004,2021-01-04,5,0,1
2021005,2021-01-05,6,3,3
2021006,2021-01-06,9,0,8
2021007,2021-01-07,9,0,1
2021008,2021-01-08,6,4,7
2021009,2021-01-09,2,3,1
2021010,2021-01-10,7,4,3
2021011,2021-01-11,9,6,0
2021012,2021-01-12,9,0,6
2021013,2021-01-13,8,8,7
2021014,2021-01-14,7,9,0
2021015,2021-01-15,6,5,9
2021016,2021-01-16,2,2,3
2021017,2021-01-17,0,0,1
2021018,2021-01-18,4,6,8
2021019,2021-01-19,2,5,2
2021020,2021-01-20,3,9,8
2021021,2021-01-21,9,7,2
2021022,2021-01-22,9,6,3
2021023,2021-01-23,8,4,0
2021024,2021-01-24,3,4,2
2021025,2021-01-25,8,5,9
2021026,2021-01-26,4,2,6
2021027,2021-01-27,0,2,3
2021028,2021-01-28,7,9,0
2021029,2021-01-29,8,6,5
2021030,2021-01-30,2,2,5
2021031,2021-01-31,7,1,4
2021032,2021-02-01,3,7,3
2021033,2021-02-02,4,5,2
2021034,2021-02-03,5,3,4
2021035,2021-02-04,5,4,6
2021036,2021-02-05,9,5,6
2021037,2021-02-06,1,6,1
2021038,2021-02-07,4,9,2
2021039,2021-02-08,6,7,5
2021040,2021-02-19,3,4,1
2021041,2021-02-20,9,9,2
2021042,2021-02-21,9,5,6
2021043,2021-02-22,0,5,4
2021044,2021-02-23,2,6,9
2021045,2021-02-24,2,5,2
2021046,2021-02-25,0,4,7
2021047,2021-02-26,6,2,6
2021048,2021-02-27,9,4,5
2021049,2021-02-28,6,0,3
2021050,2021-03-01,4,6,0
2021051,2021-03-02,7,3,0
2021052,2021-03-03,9,8,6
2021053,2021-03-04,9,5,4
2021054,2021-03-05,1,2,5
2021055,2021-03-06,6,0,7
2021056,2021-03-07,6,2,2
2021057,2021-03-08,2,5,7
2021058,2021-03-09,9,7,2
2021059,2021-03-10,6,3,6
2021060,2021-03-11,6,5,5
2021061,2021-03-12,3,6,8
2021062,2021-03-13,4,4,6
2021063,2021-03-14,6,7,3
2021064,2021-03-15,6,2,6
2021065,2021-03-16,6,4,2
2021066,2021-03-17,5,2,3
2021067,2021-03-18,1,7,0
2021068,2021-03-19,0,4,5
2021069,2021-03-20,7,1,9
2021070,2021-03-21,9,8,8
2021071,2021-03-22,6,5,5
2021072,2021-03-23,5,6,2
2021073,2021-03-24,1,7,3
2021074,2021-03-25,2,7,9
2021075,2021-03-26,0,6,8
2021076,2021-03-27,0,1,8
2021077,2021-03-28,7,1,0
2021078,2021-03-29,6,8,6
2021079,2021-03-30,9,5,9
2021080,2021-03-31,6,4,5
2021081,2021-04-01,2,4,1
2021082,2021-04-02,2,2,7
2021083,2021-04-03,6,7,6
2021084,2021-04-04,4,9,3
2021085,2021-04-05,9,9,6
2021086,2021-04-06,2,6,3
2021087,2021-04-07,8,6,6
2021088,2021-04-08,3,0,4
2021089,2021-04-09,2,4,5
2021090,2021-04-10,6,7,8
2021091,2021-04-11,4,7,2
2021092,2021-04-12,8,7,0
2021093,2021-04-13,4,3,1
2021094,2021-04-14,5,6,9
2021095,2021-04-15,9,5,2
2021096,2021-04-16,5,9,3
2021097,2021-04-17,8,1,6
2021098,2021-04-18,3,0,2
2021099,2021-04-19,4,9,1
2021100,2021-04-20,2,7,6
2021101,2021-04-21,7,8,6
2021102,2021-04-22,1,1,6
2021103,2021-04-23,8,3,3
2021104,2021-04-24,9,0,6
2021105,2021-04-25,6,3,8
2021106,2021-04-26,7,3,3
2021107,2021-04-27,2,6,4
2021108,2021-04-28,5,5,3
2021109,2021-04-29,1,7,2
2021110,2021-04-30,2,3,4
2021111,2021-05-01,8,3,8
2021112,2021-05-02,4,5,1
2021113,2021-05-03,0,3,2
2021114,2021-05-04,7,1,3
2021115,2021-05-05,8,3,4
2021116,2021-05-06,4,1,4
2021117,2021-05-07,9,2,3
2021118,2021-05-08,6,9,4
2021119,2021-05-09,1,3,6
2021120,2021-05-10,6,8,6
2021121,2021-05-11,0,8,0
2021122,2021-05-12,8,5,3
2021123,2021-05-13,8,2,2
2021124,2021-05-14,4,9,2
2021125,2021-05-15,9,1,9
2021126,2021-05-16,8,1,3
2021127,2021-05-17,4,4,9
2021128,2021-05-18,6,8,9
2021129,2021-05-19,7,9,3
2021130,2021-05-20,1,7,2
2021131,2021-05-21,2,2,3
2021132,2021-05-22,7,4,1
2021133,2021-05-23,5,3,2
2021134,2021-05-24,2,1,6
2021135,2021-05-25,5,0,5
2021136,2021-05-26,4,6,9
2021137,2021-05-27,6,8,5
2021138,2021-05-28,9,2,8
2021139,2021-05-29,6,4,9
2021140,2021-05-30,1,3,2
2021141,2021-05-31,1,0,3
2021142,2021-06-01,1,9,7
2021143,2021-06-02,3,8,6
2021144,2021-06-03,0,7,4
2021145,2021-06-04,2,4,5
2021146,2021-06-05,9,0,1
2021147,2021-06-06,2,5,7
2021148,2021-06-07,2,1,5
2021149,2021-06-08,8,7,8
2021150,2021-06-09,3,0,1
2021151,2021-06-10,8,2,6
2021152,2021-06-11,3,4,8
2021153,2021-06-12,3,6,8
2021154,2021-06-13,5,9,1
2021155,2021-06-14,2,1,7
2021156,2021-06-15,7,3,2
2021157,2021-06-16,2,1,9
2021158,2021-06-17,9,0,5
2021159,2021-06-18,2,3,7
2021160,2021-06-19,9,5,8
2021161,2021-06-20,7,6,2
2021162,2021-06-21,7,9,3
2021163,2021-06-22,6,1,1
2021164,2021-06-23,1,3,7
2021165,2021-06-24,5,0,6
2021166,2021-06-25,8,1,0
2021167,2021-06-26,6,6,5
2021168,2021-06-27,9,4,6
2021169,2021-06-28,1,1,6
2021170,2021-06-29,4,9,9
2021171,2021-06-30,4,6,5
2021172,2021-07-01,7,5,7
2021173,2021-07-02,0,9,7
2021174,2021-07-03,2,4,3
2021175,2021-07-04,1,1,7
2021176,2021-07-05,8,6,5
2021177,2021-07-06,0,1,7
2021178,2021-07-07,9,0,0
2021179,2021-07-08,8,6,6
2021180,2021-07-09,9,3,0
2021181,2021-07-10,5,4,9
2021182,2021-07-11,2,2,9
2021183,2021-07-12,3,5,0
2021184,2021-07-13,8,1,1
2021185,2021-07-14,6,9,5
2021186,2021-07-15,6,9,1
2021187,2021-07-16,3,7,5
2021188,2021-07-17,6,0,8
2021189,2021-07-18,8,1,0
2021190,2021-07-19,4,2,8
2021191,2021-07-20,0,4,9
2021192,2021-07-21,7,4,0
2021193,2021-07-22,9,5,1
2021194,2021-07-23,5,2,3
2021195,2021-07-24,6,0,2
2021196,2021-07-25,8,6,6
2021197,2021-07-26,0,6,4
2021198,2021-07-27,1,8,5
2021199,2021-07-28,4,8,3
2021200,2021-07-29,4,0,9
2021201,2021-07-30,2,4,5
2021202,2021-07-31,4,8,8
2021203,2021-08-01,9,5,9
2021204,2021-08-02,5,0,6
2021205,2021-08-03,0,8,2
2021206,2021-08-04,4,6,9
2021207,2021-08-05,0,7,0
2021208,2021-08-06,5,2,0
2021209,2021-08-07,6,5,4
2021210,2021-08-08,5,8,2
2021211,2021-08-09,6,7,5
2021212,2021-08-10,0,1,2
2021213,2021-08-11,1,2,0
2021214,2021-08-12,2,8,1
2021215,2021-08-13,7,1,2
2021216,2021-08-14,4,5,4
2021217,2021-08-15,5,4,7
2021218,2021-08-16,5,3,0
2021219,2021-08-17,3,2,9
2021220,2021-08-18,1,2,7
2021221,2021-08-19,1,8,5
2021222,2021-08-20,0,2,8
2021223,2021-08-21,8,2,3
2021224,2021-08-22,9,3,7
2021225,2021-08-23,8,2,4
2021226,2021-08-24,5,0,9
2021227,2021-08-25,3,5,7
2021228,2021-08-26,5,5,2
2021229,2021-08-27,3,5,9
2021230,2021-08-28,7,7,5
2021231,2021-08-29,7,6,2
2021232,2021-08-30,7,7,9
2021233,2021-08-31,0,2,2
2021234,2021-09-01,1,6,3
2021235,2021-09-02,3,3,2
2021236,2021-09-03,7,1,4
2021237,2021-09-04,2,0,3
2021238,2021-09-05,1,3,4
2021239,2021-09-06,3,1,9
2021240,2021-09-07,0,1,3
2021241,2021-09-08,8,4,8
2021242,2021-09-09,9,7,3
2021243,2021-09-10,0,9,7
2021244,2021-09-11,4,0,1
2021245,2021-09-12,9,2,6
2021246,2021-09-13,9,8,0
2021247,2021-09-14,5,2,5
2021248,2021-09-15,3,0,8
2021249,2021-09-16,2,9,0
2021250,2021-09-17,4,4,8
2021251,2021-09-18,9,4,1
2021252,2021-09-19,9,7,5
2021253,2021-09-20,5,6,8
2021254,2021-09-21,9,4,9
2021255,2021-09-22,9,1,7
2021256,2021-09-23,5,0,3
2021257,2021-09-24,9,1,4
2021258,2021-09-25,7,5,1
2021259,2021-09-26,1,1,5
2021260,2021-09-27,1,8,6
2021261,2021-09-28,1,9,5
2021262,2021-09-29,4,1,4
2021263,2021-09-30,2,4,4
2021264,2021-10-05,9,5,6
2021265,2021-10-06,0,9,5
2021266,2021-10-07,0,5,5
2021267,2021-10-08,7,0,0
2021268,2021-10-09,1,8,3
2021269,2021-10-10,1,3,4
2021270,2021-10-11,6,7,1
2021271,2021-10-12,5,3,0
2021272,2021-10-13,0,2,8
2021273,2021-10-14,3,1,6
2021274,2021-10-15,8,1,2
2021275,2021-10-16,2,7,6
2021276,2021-10-17,5,0,4
2021277,2021-10-18,7,0,0
2021278,2021-10-19,1,5,7
2021279,2021-10-20,1,1,1
2021280,2021-10-21,8,6,8
2021281,2021-10-22,5,9,7
2021282,2021-10-23,4,7,0
2021283,2021-10-24,8,0,6
2021284,2021-10-25,5,0,4
2021285,2021-10-26,7,8,0
2021286,2021-10-27,8,5,3
2021287,2021-10-28,7,7,0
2021288,2021-10-29,5,6,6
2021289,2021-10-30,3,2,1
2021290,2021-10-31,4,8,9
2021291,2021-11-01,0,4,4
2021292,2021-11-02,5,2,1
2021293,2021-11-03,4,2,0
2021294,2021-11-04,4,8,8
2021295,2021-11-05,2,3,5
2021296,2021-11-06,4,6,8
2021297,2021-11-07,5,1,2
2021298,2021-11-08,5,8,9
2021299,2021-11-09,8,8,8
2021300,2021-11-10,1,4,0
2021301,2021-11-11,6,2,2
2021302,2021-11-12,9,2,5
2021303,2021-11-13,1,4,3
2021304,2021-11-14,9,0,0
2021305,2021-11-15,1,5,6
2021306,2021-11-16,2,3,3
2021307,2021-11-17,1,8,3
2021308,2021-11-18,8,3,8
2021309,2021-11-19,4,5,7
2021310,2021-11-20,1,4,8
2021311,2021-11-21,8,0,5
2021312,2021-11-22,0,0,8
2021313,2021-11-23,5,9,3
2021314,2021-11-24,1,9,4
2021315,2021-11-25,4,8,4
2021316,2021-11-26,6,8,8
2021317,2021-11-27,3,5,5
2021318,2021-11-28,7,3,1
2021319,2021-11-29,0,8,6
2021320,2021-11-30,9,4,0
2021321,2021-12-01,9,7,7
2021322,2021-12-02,1,7,0
2021323,2021-12-03,4,5,4
2021324,2021-12-04,9,3,1
2021325,2021-12-05,6,1,2
2021326,2021-12-06,4,6,1
2021327,2021-12-07,3,2,8
2021328,2021-12-08,3,3,6
2021329,2021-12-09,1,3,1
2021330,2021-12-10,2,0,4
2021331,2021-12-11,9,4,9
2021332,2021-12-12,9,3,4
2021333,2021-12-13,4,0,4
2021334,2021-12-14,7,9,2
2021335,2021-12-15,1,1,0
2021336,2021-12-16,4,5,5
2021337,2021-12-17,7,2,2
2021338,2021-12-18,2,4,4
2021339,2021-12-19,1,8,9
2021340,2021-12-20,3,2,1
2021341,2021-12-21,7,0,3
2021342,2021-12-22,6,7,6
2021343,2021-12-23,8,8,0
2021344,2021-12-24,0,4,6
2021345,2021-12-25,5,0,8
2021346,2021-12-26,3,4,3
2021347,2021-12-27,8,3,9
2021348,2021-12-28,2,4,1
2021349,2021-12-29,2,9,0
2021350,2021-12-30,1,3,5
2021351,2021-12-31,2,6,4
2022001,2022-01-01,3,7,8
2022002,2022-01-02,2,8,7
2022003,2022-01-03,5,5,8
2022004,2022-01-04,0,9,9
2022005,2022-01-05,8,7,1
2022006,2022-01-06,4,3,8
2022007,2022-01-07,5,2,3
2022008,2022-01-08,8,4,2
2022009,2022-01-09,8,5,6
2022010,2022-01-10,6,4,8
2022011,2022-01-11,0,7,3
2022012,2022-01-12,5,0,5
2022013,2022-01-13,0,8,6
2022014,2022-01-14,7,8,8
2022015,2022-01-15,9,9,3
2022016,2022-01-16,9,4,7
2022017,2022-01-17,5,1,5
2022018,2022-01-18,7,2,9
2022019,2022-01-19,8,5,5
2022020,2022-01-20,5,1,5
2022021,2022-01-21,4,9,2
2022022,2022-01-22,9,7,4
2022023,2022-01-23,4,8,9
2022024,2022-01-24,5,0,3
2022025,2022-01-25,9,7,4
2022026,2022-01-26,6,1,8
2022027,2022-01-27,9,2,4
2022028,2022-01-28,9,6,1
2022029,2022-02-08,1,3,4
2022030,2022-02-09,4,6,0
2022031,2022-02-10,6,0,5
2022032,2022-02-11,7,0,3
2022033,2022-02-12,3,5,8
2022034,2022-02-13,9,2,2
2022035,2022-02-14,4,0,2
2022036,2022-02-15,0,8,7
2022037,2022-02-16,3,4,1
2022038,2022-02-17,3,9,3
2022039,2022-02-18,4,7,5
2022040,2022-02-19,5,9,1
2022041,2022-02-20,5,3,3
2022042,2022-02-21,5,0,0
2022043,2022-02-22,0,9,6
2022044,2022-02-23,5,3,8
2022045,2022-02-24,4,2,9
2022046,2022-02-25,3,8,7
2022047,2022-02-26,8,1,5
2022048,2022-02-27,7,1,2
2022049,2022-02-28,4,8,7
2022050,2022-03-01,0,7,0
2022051,2022-03-02,8,4,6
2022052,2022-03-03,4,6,6
2022053,2022-03-04,5,6,6
2022054,2022-03-05,2,6,9
2022055,2022-03-06,2,7,7
2022056,2022-03-07,0,9,9
2022057,2022-03-08,1,4,7
2022058,2022-03-09,0,4,7
2022059,2022-03-10,5,9,2
2022060,2022-03-11,2,1,0
2022061,2022-03-12,3,5,3
2022062,2022-03-13,8,9,2
2022063,2022-03-14,7,7,3
2022064,2022-03-15,6,1,5
2022065,2022-03-16,9,9,4
2022066,2022-03-17,4,0,8
2022067,2022-03-18,0,1,3
2022068,2022-03-19,7,1,7
2022069,2022-03-20,5,8,6
2022070,2022-03-21,7,0,2
2022071,2022-03-22,3,7,1
2022072,2022-03-23,6,8,3
2022073,2022-03-24,2,0,0
2022074,2022-03-25,0,8,9
2022075,2022-03-26,7,6,1
2022076,2022-03-27,1,7,1
2022077,2022-03-28,9,1,8
2022078,2022-03-29,3,5,2
2022079,2022-03-30,8,5,4
2022080,2022-03-31,4,5,0
2022081,2022-04-01,1,6,8
2022082,2022-04-02,6,7,8
2022083,2022-04-03,3,2,8
2022084,2022-04-04,9,4,6
2022085,2022-04-05,2,7,9
2022086,2022-04-06,9,3,5
2022087,2022-04-07,1,3,3
2022088,2022-04-08,9,0,7
2022089,2022-04-09,8,4,4
2022090,2022-04-10,5,7,9
2022091,2022-04-11,8,0,9
2022092,2022-04-12,8,1,8
2022093,2022-04-13,9,5,8
2022094,2022-04-14,4,8,8
2022095,2022-04-15,1,4,0
2022096,2022-04-16,8,2,4
2022097,2022-04-17,0,9,6
2022098,2022-04-18,9,1,5
2022099,2022-04-19,4,6,4
2022100,2022-04-20,4,4,4
2022101,2022-04-21,1,2,4
2022102,2022-04-22,3,4,5
2022103,2022-04-23,0,4,6
2022104,2022-04-24,0,8,3
2022105,2022-04-25,6,4,2
2022106,2022-04-26,6,2,5
2022107,2022-04-27,0,6,4
2022108,2022-04-28,4,1,5
2022109,2022-04-29,0,9,2
2022110,2022-04-30,8,9,3
2022111,2022-05-01,9,5,6
2022112,2022-05-02,7,6,2
2022113,2022-05-03,6,5,3
2022114,2022-05-04,9,9,7
2022115,2022-05-05,8,3,6
2022116,2022-05-06,7,0,7
2022117,2022-05-07,4,5,7
2022118,2022-05-08,4,7,0
2022119,2022-05-09,0,4,6
2022120,2022-05-10,9,3,9
2022121,2022-05-11,6,2,1
2022122,2022-05-12,3,5,7
2022123,2022-05-13,1,5,4
2022124,2022-05-14,2,2,4
2022125,2022-05-15,2,6,4
2022126,2022-05-16,2,5,9
2022127,2022-05-17,1,1,7
2022128,2022-05-18,8,4,3
2022129,2022-05-19,0,0,5
2022130,2022-05-20,3,9,5
2022131,2022-05-21,2,6,6
2022132,2022-05-22,7,8,2
2022133,2022-05-23,6,5,4
2022134,2022-05-24,2,2,9
2022135,2022-05-25,0,4,8
2022136,2022-05-26,6,5,6
2022137,2022-05-27,2,4,4
2022138,2022-05-28,4,2,6
2022139,2022-05-29,1,3,6
2022140,2022-05-30,2,7,7
2022141,2022-05-31,7,5,5
2022142,2022-06-01,5,6,3
2022143,2022-06-02,1,5,8
2022144,2022-06-03,0,1,6
2022145,2022-06-04,7,2,8
2022146,2022-06-05,1,9,4
2022147,2022-06-06,1,9,6
2022148,2022-06-07,4,0,8
2022149,2022-06-08,4,6,4
2022150,2022-06-09,8,8,7
2022151,2022-06-10,1,1,3
2022152,2022-06-11,0,4,4
2022153,2022-06-12,1,5,5
2022154,2022-06-13,4,0,6
2022155,2022-06-14,0,5,7
2022156,2022-06-15,7,8,9
2022157,2022-06-16,4,1,7
2022158,2022-06-17,8,9,1
2022159,2022-06-18,2,4,0
2022160,2022-06-19,0,4,4
2022161,2022-06-20,5,0,7
2022162,2022-06-21,7,0,7
2022163,2022-06-22,7,7,1
2022164,2022-06-23,1,8,9
2022165,2022-06-24,4,5,7
2022166,2022-06-25,4,5,1
2022167,2022-06-26,2,9,9
2022168,2022-06-27,5,5,3
2022169,2022-06-28,4,6,9
2022170,2022-06-29,7,8,9
2022171,2022-06-30,9,2,4
2022172,2022-07-01,3,4,2
2022173,2022-07-02,5,4,6
2022174,2022-07-03,2,8,4
2022175,2022-07-04,1,5,1
2022176,2022-07-05,4,1,6
2022177,2022-07-06,2,4,2
2022178,2022-07-07,9,2,1
2022179,2022-07-08,9,4,6
2022180,2022-07-09,3,1,2
2022181,2022-07-10,0,7,1
2022182,2022-07-11,4,0,6
2022183,2022-07-12,1,8,8
2022184,2022-07-13,9,6,6
2022185,2022-07-14,5,4,5
2022186,2022-07-15,1,5,3
2022187,2022-07-16,7,1,8
2022188,2022-07-17,4,8,1
2022189,2022-07-18,2,3,5
2022190,2022-07-19,7,4,8
2022191,2022-07-20,2,1,0
2022192,2022-07-21,6,8,1
2022193,2022-07-22,1,6,2
2022194,2022-07-23,7,8,0
2022195,2022-07-24,1,2,2
2022196,2022-07-25,1,2,3
2022197,2022-07-26,9,3,0
2022198,2022-07-27,0,3,7
2022199,2022-07-28,3,3,2
2022200,2022-07-29,3,0,3
2022201,2022-07-30,2,1,3
2022202,2022-07-31,9,0,2
2022203,2022-08-01,6,2,9
2022204,2022-08-02,6,6,6
2022205,2022-08-03,4,6,8
2022206,2022-08-04,2,2,2
2022207,2022-08-05,4,6,5
2022208,2022-08-06,6,3,2
2022209,2022-08-07,3,5,6
2022210,2022-08-08,6,3,0
2022211,2022-08-09,3,2,1
2022212,2022-08-10,6,4,4
2022213,2022-08-11,8,2,9
2022214,2022-08-12,8,2,2
2022215,2022-08-13,0,6,2
2022216,2022-08-14,7,6,2
2022217,2022-08-15,5,1,4
2022218,2022-08-16,7,4,5
2022219,2022-08-17,2,9,2
2022220,2022-08-18,3,8,0
2022221,2022-08-19,2,4,6
2022222,2022-08-20,2,9,1
2022223,2022-08-21,0,5,8
2022224,2022-08-22,8,9,7
2022225,2022-08-23,4,3,1
2022226,2022-08-24,9,8,9
2022227,2022-08-25,6,1,3
2022228,2022-08-26,5,4,4
2022229,2022-08-27,7,6,6
2022230,2022-08-28,9,0,1
2022231,2022-08-29,4,6,6
2022232,2022-08-30,6,4,2
2022233,2022-08-31,8,6,7
2022234,2022-09-01,8,8,7
2022235,2022-09-02,8,2,4
2022236,2022-09-03,8,8,5
2022237,2022-09-04,6,9,9
2022238,2022-09-05,6,2,2
2022239,2022-09-06,2,8,9
2022240,2022-09-07,1,9,5
2022241,2022-09-08,0,7,3
2022242,2022-09-09,0,8,9
2022243,2022-09-10,4,7,4
2022244,2022-09-11,1,2,4
2022245,2022-09-12,8,4,6
2022246,2022-09-13,8,3,2
2022247,2022-09-14,4,4,6
2022248,2022-09-15,0,4,9
2022249,2022-09-16,0,0,6
2022250,2022-09-17,0,1,5
2022251,2022-09-18,1,2,4
2022252,2022-09-19,1,6,7
2022253,2022-09-20,9,1,6
2022254,2022-09-21,7,3,5
2022255,2022-09-22,3,3,9
2022256,2022-09-23,4,0,5
2022257,2022-09-24,7,9,2
2022258,2022-09-25,1,9,6
2022259,2022-09-26,4,4,8
2022260,2022-09-27,4,6,9
2022261,2022-09-28,0,2,6
2022262,2022-09-29,3,2,9
2022263,2022-09-30,3,3,5
2022264,2022-10-05,7,8,6
2022265,2022-10-06,4,6,4
2022266,2022-10-07,2,1,0
2022267,2022-10-08,5,3,4
2022268,2022-10-09,3,8,4
2022269,2022-10-10,3,7,5
2022270,2022-10-11,2,2,7
2022271,2022-10-12,5,6,7
2022272,2022-10-13,3,2,9
2022273,2022-10-14,7,4,6
2022274,2022-10-15,0,6,5
2022275,2022-10-16,0,5,9
2022276,2022-10-17,7,6,1
2022277,2022-10-18,2,4,6
2022278,2022-10-19,4,9,2
2022279,2022-10-20,9,7,4
2022280,2022-10-21,1,3,3
2022281,2022-10-22,1,0,1
2022282,2022-10-23,8,9,6
2022283,2022-10-24,8,2,0
2022284,2022-10-25,7,5,2
2022285,2022-10-26,4,3,6
2022286,2022-10-27,9,8,0
2022287,2022-10-28,7,4,6
2022288,2022-10-29,5,6,1
2022289,2022-10-30,7,6,9
2022290,2022-10-31,8,3,7
2022291,2022-11-01,6,3,3
2022292,2022-11-02,9,7,7
2022293,2022-11-03,3,8,5
2022294,2022-11-04,6,6,6
2022295,2022-11-05,6,0,8
2022296,2022-11-06,0,0,9
2022297,2022-11-07,1,1,1
2022298,2022-11-08,8,7,2
2022299,2022-11-09,2,9,9
2022300,2022-11-10,0,9,4
2022301,2022-11-11,1,8,1
2022302,2022-11-12,8,7,5
2022303,2022-11-13,5,3,3
2022304,2022-11-14,1,7,4
2022305,2022-11-15,0,4,8
2022306,2022-11-16,5,5,9
2022307,2022-11-17,3,7,2
2022308,2022-11-18,2,1,6
2022309,2022-11-19,0,4,1
2022310,2022-11-20,2,5,7
2022311,2022-11-21,6,8,2
2022312,2022-11-22,1,3,2
2022313,2022-11-23,1,6,9
2022314,2022-11-24,7,1,5
2022315,2022-11-25,5,6,2
2022316,2022-11-26,2,8,0
2022317,2022-11-27,2,6,8
2022318,2022-11-28,0,2,1
2022319,2022-11-29,0,6,9
2022320,2022-11-30,7,4,7
2022321,2022-12-01,8,6,1
2022322,2022-12-02,3,3,5
2022323,2022-12-03,7,1,2
2022324,2022-12-04,8,4,9
2022325,2022-12-05,7,6,0
2022326,2022-12-06,2,8,9
2022327,2022-12-07,2,8,9
2022328,2022-12-08,6,2,0
2022329,2022-12-09,1,6,7
2022330,2022-12-10,2,2,1
2022331,2022-12-11,8,0,8
2022332,2022-12-12,4,2,2
2022333,2022-12-13,8,5,1
2022334,2022-12-14,3,8,3
2022335,2022-12-15,0,1,4
2022336,2022-12-16,3,8,7
2022337,2022-12-17,2,1,7
2022338,2022-12-18,4,1,6
2022339,2022-12-19,5,2,5
2022340,2022-12-20,2,8,7
2022341,2022-12-21,0,8,4
2022342,2022-12-22,3,8,3
2022343,2022-12-23,3,8,2
2022344,2022-12-24,2,0,9
2022345,2022-12-25,4,6,0
2022346,2022-12-26,5,3,8
2022347,2022-12-27,9,2,5
2022348,2022-12-28,7,3,9
2022349,2022-12-29,4,9,1
2022350,2022-12-30,2,8,6
2022351,2022-12-31,0,9,2
2023001,2023-01-01,4,5,8
2023002,2023-01-02,0,7,0
2023003,2023-01-03,9,0,0
2023004,2023-01-04,1,3,6
2023005,2023-01-05,4,2,0
2023006,2023-01-06,7,5,6
2023007,2023-01-07,3,1,5
2023008,2023-01-08,9,7,2
2023009,2023-01-09,2,2,1
2023010,2023-01-10,8,8,8
2023011,2023-01-11,0,8,3
2023012,2023-01-12,7,8,0
2023013,2023-01-13,2,8,2
2023014,2023-01-14,0,2,2
2023015,2023-01-15,6,0,6
2023016,2023-01-16,7,1,4
2023017,2023-01-17,1,7,2
2023018,2023-01-18,2,3,7
2023019,2023-01-29,7,9,0
2023020,2023-01-30,4,8,8
2023021,2023-01-31,9,1,1
2023022,2023-02-01,1,1,4
2023023,2023-02-02,3,4,2
2023024,2023-02-03,0,6,0
2023025,2023-02-04,3,5,7
2023026,2023-02-05,6,6,5
2023027,2023-02-06,3,4,8
2023028,2023-02-07,1,2,7
2023029,2023-02-08,4,9,9
2023030,2023-02-09,7,5,4
2023031,2023-02-10,9,7,5
2023032,2023-02-11,0,9,0
2023033,2023-02-12,6,7,9
2023034,2023-02-13,9,0,1
2023035,2023-02-14,6,4,9
2023036,2023-02-15,6,5,6
2023037,2023-02-16,7,7,1
2023038,2023-02-17,0,9,1
2023039,2023-02-18,7,6,3
2023040,2023-02-19,3,3,4
2023041,2023-02-20,6,0,8
2023042,2023-02-21,2,3,1
2023043,2023-02-22,5,6,8
2023044,2023-02-23,0,8,2
2023045,2023-02-24,6,5,9
2023046,2023-02-25,8,8,5
2023047,2023-02-26,5,7,8
2023048,2023-02-27,5,8,1
2023049,2023-02-28,9,2,8
2023050,2023-03-01,7,1,4
2023051,2023-03-02,9,4,0
2023052,2023-03-03,3,8,3
2023053,2023-03-04,3,6,4
2023054,2023-03-05,3,4,8
2023055,2023-03-06,8,8,2
2023056,2023-03-07,1,0,8
2023057,2023-03-08,4,6,4
2023058,2023-03-09,6,9,3
2023059,2023-03-10,5,1,8
2023060,2023-03-11,7,9,2
2023061,2023-03-12,7,1,1
2023062,2023-03-13,0,0,6
2023063,2023-03-14,4,3,7
2023064,2023-03-15,0,6,5
2023065,2023-03-16,4,6,8
2023066,2023-03-17,5,5,0
2023067,2023-03-18,8,5,4
2023068,2023-03-19,3,6,6
2023069,2023-03-20,9,3,2
2023070,2023-03-21,5,6,7
2023071,2023-03-22,0,1,7
2023072,2023-03-23,4,4,7
2023073,2023-03-24,1,3,0
2023074,2023-03-25,0,7,1
2023075,2023-03-26,7,3,8
2023076,2023-03-27,5,0,3
2023077,2023-03-28,2,0,9
2023078,2023-03-29,3,1,6
2023079,2023-03-30,0,1,4
2023080,2023-03-31,4,8,4
2023081,2023-04-01,9,7,8
2023082,2023-04-02,7,3,9
2023083,2023-04-03,0,2,4
2023084,2023-04-04,0,5,5
2023085,2023-04-05,5,5,7
2023086,2023-04-06,9,1,5
2023087,2023-04-07,3,2,9
2023088,2023-04-08,2,9,2
2023089,2023-04-09,9,4,0
2023090,2023-04-10,5,8,5
2023091,2023-04-11,7,9,5
2023092,2023-04-12,8,8,3
2023093,2023-04-13,5,3,6
2023094,2023-04-14,5,3,3
2023095,2023-04-15,4,8,8
2023096,2023-04-16,7,6,3
2023097,2023-04-17,6,8,5
2023098,2023-04-18,2,2,3
2023099,2023-04-19,5,5,1
2023100,2023-04-20,6,3,2
2023101,2023-04-21,5,3,1
2023102,2023-04-22,7,0,4
2023103,2023-04-23,9,7,6
2023104,2023-04-24,6,4,3
2023105,2023-04-25,5,7,0
2023106,2023-04-26,2,8,2
2023107,2023-04-27,5,1,9
2023108,2023-04-28,4,7,7
2023109,2023-04-29,3,0,3
2023110,2023-04-30,4,3,3
2023111,2023-05-01,6,5,9
2023112,2023-05-02,1,2,7
2023113,2023-05-03,2,2,4
2023114,2023-05-04,8,1,0
2023115,2023-05-05,5,2,7
2023116,2023-05-06,9,2,0
2023117,2023-05-07,4,9,3
2023118,2023-05-08,6,4,6
2023119,2023-05-09,0,5,6
2023120,2023-05-10,0,9,1
2023121,2023-05-11,6,6,8
2023122,2023-05-12,8,2,7
2023123,2023-05-13,5,5,7
2023124,2023-05-14,0,7,1
2023125,2023-05-15,5,5,8
2023126,2023-05-16,9,8,4
2023127,2023-05-17,1,1,0
2023128,2023-05-18,8,1,0
2023129,2023-05-19,3,3,4
2023130,2023-05-20,5,2,1
2023131,2023-05-21,5,8,3
2023132,2023-05-22,0,1,0
2023133,2023-05-23,4,3,4
2023134,2023-05-24,2,2,0
2023135,2023-05-25,4,6,7
2023136,2023-05-26,9,2,9
2023137,2023-05-27,7,9,1
2023138,2023-05-28,4,4,0
2023139,2023-05-29,4,2,9
2023140,2023-05-30,0,9,3
2023141,2023-05-31,7,4,3
2023142,2023-06-01,1,6,7
2023143,2023-06-02,8,4,8
2023144,2023-06-03,5,6,3
2023145,2023-06-04,8,8,3
2023146,2023-06-05,5,8,7
2023147,2023-06-06,8,6,3
2023148,2023-06-07,3,3,6
2023149,2023-06-08,0,2,5
2023150,2023-06-09,0,3,9
2023151,2023-06-10,3,8,3
2023152,2023-06-11,3,1,8
2023153,2023-06-12,7,5,0
2023154,2023-06-13,4,3,3
2023155,2023-06-14,8,5,3
2023156,2023-06-15,2,5,1
2023157,2023-06-16,7,8,6
2023158,2023-06-17,4,4,7
2023159,2023-06-18,3,1,9
2023160,2023-06-19,3,9,3
2023161,2023-06-20,5,3,6
2023162,2023-06-21,0,9,4
2023163,2023-06-22,1,2,7
2023164,2023-06-23,2,1,5
2023165,2023-06-24,2,5,1
2023166,2023-06-25,1,2,8
2023167,2023-06-26,1,9,0
2023168,2023-06-27,9,3,3
2023169,2023-06-28,7,2,1
2023170,2023-06-29,0,8,2
2023171,2023-06-30,2,2,5
2023172,2023-07-01,7,8,0
2023173,2023-07-02,0,1,3
2023174,2023-07-03,8,2,9
2023175,2023-07-04,2,8,0
2023176,2023-07-05,0,7,1
2023177,2023-07-06,7,0,9
2023178,2023-07-07,7,1,1
2023179,2023-07-08,4,9,9
2023180,2023-07-09,6,8,7
2023181,2023-07-10,7,7,9
2023182,2023-07-11,1,2,1
2023183,2023-07-12,8,0,6
2023184,2023-07-13,9,6,4
2023185,2023-07-14,4,6,8
2023186,2023-07-15,7,0,7
2023187,2023-07-16,7,6,5
2023188,2023-07-17,2,8,4
2023189,2023-07-18,0,7,0
2023190,2023-07-19,6,0,0
2023191,2023-07-20,3,6,0
2023192,2023-07-21,2,1,4
2023193,2023-07-22,4,1,9
2023194,2023-07-23,3,0,3
2023195,2023-07-24,3,6,7
2023196,2023-07-25,8,0,0
2023197,2023-07-26,3,0,7
2023198,2023-07-27,0,7,9
2023199,2023-07-28,7,2,3
2023200,2023-07-29,5,1,4
2023201,2023-07-30,7,3,4
2023202,2023-07-31,7,5,8
2023203,2023-08-01,1,4,0
2023204,2023-08-02,0,1,4
2023205,2023-08-03,0,9,7
2023206,2023-08-04,4,4,8
2023207,2023-08-05,1,2,6
2023208,2023-08-06,6,6,9
2023209,2023-08-07,2,1,7
2023210,2023-08-08,9,3,6
2023211,2023-08-09,7,9,2
2023212,2023-08-10,8,5,3
2023213,2023-08-11,0,7,7
2023214,2023-08-12,1,0,1
2023215,2023-08-13,4,8,0
2023216,2023-08-14,1,3,8
2023217,2023-08-15,7,4,8
2023218,2023-08-16,9,4,2
2023219,2023-08-17,7,3,8
2023220,2023-08-18,0,3,5
2023221,2023-08-19,6,4,9
2023222,2023-08-20,9,7,7
2023223,2023-08-21,7,4,0
2023224,2023-08-22,3,7,4
2023225,2023-08-23,1,1,8
2023226,2023-08-24,5,3,5
2023227,2023-08-25,9,0,1
2023228,2023-08-26,7,7,3
2023229,2023-08-27,6,7,8
2023230,2023-08-28,9,4,9
2023231,2023-08-29,3,6,5
2023232,2023-08-30,8,6,0
2023233,2023-08-31,1,2,4
2023234,2023-09-01,8,0,5
2023235,2023-09-02,4,2,4
2023236,2023-09-03,2,7,0
2023237,2023-09-04,7,9,8
2023238,2023-09-05,5,6,2
2023239,2023-09-06,4,4,0
2023240,2023-09-07,7,0,2
2023241,2023-09-08,9,3,5
2023242,2023-09-09,9,8,7
2023243,2023-09-10,9,6,6
2023244,2023-09-11,3,1,5
2023245,2023-09-12,4,8,0
2023246,2023-09-13,4,2,2
2023247,2023-09-14,9,3,7
2023248,2023-09-15,6,9,6
2023249,2023-09-16,0,3,9
2023250,2023-09-17,1,8,0
2023251,2023-09-18,7,3,6
2023252,2023-09-19,9,6,1
2023253,2023-09-20,9,8,6
2023254,2023-09-21,9,9,1
2023255,2023-09-22,0,5,6
2023256,2023-09-23,8,4,0
2023257,2023-09-24,9,0,8
2023258,2023-09-25,9,1,5
2023259,2023-09-26,0,8,8
2023260,2023-09-27,2,4,7
2023261,2023-09-28,9,3,0
2023262,2023-09-29,7,1,7
2023263,2023-09-30,9,9,3
2023264,2023-10-05,9,2,5
2023265,2023-10-06,2,2,4
2023266,2023-10-07,1,3,3
2023267,2023-10-08,5,5,4
2023268,2023-10-09,9,7,5
2023269,2023-10-10,2,3,4
2023270,2023-10-11,3,5,5
2023271,2023-10-12,0,9,6
2023272,2023-10-13,4,1,9
2023273,2023-10-14,1,2,1
2023274,2023-10-15,6,6,9
2023275,2023-10-16,9,8,4
2023276,2023-10-17,6,0,6
2023277,2023-10-18,0,2,8
2023278,2023-10-19,0,7,0
2023279,2023-10-20,3,9,1
2023280,2023-10-21,6,0,1
2023281,2023-10-22,3,4,4
2023282,2023-10-23,3,0,8
2023283,2023-10-24,0,2,9
2023284,2023-10-25,3,8,2
2023285,2023-10-26,7,1,6
2023286,2023-10-27,1,1,6
2023287,2023-10-28,8,9,4
2023288,2023-10-29,3,1,4
2023289,2023-10-30,9,9,8
2023290,2023-10-31,1,5,4
2023291,2023-11-01,1,5,0
2023292,2023-11-02,9,6,8
2023293,2023-11-03,4,3,4
2023294,2023-11-04,6,6,7
2023295,2023-11-05,8,8,2
2023296,2023-11-06,8,0,7
2023297,2023-11-07,7,6,1
2023298,2023-11-08,3,6,5
2023299,2023-11-09,8,0,8
2023300,2023-11-10,2,9,6
2023301,2023-11-11,0,4,1
2023302,2023-11-12,1,6,1
2023303,2023-11-13,5,7,2
2023304,2023-11-14,7,2,8
2023305,2023-11-15,6,7,9
2023306,2023-11-16,3,3,0
2023307,2023-11-17,9,3,6
2023308,2023-11-18,6,1,9
2023309,2023-11-19,3,2,9
2023310,2023-11-20,4,1,7
2023311,2023-11-21,5,8,3
2023312,2023-11-22,4,4,2
2023313,2023-11-23,4,1,4
2023314,2023-11-24,3,5,5
2023315,2023-11-25,7,4,7
2023316,2023-11-26,2,3,4
2023317,2023-11-27,3,9,7
2023318,2023-11-28,7,9,0
2023319,2023-11-29,9,6,5
2023320,2023-11-30,6,9,7
2023321,2023-12-01,2,1,1
2023322,2023-12-02,1,7,4
2023323,2023-12-03,9,4,5
2023324,2023-12-04,6,0,2
2023325,2023-12-05,7,1,7
2023326,2023-12-06,7,9,0
2023327,2023-12-07,3,1,4
2023328,2023-12-08,8,8,2
2023329,2023-12-09,2,8,9
2023330,2023-12-10,5,3,1
2023331,2023-12-11,4,0,2
2023332,2023-12-12,6,6,7
2023333,2023-12-13,9,8,9
2023334,2023-12-14,5,8,7
2023335,2023-12-15,0,4,7
2023336,2023-12-16,8,2,1
2023337,2023-12-17,8,4,6
2023338,2023-12-18,3,8,0
2023339,2023-12-19,4,8,2
2023340,2023-12-20,0,8,9
2023341,2023-12-21,3,4,1
2023342,2023-12-22,9,7,8
2023343,2023-12-23,7,3,0
2023344,2023-12-24,8,0,1
2023345,2023-12-25,6,7,8
2023346,2023-12-26,2,5,8
2023347,2023-12-27,7,4,2
2023348,2023-12-28,5,9,7
2023349,2023-12-29,9,2,3
2023350,2023-12-30,1,9,7
2023351,2023-12-31,5,7,1
2024001,2024-01-01,4,0,3
2024002,2024-01-02,5,4,4
2024003,2024-01-03,6,6,6
2024004,2024-01-04,6,6,5
2024005,2024-01-05,2,5,9
2024006,2024-01-06,2,8,4
2024007,2024-01-07,8,8,8
2024008,2024-01-08,4,0,5
2024009,2024-01-09,8,1,5
2024010,2024-01-10,2,8,1
2024011,2024-01-11,0,8,0
2024012,2024-01-12,0,8,1
2024013,2024-01-13,9,8,5
2024014,2024-01-14,1,8,7
2024015,2024-01-15,4,7,5
2024016,2024-01-16,7,0,2
2024017,2024-01-17,5,5,5
2024018,2024-01-18,8,5,9
2024019,2024-01-19,3,1,3
2024020,2024-01-20,4,0,6
2024021,2024-01-21,3,7,0
2024022,2024-01-22,1,2,4
2024023,2024-01-23,7,9,3
2024024,2024-01-24,1,9,9
2024025,2024-01-25,3,1,4
2024026,2024-01-26,7,5,1
2024027,2024-01-27,5,0,2
2024028,2024-01-28,2,5,9
2024029,2024-01-29,5,7,5
2024030,2024-01-30,9,5,1
2024031,2024-01-31,6,8,2
2024032,2024-02-01,8,0,5
2024033,2024-02-02,7,3,9
2024034,2024-02-03,0,1,7
2024035,2024-02-04,3,0,6
2024036,2024-02-05,5,4,7
2024037,2024-02-06,9,1,0
2024038,2024-02-07,5,2,9
2024039,2024-02-18,5,0,8
2024040,2024-02-19,5,1,4
2024041,2024-02-20,9,0,5
2024042,2024-02-21,3,4,2
2024043,2024-02-22,2,9,6
2024044,2024-02-23,8,8,5
2024045,2024-02-24,7,5,7
2024046,2024-02-25,7,0,2
2024047,2024-02-26,7,6,0
2024048,2024-02-27,3,9,6
2024049,2024-02-28,6,3,1
2024050,2024-02-29,4,9,5
2024051,2024-03-01,6,7,4
2024052,2024-03-02,9,9,5
2024053,2024-03-03,9,5,8
2024054,2024-03-04,2,2,1
2024055,2024-03-05,1,7,3
2024056,2024-03-06,7,8,8
2024057,2024-03-07,7,6,5
2024058,2024-03-08,0,6,5
2024059,2024-03-09,6,2,9
2024060,2024-03-10,3,5,7
2024061,2024-03-11,2,5,0
2024062,2024-03-12,7,8,4
2024063,2024-03-13,6,5,1
2024064,2024-03-14,1,3,2
2024065,2024-03-15,9,0,3
2024066,2024-03-16,8,0,3
2024067,2024-03-17,5,4,9
2024068,2024-03-18,2,3,9
2024069,2024-03-19,4,1,1
2024070,2024-03-20,8,9,1
2024071,2024-03-21,2,5,8
2024072,2024-03-22,3,4,1
2024073,2024-03-23,5,9,0
2024074,2024-03-24,6,2,9
2024075,2024-03-25,2,8,5
2024076,2024-03-26,9,6,8
2024077,2024-03-27,6,2,6
2024078,2024-03-28,1,2,6
2024079,2024-03-29,8,8,9
2024080,2024-03-30,0,1,2
2024081,2024-03-31,9,2,8
2024082,2024-04-01,5,7,1
2024083,2024-04-02,2,3,2
2024084,2024-04-03,5,4,9
2024085,2024-04-04,4,9,3
2024086,2024-04-05,2,7,8
2024087,2024-04-06,1,6,1
2024088,2024-04-07,8,1,9
2024089,2024-04-08,1,1,7
2024090,2024-04-09,2,0,6
2024091,2024-04-10,1,9,6
2024092,2024-04-11,1,5,0
2024093,2024-04-12,9,3,5
2024094,2024-04-13,2,7,1
2024095,2024-04-14,1,7,5
2024096,2024-04-15,4,6,3
2024097,2024-04-16,8,6,3
2024098,2024-04-17,2,4,7
2024099,2024-04-18,1,0,2
2024100,2024-04-19,1,5,7
2024101,2024-04-20,0,3,0
2024102,2024-04-21,2,1,5
2024103,2024-04-22,5,5,1
2024104,2024-04-23,4,7,4
2024105,2024-04-24,2,1,0
2024106,2024-04-25,5,3,3
2024107,2024-04-26,4,9,9
2024108,2024-04-27,2,5,2
2024109,2024-04-28,2,4,3
2024110,2024-04-29,6,2,9
2024111,2024-04-30,3,3,6
2024112,2024-05-01,2,1,8
2024113,2024-05-02,3,4,5
2024114,2024-05-03,5,4,8
2024115,2024-05-04,6,2,0
2024116,2024-05-05,3,4,8
2024117,2024-05-06,1,8,5
2024118,2024-05-07,7,3,3
2024119,2024-05-08,2,5,5
2024120,2024-05-09,5,2,9
2024121,2024-05-10,5,1,8
2024122,2024-05-11,2,4,6
2024123,2024-05-12,5,3,8
2024124,2024-05-13,8,3,5
2024125,2024-05-14,7,0,6
2024126,2024-05-15,3,7,9
2024127,2024-05-16,7,4,4
2024128,2024-05-17,0,1,7
2024129,2024-05-18,2,7,8
2024130,2024-05-19,1,2,2
2024131,2024-05-20,5,7,1
2024132,2024-05-21,6,0,4
2024133,2024-05-22,2,8,1
2024134,2024-05-23,6,6,0
2024135,2024-05-24,8,9,1
2024136,2024-05-25,0,6,2
2024137,2024-05-26,1,2,8
2024138,2024-05-27,9,9,7
2024139,2024-05-28,5,3,6
2024140,2024-05-29,5,2,0
2024141,2024-05-30,8,0,4
2024142,2024-05-31,4,2,6
2024143,2024-06-01,1,8,5
2024144,2024-06-02,1,4,7
2024145,2024-06-03,2,0,5
2024146,2024-06-04,9,9,1
2024147,2024-06-05,5,5,8
2024148,2024-06-06,3,4,3
2024149,2024-06-07,6,7,6
2024150,2024-06-08,1,2,9
2024151,2024-06-09,9,0,0
2024152,2024-06-10,9,3,6
2024153,2024-06-11,3,8,9
2024154,2024-06-12,9,8,3
2024155,2024-06-13,8,8,9
2024156,2024-06-14,1,7,2
2024157,2024-06-15,2,1,1
2024158,2024-06-16,6,0,6
2024159,2024-06-17,4,3,0
2024160,2024-06-18,4,2,5
2024161,2024-06-19,6,4,9
2024162,2024-06-20,3,2,0
2024163,2024-06-21,5,1,4
2024164,2024-06-22,0,0,6
2024165,2024-06-23,9,3,2
2024166,2024-06-24,4,7,9
2024167,2024-06-25,5,0,7
2024168,2024-06-26,5,4,1
2024169,2024-06-27,7,5,9
2024170,2024-06-28,0,3,1
2024171,2024-06-29,0,7,0
2024172,2024-06-30,4,0,0
2024173,2024-07-01,6,5,8
2024174,2024-07-02,1,9,1
2024175,2024-07-03,1,9,5
2024176,2024-07-04,9,3,2
2024177,2024-07-05,5,7,9
2024178,2024-07-06,6,6,3
2024179,2024-07-07,5,3,5
2024180,2024-07-08,2,1,5
2024181,2024-07-09,3,2,3
2024182,2024-07-10,2,8,2
2024183,2024-07-11,5,0,0
2024184,2024-07-12,7,3,0
2024185,2024-07-13,8,8,4
2024186,2024-07-14,3,6,7
2024187,2024-07-15,8,8,3
2024188,2024-07-16,0,2,4
2024189,2024-07-17,7,9,3
2024190,2024-07-18,6,4,4
2024191,2024-07-19,4,3,9
2024192,2024-07-20,3,4,0
2024193,2024-07-21,0,0,6
2024194,2024-07-22,0,7,8
2024195,2024-07-23,5,1,7
2024196,2024-07-24,5,3,9
2024197,2024-07-25,1,0,5
2024198,2024-07-26,5,5,0
2024199,2024-07-27,5,5,8
2024200,2024-07-28,3,8,0
2024201,2024-07-29,5,1,5
2024202,2024-07-30,1,8,7
2024203,2024-07-31,5,9,2
2024204,2024-08-01,0,4,7
2024205,2024-08-02,2,4,1
2024206,2024-08-03,4,4,6
2024207,2024-08-04,9,8,2
2024208,2024-08-05,9,7,3
2024209,2024-08-06,5,3,5
2024210,2024-08-07,2,8,5
2024211,2024-08-08,6,4,9
2024212,2024-08-09,7,2,7
2024213,2024-08-10,7,3,4
2024214,2024-08-11,1,4,5
2024215,2024-08-12,8,7,7
2024216,2024-08-13,8,4,8
2024217,2024-08-14,1,1,1
2024218,2024-08-15,2,9,1
2024219,2024-08-16,9,7,1
2024220,2024-08-17,7,2,4
2024221,2024-08-18,5,0,0
2024222,2024-08-19,9,9,3
2024223,2024-08-20,5,4,9
2024224,2024-08-21,8,3,5
2024225,2024-08-22,7,5,8
2024226,2024-08-23,2,3,2
2024227,2024-08-24,9,9,5
2024228,2024-08-25,2,7,4
2024229,2024-08-26,9,2,6
2024230,2024-08-27,0,8,8
2024231,2024-08-28,6,9,6
2024232,2024-08-29,2,9,7
2024233,2024-08-30,4,9,8
2024234,2024-08-31,2,7,5
2024235,2024-09-01,9,5,4
2024236,2024-09-02,3,7,6
2024237,2024-09-03,3,5,6
2024238,2024-09-04,4,3,0
2024239,2024-09-05,1,6,8
2024240,2024-09-06,8,1,5
2024241,2024-09-07,0,6,3
2024242,2024-09-08,1,8,8
2024243,2024-09-09,9,1,6
2024244,2024-09-10,3,6,8
2024245,2024-09-11,1,8,4
2024246,2024-09-12,8,1,6
2024247,2024-09-13,4,3,4
2024248,2024-09-14,9,5,4
2024249,2024-09-15,1,9,8
2024250,2024-09-16,6,0,6
2024251,2024-09-17,3,5,6
2024252,2024-09-18,7,0,0
2024253,2024-09-19,1,4,8
2024254,2024-09-20,4,2,3
2024255,2024-09-21,1,5,5
2024256,2024-09-22,5,4,9
2024257,2024-09-23,0,0,8
2024258,2024-09-24,6,9,0
2024259,2024-09-25,4,4,4
2024260,2024-09-26,5,2,3
2024261,2024-09-27,1,9,5
2024262,2024-09-28,2,1,6
2024263,2024-09-29,4,0,4
2024264,2024-09-30,3,4,7
2024265,2024-10-05,7,0,1
2024266,2024-10-06,1,4,3
2024267,2024-10-07,8,4,1
2024268,2024-10-08,8,3,1
2024269,2024-10-09,3,2,4
2024270,2024-10-10,8,0,1
2024271,2024-10-11,3,9,5
2024272,2024-10-12,4,3,6
2024273,2024-10-13,8,1,2
2024274,2024-10-14,2,7,4
2024275,2024-10-15,6,8,1
2024276,2024-10-16,0,8,8
2024277,2024-10-17,6,2,3
2024278,2024-10-18,1,3,4
2024279,2024-10-19,8,8,6
2024280,2024-10-20,8,5,9
2024281,2024-10-21,4,6,5
2024282,2024-10-22,9,0,5
2024283,2024-10-23,2,8,5
2024284,2024-10-24,0,3,4
2024285,2024-10-25,3,4,7
2024286,2024-10-26,1,5,6
2024287,2024-10-27,9,4,5
2024288,2024-10-28,8,1,0
2024289,2024-10-29,0,0,6
2024290,2024-10-30,0,0,4
2024291,2024-10-31,3,4,0
2024292,2024-11-01,0,3,0
2024293,2024-11-02,0,4,4
2024294,2024-11-03,7,0,1
2024295,2024-11-04,5,5,2
2024296,2024-11-05,8,9,8
2024297,2024-11-06,0,3,7
2024298,2024-11-07,6,8,0
2024299,2024-11-08,5,8,1
2024300,2024-11-09,9,3,3
2024301,2024-11-10,8,7,7
2024302,2024-11-11,3,9,8
2024303,2024-11-12,2,0,1
2024304,2024-11-13,4,2,5
2024305,2024-11-14,8,4,1
2024306,2024-11-15,5,0,8
2024307,2024-11-16,5,8,2
2024308,2024-11-17,8,4,3
2024309,2024-11-18,4,8,3
2024310,2024-11-19,7,1,8
2024311,2024-11-20,5,3,3
2024312,2024-11-21,4,1,3
2024313,2024-11-22,4,7,1
2024314,2024-11-23,0,8,0
2024315,2024-11-24,0,7,1
2024316,2024-11-25,3,3,2
2024317,2024-11-26,3,5,5
2024318,2024-11-27,2,4,3
2024319,2024-11-28,7,9,3
2024320,2024-11-29,8,6,3
2024321,2024-11-30,0,5,0
2024322,2024-12-01,6,7,8
2024323,2024-12-02,9,1,4
2024324,2024-12-03,6,3,0
2024325,2024-12-04,0,2,3
2024326,2024-12-05,2,5,7
2024327,2024-12-06,1,3,4
2024328,2024-12-07,1,2,5
2024329,2024-12-08,1,4,7
2024330,2024-12-09,8,1,1
2024331,2024-12-10,7,1,2
2024332,2024-12-11,6,7,9
2024333,2024-12-12,8,4,8
2024334,2024-12-13,7,4,6
2024335,2024-12-14,4,9,9
2024336,2024-12-15,2,4,9
2024337,2024-12-16,1,7,2
2024338,2024-12-17,1,5,5
2024339,2024-12-18,9,1,8
2024340,2024-12-19,0,3,1
2024341,2024-12-20,6,5,3
2024342,2024-12-21,0,8,4
2024343,2024-12-22,4,8,1
2024344,2024-12-23,5,4,6
2024345,2024-12-24,6,2,0
2024346,2024-12-25,6,7,7
2024347,2024-12-26,8,9,3
2024348,2024-12-27,1,9,2
2024349,2024-12-28,9,0,7
2024350,2024-12-29,2,2,0
2024351,2024-12-30,7,8,8
2024352,2024-12-31,6,9,1
2025001,2025-01-01,1,2,3
2025002,2025-01-02,9,0,0
2025003,2025-01-03,1,6,8
2025004,2025-01-04,3,5,1
2025005,2025-01-05,6,1,7
2025006,2025-01-06,6,5,6
2025007,2025-01-07,3,6,2
2025008,2025-01-08,1,2,8
2025009,2025-01-09,8,0,6
2025010,2025-01-10,1,4,3
2025011,2025-01-11,0,2,7
2025012,2025-01-12,4,7,1
2025013,2025-01-13,9,7,8
2025014,2025-01-14,5,0,8
2025015,2025-01-15,3,9,8
2025016,2025-01-16,9,6,3
2025017,2025-01-17,9,5,6
2025018,2025-01-18,2,9,2
2025019,2025-01-19,7,3,4
2025020,2025-01-20,1,5,9
2025021,2025-01-21,3,4,6
2025022,2025-01-22,4,8,4
2025023,2025-01-23,7,8,8
2025024,2025-01-24,2,2,8
2025025,2025-01-25,6,7,7
2025026,2025-01-26,3,4,6
2025027,2025-02-06,0,4,8
2025028,2025-02-07,8,2,2
2025029,2025-02-08,4,8,9
2025030,2025-02-09,2,9,7
2025031,2025-02-10,5,1,3
2025032,2025-02-11,3,9,2
2025033,2025-02-12,9,3,4
2025034,2025-02-13,3,0,9
2025035,2025-02-14,8,4,9
2025036,2025-02-15,5,2,1
2025037,2025-02-16,5,7,8
2025038,2025-02-17,3,6,6
2025039,2025-02-18,5,8,8
2025040,2025-02-19,8,7,5
2025041,2025-02-20,9,1,6
2025042,2025-02-21,6,7,5
2025043,2025-02-22,5,5,2
2025044,2025-02-23,8,0,5
2025045,2025-02-24,7,2,2
2025046,2025-02-25,3,7,2
2025047,2025-02-26,8,0,6
2025048,2025-02-27,5,7,0
2025049,2025-02-28,0,3,7
2025050,2025-03-01,5,7,0
2025051,2025-03-02,9,7,3
2025052,2025-03-03,3,3,7
2025053,2025-03-04,8,9,9
2025054,2025-03-05,3,8,4
2025055,2025-03-06,9,1,6
2025056,2025-03-07,7,1,6
2025057,2025-03-08,7,6,5
2025058,2025-03-09,6,7,2
2025059,2025-03-10,7,7,1
2025060,2025-03-11,7,9,3
2025061,2025-03-12,4,9,0
2025062,2025-03-13,2,5,7
2025063,2025-03-14,4,6,6
2025064,2025-03-15,6,5,6
2025065,2025-03-16,9,9,0
2025066,2025-03-17,1,8,4
2025067,2025-03-18,6,7,1
2025068,2025-03-19,9,7,5
2025069,2025-03-20,9,3,4
2025070,2025-03-21,7,7,1
2025071,2025-03-22,4,6,2
2025072,2025-03-23,9,3,5
2025073,2025-03-24,1,3,2
2025074,2025-03-25,1,7,9
2025075,2025-03-26,7,4,3
2025076,2025-03-27,4,0,7
2025077,2025-03-28,4,2,5
2025078,2025-03-29,1,1,3
2025079,2025-03-30,2,9,6
2025080,2025-03-31,7,3,8
2025081,2025-04-01,7,6,6
2025082,2025-04-02,3,4,4
2025083,2025-04-03,5,9,3
2025084,2025-04-04,3,0,4
2025085,2025-04-05,3,5,3
2025086,2025-04-06,6,3,4
2025087,2025-04-07,8,4,5
2025088,2025-04-08,2,2,2
2025089,2025-04-09,2,0,8
2025090,2025-04-10,9,9,3
2025091,2025-04-11,8,3,0
2025092,2025-04-12,7,2,1
2025093,2025-04-13,4,3,2
2025094,2025-04-14,5,3,4
2025095,2025-04-15,6,7,2
2025096,2025-04-16,9,4,8
2025097,2025-04-17,1,7,1
2025098,2025-04-18,1,9,2
2025099,2025-04-19,1,7,4
2025100,2025-04-20,9,9,7
2025101,2025-04-21,9,1,1
2025102,2025-04-22,2,3,3
2025103,2025-04-23,4,7,1
2025104,2025-04-24,1,4,4
2025105,2025-04-25,0,8,4
2025106,2025-04-26,0,7,6
2025107,2025-04-27,7,2,6
2025108,2025-04-28,8,7,7
2025109,2025-04-29,6,1,9
2025110,2025-04-30,1,1,6
2025111,2025-05-01,5,8,8
2025112,2025-05-02,4,8,3
2025113,2025-05-03,0,2,9
2025114,2025-05-04,1,9,2
2025115,2025-05-05,8,4,7
2025116,2025-05-06,3,6,0
2025117,2025-05-07,1,7,0
2025118,2025-05-08,2,5,5
2025119,2025-05-09,7,0,3
2025120,2025-05-10,4,0,1
2025121,2025-05-11,4,2,4
2025122,2025-05-12,0,3,0
2025123,2025-05-13,8,4,2
2025124,2025-05-14,5,2,7
2025125,2025-05-15,6,2,7
2025126,2025-05-16,1,8,4
2025127,2025-05-17,4,9,2
2025128,2025-05-18,8,7,0
2025129,2025-05-19,1,8,9
2025130,2025-05-20,0,6,8
2025131,2025-05-21,3,6,7
2025132,2025-05-22,2,7,5
2025133,2025-05-23,8,6,6
2025134,2025-05-24,5,1,0
2025135,2025-05-25,8,1,6
2025136,2025-05-26,3,2,4
2025137,2025-05-27,7,2,1
2025138,2025-05-28,8,9,5
2025139,2025-05-29,1,5,5
2025140,2025-05-30,2,6,7
2025141,2025-05-31,4,7,5
2025142,2025-06-01,3,4,3
2025143,2025-06-02,9,4,4
2025144,2025-06-03,3,8,9
2025145,2025-06-04,4,7,1
2025146,2025-06-05,8,2,2
2025147,2025-06-06,0,2,3
2025148,2025-06-07,5,5,7
2025149,2025-06-08,7,7,2
2025150,2025-06-09,2,1,2
2025151,2025-06-10,6,8,6
2025152,2025-06-11,7,4,7
2025153,2025-06-12,8,9,4
2025154,2025-06-13,9,8,9
2025155,2025-06-14,0,4,0
2025156,2025-06-15,6,3,8
2025157,2025-06-16,2,5,0
2025158,2025-06-17,8,8,2
2025159,2025-06-18,2,7,4
2025160,2025-06-19,1,7,1
2025161,2025-06-20,2,4,8
2025162,2025-06-21,3,1,7
2025163,2025-06-22,7,6,6
2025164,2025-06-23,5,1,9
2025165,2025-06-24,1,0,3
2025166,2025-06-25,6,9,6
2025167,2025-06-26,2,6,7
2025168,2025-06-27,2,0,3
2025169,2025-06-28,6,9,9
2025170,2025-06-29,5,0,2
2025171,2025-06-30,1,0,5
2025172,2025-07-01,7,2,4
2025173,2025-07-02,6,7,3
2025174,2025-07-03,1,3,1
2025175,2025-07-04,4,1,3
2025176,2025-07-05,9,4,9
2025177,2025-07-06,9,7,7
2025178,2025-07-07,7,1,4
2025179,2025-07-08,9,7,2
2025180,2025-07-09,8,8,9
2025181,2025-07-10,8,9,4
2025182,2025-07-11,7,2,1
2025183,2025-07-12,1,7,7
2025184,2025-07-13,2,2,1
2025185,2025-07-14,3,0,8
2025186,2025-07-15,5,1,4
2025187,2025-07-16,6,4,1
2025188,2025-07-17,6,2,3
2025189,2025-07-18,5,5,6
2025190,2025-07-19,4,9,9
2025191,2025-07-20,6,6,9
2025192,2025-07-21,6,8,3
2025193,2025-07-22,2,6,5
2025194,2025-07-23,2,7,0
2025195,2025-07-24,2,1,0
2025196,2025-07-25,9,4,1
2025197,2025-07-26,8,6,9
2025198,2025-07-27,7,1,7
2025199,2025-07-28,4,8,5
2025200,2025-07-29,2,1,1
2025201,2025-07-30,4,0,1
2025202,2025-07-31,2,5,3
2025203,2025-08-01,7,3,5
2025204,2025-08-02,8,3,0
2025205,2025-08-03,7,8,3
2025206,2025-08-04,6,0,5
2025207,2025-08-05,1,5,4
2025208,2025-08-06,3,0,9
2025209,2025-08-07,9,2,1
2025210,2025-08-08,6,2,2
2025211,2025-08-09,0,5,0
2025212,2025-08-10,2,2,3
2025213,2025-08-11,8,6,8
2025214,2025-08-12,1,7,6
2025215,2025-08-13,6,9,5
2025216,2025-08-14,4,1,0
2025217,2025-08-15,2,4,2
2025218,2025-08-16,3,0,7
2025219,2025-08-17,7,8,4
2025220,2025-08-18,3,5,3
2025221,2025-08-19,7,9,1
2025222,2025-08-20,6,6,0
2025223,2025-08-21,7,9,5
2025224,2025-08-22,0,2,1
2025225,2025-08-23,0,0,9
2025226,2025-08-24,3,7,3
2025227,2025-08-25,4,5,3
2025228,2025-08-26,1,6,4
2025229,2025-08-27,1,2,3
2025230,2025-08-28,1,7,8
2025231,2025-08-29,2,5,8
2025232,2025-08-30,3,9,7
2025233,2025-08-31,1,4,3
2025234,2025-09-01,2,8,2
2025235,2025-09-02,3,2,1
2025236,2025-09-03,1,5,1
2025237,2025-09-04,7,1,3
2025238,2025-09-05,7,5,4
2025239,2025-09-06,2,2,0
2025240,2025-09-07,6,2,7
2025241,2025-09-08,2,8,6
2025242,2025-09-09,5,2,3
2025243,2025-09-10,8,1,2
2025244,2025-09-11,7,5,8
2025245,2025-09-12,9,9,4
2025246,2025-09-13,2,0,7
2025247,2025-09-14,3,6,4
2025248,2025-09-15,9,8,3
2025249,2025-09-16,5,3,2
2025250,2025-09-17,1,7,8
2025251,2025-09-18,5,5,8
2025252,2025-09-19,1,9,0
2025253,2025-09-20,6,9,3
2025254,2025-09-21,6,2,8
2025255,2025-09-22,5,8,3
2025256,2025-09-23,7,9,7
2025257,2025-09-24,5,6,1
2025258,2025-09-25,0,3,8
2025259,2025-09-26,4,2,0
2025260,2025-09-27,5,1,4
2025261,2025-09-28,8,7,7
2025262,2025-09-29,5,1,2
2025263,2025-09-30,1,4,8
2025264,2025-10-05,2,0,2
2025265,2025-10-06,2,8,1
2025266,2025-10-07,7,4,2
2025267,2025-10-08,8,5,6
2025268,2025-10-09,3,2,1
2025269,2025-10-10,8,7,5
2025270,2025-10-11,0,1,8
2025271,2025-10-12,8,9,8
2025272,2025-10-13,7,6,7
2025273,2025-10-14,4,1,7
2025274,2025-10-15,7,8,7
2025275,2025-10-16,1,5,0
2025276,2025-10-17,9,8,2
2025277,2025-10-18,4,3,2
2025278,2025-10-19,6,2,7
2025279,2025-10-20,3,7,5
2025280,2025-10-21,5,3,9
2025281,2025-10-22,7,0,7
2025282,2025-10-23,0,9,6
2025283,2025-10-24,0,5,7
2025284,2025-10-25,2,4,7
2025285,2025-10-26,9,0,5
2025286,2025-10-27,6,4,1
2025287,2025-10-28,1,8,0
2025288,2025-10-29,5,0,4
2025289,2025-10-30,6,8,5
2025290,2025-10-31,1,2,5
2025291,2025-11-01,9,4,8
2025292,2025-11-02,6,7,3
2025293,2025-11-03,0,9,4
2025294,2025-11-04,9,9,4
2025295,2025-11-05,1,2,4
2025296,2025-11-06,0,5,2
2025297,2025-11-07,4,5,3
2025298,2025-11-08,1,4,1
2025299,2025-11-09,3,0,0
2025300,2025-11-10,8,4,3
2025301,2025-11-11,5,8,2
2025302,2025-11-12,0,1,6
2025303,2025-11-13,9,4,3
2025304,2025-11-14,0,7,9
2025305,2025-11-15,4,9,7
2025306,2025-11-16,1,7,8
2025307,2025-11-17,6,1,8
2025308,2025-11-18,2,3,4
2025309,2025-11-19,5,2,7
2025310,2025-11-20,0,1,6
2025311,2025-11-21,1,1,4
2025312,2025-11-22,1,0,9
2025313,2025-11-23,4,4,5
2025314,2025-11-24,8,0,2
2025315,2025-11-25,9,7,3
2025316,2025-11-26,9,1,8
2025317,2025-11-27,7,5,6
2025318,2025-11-28,4,3,8
2025319,2025-11-29,8,6,5
2025320,2025-11-30,7,2,5
2025321,2025-12-01,5,6,8
2025322,2025-12-02,1,4,8
2025323,2025-12-03,6,8,7
2025324,2025-12-04,5,1,3
2025325,2025-12-05,8,3,6
2025326,2025-12-06,0,4,5
2025327,2025-12-07,8,2,9
2025328,2025-12-08,8,2,5
2025329,2025-12-09,3,7,0
2025330,2025-12-10,5,9,4
2025331,2025-12-11,9,8,0
2025332,2025-12-12,9,3,9
2025333,2025-12-13,9,6,1
2025334,2025-12-14,5,8,3
2025335,2025-12-15,2,7,6
2025336,2025-12-16,4,1,2
2025337,2025-12-17,5,5,4
2025338,2025-12-18,1,6,4
2025339,2025-12-19,9,0,0
2025340,2025-12-20,2,5,5
2025341,2025-12-21,8,1,7
2025342,2025-12-22,0,7,9
2025343,2025-12-23,0,1,2
2025344,2025-12-24,4,9,5
2025345,2025-12-25,4,3,1
2025346,2025-12-26,8,2,6
2025347,2025-12-27,6,9,5
2025348,2025-12-28,3,7,3
2025349,2025-12-29,0,3,2
2025350,2025-12-30,6,7,3
2025351,2025-12-31,6,1,7
2026001,2026-01-01,8,3,0
2026002,2026-01-02,6,8,9
2026003,2026-01-03,0,8,6
2026004,2026-01-04,8,7,8
2026005,2026-01-05,0,6,1
2026006,2026-01-06,7,1,8
2026007,2026-01-07,1,2,6
2026008,2026-01-08,5,0,9
2026009,2026-01-09,2,4,8
2026010,2026-01-10,9,2,0
2026011,2026-01-11,0,3,0
2026012,2026-01-12,5,2,2
2026013,2026-01-13,4,7,7
2026014,2026-01-14,8,3,3
2026015,2026-01-15,2,0,2
2026016,2026-01-16,2,1,5
2026017,2026-01-17,1,1,2
2026018,2026-01-18,8,9,6
2026019,2026-01-19,8,4,8
2026020,2026-01-20,0,9,5
2026021,2026-01-21,2,6,3
2026022,2026-01-22,2,5,5
2026023,2026-01-23,4,9,5
2026024,2026-01-24,2,6,8
2026025,2026-01-25,1,8,1
2026026,2026-01-26,2,9,1
2026027,2026-01-27,0,8,4
2026028,2026-01-28,4,9,9
2026029,2026-01-29,6,1,3
2026030,2026-01-30,8,1,1
2026031,2026-01-31,7,8,6
2026032,2026-02-01,7,3,0
2026033,2026-02-02,1,4,1
2026034,2026-02-03,2,1,6
2026035,2026-02-04,7,1,7
2026036,2026-02-05,7,8,8
2026037,2026-02-06,7,2,4
2026038,2026-02-07,7,8,9
2026039,2026-02-08,8,5,2
2026040,2026-02-09,0,0,9
2026041,2026-02-10,6,3,9
2026042,2026-02-11,7,9,5
2026043,2026-02-12,1,7,9
2026044,2026-02-13,0,5,1
2026045,2026-02-24,1,4,4
2026046,2026-02-25,7,0,3
2026047,2026-02-26,3,3,0
2026048,2026-02-27,0,9,7
2026049,2026-02-28,5,9,2
2026050,2026-03-01,4,3,5
2026051,2026-03-02,0,4,5
2026052,2026-03-03,6,4,9
2026053,2026-03-04,7,4,4
2026054,2026-03-05,6,5,5
2026055,2026-03-06,5,3,7
2026056,2026-03-07,1,1,9
2026057,2026-03-08,4,7,9
2026058,2026-03-09,5,9,0
2026059,2026-03-10,2,0,9
2026060,2026-03-11,1,1,8
2026061,2026-03-12,3,4,7
2026062,2026-03-13,3,1,5
2026063,2026-03-14,7,2,3
2026064,2026-03-15,5,2,8
2026065,2026-03-16,8,5,1
2026066,2026-03-17,8,0,7
2026067,2026-03-18,4,2,8
2026068,2026-03-19,8,4,0
2026069,2026-03-20,1,1,4
2026070,2026-03-21,1,3,1
2026071,2026-03-22,5,5,1
2026072,2026-03-23,1,1,5
2026073,2026-03-24,3,2,5
2026074,2026-03-25,4,0,6
2026075,2026-03-26,4,3,7
2026076,2026-03-27,4,1,9
2026077,2026-03-28,7,8,0
2026078,2026-03-29,6,3,4
2026079,2026-03-30,1,9,5
2026080,2026-03-31,7,7,0
2026081,2026-04-01,6,9,0
2026082,2026-04-02,0,4,8
2026083,2026-04-03,9,0,3
2026084,2026-04-04,0,0,4
2026085,2026-04-05,0,2,0
2026086,2026-04-06,3,3,4
2026087,2026-04-07,0,7,0
2026088,2026-04-08,4,7,4
2026089,2026-04-09,2,1,6
2026090,2026-04-10,9,5,4
2026091,2026-04-11,2,0,2
2026092,2026-04-12,7,6,1
2026093,2026-04-13,9,9,8
2026094,2026-04-14,9,3,8
2026095,2026-04-15,5,6,8
2026096,2026-04-16,6,4,3
2026097,2026-04-17,2,2,6
2026098,2026-04-18,9,7,4
2026099,2026-04-19,4,2,4
2026100,2026-04-20,2,0,7
2026101,2026-04-21,0,9,0
2026102,2026-04-22,4,9,0
2026103,2026-04-23,9,0,1
2026104,2026-04-24,7,8,6
2026105,2026-04-25,2,1,7
2026106,2026-04-26,3,4,3
2026107,2026-04-27,1,5,4
2026108,2026-04-28,6,5,6
2026109,2026-04-29,0,8,8
2026110,2026-04-30,3,4,3
2026111,2026-05-01,8,7,7
2026112,2026-05-02,6,5,2
2026113,2026-05-03,9,2,5
2026114,2026-05-04,0,1,7
2026115,2026-05-05,3,3,3
2026116,2026-05-06,9,5,1
2026117,2026-05-07,0,9,1
2026118,2026-05-08,2,7,2
2026119,2026-05-09,2,2,2
2026120,2026-05-10,2,9,6
2026121,2026-05-11,0,4,0
2026122,2026-05-12,7,4,7
2026123,2026-05-13,9,5,5
2026124,2026-05-14,7,8,5
2026125,2026-05-15,8,6,7
2026126,2026-05-16,8,3,5
2026127,2026-05-17,9,3,6
2026128,2026-05-18,5,1,2
2026129,2026-05-19,6,8,3
2026130,2026-05-20,0,7,0
2026131,2026-05-21,9,6,8
2026132,2026-05-22,4,4,3
2026133,2026-05-23,5,4,3
2026134,2026-05-24,5,1,5
2026135,2026-05-25,9,3,9
2026136,2026-05-26,4,6,6
2026137,2026-05-27,5,4,4
2026138,2026-05-28,2,6,3
2026139,2026-05-29,1,9,8
2026140,2026-05-30,4,2,1
2026141,2026-05-31,2,1,5
2026142,2026-06-01,9,1,6
2026143,2026-06-02,7,4,4
2026144,2026-06-03,4,6,2
2026145,2026-06-04,9,9,3
2026146,2026-06-05,1,5,4
2026147,2026-06-06,5,9,0
2026148,2026-06-07,0,6,5
2026149,2026-06-08,3,2,5
2026150,2026-06-09,3,4,0
2026151,2026-06-10,9,8,3
2026152,2026-06-11,1,5,1
2026153,2026-06-12,3,8,9
2026154,2026-06-13,4,7,3
2026155,2026-06-14,4,8,5
2026156,2026-06-15,6,4,1
2026157,2026-06-16,8,3,0
2026158,2026-06-17,9,1,1
2026159,2026-06-18,5,5,7
2026160,2026-06-19,5,5,1
2026161,2026-06-20,5,6,2
2026162,2026-06-21,3,6,9
2026163,2026-06-22,3,4,6
2026164,2026-06-23,7,1,5
2026165,2026-06-24,2,9,4
2026166,2026-06-25,2,2,9
2026167,2026-06-26,0,1,2
2026168,2026-06-27,1,9,2
2026169,2026-06-28,8,8,4
2026170,2026-06-29,4,1,7
2026171,2026-06-30,0,4,8
2026172,2026-07-01,7,7,1
2026173,2026-07-02,2,5,9
2026174,2026-07-03,1,5,7
2026175,2026-07-04,8,3,8
2026176,2026-07-05,5,8,4
2026177,2026-07-06,8,2,6
2026178,2026-07-07,8,3,7
2026179,2026-07-08,3,9,6
2026180,2026-07-09,0,0,5
2026181,2026-07-10,1,2,4
2026182,2026-07-11,3,1,3
2026183,2026-07-12,3,5,2
2026184,2026-07-13,1,4,2
2026185,2026-07-14,7,8,5
2026186,2026-07-15,6,6,5
2026187,2026-07-16,0,8,6
2026188,2026-07-17,6,0,7
2026189,2026-07-18,9,5,0
2026190,2026-07-19,5,5,4
2026191,2026-07-20,0,6,9
2026192,2026-07-21,3,0,6
2026193,2026-07-22,1,8,0
2026194,2026-07-23,7,0,1
2026195,2026-07-24,5,9,5
2026196,2026-07-25,7,2,6
2026197,2026-07-26,4,7,3
2026198,2026-07-27,7,1,9
2026199,2026-07-28,3,0,5
2026200,2026-07-29,0,7,7
2026201,2026-07-30,8,6,2
2026202,2026-07-31,9,6,1
2026203,2026-08-01,1,3,5
2026204,2026-08-02,6,7,4
2026205,2026-08-03,8,0,6
2026206,2026-08-04,7,0,9
2026207,2026-08-05,8,6,6
2026208,2026-08-06,4,7,1
2026209,2026-08-07,9,8,2
2026210,2026-08-08,0,9,4
2026211,2026-08-09,5,1,5
2026212,2026-08-10,8,3,9
2026213,2026-08-11,7,4,0
2026214,2026-08-12,0,1,4
2026215,2026-08-13,9,2,7
2026216,2026-08-14,9,5,3
2026217,2026-08-15,0,1,9
2026218,2026-08-16,0,7,9
2026219,2026-08-17,6,6,2
2026220,2026-08-18,4,8,2
2026221,2026-08-19,9,6,9
2026222,2026-08-20,8,7,7
2026223,2026-08-21,2,2,3
2026224,2026-08-22,9,1,2
2026225,2026-08-23,1,1,6
2026226,2026-08-24,2,0,1
2026227,2026-08-25,4,3,1
2026228,2026-08-26,5,6,0
2026229,2026-08-27,2,8,0
2026230,2026-08-28,9,4,6
2026231,2026-08-29,1,8,7
2026232,2026-08-30,8,0,2
2026233,2026-08-31,1,6,3
2026234,2026-09-01,3,0,1
2026235,2026-09-02,7,7,9
2026236,2026-09-03,1,7,3
2026237,2026-09-04,9,5,0
2026238,2026-09-05,3,6,1
2026239,2026-09-06,4,7,0
2026240,2026-09-07,5,7,9
2026241,2026-09-08,0,5,0
2026242,2026-09-09,2,4,4
2026243,2026-09-10,9,1,5
2026244,2026-09-11,6,2,0
2026245,2026-09-12,1,2,5
2026246,2026-09-13,2,8,6
2026247,2026-09-14,0,5,1
2026248,2026-09-15,1,2,6
2026249,2026-09-16,8,7,2
2026250,2026-09-17,9,8,5
2026251,2026-09-18,2,3,7
2026252,2026-09-19,1,9,0
2026253,2026-09-20,8,9,3
2026254,2026-09-21,0,6,9
2026255,2026-09-22,7,6,4
2026256,2026-09-23,6,9,0
2026257,2026-09-24,4,9,3
2026258,2026-09-25,1,3,7
26258,2026-09-25,1,3,7
26259,2026-09-26,3,7,9
