issue,date,n1,n2,n3,n4,n5,n6,n7,n8
2010001,2010-01-01,2,10,11,15,16,20,27,4
2010002,2010-01-04,2,5,11,15,16,23,25,7
2010003,2010-01-06,4,5,7,13,16,22,24,26
2010004,2010-01-08,2,5,8,14,21,23,28,20
2010005,2010-01-11,4,6,8,13,17,22,27,16
2010006,2010-01-13,3,5,6,10,13,20,22,24
2010007,2010-01-15,10,11,12,19,20,24,28,22
2010008,2010-01-18,4,10,14,18,19,21,22,5
2010009,2010-01-20,2,6,7,8,12,20,25,10
2010010,2010-01-22,2,10,11,19,21,25,30,6
2010011,2010-01-25,2,6,9,14,21,23,27,26
2010012,2010-01-27,11,17,18,20,23,26,29,1
2010013,2010-01-29,2,6,9,13,18,19,23,24
2010014,2010-02-01,6,7,17,18,21,24,28,10
2010015,2010-02-03,6,7,10,15,18,26,30,12
2010016,2010-02-05,2,15,18,19,25,26,27,24
2010017,2010-02-08,1,3,4,6,10,27,30,18
2010018,2010-02-10,5,10,11,20,26,28,30,12
2010019,2010-02-12,1,3,8,12,14,17,22,13
2010020,2010-02-22,3,8,14,15,17,21,22,5
2010021,2010-02-24,1,3,5,9,12,16,22,4
2010022,2010-02-26,8,9,10,17,19,22,28,20
2010023,2010-03-01,2,11,13,16,19,20,23,17
2010024,2010-03-03,3,5,6,18,20,23,25,15
2010025,2010-03-05,4,5,14,15,17,22,23,1
2010026,2010-03-08,6,8,12,14,16,20,30,11
2010027,2010-03-10,1,4,9,15,26,28,29,25
2010028,2010-03-12,5,10,13,16,17,23,29,1
2010029,2010-03-15,6,12,13,18,23,27,30,15
2010030,2010-03-17,2,6,12,21,22,25,29,4
2010031,2010-03-19,4,6,9,10,15,19,20,25
2010032,2010-03-22,8,12,19,22,24,25,28,30
2010033,2010-03-24,2,8,13,16,17,24,25,3
2010034,2010-03-26,1,4,6,7,9,12,29,19
2010035,2010-03-29,1,2,7,11,22,27,29,23
2010036,2010-03-31,7,12,14,18,20,22,27,17
2010037,2010-04-02,1,3,10,15,26,27,29,6
2010038,2010-04-05,11,12,16,20,21,28,30,24
2010039,2010-04-07,1,4,6,10,12,19,22,28
2010040,2010-04-09,2,7,13,14,16,18,20,29
2010041,2010-04-12,6,8,10,11,14,27,29,18
2010042,2010-04-14,4,11,18,22,23,27,28,3
2010043,2010-04-16,2,4,7,14,15,23,30,10
2010044,2010-04-19,1,2,4,12,17,21,25,28
2010045,2010-04-21,7,11,14,16,22,26,27,4
2010046,2010-04-23,3,9,12,13,15,26,27,29
2010047,2010-04-26,9,10,13,14,16,20,29,30
2010048,2010-04-28,1,4,11,22,23,27,29,18
2010049,2010-04-30,3,10,14,17,23,29,30,21
2010050,2010-05-03,1,7,10,15,21,28,29,8
2010051,2010-05-05,10,12,13,19,20,21,29,5
2010052,2010-05-07,5,8,9,11,12,15,28,2
2010053,2010-05-10,2,8,9,18,25,26,27,14
2010054,2010-05-12,1,3,5,8,20,22,23,30
2010055,2010-05-14,1,2,7,13,15,24,29,5
2010056,2010-05-17,6,9,12,15,22,23,30,11
2010057,2010-05-19,6,9,13,18,21,25,26,27
2010058,2010-05-21,5,7,9,18,20,26,29,1
2010059,2010-05-24,6,9,11,14,17,25,29,8
2010060,2010-05-26,1,9,14,17,18,27,28,15
2010061,2010-05-28,3,9,12,15,20,23,28,27
2010062,2010-05-31,1,5,10,22,25,26,28,21
2010063,2010-06-02,2,5,6,11,21,26,27,4
2010064,2010-06-04,4,6,9,10,12,23,25,24
2010065,2010-06-07,8,12,14,25,26,27,30,2
2010066,2010-06-09,2,5,11,20,25,26,29,12
2010067,2010-06-11,1,2,10,11,13,22,26,17
2010068,2010-06-14,3,4,10,13,19,26,29,12
2010069,2010-06-16,6,10,12,13,16,24,27,1
2010070,2010-06-18,7,12,17,22,25,26,30,15
2010071,2010-06-21,9,12,14,21,26,28,29,30
2010072,2010-06-23,2,14,15,16,21,25,26,24
2010073,2010-06-25,6,8,9,13,22,26,27,19
2010074,2010-06-28,3,4,10,13,17,27,30,11
2010075,2010-06-30,1,6,12,16,24,27,30,11
2010076,2010-07-02,6,11,12,14,16,18,26,4
2010077,2010-07-05,1,3,5,6,17,21,30,23
2010078,2010-07-07,2,5,10,21,22,27,30,11
2010079,2010-07-09,3,5,6,15,18,20,21,16
2010080,2010-07-12,6,14,19,24,26,27,29,23
2010081,2010-07-14,2,6,15,17,18,26,30,13
2010082,2010-07-16,3,7,11,14,17,24,26,25
2010083,2010-07-19,1,8,11,12,14,29,30,7
2010084,2010-07-21,1,6,10,13,14,15,22,5
2010085,2010-07-23,2,8,17,19,20,22,29,28
2010086,2010-07-26,2,3,4,7,15,18,26,8
2010087,2010-07-28,1,4,5,10,20,22,27,13
2010088,2010-07-30,4,5,9,11,12,22,28,21
2010089,2010-08-02,3,16,17,21,24,26,30,27
2010090,2010-08-04,4,10,13,17,20,23,27,1
2010091,2010-08-06,2,4,7,12,26,27,29,22
2010092,2010-08-09,11,12,14,19,25,27,28,24
2010093,2010-08-11,8,10,11,16,21,27,29,26
2010094,2010-08-13,2,7,10,13,27,28,30,25
2010095,2010-08-16,1,3,5,14,20,23,24,10
2010096,2010-08-18,5,8,11,13,17,22,30,25
2010097,2010-08-20,3,12,13,15,19,26,30,22
2010098,2010-08-23,1,8,13,14,21,25,29,22
2010099,2010-08-25,2,3,7,9,13,23,26,10
2010100,2010-08-27,2,5,12,16,22,26,29,1
2010101,2010-08-30,1,7,11,13,20,24,28,18
2010102,2010-09-01,1,2,7,8,22,24,27,10
2010103,2010-09-03,5,11,12,20,22,24,29,2
2010104,2010-09-06,5,6,13,15,20,23,24,4
2010105,2010-09-08,3,10,11,12,13,20,30,9
2010106,2010-09-10,9,11,17,23,24,25,27,2
2010107,2010-09-13,4,6,15,21,25,28,29,1
2010108,2010-09-15,4,8,12,17,20,21,26,18
2010109,2010-09-17,4,8,10,14,23,24,30,20
2010110,2010-09-20,2,6,19,23,26,29,30,28
2010111,2010-09-22,2,3,10,18,24,27,29,22
2010112,2010-09-24,4,18,19,20,23,24,29,14
2010113,2010-09-27,2,3,13,15,19,26,27,17
2010114,2010-09-29,1,10,12,13,19,23,29,27
2010115,2010-10-01,3,11,15,19,21,24,26,30
2010116,2010-10-04,1,2,5,17,21,22,25,27
2010117,2010-10-06,8,10,16,18,19,25,27,13
2010118,2010-10-08,1,3,5,8,12,15,29,22
2010119,2010-10-11,1,9,10,13,19,22,28,29
2010120,2010-10-13,4,5,11,23,24,25,27,19
2010121,2010-10-15,4,6,18,20,21,24,25,14
2010122,2010-10-18,3,7,12,18,21,23,25,6
2010123,2010-10-20,1,5,11,12,15,16,29,27
2010124,2010-10-22,2,9,10,13,15,21,27,5
2010125,2010-10-25,4,6,12,16,25,27,30,8
2010126,2010-10-27,5,12,14,15,16,21,27,23
2010127,2010-10-29,11,12,25,26,28,29,30,16
2010128,2010-11-01,1,7,14,16,18,23,25,11
2010129,2010-11-03,1,6,7,8,13,20,25,14
2010130,2010-11-05,3,8,9,17,22,25,26,15
2010131,2010-11-08,5,9,11,21,23,27,30,18
2010132,2010-11-10,4,10,12,16,24,29,30,5
2010133,2010-11-12,1,2,3,10,18,27,30,14
2010134,2010-11-15,7,15,16,20,24,29,30,26
2010135,2010-11-17,1,9,10,14,18,23,24,21
2010136,2010-11-19,2,6,13,17,22,23,27,12
2010137,2010-11-22,3,7,9,15,16,20,24,18
2010138,2010-11-24,1,6,8,13,16,22,28,23
2010139,2010-11-26,1,5,7,8,10,14,30,27
2010140,2010-11-29,6,7,8,18,19,21,22,12
2010141,2010-12-01,3,11,16,21,24,26,27,25
2010142,2010-12-03,1,16,17,19,20,26,27,29
2010143,2010-12-06,3,7,8,14,21,29,30,6
2010144,2010-12-08,2,4,10,13,20,23,24,8
2010145,2010-12-10,1,17,18,23,26,28,30,9
2010146,2010-12-13,7,15,24,26,27,29,30,6
2010147,2010-12-15,1,19,20,26,27,28,30,5
2010148,2010-12-17,1,3,6,10,13,19,29,11
2010149,2010-12-20,1,2,13,18,27,28,30,29
2010150,2010-12-22,9,15,19,25,26,27,29,22
2010151,2010-12-24,2,7,8,10,15,23,24,13
2010152,2010-12-27,6,7,11,12,14,24,28,21
2010153,2010-12-29,4,5,11,20,23,26,27,19
2010154,2010-12-31,3,4,7,16,20,25,26,27
2011001,2011-01-03,13,16,17,19,21,26,27,1
2011002,2011-01-05,4,9,14,18,20,25,26,24
2011003,2011-01-07,8,13,20,21,22,25,30,7
2011004,2011-01-10,4,10,12,13,14,20,30,19
2011005,2011-01-12,1,7,8,9,19,21,29,12
2011006,2011-01-14,2,10,15,16,20,24,25,22
2011007,2011-01-17,1,6,15,16,22,25,26,17
2011008,2011-01-19,1,3,8,9,10,13,29,6
2011009,2011-01-21,4,6,9,13,15,18,27,12
2011010,2011-01-24,5,6,17,22,25,26,28,1
2011011,2011-01-26,10,13,15,18,25,26,27,22
2011012,2011-01-28,6,9,11,15,18,23,29,27
2011013,2011-01-31,7,11,12,13,20,21,27,3
2011014,2011-02-09,2,4,7,12,17,21,29,9
2011015,2011-02-11,1,2,6,7,9,17,18,19
2011016,2011-02-14,2,4,12,20,21,25,28,29
2011017,2011-02-16,4,8,11,12,14,26,28,27
2011018,2011-02-18,3,13,16,17,22,24,29,19
2011019,2011-02-21,1,3,5,6,14,16,21,29
2011020,2011-02-23,2,4,5,10,13,26,29,20
2011021,2011-02-25,3,15,11,22,23,27,30,21
2011022,2011-02-28,1,5,6,20,23,27,29,4
2011023,2011-03-02,3,11,15,20,22,25,28,16
2011024,2011-03-04,2,3,6,7,12,22,30,5
2011025,2011-03-07,4,7,9,11,16,21,28,14
2011026,2011-03-09,2,4,5,6,8,21,24,14
2011027,2011-03-11,2,5,13,21,25,26,29,9
2011028,2011-03-14,3,4,7,17,19,20,28,11
2011029,2011-03-16,10,15,17,20,25,26,28,4
2011030,2011-03-18,1,2,8,12,14,20,28,21
2011031,2011-03-21,3,4,10,12,13,21,24,26
2011032,2011-03-23,16,17,19,21,24,25,29,14
2011033,2011-03-25,4,8,18,20,28,29,30,27
2011034,2011-03-28,2,9,13,14,18,26,29,3
2011035,2011-03-30,1,11,21,25,28,29,30,5
2011036,2011-04-01,2,4,5,8,14,19,25,12
2011037,2011-04-04,2,10,14,16,18,20,25,1
2011038,2011-04-06,1,9,15,16,17,26,29,30
2011039,2011-04-08,1,2,6,12,13,21,30,19
2011040,2011-04-11,6,10,11,12,15,27,30,8
2011041,2011-04-13,2,5,8,13,18,19,21,10
2011042,2011-04-15,7,9,10,12,18,21,25,14
2011043,2011-04-18,1,9,12,13,20,27,29,24
2011044,2011-04-20,11,14,16,23,25,27,29,12
2011045,2011-04-22,5,6,9,12,17,20,21,1
2011046,2011-04-25,9,13,14,16,18,26,27,20
2011047,2011-04-27,5,9,11,16,18,19,29,26
2011048,2011-04-29,2,10,12,15,21,23,28,3
2011049,2011-05-02,5,9,11,12,15,23,29,17
2011050,2011-05-04,14,15,18,23,26,27,29,9
2011051,2011-05-06,6,9,13,17,21,22,26,5
2011052,2011-05-09,1,4,17,19,24,25,29,6
2011053,2011-05-11,2,10,11,13,26,27,30,18
2011054,2011-05-13,2,9,10,11,12,21,27,17
2011055,2011-05-16,3,6,7,10,14,18,21,16
2011056,2011-05-18,5,14,17,18,21,24,27,20
2011057,2011-05-20,2,3,5,16,17,19,23,20
2011058,2011-05-23,1,2,4,14,19,22,25,8
2011059,2011-05-25,5,11,17,20,21,22,30,25
2011060,2011-05-27,1,3,4,7,8,19,25,9
2011061,2011-05-30,5,8,10,15,18,25,30,12
2011062,2011-06-01,12,14,15,18,20,21,27,16
2011063,2011-06-03,1,5,16,17,18,26,28,15
2011064,2011-06-06,9,19,20,21,24,26,30,15
2011065,2011-06-08,3,11,21,23,24,25,26,20
2011066,2011-06-10,2,6,7,12,15,20,25,8
2011067,2011-06-13,4,13,15,16,22,24,28,5
2011068,2011-06-15,3,9,13,14,17,23,24,22
2011069,2011-06-17,5,7,9,16,17,21,25,2
2011070,2011-06-20,5,11,12,14,19,20,28,1
2011071,2011-06-22,4,13,14,23,24,25,27,19
2011072,2011-06-24,2,3,6,14,15,21,26,13
2011073,2011-06-27,4,5,14,21,23,24,27,8
2011074,2011-06-29,1,3,16,17,18,20,25,4
2011075,2011-07-01,6,9,12,19,21,25,27,20
2011076,2011-07-04,1,5,10,18,24,25,29,2
2011077,2011-07-06,6,13,14,15,23,24,27,25
2011078,2011-07-08,5,7,15,17,21,23,26,20
2011079,2011-07-11,5,14,16,19,20,26,28,27
2011080,2011-07-13,2,3,5,18,21,22,29,11
2011081,2011-07-15,4,5,6,7,15,16,25,12
2011082,2011-07-18,9,16,17,19,20,21,29,13
2011083,2011-07-20,3,6,11,16,17,22,23,25
2011084,2011-07-22,2,5,9,14,16,21,22,8
2011085,2011-07-25,1,7,12,22,24,27,29,15
2011086,2011-07-27,2,5,12,18,21,24,27,13
2011087,2011-07-29,9,16,18,19,22,24,30,27
2011088,2011-08-01,3,4,10,12,15,24,29,17
2011089,2011-08-03,12,13,18,24,25,27,28,6
2011090,2011-08-05,2,4,6,9,10,20,28,17
2011091,2011-08-08,6,13,15,20,25,27,30,23
2011092,2011-08-10,2,8,9,14,20,25,28,1
2011093,2011-08-12,7,8,10,13,14,22,23,2
2011094,2011-08-15,5,7,8,16,17,28,30,12
2011095,2011-08-17,7,10,13,16,18,19,27,29
2011096,2011-08-19,1,9,13,16,22,24,27,14
2011097,2011-08-22,10,11,15,16,21,27,29,20
2011098,2011-08-24,6,12,18,19,23,27,30,7
2011099,2011-08-26,11,15,16,23,26,27,29,28
2011100,2011-08-29,4,7,13,14,16,18,25,6
2011101,2011-08-31,7,11,17,18,26,27,30,13
2011102,2011-09-02,1,4,7,8,16,17,30,29
2011103,2011-09-05,1,2,11,16,23,27,29,4
2011104,2011-09-07,1,3,18,20,25,29,30,14
2011105,2011-09-09,4,5,10,15,23,26,30,24
2011106,2011-09-12,6,10,16,23,25,27,30,3
2011107,2011-09-14,3,4,9,10,13,25,27,30
2011108,2011-09-16,1,7,11,13,17,23,24,25
2011109,2011-09-19,2,4,9,20,21,24,29,27
2011110,2011-09-21,2,6,14,16,22,23,30,13
2011111,2011-09-23,2,3,6,7,21,27,30,24
2011112,2011-09-26,2,9,10,11,14,22,25,4
2011113,2011-09-28,4,7,8,12,15,22,27,20
2011114,2011-09-30,4,9,10,11,18,27,30,21
2011115,2011-10-03,2,5,6,12,19,29,30,21
2011116,2011-10-05,2,3,8,15,16,23,25,13
2011117,2011-10-07,12,14,15,19,22,25,27,9
2011118,2011-10-10,6,16,18,23,24,27,30,7
2011119,2011-10-12,3,8,12,19,20,25,26,9
2011120,2011-10-14,3,5,7,15,20,26,30,6
2011121,2011-10-17,5,8,15,25,27,28,30,21
2011122,2011-10-19,2,6,14,16,20,24,27,11
2011123,2011-10-21,7,11,16,18,20,22,26,9
2011124,2011-10-24,2,6,10,12,14,20,27,19
2011125,2011-10-26,6,11,20,21,23,24,30,27
2011126,2011-10-28,2,7,8,17,19,21,29,27
2011127,2011-10-31,6,10,13,18,19,20,23,9
2011128,2011-11-02,3,6,7,9,11,12,19,4
2011129,2011-11-04,4,13,17,22,28,29,30,11
2011130,2011-11-07,1,3,13,18,21,23,25,6
2011131,2011-11-09,3,7,12,26,27,28,29,21
2011132,2011-11-11,2,8,11,13,16,22,26,29
2011133,2011-11-14,4,8,14,19,22,25,30,15
2011134,2011-11-16,6,8,20,21,25,29,30,12
2011135,2011-11-18,4,5,19,23,24,27,29,7
2011136,2011-11-21,6,10,15,16,19,25,26,11
2011137,2011-11-23,6,16,17,20,21,28,29,3
2011138,2011-11-25,2,13,18,24,28,29,30,6
2011139,2011-11-28,1,7,11,15,21,25,28,13
2011140,2011-11-30,7,8,9,11,13,22,30,28
2011141,2011-12-02,3,9,12,14,17,25,30,28
2011142,2011-12-05,3,15,16,19,21,23,24,27
2011143,2011-12-07,1,7,8,10,14,17,18,16
2011144,2011-12-09,9,13,19,25,27,28,29,20
2011145,2011-12-12,12,20,23,24,25,29,30,15
2011146,2011-12-14,9,13,16,21,22,26,30,18
2011147,2011-12-16,1,6,10,20,22,26,30,9
2011148,2011-12-19,1,2,10,23,25,28,29,20
2011149,2011-12-21,1,6,11,15,19,20,29,9
2011150,2011-12-23,1,5,13,15,16,19,24,8
2011151,2011-12-26,1,16,18,19,24,27,29,30
2011152,2011-12-28,6,7,9,10,18,19,23,27
2011153,2011-12-30,4,9,12,14,16,17,20,21
2012001,2012-01-02,2,11,16,18,20,29,30,14
2012002,2012-01-04,2,6,14,19,21,27,30,5
2012003,2012-01-06,5,14,20,21,22,26,28,10
2012004,2012-01-09,5,8,13,16,17,19,24,12
2012005,2012-01-11,1,6,9,15,18,22,27,11
2012006,2012-01-13,11,15,18,19,20,27,28,13
2012007,2012-01-16,1,9,16,17,20,27,29,15
2012008,2012-01-18,1,7,9,13,19,21,23,5
2012009,2012-01-20,2,4,10,18,24,26,27,28
2012010,2012-01-30,1,8,13,15,22,25,30,21
2012011,2012-02-01,1,5,7,15,22,25,28,21
2012012,2012-02-03,1,11,13,16,20,24,29,5
2012013,2012-02-06,3,11,18,21,23,27,30,10
2012014,2012-02-08,2,4,7,17,21,25,28,6
2012015,2012-02-10,2,7,8,18,24,25,30,28
2012016,2012-02-13,1,8,10,17,21,28,29,5
2012017,2012-02-15,3,4,13,21,24,25,30,23
2012018,2012-02-17,7,10,11,13,18,20,25,16
2012019,2012-02-20,2,5,7,10,14,19,21,11
2012020,2012-02-22,5,10,11,18,25,27,28,17
2012021,2012-02-24,2,4,7,8,18,20,24,17
2012022,2012-02-27,7,8,10,11,20,24,29,4
2012023,2012-02-29,6,12,16,17,19,26,30,27
2012024,2012-03-02,1,6,7,8,14,21,30,18
2012025,2012-03-05,6,7,12,13,17,21,27,29
2012026,2012-03-07,1,2,6,14,21,26,27,16
2012027,2012-03-09,3,5,6,15,18,26,30,22
2012028,2012-03-12,5,7,9,11,13,24,28,4
2012029,2012-03-14,3,4,5,14,16,27,30,8
2012030,2012-03-16,8,12,13,19,23,26,27,21
2012031,2012-03-19,13,14,17,20,21,26,27,23
2012032,2012-03-21,1,3,10,14,23,26,27,5
2012033,2012-03-23,1,3,5,6,10,14,30,26
2012034,2012-03-26,3,5,10,12,15,16,23,29
2012035,2012-03-28,6,7,9,11,14,20,27,22
2012036,2012-03-30,9,13,15,18,20,23,29,1
2012037,2012-04-02,1,7,10,19,20,26,30,18
2012038,2012-04-04,1,3,10,13,21,24,27,11
2012039,2012-04-06,2,3,6,18,19,27,28,22
2012040,2012-04-09,4,5,6,9,14,24,28,19
2012041,2012-04-11,1,3,13,15,16,17,24,8
2012042,2012-04-13,3,7,16,17,20,21,29,11
2012043,2012-04-16,6,10,15,20,23,28,30,9
2012044,2012-04-18,5,7,10,11,15,25,30,27
2012045,2012-04-20,6,7,8,12,13,19,30,26
2012046,2012-04-23,3,9,16,24,25,27,29,21
2012047,2012-04-25,1,2,12,15,21,23,26,25
2012048,2012-04-27,1,2,4,11,12,28,29,6
2012049,2012-04-30,1,11,14,18,23,25,29,9
2012050,2012-05-02,2,8,11,20,23,24,26,4
2012051,2012-05-04,2,7,11,17,23,24,29,28
2012052,2012-05-07,7,8,11,16,26,29,30,1
2012053,2012-05-09,2,11,12,14,25,28,29,20
2012054,2012-05-11,2,9,16,18,24,27,28,22
2012055,2012-05-14,1,3,5,10,12,15,20,14
2012056,2012-05-16,3,15,16,18,24,25,27,17
2012057,2012-05-18,1,5,6,16,18,23,25,12
2012058,2012-05-21,1,3,8,10,17,22,24,16
2012059,2012-05-23,6,7,9,19,21,26,30,5
2012060,2012-05-25,2,3,5,7,22,24,25,11
2012061,2012-05-28,2,3,8,16,19,21,22,27
2012062,2012-05-30,1,4,6,12,16,22,23,5
2012063,2012-06-01,4,12,15,18,20,21,25,2
2012064,2012-06-04,2,14,16,18,20,25,29,26
2012065,2012-06-06,1,10,11,14,16,23,29,21
2012066,2012-06-08,6,11,13,15,21,23,29,5
2012067,2012-06-11,4,7,13,23,26,27,28,30
2012068,2012-06-13,3,4,10,13,17,19,28,20
2012069,2012-06-15,5,13,17,19,25,26,29,8
2012070,2012-06-18,1,7,16,18,19,20,25,8
2012071,2012-06-20,4,8,10,14,16,22,28,2
2012072,2012-06-22,3,6,11,24,25,26,29,5
2012073,2012-06-25,5,8,16,18,22,25,28,4
2012074,2012-06-27,1,2,10,19,20,21,30,17
2012075,2012-06-29,2,3,6,10,16,17,20,22
2012076,2012-07-02,2,4,7,8,13,24,29,9
2012077,2012-07-04,1,4,19,21,22,28,29,30
2012078,2012-07-06,1,7,10,23,27,29,30,3
2012079,2012-07-09,6,14,16,20,21,23,25,9
2012080,2012-07-11,6,13,19,22,23,27,29,8
2012081,2012-07-13,6,9,12,13,25,27,29,26
2012082,2012-07-16,6,7,16,18,25,27,28,19
2012083,2012-07-18,5,6,9,12,18,19,21,4
2012084,2012-07-20,1,16,21,23,27,28,30,29
2012085,2012-07-23,1,2,4,9,14,24,30,21
2012086,2012-07-25,14,15,18,21,23,25,27,29
2012087,2012-07-27,1,8,9,22,27,28,30,19
2012088,2012-07-30,5,7,12,16,17,26,27,13
2012089,2012-08-01,1,2,4,17,25,29,30,11
2012090,2012-08-03,1,4,7,9,14,24,30,19
2012091,2012-08-06,6,9,10,12,17,22,25,20
2012092,2012-08-08,3,6,11,14,20,21,28,19
2012093,2012-08-10,15,16,18,23,25,27,28,8
2012094,2012-08-13,4,9,16,18,19,21,22,28
2012095,2012-08-15,4,6,12,13,20,21,23,1
2012096,2012-08-17,2,7,10,20,23,24,30,12
2012097,2012-08-20,7,8,9,15,20,24,25,29
2012098,2012-08-22,7,8,14,21,24,25,27,23
2012099,2012-08-24,3,9,17,21,23,24,28,15
2012100,2012-08-27,1,4,11,15,18,22,26,6
2012101,2012-08-29,4,6,9,14,20,26,30,2
2012102,2012-08-31,2,4,8,13,15,20,23,18
2012103,2012-09-03,8,10,16,18,22,29,30,1
2012104,2012-09-05,2,3,4,6,8,9,24,13
2012105,2012-09-07,5,11,17,18,20,24,27,8
2012106,2012-09-10,1,5,19,22,24,29,30,28
2012107,2012-09-12,3,7,10,16,17,27,28,4
2012108,2012-09-14,5,9,14,18,22,25,29,15
2012109,2012-09-17,4,7,11,12,14,16,18,29
2012110,2012-09-19,4,7,9,17,24,25,27,11
2012111,2012-09-21,1,4,7,9,10,11,24,2
2012112,2012-09-24,5,7,14,20,22,23,30,19
2012113,2012-09-26,2,20,21,22,25,26,28,12
2012114,2012-09-28,2,7,12,16,25,28,29,8
2012115,2012-10-01,2,8,9,10,13,19,22,29
2012116,2012-10-03,1,14,15,16,22,23,25,19
2012117,2012-10-05,15,17,21,23,26,28,29,19
2012118,2012-10-08,2,9,17,18,20,21,26,10
2012119,2012-10-10,5,8,9,13,16,21,26,24
2012120,2012-10-12,10,17,18,19,28,29,30,25
2012121,2012-10-15,1,7,12,14,20,26,28,21
2012122,2012-10-17,5,11,14,20,24,29,30,22
2012123,2012-10-19,1,5,13,20,23,24,30,15
2012124,2012-10-22,1,14,24,25,27,28,30,18
2012125,2012-10-24,4,7,12,16,18,25,29,27
2012126,2012-10-26,6,11,18,20,21,22,25,28
2012127,2012-10-29,6,10,18,21,26,28,30,19
2012128,2012-10-31,3,5,6,14,19,23,24,28
2012129,2012-11-02,1,4,9,17,18,28,29,11
2012130,2012-11-05,6,7,12,17,19,22,25,13
2012131,2012-11-07,2,10,15,22,25,27,30,29
2012132,2012-11-09,1,5,10,17,18,21,30,3
2012133,2012-11-12,3,8,16,18,23,24,29,12
2012134,2012-11-14,3,7,11,14,19,20,21,29
2012135,2012-11-16,8,9,11,13,15,23,24,10
2012136,2012-11-19,1,5,14,15,16,27,30,23
2012137,2012-11-21,9,11,23,24,25,29,30,5
2012138,2012-11-23,5,10,12,22,23,24,30,14
2012139,2012-11-26,4,6,7,16,19,20,26,24
2012140,2012-11-28,8,12,17,21,23,25,29,27
2012141,2012-11-30,1,4,8,13,14,24,27,25
2012142,2012-12-03,4,9,14,19,22,23,28,7
2012143,2012-12-05,4,12,13,22,24,25,29,30
2012144,2012-12-07,1,2,3,6,9,11,23,21
2012145,2012-12-10,1,5,6,8,9,10,15,25
2012146,2012-12-12,7,10,12,24,26,28,30,18
2012147,2012-12-14,2,10,12,13,27,29,30,3
2012148,2012-12-17,4,10,13,18,19,28,29,23
2012149,2012-12-19,1,2,4,9,11,17,20,3
2012150,2012-12-21,7,9,13,14,17,19,29,8
2012151,2012-12-24,5,8,11,15,20,21,24,2
2012152,2012-12-26,13,14,16,18,20,24,26,30
2012153,2012-12-28,11,15,23,25,26,28,29,8
2012154,2012-12-31,1,2,18,19,24,26,28,8
2013001,2013-01-02,3,7,8,12,13,15,22,21
2013002,2013-01-04,8,15,16,18,19,25,28,2
2013003,2013-01-07,4,6,13,16,18,19,25,24
2013004,2013-01-09,2,7,8,14,17,20,25,9
2013005,2013-01-11,3,10,11,20,24,25,28,27
2013006,2013-01-14,1,8,13,16,21,25,29,18
2013007,2013-01-16,1,2,4,5,6,15,26,19
2013008,2013-01-18,2,19,21,23,25,27,28,18
2013009,2013-01-21,8,15,18,19,20,26,29,1
2013010,2013-01-23,1,2,13,14,16,19,26,5
2013011,2013-01-25,2,3,7,8,10,16,20,29
2013012,2013-01-28,3,5,8,13,19,22,29,6
2013013,2013-01-30,4,10,19,20,21,23,26,2
2013014,2013-02-01,1,12,14,19,25,26,30,3
2013015,2013-02-04,1,5,6,12,18,19,28,9
2013016,2013-02-06,4,5,6,8,22,25,30,14
2013017,2013-02-08,4,8,9,11,14,24,29,10
2013018,2013-02-18,5,12,20,21,24,26,30,25
2013019,2013-02-20,5,18,19,20,24,25,27,14
2013020,2013-02-22,1,2,7,13,23,25,30,22
2013021,2013-02-25,4,6,8,12,22,25,28,17
2013022,2013-02-27,1,3,6,13,24,26,28,11
2013023,2013-03-01,1,10,13,20,24,25,28,2
2013024,2013-03-04,9,10,19,20,21,22,30,28
2013025,2013-03-06,4,7,10,19,26,27,29,16
2013026,2013-03-08,6,9,14,17,20,21,26,12
2013027,2013-03-11,1,5,7,13,18,23,28,10
2013028,2013-03-13,2,3,14,18,24,25,30,26
2013029,2013-03-15,1,2,8,12,15,21,25,20
2013030,2013-03-18,1,4,6,12,14,20,28,13
2013031,2013-03-20,5,6,7,14,16,22,23,21
2013032,2013-03-22,5,7,15,16,22,27,28,25
2013033,2013-03-25,5,11,18,19,22,26,28,4
2013034,2013-03-27,1,4,9,15,16,26,30,11
2013035,2013-03-29,5,9,12,14,19,26,30,21
2013036,2013-04-01,1,5,12,17,20,23,27,9
2013037,2013-04-03,1,7,17,21,23,24,30,13
2013038,2013-04-05,6,7,11,15,16,26,29,2
2013039,2013-04-08,2,7,8,9,21,25,30,23
2013040,2013-04-10,2,3,11,12,15,22,24,10
2013041,2013-04-12,1,4,6,10,14,27,30,25
2013042,2013-04-15,6,7,9,10,11,12,19,8
2013043,2013-04-17,3,4,12,14,15,19,26,24
2013044,2013-04-19,6,9,14,20,21,22,25,2
2013045,2013-04-22,3,8,13,18,21,25,27,30
2013046,2013-04-24,1,7,12,19,21,27,29,25
2013047,2013-04-26,4,13,17,18,19,23,24,7
2013048,2013-04-29,1,11,17,18,20,21,27,12
2013049,2013-05-01,1,3,10,12,13,15,20,6
2013050,2013-05-03,2,4,6,12,18,23,28,14
2013051,2013-05-06,1,3,6,7,24,25,30,21
2013052,2013-05-08,2,3,10,12,20,23,27,22
2013053,2013-05-10,1,4,7,8,10,24,30,5
2013054,2013-05-13,7,13,14,17,18,26,27,29
2013055,2013-05-15,3,8,14,15,16,22,25,24
2013056,2013-05-17,1,3,7,8,9,15,16,18
2013057,2013-05-20,1,3,6,8,11,21,25,28
2013058,2013-05-22,7,9,10,18,20,28,30,21
2013059,2013-05-24,3,7,13,18,23,27,30,6
2013060,2013-05-27,1,6,9,14,16,20,28,25
2013061,2013-05-29,5,11,20,21,22,23,24,10
2013062,2013-05-31,1,8,15,19,25,27,30,6
2013063,2013-06-03,4,11,13,16,20,21,23,14
2013064,2013-06-05,1,7,8,12,20,21,25,9
2013065,2013-06-07,2,8,21,22,24,27,29,6
2013066,2013-06-10,2,3,5,12,13,26,30,23
2013067,2013-06-12,4,9,11,16,18,24,28,26
2013068,2013-06-14,3,8,9,13,14,17,22,12
2013069,2013-06-17,4,14,15,20,22,26,28,27
2013070,2013-06-19,6,9,10,15,20,23,29,26
2013071,2013-06-21,2,5,7,12,19,28,30,9
2013072,2013-06-24,7,8,11,16,17,24,29,27
2013073,2013-06-26,7,8,11,12,17,18,28,23
2013074,2013-06-28,3,6,7,21,25,28,29,5
2013075,2013-07-01,1,5,9,14,21,23,27,25
2013076,2013-07-03,3,4,12,19,22,23,28,7
2013077,2013-07-05,1,4,5,15,24,25,27,8
2013078,2013-07-08,13,18,22,24,25,26,29,30
2013079,2013-07-10,1,2,15,17,18,21,22,16
2013080,2013-07-12,9,13,15,20,22,29,30,8
2013081,2013-07-15,4,5,16,22,23,27,28,12
2013082,2013-07-17,10,12,14,18,19,22,28,4
2013083,2013-07-19,2,7,8,20,21,26,28,25
2013084,2013-07-22,2,3,5,8,15,18,26,30
2013085,2013-07-24,2,4,12,13,17,21,26,28
2013086,2013-07-26,1,6,7,9,10,25,26,22
2013087,2013-07-29,2,3,13,17,20,28,30,29
2013088,2013-07-31,4,5,6,7,18,20,24,17
2013089,2013-08-02,2,4,8,11,13,23,26,30
2013090,2013-08-05,1,4,10,12,17,23,25,19
2013091,2013-08-07,3,4,10,12,15,22,27,29
2013092,2013-08-09,3,6,7,11,17,23,24,15
2013093,2013-08-12,5,7,11,14,22,25,30,15
2013094,2013-08-14,10,12,17,19,20,21,23,30
2013095,2013-08-16,1,7,8,14,26,27,30,10
2013096,2013-08-19,9,15,16,19,20,24,26,10
2013097,2013-08-21,10,11,14,16,18,21,23,22
2013098,2013-08-23,7,8,9,11,14,23,28,5
2013099,2013-08-26,1,2,12,20,22,26,30,10
2013100,2013-08-28,2,9,11,12,22,26,29,7
2013101,2013-08-30,6,10,17,18,19,24,29,21
2013102,2013-09-02,2,8,9,13,14,19,25,28
2013103,2013-09-04,7,9,12,13,16,20,21,5
2013104,2013-09-06,1,3,8,9,12,15,17,7
2013105,2013-09-09,2,7,8,9,12,21,24,4
2013106,2013-09-11,9,17,18,19,26,29,30,25
2013107,2013-09-13,6,12,13,18,23,25,30,22
2013108,2013-09-16,1,8,12,15,24,25,26,4
2013109,2013-09-18,3,4,5,12,14,24,28,1
2013110,2013-09-20,3,5,8,15,16,17,27,9
2013111,2013-09-23,1,2,8,18,19,21,29,26
2013112,2013-09-25,1,3,7,24,26,27,29,13
2013113,2013-09-27,6,10,13,16,25,26,29,21
2013114,2013-09-30,5,6,8,9,10,12,24,29
2013115,2013-10-02,2,6,7,12,13,16,17,22
2013116,2013-10-04,6,7,10,13,16,25,27,23
2013117,2013-10-07,2,3,5,16,17,19,25,12
2013118,2013-10-09,3,10,11,12,16,19,30,17
2013119,2013-10-11,5,10,18,21,26,28,29,11
2013120,2013-10-14,1,4,9,13,16,19,27,8
2013121,2013-10-16,1,3,6,11,13,16,28,21
2013122,2013-10-18,8,9,15,16,20,21,24,10
2013123,2013-10-21,2,6,7,9,11,14,29,18
2013124,2013-10-23,2,7,9,13,14,24,28,23
2013125,2013-10-25,1,4,23,25,27,28,29,3
2013126,2013-10-28,4,9,13,17,21,24,28,25
2013127,2013-10-30,2,7,10,11,22,24,27,25
2013128,2013-11-01,7,10,17,24,27,28,29,14
2013129,2013-11-04,4,6,9,11,14,17,27,30
2013130,2013-11-06,8,9,12,15,18,21,28,16
2013131,2013-11-08,11,12,15,16,24,25,30,10
2013132,2013-11-11,9,12,16,17,19,23,28,10
2013133,2013-11-13,5,7,10,22,23,24,27,30
2013134,2013-11-15,1,7,8,9,10,26,29,24
2013135,2013-11-18,1,3,5,7,19,21,24,22
2013136,2013-11-20,3,5,7,10,14,29,30,16
2013137,2013-11-22,5,7,12,21,27,28,30,16
2013138,2013-11-25,7,9,13,16,17,26,28,5
2013139,2013-11-27,2,5,7,12,15,21,24,27
2013140,2013-11-29,4,6,7,15,23,26,27,10
2013141,2013-12-02,6,9,11,12,14,16,24,3
2013142,2013-12-04,1,2,4,21,22,23,25,5
2013143,2013-12-06,1,11,16,17,18,24,27,7
2013144,2013-12-09,4,9,15,17,25,28,30,21
2013145,2013-12-11,2,7,9,15,19,21,28,1
2013146,2013-12-13,1,2,6,7,8,11,20,26
2013147,2013-12-16,3,6,10,12,13,15,29,24
2013148,2013-12-18,2,13,14,20,22,25,28,16
2013149,2013-12-20,1,5,7,11,18,22,25,26
2013150,2013-12-23,3,7,10,13,15,25,30,20
2013151,2013-12-25,12,16,23,25,27,28,29,30
2013152,2013-12-27,1,4,6,11,14,16,24,3
2013153,2013-12-30,5,19,20,22,26,28,30,2
2014001,2014-01-01,3,4,9,18,19,20,27,16
2014002,2014-01-03,1,7,11,16,18,21,28,12
2014003,2014-01-06,3,11,14,16,19,24,27,9
2014004,2014-01-08,7,13,16,19,23,24,27,4
2014005,2014-01-10,5,12,13,21,24,27,28,15
2014006,2014-01-13,6,7,9,10,25,26,28,22
2014007,2014-01-15,1,2,3,4,7,8,11,16
2014008,2014-01-17,2,6,10,14,22,27,30,23
2014009,2014-01-20,1,9,17,18,21,22,25,13
2014010,2014-01-22,1,7,16,19,21,23,27,10
2014011,2014-01-24,1,3,10,17,22,29,30,25
2014012,2014-01-27,6,8,15,19,24,26,29,27
2014013,2014-01-29,5,6,9,16,19,21,30,18
2014014,2014-02-07,2,8,21,26,27,28,30,15
2014015,2014-02-10,2,5,15,19,20,23,26,10
2014016,2014-02-12,4,6,7,12,18,19,30,11
2014017,2014-02-14,1,11,12,15,24,28,30,7
2014018,2014-02-17,1,6,8,12,25,27,28,23
2014019,2014-02-19,4,5,6,17,18,22,28,1
2014020,2014-02-21,1,3,9,13,17,20,26,19
2014021,2014-02-24,1,2,7,14,24,25,28,5
2014022,2014-02-26,3,7,8,11,12,15,18,22
2014023,2014-02-28,2,5,6,18,24,27,28,11
2014024,2014-03-03,9,10,15,18,19,23,30,26
2014025,2014-03-05,1,2,5,10,12,18,28,25
2014026,2014-03-07,6,13,15,18,19,20,27,11
2014027,2014-03-10,1,8,10,13,20,26,29,9
2014028,2014-03-12,8,12,14,18,20,22,29,19
2014029,2014-03-14,5,6,14,24,25,27,29,4
2014030,2014-03-17,3,7,10,19,23,26,30,22
2014031,2014-03-19,4,7,10,15,17,22,25,29
2014032,2014-03-21,1,12,13,15,25,28,30,4
2014033,2014-03-24,4,5,6,10,13,18,28,9
2014034,2014-03-26,4,15,17,18,22,28,29,8
2014035,2014-03-28,2,9,13,16,25,29,30,18
2014036,2014-03-31,3,12,14,19,23,24,29,17
2014037,2014-04-02,3,4,8,11,21,26,28,22
2014038,2014-04-04,2,4,5,10,13,21,30,14
2014039,2014-04-07,4,6,8,16,24,25,28,30
2014040,2014-04-09,1,9,16,19,25,28,30,11
2014041,2014-04-11,8,14,15,16,18,19,26,28
2014042,2014-04-14,3,6,11,19,20,23,27,13
2014043,2014-04-16,2,3,8,11,19,22,23,4
2014044,2014-04-18,1,2,8,9,14,17,30,27
2014045,2014-04-21,3,9,12,13,14,21,22,16
2014046,2014-04-23,3,8,10,11,14,20,22,28
2014047,2014-04-25,4,11,12,13,18,22,30,2
2014048,2014-04-28,1,3,8,16,23,27,28,18
2014049,2014-04-30,4,5,7,11,12,16,21,29
2014050,2014-05-02,4,7,12,17,22,24,25,21
2014051,2014-05-05,4,6,8,10,13,15,21,29
2014052,2014-05-07,5,13,17,20,21,24,26,22
2014053,2014-05-09,8,17,20,23,24,28,29,12
2014054,2014-05-12,3,7,18,19,23,25,26,4
2014055,2014-05-14,2,5,14,16,21,23,30,3
2014056,2014-05-16,1,7,17,19,22,24,30,2
2014057,2014-05-19,5,8,11,13,21,24,27,30
2014058,2014-05-21,5,9,10,15,23,29,30,20
2014059,2014-05-23,3,14,15,16,25,26,27,5
2014060,2014-05-26,1,4,11,18,23,25,30,2
2014061,2014-05-28,6,8,11,19,20,22,26,21
2014062,2014-05-30,1,4,14,15,20,28,30,27
2014063,2014-06-02,2,9,11,12,14,27,28,13
2014064,2014-06-04,6,7,8,10,14,22,26,21
2014065,2014-06-06,8,10,11,25,27,29,30,13
2014066,2014-06-09,3,10,16,20,21,27,28,12
2014067,2014-06-11,6,18,22,23,25,26,27,4
2014068,2014-06-13,2,9,10,13,15,21,30,5
2014069,2014-06-16,1,9,11,17,19,22,26,21
2014070,2014-06-18,4,11,14,22,23,25,27,12
2014071,2014-06-20,6,8,11,16,17,18,22,27
2014072,2014-06-23,1,3,4,8,9,17,21,19
2014073,2014-06-25,3,5,6,8,9,21,23,14
2014074,2014-06-27,2,3,6,8,19,20,27,23
2014075,2014-06-30,2,11,14,17,24,25,28,21
2014076,2014-07-02,7,14,16,22,24,26,28,9
2014077,2014-07-04,14,16,17,19,22,27,30,25
2014078,2014-07-07,2,13,17,20,23,26,27,28
2014079,2014-07-09,8,9,14,16,18,24,25,10
2014080,2014-07-11,1,4,17,24,26,27,28,7
2014081,2014-07-14,1,11,14,19,21,24,29,16
2014082,2014-07-16,3,7,9,10,12,18,27,5
2014083,2014-07-18,13,14,16,20,21,25,28,8
2014084,2014-07-21,10,13,17,18,24,25,27,6
2014085,2014-07-23,2,5,7,10,19,26,28,22
2014086,2014-07-25,2,3,4,10,21,29,30,19
2014087,2014-07-28,9,13,16,18,24,28,30,25
2014088,2014-07-30,6,11,14,18,19,20,30,16
2014089,2014-08-01,6,9,12,23,24,25,26,27
2014090,2014-08-04,6,10,14,16,22,25,30,29
2014091,2014-08-06,5,6,7,20,21,24,28,18
2014092,2014-08-08,1,2,3,9,21,24,28,7
2014093,2014-08-11,5,8,9,13,15,18,24,2
2014094,2014-08-13,5,6,8,14,17,21,25,23
2014095,2014-08-15,2,4,5,6,8,16,27,22
2014096,2014-08-18,8,9,16,19,20,21,23,30
2014097,2014-08-20,2,6,8,14,19,20,26,4
2014098,2014-08-22,1,4,11,15,16,22,28,25
2014099,2014-08-25,4,10,11,17,23,25,30,19
2014100,2014-08-27,2,9,11,19,20,24,25,26
2014101,2014-08-29,3,5,9,14,15,25,29,11
2014102,2014-09-01,1,9,14,15,16,17,18,21
2014103,2014-09-03,6,17,19,21,22,26,28,10
2014104,2014-09-05,5,6,9,11,12,13,19,20
2014105,2014-09-08,1,5,11,12,20,21,22,25
2014106,2014-09-10,12,15,16,20,22,29,30,27
2014107,2014-09-12,3,5,7,9,15,18,25,29
2014108,2014-09-15,1,8,13,20,25,28,29,3
2014109,2014-09-17,1,3,8,9,15,23,28,25
2014110,2014-09-19,4,5,11,13,18,21,23,10
2014111,2014-09-22,3,5,8,16,21,29,30,22
2014112,2014-09-24,2,4,8,12,15,18,27,3
2014113,2014-09-26,8,9,11,13,17,23,29,24
2014114,2014-09-29,2,11,16,17,21,23,29,3
2014115,2014-10-01,6,18,19,20,25,26,27,11
2014116,2014-10-03,1,6,8,10,19,21,27,14
2014117,2014-10-06,5,9,11,12,14,19,28,22
2014118,2014-10-08,7,15,18,21,25,29,30,12
2014119,2014-10-10,1,6,7,10,15,16,20,9
2014120,2014-10-13,2,5,16,17,19,21,25,29
2014121,2014-10-15,2,8,10,21,22,27,29,12
2014122,2014-10-17,1,4,6,12,17,27,29,16
2014123,2014-10-20,6,10,11,19,23,24,28,14
2014124,2014-10-22,1,14,21,23,24,26,28,5
2014125,2014-10-24,1,9,20,21,22,23,29,15
2014126,2014-10-27,2,10,11,18,19,21,25,26
2014127,2014-10-29,5,7,10,18,19,21,27,28
2014128,2014-10-31,2,3,8,10,24,27,28,1
2014129,2014-11-03,2,4,6,8,9,10,11,21
2014130,2014-11-05,3,6,10,15,17,19,25,29
2014131,2014-11-07,6,8,10,22,23,24,26,21
2014132,2014-11-10,3,4,6,9,12,22,30,25
2014133,2014-11-12,3,4,9,10,12,16,22,11
2014134,2014-11-14,5,12,18,20,21,23,30,1
2014135,2014-11-17,5,11,16,19,20,22,23,6
2014136,2014-11-19,2,14,16,19,25,27,29,7
2014137,2014-11-21,2,4,5,6,7,11,12,19
2014138,2014-11-24,6,8,15,17,18,21,22,20
2014139,2014-11-26,2,5,10,21,23,24,25,4
2014140,2014-11-28,10,12,19,21,24,26,28,23
2014141,2014-12-01,4,5,12,19,22,24,29,15
2014142,2014-12-03,7,12,19,20,21,24,26,18
2014143,2014-12-05,12,16,17,19,20,25,29,1
2014144,2014-12-08,3,9,10,16,25,27,30,21
2014145,2014-12-10,4,9,17,26,27,28,29,14
2014146,2014-12-12,6,8,10,15,23,28,29,24
2014147,2014-12-15,5,9,10,15,27,28,30,21
2014148,2014-12-17,3,7,12,14,16,22,24,21
2014149,2014-12-19,3,15,18,20,24,27,30,25
2014150,2014-12-22,5,7,9,10,13,14,20,27
2014151,2014-12-24,3,4,16,17,24,25,30,1
2014152,2014-12-26,1,4,8,11,25,27,29,20
2014153,2014-12-29,6,7,9,17,18,20,29,15
2014154,2014-12-31,3,8,9,19,22,26,28,15
2015001,2015-01-02,9,12,18,20,21,22,27,6
2015002,2015-01-05,2,3,10,18,25,27,30,24
2015003,2015-01-07,6,7,11,13,17,19,30,20
2015004,2015-01-09,8,10,12,13,18,22,24,20
2015005,2015-01-12,8,14,18,23,25,28,29,3
2015006,2015-01-14,7,10,13,18,21,27,28,5
2015007,2015-01-16,3,4,5,11,16,18,23,17
2015008,2015-01-19,3,4,6,11,17,23,25,28
2015009,2015-01-21,2,6,7,11,19,23,30,4
2015010,2015-01-23,5,9,15,21,26,27,30,17
2015011,2015-01-26,1,3,4,9,14,19,25,6
2015012,2015-01-28,2,5,6,11,16,18,23,12
2015013,2015-01-30,5,15,20,21,22,24,25,28
2015014,2015-02-02,1,11,16,23,26,27,30,19
2015015,2015-02-04,6,8,11,20,22,25,27,30
2015016,2015-02-06,3,8,9,14,27,29,30,24
2015017,2015-02-09,2,4,11,19,21,23,26,30
2015018,2015-02-11,2,4,8,12,15,19,28,14
2015019,2015-02-13,4,7,11,13,24,26,29,8
2015020,2015-02-16,3,6,7,11,25,29,30,17
2015021,2015-02-25,7,9,10,11,13,22,23,16
2015022,2015-02-27,7,12,14,17,18,23,26,5
2015023,2015-03-02,3,5,10,17,20,23,25,19
2015024,2015-03-04,8,10,19,23,24,26,29,12
2015025,2015-03-06,3,9,10,15,17,21,24,18
2015026,2015-03-09,9,12,13,15,20,22,23,29
2015027,2015-03-11,2,3,5,12,18,19,27,21
2015028,2015-03-13,6,19,21,22,23,27,29,5
2015029,2015-03-16,4,9,12,14,19,20,22,3
2015030,2015-03-18,3,5,14,15,23,24,27,11
2015031,2015-03-20,1,9,15,24,25,26,30,6
2015032,2015-03-23,2,3,4,6,10,19,27,8
2015033,2015-03-25,3,12,13,15,18,21,26,9
2015034,2015-03-27,8,14,16,17,27,28,30,29
2015035,2015-03-30,4,5,7,8,10,22,26,29
2015036,2015-04-01,5,6,11,13,22,28,30,7
2015037,2015-04-03,9,13,16,19,25,26,29,20
2015038,2015-04-06,3,10,14,22,23,24,27,17
2015039,2015-04-08,4,5,17,20,22,23,27,14
2015040,2015-04-10,1,2,8,13,16,17,26,27
2015041,2015-04-13,2,4,9,12,13,14,30,23
2015042,2015-04-15,2,7,14,16,17,20,22,18
2015043,2015-04-17,1,2,6,13,14,15,21,12
2015044,2015-04-20,2,6,10,18,19,26,29,16
2015045,2015-04-22,12,14,18,21,22,28,29,30
2015046,2015-04-24,1,4,13,17,19,21,23,14
2015047,2015-04-27,3,7,10,11,15,24,30,6
2015048,2015-04-29,1,2,10,12,20,22,29,14
2015049,2015-05-01,5,10,13,15,16,25,26,28
2015050,2015-05-04,4,7,9,17,26,29,30,27
2015051,2015-05-06,2,10,11,13,22,24,27,19
2015052,2015-05-08,2,4,5,13,19,21,27,9
2015053,2015-05-11,4,7,9,14,18,21,28,13
2015054,2015-05-13,1,7,9,10,12,23,25,18
2015055,2015-05-15,2,3,5,17,21,25,26,9
2015056,2015-05-18,5,8,19,24,26,28,30,25
2015057,2015-05-20,4,8,10,15,20,22,27,28
2015058,2015-05-22,7,8,12,21,26,29,30,9
2015059,2015-05-25,2,4,6,20,26,29,30,3
2015060,2015-05-27,3,4,14,16,24,27,29,25
2015061,2015-05-29,4,6,7,16,18,23,25,15
2015062,2015-06-01,3,8,9,11,15,19,30,12
2015063,2015-06-03,2,5,11,12,15,17,24,3
2015064,2015-06-05,2,8,15,18,25,27,30,21
2015065,2015-06-08,2,4,5,6,15,19,24,9
2015066,2015-06-10,1,6,7,9,15,16,28,12
2015067,2015-06-12,3,5,12,20,21,26,28,29
2015068,2015-06-15,1,4,5,10,15,19,30,28
2015069,2015-06-17,3,7,13,15,17,28,30,8
2015070,2015-06-19,1,2,5,10,15,25,28,27
2015071,2015-06-22,1,2,13,20,21,23,29,12
2015072,2015-06-24,4,10,12,13,23,26,27,30
2015073,2015-06-26,6,7,13,20,24,25,30,3
2015074,2015-06-29,1,8,9,16,18,21,28,26
2015075,2015-07-01,4,12,13,18,19,20,30,22
2015076,2015-07-03,3,10,14,19,20,23,28,25
2015077,2015-07-06,3,6,7,9,17,20,28,29
2015078,2015-07-08,1,9,14,16,17,19,28,13
2015079,2015-07-10,4,9,16,18,20,21,26,1
2015080,2015-07-13,1,11,14,16,26,27,30,9
2015081,2015-07-15,6,11,13,18,25,27,28,21
2015082,2015-07-17,3,5,7,14,17,23,30,13
2015083,2015-07-20,7,10,12,19,24,25,28,26
2015084,2015-07-22,2,8,15,17,22,27,30,28
2015085,2015-07-24,1,3,4,11,13,16,21,28
2015086,2015-07-27,4,5,6,8,16,19,25,28
2015087,2015-07-29,3,4,9,16,24,26,30,21
2015088,2015-07-31,1,8,14,15,18,19,22,26
2015089,2015-08-03,3,22,23,24,27,28,30,19
2015090,2015-08-05,6,13,17,18,23,24,27,12
2015091,2015-08-07,8,10,15,16,17,22,24,7
2015092,2015-08-10,3,5,6,15,16,17,30,8
2015093,2015-08-12,3,7,9,14,15,19,24,25
2015094,2015-08-14,1,4,6,16,19,23,26,22
2015095,2015-08-17,1,2,10,13,21,26,27,9
2015096,2015-08-19,1,7,11,12,17,19,25,13
2015097,2015-08-21,2,4,14,16,18,27,28,9
2015098,2015-08-24,3,5,11,20,22,23,24,28
2015099,2015-08-26,1,3,8,9,18,23,24,17
2015100,2015-08-28,3,6,7,12,19,22,29,18
2015101,2015-08-31,7,12,16,18,22,23,29,6
2015102,2015-09-02,2,5,8,10,18,26,27,4
2015103,2015-09-04,3,6,20,22,26,27,29,2
2015104,2015-09-07,4,5,12,16,20,23,24,1
2015105,2015-09-09,8,14,15,20,21,23,27,28
2015106,2015-09-11,1,2,14,17,20,23,29,28
2015107,2015-09-14,3,6,7,10,13,24,25,1
2015108,2015-09-16,6,7,8,12,22,24,29,25
2015109,2015-09-18,1,6,13,17,18,21,27,16
2015110,2015-09-21,2,4,5,6,8,11,12,7
2015111,2015-09-23,6,8,11,13,15,19,26,3
2015112,2015-09-25,4,5,10,22,23,28,29,2
2015113,2015-09-28,5,12,14,19,21,28,29,23
2015114,2015-09-30,3,4,8,16,20,28,29,21
2015115,2015-10-02,11,16,17,18,20,26,29,4
2015116,2015-10-05,4,5,8,15,17,20,24,3
2015117,2015-10-07,1,11,13,16,19,23,25,22
2015118,2015-10-09,2,3,7,15,24,27,29,1
2015119,2015-10-12,5,10,13,22,26,28,30,14
2015120,2015-10-14,2,4,6,14,17,23,30,24
2015121,2015-10-16,11,21,23,24,25,26,29,28
2015122,2015-10-19,1,8,9,13,14,24,29,7
2015123,2015-10-21,6,23,24,25,26,28,30,18
2015124,2015-10-23,4,5,6,13,20,23,27,12
2015125,2015-10-26,2,3,15,20,21,25,27,24
2015126,2015-10-28,6,8,11,18,21,27,29,26
2015127,2015-10-30,2,10,11,14,18,20,22,26
2015128,2015-11-02,3,13,14,20,25,28,29,8
2015129,2015-11-04,1,6,7,9,14,15,22,23
2015130,2015-11-06,4,5,9,12,13,18,24,29
2015131,2015-11-09,1,5,8,11,20,23,30,3
2015132,2015-11-11,1,2,6,7,18,19,30,8
2015133,2015-11-13,3,4,8,9,12,19,28,18
2015134,2015-11-16,11,15,19,20,25,27,29,8
2015135,2015-11-18,1,13,20,23,24,27,29,15
2015136,2015-11-20,5,6,11,14,22,23,25,4
2015137,2015-11-23,2,4,9,12,15,17,18,6
2015138,2015-11-25,1,7,15,22,25,26,27,23
2015139,2015-11-27,1,4,6,17,20,25,30,3
2015140,2015-11-30,5,6,7,15,21,26,28,29
2015141,2015-12-02,5,7,8,20,23,24,27,3
2015142,2015-12-04,1,7,8,9,18,19,25,15
2015143,2015-12-07,1,5,9,15,16,25,26,21
2015144,2015-12-09,1,4,6,8,15,18,23,13
2015145,2015-12-11,4,6,12,16,17,19,25,22
2015146,2015-12-14,4,11,18,22,23,25,28,10
2015147,2015-12-16,3,5,6,9,18,27,28,11
2015148,2015-12-18,9,10,11,13,18,23,28,20
2015149,2015-12-21,8,9,10,12,24,26,29,13
2015150,2015-12-23,2,6,17,21,24,29,30,28
2015151,2015-12-25,4,6,11,15,16,17,25,1
2015152,2015-12-28,4,10,15,20,23,26,29,27
2015153,2015-12-30,12,18,19,22,23,25,30,14
2016001,2016-01-01,16,18,20,21,22,23,24,29
2016002,2016-01-04,4,6,15,18,23,25,26,12
2016003,2016-01-06,1,8,12,13,21,26,28,27
2016004,2016-01-08,4,7,9,13,15,21,28,29
2016005,2016-01-11,2,3,4,20,21,23,26,22
2016006,2016-01-13,7,9,10,12,14,19,20,13
2016007,2016-01-15,1,8,18,22,26,28,29,12
2016008,2016-01-18,1,3,4,11,12,20,21,2
2016009,2016-01-20,5,6,17,19,20,22,24,9
2016010,2016-01-22,3,7,11,12,18,29,30,10
2016011,2016-01-25,5,7,10,13,21,25,27,9
2016012,2016-01-27,2,3,8,21,24,25,26,13
2016013,2016-01-29,3,5,6,10,17,24,30,8
2016014,2016-02-01,6,8,10,13,26,28,30,19
2016015,2016-02-03,5,8,9,18,21,23,27,29
2016016,2016-02-05,5,7,9,11,12,23,25,28
2016017,2016-02-15,3,8,14,15,19,22,27,29
2016018,2016-02-17,1,5,8,10,16,23,26,18
2016019,2016-02-19,4,8,10,11,19,24,25,9
2016020,2016-02-22,11,12,18,19,20,23,27,26
2016021,2016-02-24,1,2,3,7,8,10,14,18
2016022,2016-02-26,2,9,11,13,15,18,28,6
2016023,2016-02-29,1,6,13,14,25,26,28,10
2016024,2016-03-02,2,7,9,17,18,22,28,29
2016025,2016-03-04,3,4,6,19,21,27,30,28
2016026,2016-03-07,2,6,12,17,22,25,28,5
2016027,2016-03-09,2,3,6,7,8,9,28,4
2016028,2016-03-11,1,2,9,15,16,24,26,21
2016029,2016-03-14,1,3,5,7,15,17,25,9
2016030,2016-03-16,7,16,19,21,23,29,30,10
2016031,2016-03-18,4,14,19,23,24,28,29,18
2016032,2016-03-21,2,12,15,16,20,23,24,18
2016033,2016-03-23,2,6,10,11,13,17,24,29
2016034,2016-03-25,2,7,13,14,20,23,29,10
2016035,2016-03-28,4,11,14,16,17,19,21,29
2016036,2016-03-30,16,18,21,24,27,28,30,10
2016037,2016-04-01,4,10,19,24,27,28,29,9
2016038,2016-04-04,2,10,11,18,22,25,29,4
2016039,2016-04-06,3,6,10,13,16,17,30,11
2016040,2016-04-08,1,12,13,18,24,26,30,14
2016041,2016-04-11,3,14,16,19,23,26,27,11
2016042,2016-04-13,2,6,7,8,9,10,28,12
2016043,2016-04-15,2,6,11,23,26,28,29,21
2016044,2016-04-18,3,9,15,16,17,18,21,5
2016045,2016-04-20,7,9,20,21,22,25,28,23
2016046,2016-04-22,8,10,11,13,14,21,23,12
2016047,2016-04-25,1,3,9,10,14,19,20,6
2016048,2016-04-27,4,9,11,12,13,14,18,19
2016049,2016-04-29,4,6,7,11,21,25,27,10
2016050,2016-05-02,3,10,13,15,24,25,27,12
2016051,2016-05-04,4,7,14,19,25,26,30,8
2016052,2016-05-06,3,4,5,8,14,16,29,12
2016053,2016-05-09,1,21,24,26,27,28,30,8
2016054,2016-05-11,4,6,10,15,21,22,29,11
2016055,2016-05-13,3,9,12,14,16,19,24,1
2016056,2016-05-16,7,9,12,19,23,25,26,17
2016057,2016-05-18,12,13,17,20,22,29,30,28
2016058,2016-05-20,5,12,13,14,18,20,29,8
2016059,2016-05-23,1,2,7,10,14,24,25,8
2016060,2016-05-25,4,6,8,17,22,24,26,14
2016061,2016-05-27,5,11,16,19,24,26,28,23
2016062,2016-05-30,4,5,7,13,18,20,26,28
2016063,2016-06-01,2,7,8,9,14,17,28,3
2016064,2016-06-03,3,8,9,10,12,19,23,15
2016065,2016-06-06,2,15,18,22,23,24,30,6
2016066,2016-06-08,2,5,9,12,15,18,27,30
2016067,2016-06-10,5,10,12,20,24,26,28,6
2016068,2016-06-13,3,5,10,12,16,19,30,20
2016069,2016-06-15,1,6,7,13,15,22,26,19
2016070,2016-06-17,6,11,12,19,24,27,28,17
2016071,2016-06-20,7,10,13,17,24,26,30,8
2016072,2016-06-22,4,5,6,8,10,11,28,30
2016073,2016-06-24,6,9,18,20,23,27,29,16
2016074,2016-06-27,1,3,4,10,19,21,27,15
2016075,2016-06-29,1,5,13,20,21,22,23,19
2016076,2016-07-01,6,8,10,13,20,29,30,7
2016077,2016-07-04,2,5,10,13,14,17,30,21
2016078,2016-07-06,6,11,16,21,24,25,30,23
2016079,2016-07-08,2,5,8,15,17,18,26,29
2016080,2016-07-11,6,7,12,14,15,16,23,1
2016081,2016-07-13,4,11,14,18,21,22,29,20
2016082,2016-07-15,4,5,6,8,16,17,30,10
2016083,2016-07-18,4,11,13,15,18,21,25,22
2016084,2016-07-20,11,14,20,21,23,27,30,17
2016085,2016-07-22,5,7,9,15,19,29,30,27
2016086,2016-07-25,2,6,7,8,10,25,29,27
2016087,2016-07-27,1,11,18,19,22,24,28,26
2016088,2016-07-29,2,8,10,13,21,24,29,16
2016089,2016-08-01,2,6,10,17,18,24,25,9
2016090,2016-08-03,3,4,6,8,13,17,18,16
2016091,2016-08-05,1,10,12,13,14,29,30,2
2016092,2016-08-08,1,3,7,11,13,18,24,8
2016093,2016-08-10,1,6,7,17,19,24,26,5
2016094,2016-08-12,9,11,13,14,18,20,28,1
2016095,2016-08-15,12,13,14,17,18,28,30,8
2016096,2016-08-17,2,7,14,18,20,21,24,23
2016097,2016-08-19,4,11,21,22,24,25,30,7
2016098,2016-08-22,5,7,8,9,12,15,16,10
2016099,2016-08-24,2,5,8,11,13,27,29,15
2016100,2016-08-26,6,9,13,14,15,19,23,18
2016101,2016-08-29,1,3,9,10,16,18,23,7
2016102,2016-08-31,1,3,10,19,21,23,28,9
2016103,2016-09-02,2,4,10,15,20,25,30,1
2016104,2016-09-05,2,7,9,18,22,26,27,19
2016105,2016-09-07,12,13,24,25,26,28,29,7
2016106,2016-09-09,4,6,17,25,26,27,29,15
2016107,2016-09-12,6,10,16,17,18,24,30,22
2016108,2016-09-14,4,5,9,14,15,17,21,12
2016109,2016-09-16,2,3,13,18,21,22,27,6
2016110,2016-09-19,1,5,9,20,23,26,30,7
2016111,2016-09-21,10,12,16,23,25,26,28,9
2016112,2016-09-23,6,7,16,22,23,26,27,1
2016113,2016-09-26,3,12,13,19,21,23,26,6
2016114,2016-09-28,1,4,17,18,25,27,30,13
2016115,2016-09-30,3,5,11,12,22,23,29,27
2016116,2016-10-03,1,10,16,20,23,25,28,30
2016117,2016-10-05,2,6,8,13,15,24,25,9
2016118,2016-10-07,5,7,10,11,18,24,27,23
2016119,2016-10-10,4,5,6,18,22,23,29,2
2016120,2016-10-12,3,4,8,13,17,19,21,29
2016121,2016-10-14,4,5,9,19,22,23,30,28
2016122,2016-10-17,1,9,14,16,17,19,21,13
2016123,2016-10-19,3,6,23,24,26,27,30,17
2016124,2016-10-21,3,4,11,13,16,19,27,18
2016125,2016-10-24,1,5,11,20,25,28,29,21
2016126,2016-10-26,1,6,11,18,28,29,30,20
2016127,2016-10-28,4,9,12,23,25,29,30,20
2016128,2016-10-31,1,4,7,8,12,13,25,20
2016129,2016-11-02,1,4,10,13,15,25,30,12
2016130,2016-11-04,2,7,11,12,13,14,17,16
2016131,2016-11-07,2,11,14,19,24,25,27,29
2016132,2016-11-09,2,4,8,10,20,27,30,14
2016133,2016-11-11,7,9,11,16,17,22,28,23
2016134,2016-11-14,14,15,16,17,20,22,28,26
2016135,2016-11-16,5,9,13,17,20,27,28,23
2016136,2016-11-18,2,4,11,22,23,26,29,25
2016137,2016-11-21,3,5,13,17,19,27,28,11
2016138,2016-11-23,1,4,5,11,20,25,26,13
2016139,2016-11-25,2,3,8,15,19,22,23,30
2016140,2016-11-28,12,14,18,21,26,28,30,22
2016141,2016-11-30,1,3,5,7,17,19,24,9
2016142,2016-12-02,2,10,12,18,23,28,30,5
2016143,2016-12-05,1,2,9,11,19,21,25,22
2016144,2016-12-07,3,12,15,17,20,24,28,25
2016145,2016-12-09,5,6,8,10,15,18,30,14
2016146,2016-12-12,12,15,18,22,24,25,30,17
2016147,2016-12-14,1,3,5,15,21,23,24,16
2016148,2016-12-16,8,13,19,22,27,28,29,30
2016149,2016-12-19,2,4,5,6,8,11,29,19
2016150,2016-12-21,14,15,17,20,21,22,26,30
2016151,2016-12-23,6,7,14,20,22,28,29,17
2016152,2016-12-26,3,7,12,18,19,28,30,5
2016153,2016-12-28,4,9,11,13,20,23,30,28
2016154,2016-12-30,3,6,10,12,14,21,27,9
2017001,2017-01-02,1,7,10,11,12,17,25,23
2017002,2017-01-04,3,7,16,19,20,22,23,27
2017003,2017-01-06,4,5,8,16,23,27,30,28
2017004,2017-01-09,2,17,20,21,23,24,25,7
2017005,2017-01-11,12,16,17,18,21,25,28,27
2017006,2017-01-13,6,10,13,15,16,25,30,8
2017007,2017-01-16,8,12,18,19,26,27,30,14
2017008,2017-01-18,2,4,8,22,24,26,27,23
2017009,2017-01-20,2,11,12,13,15,16,22,30
2017010,2017-01-23,2,4,5,13,27,29,30,1
2017011,2017-01-25,21,22,23,26,27,29,30,6
2017012,2017-02-03,7,8,10,12,14,19,25,3
2017013,2017-02-06,2,6,19,26,27,29,30,10
2017014,2017-02-08,4,5,15,16,22,26,27,19
2017015,2017-02-10,8,9,21,22,23,26,28,1
2017016,2017-02-13,3,6,8,9,12,18,20,28
2017017,2017-02-15,2,11,14,17,18,24,27,7
2017018,2017-02-17,1,3,6,9,11,12,14,2
2017019,2017-02-20,3,8,14,16,20,22,27,25
2017020,2017-02-22,3,12,15,18,20,28,29,9
2017021,2017-02-24,3,7,10,20,22,26,27,25
2017022,2017-02-27,2,3,6,8,16,26,28,30
2017023,2017-03-01,5,13,14,15,16,19,29,21
2017024,2017-03-03,3,5,13,14,19,21,25,7
2017025,2017-03-06,4,5,6,8,16,18,22,7
2017026,2017-03-08,1,4,5,10,12,18,22,27
2017027,2017-03-10,7,8,9,10,21,23,24,28
2017028,2017-03-13,1,8,12,17,23,27,28,6
2017029,2017-03-15,2,7,18,20,24,27,28,12
2017030,2017-03-17,2,11,14,20,23,26,27,15
2017031,2017-03-20,3,5,16,18,21,22,27,10
2017032,2017-03-22,7,14,19,25,27,29,30,15
2017033,2017-03-24,5,6,15,16,19,22,30,29
2017034,2017-03-27,7,12,14,24,27,28,30,3
2017035,2017-03-29,3,6,9,18,23,29,30,8
2017036,2017-03-31,5,6,7,10,19,26,29,21
2017037,2017-04-03,5,7,8,9,19,22,24,1
2017038,2017-04-05,1,9,13,14,16,21,23,19
2017039,2017-04-07,7,9,11,12,13,23,26,27
2017040,2017-04-10,2,10,16,22,24,25,28,20
2017041,2017-04-12,3,5,7,13,17,24,29,9
2017042,2017-04-14,1,7,8,11,17,19,28,12
2017043,2017-04-17,3,5,14,20,22,27,28,8
2017044,2017-04-19,1,3,5,6,11,12,13,4
2017045,2017-04-21,2,8,11,12,19,23,29,5
2017046,2017-04-24,2,5,9,11,12,17,29,19
2017047,2017-04-26,3,4,7,10,12,18,21,11
2017048,2017-04-28,2,4,8,11,18,22,25,7
2017049,2017-05-01,8,13,22,23,25,26,29,4
2017050,2017-05-03,1,2,3,11,23,27,30,17
2017051,2017-05-05,12,13,14,17,22,23,28,21
2017052,2017-05-08,5,6,10,14,20,26,29,18
2017053,2017-05-10,4,11,20,21,22,23,24,6
2017054,2017-05-12,1,3,6,10,15,18,25,26
2017055,2017-05-15,1,4,8,11,12,18,29,9
2017056,2017-05-17,2,4,15,17,25,27,28,16
2017057,2017-05-19,1,19,22,24,25,26,30,20
2017058,2017-05-22,5,9,12,21,23,24,28,6
2017059,2017-05-24,8,9,14,17,19,25,26,1
2017060,2017-05-26,3,6,7,9,17,22,29,13
2017061,2017-05-29,11,12,15,17,23,28,30,8
2017062,2017-05-31,7,12,19,22,23,28,29,14
2017063,2017-06-02,2,13,15,16,20,22,23,12
2017064,2017-06-05,2,6,12,16,26,28,30,17
2017065,2017-06-07,1,10,13,14,18,21,23,6
2017066,2017-06-09,12,14,20,21,27,29,30,9
2017067,2017-06-12,1,11,12,21,27,28,30,26
2017068,2017-06-14,15,21,24,25,26,27,29,1
2017069,2017-06-16,4,8,12,16,25,28,30,7
2017070,2017-06-19,7,8,18,19,24,27,28,10
2017071,2017-06-21,6,8,10,19,23,26,29,18
2017072,2017-06-23,6,10,15,17,18,21,25,8
2017073,2017-06-26,1,4,5,14,17,25,27,3
2017074,2017-06-28,3,5,7,13,16,18,21,15
2017075,2017-06-30,2,11,19,20,25,26,27,3
2017076,2017-07-03,7,11,19,20,26,27,29,8
2017077,2017-07-05,5,10,17,20,25,26,27,15
2017078,2017-07-07,1,9,11,12,19,24,29,13
2017079,2017-07-10,1,8,9,12,19,23,29,25
2017080,2017-07-12,2,4,9,14,16,21,27,18
2017081,2017-07-14,4,13,14,21,23,25,28,11
2017082,2017-07-17,1,10,11,19,20,22,23,26
2017083,2017-07-19,1,5,8,12,20,24,27,21
2017084,2017-07-21,7,9,12,19,20,25,27,15
2017085,2017-07-24,2,8,11,12,21,24,25,20
2017086,2017-07-26,1,3,4,6,19,20,25,13
2017087,2017-07-28,2,5,12,15,17,23,29,19
2017088,2017-07-31,4,5,8,16,18,19,27,11
2017089,2017-08-02,1,5,10,20,21,27,28,22
2017090,2017-08-04,2,7,19,22,23,25,28,16
2017091,2017-08-07,13,18,25,26,28,29,30,4
2017092,2017-08-09,4,5,9,11,20,21,29,24
2017093,2017-08-11,4,7,9,12,24,26,30,3
2017094,2017-08-14,2,4,15,18,19,24,27,9
2017095,2017-08-16,1,4,8,9,13,23,27,24
2017096,2017-08-18,7,8,10,13,18,20,26,16
2017097,2017-08-21,1,2,6,8,13,18,19,30
2017098,2017-08-23,2,5,7,15,17,26,27,4
2017099,2017-08-25,5,13,19,21,23,26,30,24
2017100,2017-08-28,5,8,12,21,23,27,30,22
2017101,2017-08-30,3,13,14,19,21,22,29,1
2017102,2017-09-01,12,17,18,23,24,25,29,3
2017103,2017-09-04,4,9,14,17,22,25,29,11
2017104,2017-09-06,1,3,17,26,27,28,29,11
2017105,2017-09-08,6,9,11,17,19,21,28,10
2017106,2017-09-11,1,3,11,17,23,25,28,4
2017107,2017-09-13,5,8,12,13,19,21,29,4
2017108,2017-09-15,4,5,7,9,11,14,20,17
2017109,2017-09-18,1,3,6,10,15,21,23,16
2017110,2017-09-20,3,6,8,12,19,21,25,9
2017111,2017-09-22,2,3,13,19,20,22,23,9
2017112,2017-09-25,1,2,7,9,13,15,30,11
2017113,2017-09-27,1,2,8,9,10,23,25,18
2017114,2017-09-29,2,4,14,19,20,27,29,10
2017115,2017-10-02,1,5,6,14,19,26,30,23
2017116,2017-10-04,2,4,5,11,18,21,29,22
2017117,2017-10-06,1,3,11,15,22,26,29,16
2017118,2017-10-09,2,3,7,11,17,26,28,25
2017119,2017-10-11,7,9,12,19,26,27,29,25
2017120,2017-10-13,2,3,18,19,22,23,30,8
2017121,2017-10-16,2,7,9,11,19,21,23,3
2017122,2017-10-18,1,4,8,9,11,12,21,2
2017123,2017-10-20,5,11,14,21,22,25,30,29
2017124,2017-10-23,7,13,16,18,21,29,30,9
2017125,2017-10-25,2,3,4,5,12,18,30,23
2017126,2017-10-27,2,6,12,13,15,24,29,10
2017127,2017-10-30,3,6,7,8,11,18,27,12
2017128,2017-11-01,6,12,13,18,23,26,29,8
2017129,2017-11-03,1,5,8,15,22,23,30,24
2017130,2017-11-06,3,9,19,22,23,27,30,12
2017131,2017-11-08,5,6,7,9,12,17,19,14
2017132,2017-11-10,2,8,16,17,20,23,25,11
2017133,2017-11-13,1,7,11,12,26,27,29,9
2017134,2017-11-15,1,2,4,7,10,16,27,6
2017135,2017-11-17,6,8,19,20,21,25,27,23
2017136,2017-11-20,7,9,11,18,19,21,27,25
2017137,2017-11-22,1,13,15,16,24,25,29,19
2017138,2017-11-24,2,3,4,6,8,9,18,12
2017139,2017-11-27,1,3,5,6,12,13,30,27
2017140,2017-11-29,1,13,20,23,25,26,28,18
2017141,2017-12-01,2,4,10,12,17,23,28,24
2017142,2017-12-04,3,11,12,14,18,24,28,13
2017143,2017-12-06,3,7,9,16,19,27,28,14
2017144,2017-12-08,1,3,4,11,17,22,30,27
2017145,2017-12-11,2,6,10,12,17,24,28,22
2017146,2017-12-13,2,6,13,21,27,28,29,12
2017147,2017-12-15,4,6,7,8,14,27,29,1
2017148,2017-12-18,2,3,7,24,27,28,30,15
2017149,2017-12-20,8,11,15,21,23,25,30,3
2017150,2017-12-22,2,13,17,22,24,29,30,19
2017151,2017-12-25,2,6,7,15,19,26,30,18
2017152,2017-12-27,3,7,10,19,26,27,28,21
2017153,2017-12-29,6,10,11,14,19,25,26,5
2018001,2018-01-01,7,9,16,18,21,22,24,12
2018002,2018-01-03,3,7,10,11,16,20,22,6
2018003,2018-01-05,3,6,7,14,16,17,26,5
2018004,2018-01-08,3,15,19,20,22,24,27,26
2018005,2018-01-10,1,9,11,16,24,29,30,15
2018006,2018-01-12,7,9,16,18,21,23,27,29
2018007,2018-01-15,4,5,9,12,21,25,30,20
2018008,2018-01-17,3,9,18,24,26,28,29,21
2018009,2018-01-19,6,10,17,18,21,26,30,19
2018010,2018-01-22,2,3,8,13,14,28,30,10
2018011,2018-01-24,1,5,6,10,11,13,29,24
2018012,2018-01-26,4,5,6,10,11,23,24,27
2018013,2018-01-29,3,4,5,9,13,18,19,15
2018014,2018-01-31,4,6,13,21,24,26,27,9
2018015,2018-02-02,2,8,13,15,18,20,21,27
2018016,2018-02-05,1,4,5,14,16,24,25,28
2018017,2018-02-07,3,6,7,9,15,19,24,22
2018018,2018-02-09,2,7,12,16,20,21,26,10
2018019,2018-02-12,5,11,13,18,26,27,28,6
2018020,2018-02-14,6,7,16,17,18,20,24,15
2018021,2018-02-23,9,12,14,20,21,24,28,17
2018022,2018-02-26,7,9,14,19,26,29,30,28
2018023,2018-02-28,1,2,7,14,16,24,29,17
2018024,2018-03-02,1,12,13,16,18,24,28,5
2018025,2018-03-05,8,9,15,18,19,21,30,1
2018026,2018-03-07,6,8,10,11,12,14,28,7
2018027,2018-03-09,6,8,9,24,27,28,29,5
2018028,2018-03-12,7,14,21,23,25,27,30,19
2018029,2018-03-14,3,4,9,15,17,22,23,12
2018030,2018-03-16,6,10,15,21,22,26,30,11
2018031,2018-03-19,1,4,5,7,11,22,27,13
2018032,2018-03-21,13,15,16,18,21,26,29,28
2018033,2018-03-23,1,2,13,14,17,24,26,3
2018034,2018-03-26,2,8,11,17,18,20,30,9
2018035,2018-03-28,4,5,9,10,17,27,30,6
2018036,2018-03-30,4,6,7,9,14,15,28,30
2018037,2018-04-02,8,10,19,21,23,24,29,15
2018038,2018-04-04,2,7,10,13,20,21,27,16
2018039,2018-04-06,1,2,8,11,14,19,22,10
2018040,2018-04-09,1,2,3,8,12,20,23,19
2018041,2018-04-11,5,13,15,17,18,22,29,9
2018042,2018-04-13,3,6,8,15,20,24,27,12
2018043,2018-04-16,7,18,19,21,22,24,28,2
2018044,2018-04-18,2,5,7,14,15,16,23,20
2018045,2018-04-20,3,6,8,11,15,21,28,22
2018046,2018-04-23,4,7,8,16,24,27,28,23
2018047,2018-04-25,4,6,11,19,20,25,30,9
2018048,2018-04-27,3,6,7,8,12,26,27,19
2018049,2018-04-30,1,8,17,18,20,27,30,29
2018050,2018-05-02,3,7,8,9,13,17,29,24
2018051,2018-05-04,2,10,11,12,14,17,23,22
2018052,2018-05-07,6,14,16,19,22,23,30,7
2018053,2018-05-09,2,3,8,9,18,25,26,10
2018054,2018-05-11,4,7,8,21,25,26,27,16
2018055,2018-05-14,1,12,18,20,23,27,29,19
2018056,2018-05-16,1,5,14,21,22,23,29,15
2018057,2018-05-18,4,8,10,23,27,28,29,17
2018058,2018-05-21,2,5,9,10,18,21,28,25
2018059,2018-05-23,7,8,13,16,19,25,30,18
2018060,2018-05-25,2,8,18,21,22,23,30,29
2018061,2018-05-28,2,12,14,17,21,22,26,30
2018062,2018-05-30,1,3,10,15,22,24,30,23
2018063,2018-06-01,2,10,16,19,23,28,30,11
2018064,2018-06-04,3,4,17,19,26,27,29,14
2018065,2018-06-06,2,3,6,7,16,19,27,15
2018066,2018-06-08,2,12,20,21,26,29,30,18
2018067,2018-06-11,1,6,7,8,13,18,25,27
2018068,2018-06-13,2,6,9,15,20,26,28,17
2018069,2018-06-15,4,11,14,20,23,26,30,5
2018070,2018-06-18,2,4,5,6,12,16,23,1
2018071,2018-06-20,4,7,14,16,20,25,28,13
2018072,2018-06-22,1,11,13,20,21,27,29,5
2018073,2018-06-25,5,7,9,13,17,18,25,23
2018074,2018-06-27,4,5,6,11,15,19,21,8
2018075,2018-06-29,2,4,7,14,18,20,29,1
2018076,2018-07-02,8,13,16,22,25,28,30,6
2018077,2018-07-04,4,6,8,21,23,28,30,14
2018078,2018-07-06,4,14,15,16,24,29,30,6
2018079,2018-07-09,3,9,10,15,24,26,27,1
2018080,2018-07-11,3,6,7,15,22,26,30,8
2018081,2018-07-13,16,17,19,25,26,27,29,7
2018082,2018-07-16,4,10,12,14,27,28,30,2
2018083,2018-07-18,1,8,9,10,20,26,28,16
2018084,2018-07-20,4,6,8,10,14,17,25,3
2018085,2018-07-23,3,8,20,22,24,27,28,9
2018086,2018-07-25,4,5,6,11,17,24,26,8
2018087,2018-07-27,1,9,12,18,19,23,24,6
2018088,2018-07-30,1,4,9,17,18,23,26,12
2018089,2018-08-01,8,9,13,18,23,24,28,21
2018090,2018-08-03,2,3,12,14,15,22,23,17
2018091,2018-08-06,10,13,14,21,26,27,29,1
2018092,2018-08-08,5,7,9,15,20,22,23,6
2018093,2018-08-10,4,5,9,21,24,28,29,13
2018094,2018-08-13,1,4,5,10,23,24,30,19
2018095,2018-08-15,5,6,7,8,11,20,23,14
2018096,2018-08-17,10,17,19,20,23,25,29,21
2018097,2018-08-20,2,3,11,12,15,25,29,26
2018098,2018-08-22,4,5,10,11,14,16,29,12
2018099,2018-08-24,3,9,11,13,17,18,24,25
2018100,2018-08-27,1,4,7,10,16,19,29,27
2018101,2018-08-29,3,12,14,17,18,19,26,10
2018102,2018-08-31,7,10,13,14,15,17,21,30
2018103,2018-09-03,2,8,12,16,21,25,26,19
2018104,2018-09-05,2,4,11,13,20,21,27,26
2018105,2018-09-07,5,9,11,12,13,28,30,3
2018106,2018-09-10,2,6,12,16,18,21,28,9
2018107,2018-09-12,2,4,5,8,17,19,27,21
2018108,2018-09-14,2,4,5,8,17,19,27,21
2018109,2018-09-17,7,9,16,17,21,22,27,20
2018110,2018-09-19,8,10,12,13,17,20,25,7
2018111,2018-09-21,2,3,9,17,18,21,23,11
2018112,2018-09-24,5,7,13,18,27,28,29,17
2018113,2018-09-26,9,10,19,21,24,28,29,14
2018114,2018-09-28,2,10,13,15,18,21,30,22
2018115,2018-10-01,4,7,13,17,18,20,23,15
2018116,2018-10-03,5,14,20,21,24,26,30,12
2018117,2018-10-05,1,3,10,13,14,16,28,30
2018118,2018-10-08,5,6,13,19,26,27,29,23
2018119,2018-10-10,4,11,13,14,18,20,26,29
2018120,2018-10-12,2,4,6,14,17,22,26,23
2018121,2018-10-15,1,9,12,16,17,21,22,15
2018122,2018-10-17,3,11,19,23,26,27,29,12
2018123,2018-10-19,11,15,19,21,22,25,30,6
2018124,2018-10-22,2,6,10,19,20,26,28,5
2018125,2018-10-24,3,4,5,6,18,19,26,28
2018126,2018-10-26,2,13,14,18,25,27,29,24
2018127,2018-10-29,7,11,18,21,27,28,29,3
2018128,2018-10-31,1,2,9,10,11,16,21,20
2018129,2018-11-02,3,6,8,16,19,20,28,24
2018130,2018-11-05,3,14,15,17,20,24,28,26
2018131,2018-11-07,9,12,13,16,25,26,30,2
2018132,2018-11-09,1,7,9,23,25,29,30,22
2018133,2018-11-12,3,5,10,12,23,27,30,26
2018134,2018-11-14,4,11,13,15,17,18,19,27
2018135,2018-11-16,7,14,15,21,26,29,30,12
2018136,2018-11-19,4,7,11,13,22,24,30,20
2018137,2018-11-21,10,12,13,14,17,22,30,8
2018138,2018-11-23,3,4,5,14,16,17,22,28
2018139,2018-11-26,6,13,15,18,22,26,29,16
2018140,2018-11-28,2,11,14,23,25,26,30,16
2018141,2018-11-30,8,11,13,15,16,28,29,18
2018142,2018-12-03,5,13,14,18,24,25,30,22
2018143,2018-12-05,5,7,8,12,14,26,28,9
2018144,2018-12-07,2,3,9,10,15,20,22,6
2018145,2018-12-10,12,13,15,16,25,29,30,11
2018146,2018-12-12,2,6,8,10,22,24,27,25
2018147,2018-12-14,4,8,9,11,23,26,30,12
2018148,2018-12-17,1,5,11,13,19,20,21,16
2018149,2018-12-19,9,13,14,16,17,23,30,24
2018150,2018-12-21,5,7,11,21,22,23,27,8
2018151,2018-12-24,2,3,7,16,21,22,28,30
2018152,2018-12-26,1,3,4,14,16,26,28,19
2018153,2018-12-28,8,10,19,20,22,27,30,5
2018154,2018-12-31,5,7,11,14,18,19,25,13
2019001,2019-01-02,3,5,12,13,14,16,23,17
2019002,2019-01-04,1,8,13,15,18,20,26,9
2019003,2019-01-07,2,5,10,12,16,23,25,24
2019004,2019-01-09,5,9,14,21,24,26,29,28
2019005,2019-01-11,3,7,12,13,17,20,30,22
2019006,2019-01-14,10,14,19,22,24,29,30,7
2019007,2019-01-16,1,6,10,12,13,22,27,26
2019008,2019-01-18,1,4,6,18,21,26,29,15
2019009,2019-01-21,1,3,10,11,16,18,26,22
2019010,2019-01-23,3,7,18,19,25,26,30,22
2019011,2019-01-25,3,5,8,12,16,17,27,24
2019012,2019-01-28,3,4,15,21,24,25,29,9
2019013,2019-01-30,4,5,8,10,14,24,29,22
2019014,2019-02-01,6,9,12,19,20,24,25,17
2019015,2019-02-11,1,4,8,14,21,27,29,25
2019016,2019-02-13,2,5,13,16,18,24,25,3
2019017,2019-02-15,1,4,9,12,15,21,22,16
2019018,2019-02-18,1,2,3,8,9,12,19,4
2019019,2019-02-20,4,11,19,20,23,27,29,21
2019020,2019-02-22,2,5,14,15,19,25,28,20
2019021,2019-02-25,3,9,15,19,20,26,27,17
2019022,2019-02-27,3,11,13,18,19,21,24,22
2019023,2019-03-01,2,7,8,17,18,19,26,15
2019024,2019-03-04,6,7,11,16,20,23,24,13
2019025,2019-03-06,2,9,10,21,23,28,30,18
2019026,2019-03-08,7,12,15,17,19,25,28,18
2019027,2019-03-11,2,9,13,20,24,26,30,7
2019028,2019-03-13,1,5,9,10,18,23,26,30
2019029,2019-03-15,5,11,12,13,24,29,30,10
2019030,2019-03-18,7,9,15,18,19,25,26,21
2019031,2019-03-20,7,9,10,12,17,26,28,16
2019032,2019-03-22,3,5,7,18,24,26,29,22
2019033,2019-03-25,2,3,5,14,16,21,25,22
2019034,2019-03-27,1,6,10,12,23,26,29,13
2019035,2019-03-29,1,5,13,14,23,25,26,21
2019036,2019-04-01,6,13,14,15,16,20,26,8
2019037,2019-04-03,2,10,13,14,16,18,25,27
2019038,2019-04-05,2,8,12,18,21,22,28,20
2019039,2019-04-08,6,7,9,12,23,29,30,14
2019040,2019-04-10,2,7,10,15,19,24,30,3
2019041,2019-04-12,2,3,7,11,13,24,26,20
2019042,2019-04-15,5,8,9,16,17,22,24,14
2019043,2019-04-17,2,13,15,20,21,22,25,28
2019044,2019-04-19,3,10,12,18,20,26,29,6
2019045,2019-04-22,2,3,4,5,8,20,21,23
2019046,2019-04-24,3,4,5,9,19,21,29,14
2019047,2019-04-26,1,5,10,13,14,17,22,30
2019048,2019-04-29,5,7,10,19,25,27,30,12
2019049,2019-05-01,3,7,10,23,25,26,28,4
2019050,2019-05-03,5,10,18,20,26,27,30,16
2019051,2019-05-06,1,4,12,17,19,21,25,29
2019052,2019-05-08,1,6,9,10,14,18,27,15
2019053,2019-05-10,1,5,10,12,16,21,23,26
2019054,2019-05-13,6,10,11,15,16,22,29,21
2019055,2019-05-15,2,4,16,17,18,22,28,7
2019056,2019-05-17,2,8,9,10,21,29,30,28
2019057,2019-05-20,1,7,10,12,13,17,27,29
2019058,2019-05-22,8,10,20,23,24,25,27,12
2019059,2019-05-24,3,7,16,19,21,24,30,14
2019060,2019-05-27,2,3,4,6,7,10,19,25
2019061,2019-05-29,1,3,13,14,18,21,29,24
2019062,2019-05-31,1,2,7,11,18,20,27,23
2019063,2019-06-03,7,12,17,18,19,24,29,5
2019064,2019-06-05,4,5,12,13,22,28,29,19
2019065,2019-06-07,5,17,19,25,26,28,30,8
2019066,2019-06-10,5,9,14,22,25,27,28,16
2019067,2019-06-12,3,5,8,9,27,29,30,28
2019068,2019-06-14,1,2,7,8,10,12,22,23
2019069,2019-06-17,1,3,8,9,15,21,24,23
2019070,2019-06-19,5,6,7,9,13,19,21,29
2019071,2019-06-21,2,10,12,21,22,23,30,20
2019072,2019-06-24,7,10,15,16,21,24,28,25
2019073,2019-06-26,2,4,5,13,17,25,28,9
2019074,2019-06-28,4,7,10,13,16,18,29,27
2019075,2019-07-01,1,7,16,18,20,23,25,28
2019076,2019-07-03,2,10,14,22,26,27,29,21
2019077,2019-07-05,3,6,9,16,18,22,30,10
2019078,2019-07-08,2,5,11,13,24,26,27,10
2019079,2019-07-10,4,14,15,16,17,19,22,13
2019080,2019-07-12,5,14,18,19,24,25,26,20
2019081,2019-07-15,1,7,8,17,24,25,27,18
2019082,2019-07-17,8,11,13,18,24,26,28,12
2019083,2019-07-19,1,9,15,24,27,28,29,14
2019084,2019-07-22,10,11,16,17,22,26,27,28
2019085,2019-07-24,3,4,5,15,20,24,28,18
2019086,2019-07-26,2,8,14,21,23,26,28,7
2019087,2019-07-29,5,7,8,10,16,18,25,28
2019088,2019-07-31,1,6,10,12,15,16,21,20
2019089,2019-08-02,5,11,13,16,26,28,30,10
2019090,2019-08-05,1,4,6,10,15,16,21,30
2019091,2019-08-07,4,10,21,22,24,26,28,8
2019092,2019-08-09,3,11,12,13,21,23,28,24
2019093,2019-08-12,5,7,13,14,18,20,21,26
2019094,2019-08-14,2,5,7,9,14,15,20,13
2019095,2019-08-16,7,8,10,11,17,24,26,19
2019096,2019-08-19,1,13,19,21,27,28,29,20
2019097,2019-08-21,4,9,15,16,17,22,25,3
2019098,2019-08-23,8,11,12,16,24,28,29,6
2019099,2019-08-26,1,5,9,19,20,26,29,27
2019100,2019-08-28,2,4,5,12,13,20,25,22
2019101,2019-08-30,4,6,9,12,13,16,24,27
2019102,2019-09-02,7,8,9,13,15,22,30,1
2019103,2019-09-04,4,6,7,12,24,25,30,8
2019104,2019-09-06,9,18,24,25,26,27,30,21
2019105,2019-09-09,11,12,16,19,20,23,25,14
2019106,2019-09-11,2,5,7,10,12,14,16,30
2019107,2019-09-13,3,6,12,16,18,21,22,24
2019108,2019-09-16,2,5,6,9,10,20,23,25
2019109,2019-09-18,3,13,18,21,22,28,30,4
2019110,2019-09-20,3,5,11,15,19,24,27,28
2019111,2019-09-23,7,8,11,16,17,26,29,22
2019112,2019-09-25,13,18,19,21,24,26,29,25
2019113,2019-09-27,2,7,10,15,22,25,26,21
2019114,2019-09-30,1,8,11,13,16,20,28,9
2019115,2019-10-09,3,6,19,25,27,28,29,5
2019116,2019-10-11,2,8,14,15,16,20,23,4
2019117,2019-10-14,3,6,19,20,22,26,27,25
2019118,2019-10-16,11,12,17,22,27,28,29,20
2019119,2019-10-18,8,11,17,21,22,24,28,9
2019120,2019-10-21,4,14,21,23,26,28,30,29
2019121,2019-10-23,2,11,16,20,23,27,29,1
2019122,2019-10-25,1,2,4,6,8,14,17,27
2019123,2019-10-28,1,8,10,15,21,22,28,9
2019124,2019-10-30,7,13,17,20,25,26,29,11
2019125,2019-11-01,2,6,7,9,17,24,27,12
2019126,2019-11-04,7,9,10,12,13,17,22,26
2019127,2019-11-06,2,4,14,16,19,26,28,11
2019128,2019-11-08,2,7,8,10,16,21,23,30
2019129,2019-11-11,6,7,11,14,17,18,21,26
2019130,2019-11-13,1,6,17,21,23,25,27,11
2019131,2019-11-15,8,11,14,17,22,24,27,15
2019132,2019-11-18,5,8,11,22,24,26,30,7
2019133,2019-11-20,1,2,10,12,14,26,30,11
2019134,2019-11-22,1,4,5,18,22,24,27,13
2019135,2019-11-25,3,8,14,21,22,24,29,5
2019136,2019-11-27,1,4,5,10,16,22,25,9
2019137,2019-11-29,5,10,11,15,23,28,29,24
2019138,2019-12-02,5,7,17,20,23,27,30,18
2019139,2019-12-04,3,5,10,14,18,28,30,23
2019140,2019-12-06,7,11,16,20,24,26,29,3
2019141,2019-12-09,11,14,15,20,21,23,27,7
2019142,2019-12-11,5,6,8,10,11,26,27,1
2019143,2019-12-13,7,9,13,16,25,28,29,18
2019144,2019-12-16,3,4,16,18,19,20,26,14
2019145,2019-12-18,7,8,10,14,22,23,24,21
2019146,2019-12-20,7,8,11,13,22,23,28,9
2019147,2019-12-23,2,4,9,19,20,24,25,15
2019148,2019-12-25,1,2,6,12,18,23,26,17
2019149,2019-12-27,4,5,7,13,16,19,26,17
2019150,2019-12-30,3,9,13,15,20,26,28,2
2020001,2020-01-01,3,4,5,8,18,19,22,30
2020002,2020-01-03,5,14,16,17,19,22,24,2
2020003,2020-01-06,2,3,6,14,16,17,21,11
2020004,2020-01-08,3,8,9,18,20,28,30,16
2020005,2020-01-10,7,17,19,21,22,23,29,26
2020006,2020-01-13,2,5,8,15,16,21,29,17
2020007,2020-01-15,9,11,19,20,23,25,29,17
2020008,2020-01-17,1,3,5,10,12,16,20,28
2020009,2020-01-20,4,5,10,16,21,23,29,14
2020010,2020-03-11,4,6,8,14,25,26,30,23
2020011,2020-03-13,2,4,7,16,18,21,29,23
2020012,2020-03-16,2,7,9,13,15,22,30,27
2020013,2020-03-18,4,7,12,16,17,20,29,9
2020014,2020-03-20,1,8,21,22,24,26,29,7
2020015,2020-03-23,3,4,6,12,13,24,29,8
2020016,2020-03-25,9,12,17,18,19,25,28,7
2020017,2020-03-27,2,7,8,14,19,29,30,3
2020018,2020-03-30,6,13,15,23,24,26,28,8
2020019,2020-04-01,3,7,11,20,21,22,23,27
2020020,2020-04-03,2,7,11,13,21,25,30,10
2020021,2020-04-06,3,6,18,20,23,24,28,14
2020022,2020-04-08,1,5,8,9,20,22,23,19
2020023,2020-04-10,1,2,3,7,16,21,22,17
2020024,2020-04-13,6,9,14,15,21,23,28,18
2020025,2020-04-15,1,6,10,15,23,24,28,20
2020026,2020-04-17,8,14,18,22,23,25,27,7
2020027,2020-04-20,5,6,10,12,13,18,25,7
2020028,2020-04-22,4,6,17,20,24,27,29,13
2020029,2020-04-24,1,3,14,21,23,28,29,26
2020030,2020-04-27,4,9,13,15,18,24,25,2
2020031,2020-04-29,4,8,9,10,11,22,24,23
2020032,2020-05-01,6,8,10,15,19,22,24,12
2020033,2020-05-04,9,10,19,21,24,25,29,17
2020034,2020-05-06,2,7,9,13,14,23,26,15
2020035,2020-05-08,4,7,18,19,21,22,25,11
2020036,2020-05-11,7,9,11,15,16,17,20,26
2020037,2020-05-13,15,17,19,21,23,24,27,9
2020038,2020-05-15,2,7,22,24,27,29,30,12
2020039,2020-05-18,1,14,15,17,18,24,29,4
2020040,2020-05-20,2,5,18,20,24,27,30,29
2020041,2020-05-22,3,7,19,22,24,27,30,17
2020042,2020-05-25,3,9,10,16,17,18,28,24
2020043,2020-05-27,2,9,13,15,23,24,27,10
2020044,2020-05-29,2,8,12,17,18,25,27,29
2020045,2020-06-01,1,2,3,11,19,22,29,13
2020046,2020-06-03,1,2,3,8,13,18,24,25
2020047,2020-06-05,3,9,14,15,18,24,29,30
2020048,2020-06-08,5,9,11,15,24,27,30,17
2020049,2020-06-10,3,8,18,20,22,26,27,28
2020050,2020-06-12,7,11,12,23,24,26,29,18
2020051,2020-06-15,5,8,10,25,26,28,29,18
2020052,2020-06-17,1,4,8,9,10,13,29,19
2020053,2020-06-19,5,7,16,23,24,26,30,17
2020054,2020-06-22,2,12,17,22,23,25,26,24
2020055,2020-06-24,16,18,21,23,27,28,29,22
2020056,2020-06-26,3,5,10,14,24,27,28,7
2020057,2020-06-29,8,17,20,24,28,29,30,27
2020058,2020-07-01,2,4,5,6,8,16,21,12
2020059,2020-07-03,4,5,7,13,17,18,26,22
2020060,2020-07-06,12,18,20,22,23,28,30,17
2020061,2020-07-08,3,4,11,15,19,23,27,18
2020062,2020-07-10,1,4,8,12,20,21,28,7
2020063,2020-07-13,7,11,12,15,19,27,28,25
2020064,2020-07-15,1,2,3,4,18,21,23,29
2020065,2020-07-17,8,9,10,11,15,25,26,6
2020066,2020-07-20,2,3,8,13,25,29,30,9
2020067,2020-07-22,2,5,7,21,22,23,28,24
2020068,2020-07-24,2,6,10,13,16,17,18,30
2020069,2020-07-27,6,8,14,20,25,29,30,23
2020070,2020-07-29,6,8,14,15,18,21,22,13
2020071,2020-07-31,11,12,17,21,23,27,29,9
2020072,2020-08-03,9,11,16,17,19,25,30,15
2020073,2020-08-05,1,7,12,14,21,24,27,26
2020074,2020-08-07,4,6,8,10,12,20,21,7
2020075,2020-08-10,6,11,16,17,18,20,29,26
2020076,2020-08-12,3,11,15,16,17,19,30,21
2020077,2020-08-14,9,11,15,22,23,24,27,8
2020078,2020-08-17,2,9,14,16,24,26,30,23
2020079,2020-08-19,4,11,15,17,21,24,25,2
2020080,2020-08-21,8,14,18,22,23,26,29,20
2020081,2020-08-24,2,11,12,14,24,27,28,25
2020082,2020-08-26,1,2,5,11,17,21,29,10
2020083,2020-08-28,8,9,10,14,20,24,26,7
2020084,2020-08-31,1,7,12,13,17,18,24,9
2020085,2020-09-02,2,5,9,11,19,24,30,7
2020086,2020-09-04,2,5,7,10,13,22,30,20
2020087,2020-09-07,2,3,10,18,19,21,22,17
2020088,2020-09-09,2,3,12,13,20,22,26,15
2020089,2020-09-11,5,8,9,12,14,21,29,2
2020090,2020-09-14,5,7,9,10,20,22,24,27
2020091,2020-09-16,1,12,13,19,20,24,25,27
2020092,2020-09-18,5,9,10,13,28,29,30,26
2020093,2020-09-21,2,7,8,9,20,23,27,29
2020094,2020-09-23,2,13,17,18,20,22,25,10
2020095,2020-09-25,4,16,18,21,24,28,30,5
2020096,2020-09-28,2,11,12,14,18,23,29,4
2020097,2020-09-30,3,8,12,13,15,21,25,14
2020098,2020-10-05,1,5,10,20,23,24,30,3
2020099,2020-10-07,1,6,7,8,15,16,21,9
2020100,2020-10-09,2,5,12,15,20,23,24,28
2020101,2020-10-12,4,6,10,11,18,21,28,15
2020102,2020-10-14,9,13,16,17,22,27,30,14
2020103,2020-10-16,8,12,15,17,19,21,24,5
2020104,2020-10-19,5,7,10,16,18,24,25,29
2020105,2020-10-21,12,14,17,23,27,28,30,25
2020106,2020-10-23,2,4,5,9,13,14,17,24
2020107,2020-10-26,1,9,13,14,15,22,29,3
2020108,2020-10-28,6,8,9,10,20,24,29,19
2020109,2020-10-30,6,13,14,16,18,21,30,2
2020110,2020-11-02,5,8,9,14,15,19,21,29
2020111,2020-11-04,1,13,17,20,22,23,30,16
2020112,2020-11-06,4,12,15,17,19,21,27,26
2020113,2020-11-09,5,7,11,14,15,24,29,28
2020114,2020-11-11,6,8,9,10,14,15,26,5
2020115,2020-11-13,2,4,12,14,15,22,28,9
2020116,2020-11-16,2,4,5,9,10,14,30,1
2020117,2020-11-18,9,11,16,20,26,28,29,24
2020118,2020-11-20,1,7,10,11,25,27,28,26
2020119,2020-11-23,11,21,22,24,26,29,30,5
2020120,2020-11-25,9,11,12,15,21,25,30,18
2020121,2020-11-27,4,5,14,15,19,21,24,3
2020122,2020-11-30,2,4,10,17,18,21,29,3
2020123,2020-12-02,2,3,14,16,18,24,28,1
2020124,2020-12-04,8,11,13,19,20,28,29,21
2020125,2020-12-07,3,7,12,19,21,23,27,25
2020126,2020-12-09,1,2,4,7,9,16,17,19
2020127,2020-12-11,7,11,18,22,24,28,30,17
2020128,2020-12-14,13,16,17,18,22,26,29,5
2020129,2020-12-16,9,17,20,23,27,28,29,11
2020130,2020-12-18,5,9,10,13,18,21,25,11
2020131,2020-12-21,1,6,8,11,20,25,26,2
2020132,2020-12-23,3,6,7,13,17,19,28,8
2020133,2020-12-25,2,8,9,11,16,22,30,20
2020134,2020-12-28,1,3,4,10,14,19,26,15
2020135,2020-12-30,2,4,5,7,24,25,29,28
2021001,2021-01-01,3,9,10,11,17,22,24,13
2021002,2021-01-04,2,3,10,13,16,23,26,8
2021003,2021-01-06,4,5,9,11,12,24,27,7
2021004,2021-01-08,6,8,9,15,18,25,26,16
2021005,2021-01-11,2,4,18,23,24,28,29,9
2021006,2021-01-13,5,7,14,15,17,27,29,20
2021007,2021-01-15,4,5,6,22,23,26,30,3
2021008,2021-01-18,9,12,13,16,17,20,25,15
2021009,2021-01-20,1,3,4,14,25,28,30,24
2021010,2021-01-22,2,8,14,15,19,21,23,27
2021011,2021-01-25,1,6,9,13,14,15,21,29
2021012,2021-01-27,5,10,11,13,16,23,26,30
2021013,2021-01-29,2,5,7,12,23,28,30,19
2021014,2021-02-01,2,4,17,21,27,28,30,19
2021015,2021-02-03,2,3,6,7,10,15,23,24
2021016,2021-02-05,2,5,7,9,16,26,27,20
2021017,2021-02-08,2,3,6,9,24,25,30,26
2021018,2021-02-19,9,11,15,22,27,29,30,4
2021019,2021-02-22,3,11,12,16,17,20,23,8
2021020,2021-02-24,1,3,7,8,15,25,28,26
2021021,2021-02-26,5,11,12,16,19,23,26,22
2021022,2021-03-01,7,8,12,13,19,20,30,11
2021023,2021-03-03,3,4,5,8,13,17,29,24
2021024,2021-03-05,7,8,9,12,18,24,26,1
2021025,2021-03-08,2,6,12,16,17,19,26,3
2021026,2021-03-10,3,7,9,12,17,19,20,14
2021027,2021-03-12,1,6,17,20,22,25,26,11
2021028,2021-03-15,2,3,8,14,19,28,29,24
2021029,2021-03-17,1,7,12,13,15,24,29,8
2021030,2021-03-19,2,6,12,13,24,25,28,8
2021031,2021-03-22,7,9,11,15,23,24,25,20
2021032,2021-03-24,3,5,20,25,26,27,30,8
2021033,2021-03-26,4,7,13,17,18,22,29,16
2021034,2021-03-29,5,7,9,13,22,26,30,16
2021035,2021-03-31,3,4,6,8,15,20,29,1
2021036,2021-04-02,5,7,10,13,22,24,25,14
2021037,2021-04-05,1,5,6,10,16,19,20,30
2021038,2021-04-07,3,7,15,17,22,25,29,20
2021039,2021-04-09,7,12,15,21,25,27,28,16
2021040,2021-04-12,1,8,9,10,22,26,28,29
2021041,2021-04-14,4,10,16,21,24,27,29,26
2021042,2021-04-16,5,8,11,12,15,16,27,29
2021043,2021-04-19,1,2,6,15,16,22,27,24
2021044,2021-04-21,2,3,7,9,14,17,26,29
2021045,2021-04-23,1,6,8,14,24,25,29,9
2021046,2021-04-26,5,6,7,8,11,14,26,15
2021047,2021-04-28,2,6,12,18,21,25,27,11
2021048,2021-04-30,5,8,10,13,17,25,30,23
2021049,2021-05-03,3,5,10,12,15,17,19,20
2021050,2021-05-05,1,8,21,24,25,28,29,26
2021051,2021-05-07,1,4,8,11,17,26,28,29
2021052,2021-05-10,11,19,24,25,26,28,30,3
2021053,2021-05-12,1,2,5,7,9,19,30,17
2021054,2021-05-14,7,11,18,19,20,21,24,25
2021055,2021-05-17,4,6,7,10,11,27,30,20
2021056,2021-05-19,2,3,8,9,17,25,30,21
2021057,2021-05-21,3,6,12,18,20,23,28,8
2021058,2021-05-24,3,4,6,8,19,21,27,28
2021059,2021-05-26,5,6,8,15,21,23,28,16
2021060,2021-05-28,1,4,5,11,16,19,26,24
2021061,2021-05-31,3,9,16,21,22,26,30,8
2021062,2021-06-02,6,11,14,21,22,26,28,3
2021063,2021-06-04,1,8,12,14,15,16,24,20
2021064,2021-06-07,7,12,20,23,24,25,27,14
2021065,2021-06-09,6,12,13,15,17,18,19,3
2021066,2021-06-11,5,10,11,17,20,29,30,19
2021067,2021-06-14,3,4,7,9,11,15,16,13
2021068,2021-06-16,13,14,19,21,23,27,28,30
2021069,2021-06-18,6,7,10,19,21,28,30,12
2021070,2021-06-21,4,6,18,21,23,24,28,11
2021071,2021-06-23,2,5,9,10,13,21,29,25
2021072,2021-06-25,2,6,12,14,16,18,20,19
2021073,2021-06-28,8,10,12,14,18,26,28,11
2021074,2021-06-30,6,8,9,10,18,20,25,24
2021075,2021-07-02,1,10,12,13,17,18,19,25
2021076,2021-07-05,5,7,8,9,12,16,25,14
2021077,2021-07-07,4,9,13,15,21,24,28,20
2021078,2021-07-09,1,5,9,17,19,28,29,30
2021079,2021-07-12,3,7,9,12,13,20,22,21
2021080,2021-07-14,6,9,16,17,22,25,29,27
2021081,2021-07-16,3,11,14,16,20,26,28,17
2021082,2021-07-19,2,9,13,15,16,24,26,5
2021083,2021-07-21,1,2,4,16,19,20,22,25
2021084,2021-07-23,2,6,10,13,18,22,25,12
2021085,2021-07-26,4,5,7,9,18,21,28,19
2021086,2021-07-28,2,8,11,12,16,17,18,23
2021087,2021-07-30,1,10,13,16,17,28,30,4
2021088,2021-08-02,2,12,17,20,25,26,27,16
2021089,2021-08-04,8,12,17,18,21,24,30,22
2021090,2021-08-06,5,15,18,19,22,23,28,9
2021091,2021-08-09,2,4,5,8,13,25,27,15
2021092,2021-08-11,5,8,10,23,27,28,29,13
2021093,2021-08-13,3,8,13,23,26,27,30,14
2021094,2021-08-16,4,5,11,14,20,22,23,3
2021095,2021-08-18,1,4,5,6,16,24,30,25
2021096,2021-08-20,8,17,22,23,25,27,29,4
2021097,2021-08-23,3,4,6,8,9,11,13,22
2021098,2021-08-25,1,12,15,16,17,20,22,26
2021099,2021-08-27,4,6,9,15,22,23,27,8
2021100,2021-08-30,2,4,7,8,10,18,20,24
2021101,2021-09-01,1,2,7,9,12,13,23,21
2021102,2021-09-03,2,10,12,16,17,22,23,24
2021103,2021-09-06,4,5,6,10,24,25,26,20
2021104,2021-09-08,1,5,12,13,18,24,28,9
2021105,2021-09-10,5,6,8,11,13,24,26,1
2021106,2021-09-13,5,8,12,13,16,23,24,21
2021107,2021-09-15,1,5,8,9,13,15,18,22
2021108,2021-09-17,10,15,16,17,22,24,27,5
2021109,2021-09-20,1,2,3,10,13,18,22,9
2021110,2021-09-22,7,8,12,23,24,25,27,10
2021111,2021-09-24,1,7,12,17,18,24,29,10
2021112,2021-09-27,8,10,11,14,18,22,28,23
2021113,2021-09-29,4,10,20,21,22,26,27,30
2021114,2021-10-06,2,5,11,12,15,21,28,13
2021115,2021-10-08,1,5,7,9,10,16,18,3
2021116,2021-10-11,8,13,14,18,19,25,26,23
2021117,2021-10-13,8,10,15,18,21,22,28,11
2021118,2021-10-15,12,13,17,21,23,28,30,10
2021119,2021-10-18,1,5,6,10,12,16,27,11
2021120,2021-10-20,5,6,12,14,18,27,28,11
2021121,2021-10-22,3,5,9,21,24,28,29,4
2021122,2021-10-25,4,7,12,15,17,19,27,6
2021123,2021-10-27,2,3,5,8,16,22,27,10
2021124,2021-10-29,4,5,7,10,24,26,29,23
2021125,2021-11-01,4,6,11,13,16,26,30,19
2021126,2021-11-03,5,12,17,19,25,29,30,20
2021127,2021-11-05,1,7,9,13,14,20,26,12
2021128,2021-11-08,4,8,11,14,15,18,26,16
2021129,2021-11-10,7,13,14,18,19,20,26,6
2021130,2021-11-12,2,4,9,15,21,22,29,3
2021131,2021-11-15,2,10,16,21,25,26,30,11
2021132,2021-11-17,3,4,9,12,16,20,21,22
2021133,2021-11-19,2,5,7,9,10,15,30,14
2021134,2021-11-22,4,5,10,13,21,22,25,28
2021135,2021-11-24,8,10,13,21,25,26,30,9
2021136,2021-11-26,4,5,7,16,21,24,27,30
2021137,2021-11-29,1,5,8,14,19,25,30,22
2021138,2021-12-01,3,6,7,8,13,23,24,16
2021139,2021-12-03,1,12,13,16,19,22,25,24
2021140,2021-12-06,11,12,14,16,24,26,27,9
2021141,2021-12-08,5,12,17,18,19,27,29,7
2021142,2021-12-10,2,4,6,11,14,16,17,27
2021143,2021-12-13,2,10,13,14,16,18,20,30
2021144,2021-12-15,3,4,14,17,23,24,27,18
2021145,2021-12-17,1,9,18,20,22,27,29,4
2021146,2021-12-20,2,7,19,20,25,28,30,22
2021147,2021-12-22,3,5,11,18,22,24,25,23
2021148,2021-12-24,2,6,13,19,22,24,28,14
2021149,2021-12-27,3,15,17,18,21,23,29,26
2021150,2021-12-29,6,12,17,19,22,23,27,20
2021151,2021-12-31,4,6,8,9,12,13,24,20
2022001,2022-01-03,8,12,17,18,21,22,24,7
2022002,2022-01-05,12,14,20,23,25,28,29,15
2022003,2022-01-07,6,7,8,16,20,23,28,15
2022004,2022-01-10,4,7,9,12,13,14,16,5
2022005,2022-01-12,4,10,13,18,19,20,22,25
2022006,2022-01-14,4,9,14,16,18,19,29,23
2022007,2022-01-17,6,10,12,15,16,29,30,3
2022008,2022-01-19,6,9,11,20,25,26,29,24
2022009,2022-01-21,3,6,10,14,15,17,21,20
2022010,2022-01-24,10,16,18,23,25,28,30,27
2022011,2022-01-26,2,3,6,8,15,26,27,12
2022012,2022-01-28,2,6,13,14,18,28,29,25
2022013,2022-02-09,1,7,9,12,18,21,27,20
2022014,2022-02-11,1,3,10,11,17,20,28,4
2022015,2022-02-14,11,15,20,22,24,26,27,23
2022016,2022-02-16,4,7,8,12,18,24,29,6
2022017,2022-02-18,2,10,14,16,17,18,29,28
2022018,2022-02-21,8,11,12,13,22,24,30,10
2022019,2022-02-23,10,11,13,15,17,27,29,8
2022020,2022-02-25,1,4,13,14,15,27,28,18
2022021,2022-02-28,1,4,13,16,18,22,23,11
2022022,2022-03-02,5,8,14,16,20,21,29,6
2022023,2022-03-04,1,4,10,15,17,19,24,5
2022024,2022-03-07,3,5,8,9,14,22,23,20
2022025,2022-03-09,6,8,11,12,18,19,22,26
2022026,2022-03-11,1,5,7,10,15,28,29,23
2022027,2022-03-14,4,5,8,15,16,26,28,18
2022028,2022-03-16,2,6,11,17,22,23,25,8
2022029,2022-03-18,1,13,22,23,24,26,30,7
2022030,2022-03-21,1,2,7,10,21,29,30,23
2022031,2022-03-23,2,4,5,7,10,12,16,25
2022032,2022-03-25,6,15,21,22,25,27,28,10
2022033,2022-03-28,5,9,10,12,16,18,23,24
2022034,2022-03-30,3,5,7,8,12,26,30,22
2022035,2022-04-01,2,7,13,22,23,28,30,26
2022036,2022-04-04,2,4,7,8,13,16,19,23
2022037,2022-04-06,3,16,17,18,23,25,30,6
2022038,2022-04-08,6,9,11,13,18,19,22,16
2022039,2022-04-11,12,16,17,18,19,25,29,2
2022040,2022-04-13,12,13,14,18,24,27,30,5
2022041,2022-04-15,3,10,11,12,25,28,30,9
2022042,2022-04-18,1,2,8,11,22,24,25,7
2022043,2022-04-20,3,6,8,18,23,26,28,19
2022044,2022-04-22,3,7,15,16,21,23,28,20
2022045,2022-04-25,4,7,8,10,11,15,27,16
2022046,2022-04-27,2,7,21,22,23,25,30,27
2022047,2022-04-29,1,3,17,24,25,27,28,6
2022048,2022-05-02,1,5,11,18,25,29,30,17
2022049,2022-05-04,2,5,19,21,22,24,26,13
2022050,2022-05-06,2,4,19,22,23,25,28,17
2022051,2022-05-09,3,5,14,15,19,23,29,18
2022052,2022-05-11,3,9,10,16,20,24,25,28
2022053,2022-05-13,1,2,3,7,12,16,19,18
2022054,2022-05-16,4,5,10,11,16,19,28,29
2022055,2022-05-18,5,7,15,21,22,23,27,9
2022056,2022-05-20,4,7,12,14,18,28,30,20
2022057,2022-05-23,2,7,9,12,19,23,27,30
2022058,2022-05-25,8,10,14,17,18,24,30,16
2022059,2022-05-27,5,10,13,15,16,21,26,8
2022060,2022-05-30,1,3,5,11,13,19,23,2
2022061,2022-06-01,3,10,16,23,25,28,29,5
2022062,2022-06-03,2,3,4,5,10,14,23,16
2022063,2022-06-06,5,7,9,11,17,22,24,15
2022064,2022-06-08,2,6,8,11,18,19,27,1
2022065,2022-06-10,1,2,6,15,16,26,29,27
2022066,2022-06-13,4,6,9,10,16,24,26,13
2022067,2022-06-15,2,4,11,17,20,22,27,30
2022068,2022-06-17,3,5,6,15,18,21,27,24
2022069,2022-06-20,6,7,13,19,20,28,29,4
2022070,2022-06-22,2,7,9,13,16,17,18,1
2022071,2022-06-24,2,4,7,9,19,24,27,23
2022072,2022-06-27,2,12,17,21,25,26,27,8
2022073,2022-06-29,9,13,15,17,24,25,29,8
2022074,2022-07-01,1,8,23,26,28,29,30,14
2022075,2022-07-04,1,4,18,22,24,27,30,14
2022076,2022-07-06,1,5,7,12,18,20,24,28
2022077,2022-07-08,3,9,11,13,14,22,24,15
2022078,2022-07-11,5,8,11,15,19,20,21,23
2022079,2022-07-13,1,5,8,13,14,16,30,27
2022080,2022-07-15,8,9,13,16,19,24,27,2
2022081,2022-07-18,7,9,15,20,21,25,29,13
2022082,2022-07-20,3,4,8,14,18,21,25,6
2022083,2022-07-22,9,14,17,20,21,24,29,19
2022084,2022-07-25,1,8,9,21,25,28,30,11
2022085,2022-07-27,5,7,11,12,13,19,25,16
2022086,2022-07-29,4,11,12,13,16,28,30,20
2022087,2022-08-01,7,9,13,15,19,21,24,28
2022088,2022-08-03,1,3,4,14,24,28,30,6
2022089,2022-08-05,1,7,10,11,21,24,28,23
2022090,2022-08-08,4,6,11,15,18,19,23,10
2022091,2022-08-10,5,10,14,17,18,24,26,11
2022092,2022-08-12,2,5,11,14,17,24,25,6
2022093,2022-08-15,3,5,9,12,15,19,29,14
2022094,2022-08-17,1,2,5,10,12,19,23,29
2022095,2022-08-19,3,6,11,14,21,25,27,15
2022096,2022-08-22,1,3,8,10,16,19,29,27
2022097,2022-08-24,1,2,9,22,23,24,25,16
2022098,2022-08-26,10,16,17,19,21,28,29,7
2022099,2022-08-29,1,11,13,16,21,22,26,2
2022100,2022-08-31,1,3,8,9,16,26,28,22
2022101,2022-09-02,2,3,4,5,8,24,25,28
2022102,2022-09-05,1,7,8,15,26,29,30,17
2022103,2022-09-07,2,5,7,9,13,20,25,23
2022104,2022-09-09,3,6,13,14,15,17,28,24
2022105,2022-09-12,5,9,11,20,21,23,28,2
2022106,2022-09-14,5,10,14,16,21,24,26,17
2022107,2022-09-16,6,7,8,9,19,21,28,12
2022108,2022-09-19,4,7,9,13,14,15,20,6
2022109,2022-09-21,7,13,14,15,19,20,23,8
2022110,2022-09-23,1,2,7,13,22,25,28,6
2022111,2022-09-26,2,4,7,9,10,12,20,5
2022112,2022-09-28,2,7,8,13,20,21,28,12
2022113,2022-09-30,4,6,8,13,18,23,24,28
2022114,2022-10-05,10,12,13,18,23,24,26,6
2022115,2022-10-07,3,11,13,16,17,29,30,26
2022116,2022-10-10,1,3,6,8,10,17,18,26
2022117,2022-10-12,1,17,19,22,26,29,30,4
2022118,2022-10-14,1,5,7,9,17,21,27,8
2022119,2022-10-17,1,10,12,13,14,25,29,18
2022120,2022-10-19,2,6,14,17,19,27,28,8
2022121,2022-10-21,8,15,19,21,27,28,30,3
2022122,2022-10-24,1,6,14,18,19,23,26,20
2022123,2022-10-26,4,6,16,21,23,24,28,17
2022124,2022-10-28,4,12,14,16,23,26,30,9
2022125,2022-10-31,6,8,10,18,20,21,22,2
2022126,2022-11-02,5,7,10,18,19,23,28,4
2022127,2022-11-04,2,8,13,18,24,28,29,17
2022128,2022-11-07,3,8,9,10,12,16,24,27
2022129,2022-11-09,6,15,18,19,21,24,30,11
2022130,2022-11-11,2,5,6,9,11,26,27,8
2022131,2022-11-14,7,10,15,19,20,22,28,8
2022132,2022-11-16,2,14,16,17,26,27,28,9
2022133,2022-11-18,1,3,8,21,22,27,30,4
2022134,2022-11-21,2,9,10,21,22,24,29,25
2022135,2022-11-23,4,7,9,10,22,24,28,11
2022136,2022-11-25,3,5,8,13,14,24,26,12
2022137,2022-11-28,2,5,11,12,22,23,24,6
2022138,2022-11-30,1,3,7,11,19,23,26,29
2022139,2022-12-02,4,6,11,14,21,23,30,1
2022140,2022-12-05,10,13,19,23,25,28,30,17
2022141,2022-12-07,7,8,11,18,19,21,29,15
2022142,2022-12-09,5,12,14,17,19,21,26,22
2022143,2022-12-12,2,4,12,14,16,18,27,11
2022144,2022-12-14,3,4,9,10,13,17,23,5
2022145,2022-12-16,1,2,13,15,16,18,26,14
2022146,2022-12-19,16,17,21,22,25,27,28,8
2022147,2022-12-21,2,3,6,13,18,19,26,23
2022148,2022-12-23,1,2,7,9,10,15,25,18
2022149,2022-12-26,6,8,10,11,12,24,27,3
2022150,2022-12-28,2,3,5,6,11,14,22,18
2022151,2022-12-30,1,6,17,21,22,25,29,9
2023001,2023-01-02,3,4,9,18,23,28,30,5
2023002,2023-01-04,1,6,10,16,22,26,28,25
2023003,2023-01-06,1,11,17,20,22,23,27,3
2023004,2023-01-09,3,7,11,13,17,22,27,14
2023005,2023-01-11,2,3,4,8,15,26,27,12
2023006,2023-01-13,4,14,19,22,25,28,30,18
2023007,2023-01-16,2,4,15,16,17,26,27,9
2023008,2023-01-18,2,7,16,22,23,26,29,11
2023009,2023-01-30,7,9,15,17,20,25,29,21
2023010,2023-02-01,6,12,20,21,22,28,29,25
2023011,2023-02-03,8,10,13,14,22,24,30,7
2023012,2023-02-06,1,2,9,11,13,27,29,16
2023013,2023-02-08,1,8,10,11,12,13,17,29
2023014,2023-02-10,2,3,4,8,17,25,26,9
2023015,2023-02-13,17,18,21,23,24,25,28,10
2023016,2023-02-15,11,17,18,20,23,25,29,15
2023017,2023-02-17,2,5,7,14,16,21,23,17
2023018,2023-02-20,3,12,18,20,25,26,29,8
2023019,2023-02-22,2,3,4,11,18,21,28,29
2023020,2023-02-24,3,5,6,15,22,24,28,13
2023021,2023-02-27,2,7,15,17,23,24,29,26
2023022,2023-03-01,9,17,19,22,24,25,28,2
2023023,2023-03-03,2,3,9,19,23,25,27,16
2023024,2023-03-06,6,7,10,11,15,21,23,28
2023025,2023-03-08,12,15,17,21,27,28,30,24
2023026,2023-03-10,2,5,15,17,20,22,28,26
2023027,2023-03-13,3,12,14,24,25,26,28,8
2023028,2023-03-15,8,12,13,15,17,20,21,4
2023029,2023-03-17,2,10,14,16,25,26,29,12
2023030,2023-03-20,1,6,10,11,12,13,29,20
2023031,2023-03-22,9,15,21,22,28,29,30,14
2023032,2023-03-24,8,10,14,24,26,28,30,21
2023033,2023-03-27,1,4,5,11,15,17,27,14
2023034,2023-03-29,6,8,10,13,18,20,27,2
2023035,2023-03-31,2,11,18,19,21,26,30,10
2023036,2023-04-03,6,14,15,18,21,23,25,28
2023037,2023-04-05,2,3,13,14,18,25,30,28
2023038,2023-04-07,1,4,5,6,9,10,16,14
2023039,2023-04-10,3,9,11,15,18,23,25,17
2023040,2023-04-12,1,4,5,7,10,13,26,8
2023041,2023-04-14,1,4,7,8,10,21,23,3
2023042,2023-04-17,3,11,15,19,20,22,25,1
2023043,2023-04-19,1,2,11,20,21,22,27,24
2023044,2023-04-21,1,4,7,8,11,13,20,14
2023045,2023-04-24,1,3,13,20,24,25,28,18
2023046,2023-04-26,5,10,14,20,23,25,26,13
2023047,2023-04-28,4,5,9,15,22,23,27,20
2023048,2023-05-01,9,11,15,16,17,18,21,12
2023049,2023-05-03,4,5,7,9,19,24,29,20
2023050,2023-05-05,4,9,12,17,18,23,27,2
2023051,2023-05-08,1,4,5,15,18,20,21,29
2023052,2023-05-10,11,14,17,20,22,25,26,18
2023053,2023-05-12,3,8,9,13,23,25,30,18
2023054,2023-05-15,12,17,18,19,20,26,29,3
2023055,2023-05-17,3,12,16,23,26,28,29,9
2023056,2023-05-19,3,4,9,11,18,27,29,20
2023057,2023-05-22,3,4,12,14,18,25,28,24
2023058,2023-05-24,1,3,7,15,17,22,26,28
2023059,2023-05-26,2,12,18,19,22,23,24,26
2023060,2023-05-29,1,11,13,15,16,19,21,22
2023061,2023-05-31,4,5,17,18,19,20,25,22
2023062,2023-06-02,1,4,11,18,19,22,26,3
2023063,2023-06-05,2,6,9,14,19,21,28,13
2023064,2023-06-07,4,17,20,25,28,29,30,13
2023065,2023-06-09,1,4,7,9,11,17,28,18
2023066,2023-06-12,4,6,8,11,19,22,30,27
2023067,2023-06-14,3,7,8,12,14,21,28,20
2023068,2023-06-16,3,5,9,11,12,25,27,14
2023069,2023-06-19,6,7,13,15,18,22,25,28
2023070,2023-06-21,1,4,5,11,16,17,28,3
2023071,2023-06-23,4,5,8,21,24,29,30,1
2023072,2023-06-26,9,10,16,21,27,28,29,24
2023073,2023-06-28,5,6,7,8,12,15,28,9
2023074,2023-06-30,4,6,7,8,14,15,23,16
2023075,2023-07-03,3,5,9,11,15,21,25,6
2023076,2023-07-05,4,5,19,20,26,27,29,17
2023077,2023-07-07,11,13,15,20,23,27,30,10
2023078,2023-07-10,1,2,9,10,11,17,21,28
2023079,2023-07-12,5,7,8,16,18,21,25,22
2023080,2023-07-14,10,13,14,18,21,24,30,9
2023081,2023-07-17,5,9,11,13,15,19,29,8
2023082,2023-07-19,8,11,15,20,23,27,29,17
2023083,2023-07-21,1,8,11,16,21,22,30,25
2023084,2023-07-24,3,4,6,8,10,11,16,5
2023085,2023-07-26,7,9,13,14,19,21,22,20
2023086,2023-07-28,2,10,11,12,15,20,25,14
2023087,2023-07-31,2,5,10,11,18,24,28,17
2023088,2023-08-02,7,8,12,13,16,23,28,30
2023089,2023-08-04,5,7,9,12,14,17,24,26
2023090,2023-08-07,1,2,12,17,19,21,28,11
2023091,2023-08-09,1,2,7,10,13,14,19,27
2023092,2023-08-11,1,3,21,27,28,29,30,24
2023093,2023-08-14,5,7,11,12,13,20,26,10
2023094,2023-08-16,4,7,11,13,16,18,30,10
2023095,2023-08-18,1,2,4,10,11,13,14,26
2023096,2023-08-21,6,8,12,15,18,20,21,13
2023097,2023-08-23,3,6,7,9,15,16,29,24
2023098,2023-08-25,1,4,16,17,19,23,26,13
2023099,2023-08-28,2,6,13,18,23,28,29,27
2023100,2023-08-30,1,6,13,21,22,25,29,8
2023101,2023-09-01,3,6,9,13,14,23,29,1
2023102,2023-09-04,1,12,13,14,26,27,30,22
2023103,2023-09-06,1,17,18,20,23,26,29,13
2023104,2023-09-08,4,8,15,17,20,25,26,12
2023105,2023-09-11,1,4,13,19,25,26,28,16
2023106,2023-09-13,1,5,10,11,16,22,25,23
2023107,2023-09-15,2,5,11,13,21,23,28,9
2023108,2023-09-18,1,6,7,8,9,12,20,29
2023109,2023-09-20,8,11,13,21,24,26,28,30
2023110,2023-09-22,6,7,8,10,11,17,22,3
2023111,2023-09-25,4,5,15,19,20,29,30,12
2023112,2023-09-27,3,6,8,13,14,17,22,24
2023113,2023-09-29,1,2,6,19,23,25,30,16
2023114,2023-10-06,2,9,16,18,20,23,28,27
2023115,2023-10-09,4,6,7,12,14,17,22,25
2023116,2023-10-11,5,11,18,19,21,29,30,24
2023117,2023-10-13,5,10,23,24,25,27,29,1
2023118,2023-10-16,1,7,9,10,14,17,22,11
2023119,2023-10-18,11,13,17,20,23,24,29,26
2023120,2023-10-20,1,2,6,7,10,21,28,3
2023121,2023-10-23,11,12,15,17,19,28,30,4
2023122,2023-10-25,1,10,12,13,16,17,23,22
2023123,2023-10-27,1,10,13,14,18,22,25,23
2023124,2023-10-30,1,3,9,12,22,28,30,10
2023125,2023-11-01,13,14,15,17,18,22,30,20
2023126,2023-11-03,3,6,13,19,20,22,23,9
2023127,2023-11-06,5,11,12,15,17,22,27,25
2023128,2023-11-08,6,8,14,16,19,21,23,10
2023129,2023-11-10,4,7,12,18,25,29,30,3
2023130,2023-11-13,1,4,10,12,15,25,28,5
2023131,2023-11-15,2,6,7,9,18,26,30,19
2023132,2023-11-17,6,14,16,20,22,25,29,19
2023133,2023-11-20,6,8,12,16,22,24,25,5
2023134,2023-11-22,4,11,17,18,19,24,29,16
2023135,2023-11-24,1,5,8,11,19,23,26,29
2023136,2023-11-27,10,11,13,17,25,26,27,4
2023137,2023-11-29,6,11,13,18,26,27,30,1
2023138,2023-12-01,4,7,14,16,19,20,25,5
2023139,2023-12-04,2,8,10,11,16,19,28,22
2023140,2023-12-06,4,6,8,13,22,24,29,25
2023141,2023-12-08,8,9,10,19,20,21,25,1
2023142,2023-12-11,1,17,20,22,25,26,27,21
2023143,2023-12-13,2,3,6,8,9,18,30,16
2023144,2023-12-15,1,8,14,17,21,22,24,5
2023145,2023-12-18,2,3,4,9,28,29,30,22
2023146,2023-12-20,4,5,9,13,21,24,27,16
2023147,2023-12-22,4,8,9,15,18,20,25,29
2023148,2023-12-25,2,13,17,19,20,21,22,27
2023149,2023-12-27,3,7,13,17,18,21,28,22
2023150,2023-12-29,2,5,16,17,20,25,26,4
2024001,2024-01-01,6,7,10,13,17,23,27,26
2024002,2024-01-03,6,11,17,19,21,23,26,28
2024003,2024-01-05,2,3,4,7,22,27,30,15
2024004,2024-01-08,1,5,6,7,8,21,23,16
2024005,2024-01-10,2,5,10,13,14,15,19,29
2024006,2024-01-12,1,3,6,8,15,23,25,7
2024007,2024-01-15,6,8,12,17,22,28,30,11
2024008,2024-01-17,6,8,12,15,24,27,28,26
2024009,2024-01-19,4,8,18,21,25,28,29,2
2024010,2024-01-22,2,3,8,16,24,25,26,13
2024011,2024-01-24,1,11,14,18,19,21,27,10
2024012,2024-01-26,8,17,20,22,23,26,29,1
2024013,2024-01-29,1,9,11,22,24,25,28,18
2024014,2024-01-31,10,14,15,17,18,23,25,20
2024015,2024-02-02,8,16,18,20,21,22,30,10
2024016,2024-02-05,4,12,16,18,19,26,30,20
2024017,2024-02-07,6,9,11,12,13,17,24,26
2024018,2024-02-19,4,6,19,21,28,29,30,2
2024019,2024-02-21,2,4,6,15,22,29,30,19
2024020,2024-02-23,4,15,18,19,20,25,27,22
2024021,2024-02-26,4,5,11,13,16,29,30,12
2024022,2024-02-28,3,7,10,15,16,27,28,12
2024023,2024-03-01,1,10,12,16,17,19,27,24
2024024,2024-03-04,1,8,14,16,20,21,23,11
2024025,2024-03-06,3,5,11,12,22,27,29,24
2024026,2024-03-08,3,5,7,14,17,19,30,16
2024027,2024-03-11,3,15,18,21,23,29,30,28
2024028,2024-03-13,1,3,15,17,21,24,30,4
2024029,2024-03-15,1,5,8,13,19,24,30,4
2024030,2024-03-18,4,7,10,14,20,23,27,12
2024031,2024-03-20,1,6,8,11,12,17,27,16
2024032,2024-03-22,5,8,9,15,17,20,24,29
2024033,2024-03-25,1,8,12,19,23,26,27,15
2024034,2024-03-27,3,5,18,22,23,25,29,12
2024035,2024-03-29,4,5,8,19,23,28,29,25
2024036,2024-04-01,7,8,18,19,22,28,29,27
2024037,2024-04-03,1,9,11,14,25,28,29,13
2024038,2024-04-05,1,7,10,16,18,23,26,29
2024039,2024-04-08,2,10,17,18,21,24,25,19
2024040,2024-04-10,5,8,9,13,14,19,21,10
2024041,2024-04-12,2,6,9,16,21,23,25,27
2024042,2024-04-15,9,12,16,20,21,23,26,27
2024043,2024-04-17,6,10,12,13,18,24,27,20
2024044,2024-04-19,2,3,12,15,18,22,25,30
2024045,2024-04-22,3,10,12,17,18,23,25,15
2024046,2024-04-24,6,13,14,18,19,22,29,16
2024047,2024-04-26,5,8,11,13,15,22,27,25
2024048,2024-04-29,3,5,9,14,21,23,27,24
2024049,2024-05-01,1,21,23,25,26,28,30,16
2024050,2024-05-03,2,9,14,20,26,29,30,15
2024051,2024-05-06,1,2,16,18,20,25,26,14
2024052,2024-05-08,7,11,13,17,18,19,25,16
2024053,2024-05-10,2,10,13,24,27,28,29,1
2024054,2024-05-13,3,6,11,12,16,26,28,25
2024055,2024-05-15,1,12,14,23,26,27,28,2
2024056,2024-05-17,2,3,4,9,16,17,24,22
2024057,2024-05-20,4,5,10,16,17,20,27,12
2024058,2024-05-22,4,7,11,13,19,21,29,9
2024059,2024-05-24,2,4,5,8,10,22,24,23
2024060,2024-05-27,1,4,10,18,20,24,25,30
2024061,2024-05-29,5,6,12,18,19,21,29,11
2024062,2024-05-31,2,8,9,11,12,18,27,22
2024063,2024-06-03,3,4,13,14,18,25,30,12
2024064,2024-06-05,5,7,17,18,20,23,24,2
2024065,2024-06-07,2,10,15,16,23,28,30,25
2024066,2024-06-10,3,6,8,17,20,25,27,22
2024067,2024-06-12,10,12,13,23,24,25,30,16
2024068,2024-06-14,2,5,9,15,20,22,23,17
2024069,2024-06-17,4,6,11,18,22,25,26,19
2024070,2024-06-19,2,3,16,20,23,27,29,13
2024071,2024-06-21,4,5,13,21,23,24,27,2
2024072,2024-06-24,8,16,19,21,23,27,28,24
2024073,2024-06-26,3,4,6,7,20,24,29,11
2024074,2024-06-28,8,12,17,19,23,25,30,10
2024075,2024-07-01,4,7,11,16,22,27,30,23
2024076,2024-07-03,4,5,8,15,16,19,23,7
2024077,2024-07-05,3,10,11,13,20,22,29,19
2024078,2024-07-08,3,4,5,8,12,22,30,21
2024079,2024-07-10,4,9,11,14,15,24,25,10
2024080,2024-07-12,13,14,15,17,20,24,30,28
2024081,2024-07-15,4,8,9,12,19,22,27,10
2024082,2024-07-17,11,12,13,15,19,20,27,28
2024083,2024-07-19,8,9,10,20,21,22,25,3
2024084,2024-07-22,2,13,16,18,20,25,30,3
2024085,2024-07-24,1,9,11,12,23,27,28,14
2024086,2024-07-26,8,10,11,14,19,23,25,17
2024087,2024-07-29,2,3,4,17,18,20,30,24
2024088,2024-07-31,2,4,7,17,21,24,30,20
2024089,2024-08-02,1,7,12,13,16,29,30,4
2024090,2024-08-05,2,5,8,14,20,29,30,23
2024091,2024-08-07,12,13,14,15,23,24,25,2
2024092,2024-08-09,6,7,10,17,19,21,23,15
2024093,2024-08-12,3,5,11,19,20,21,30,18
2024094,2024-08-14,3,10,13,14,16,17,18,29
2024095,2024-08-16,3,6,10,16,18,24,30,26
2024096,2024-08-19,2,4,7,8,9,14,29,25
2024097,2024-08-21,2,12,13,15,18,28,29,10
2024098,2024-08-23,12,13,15,17,23,28,30,18
2024099,2024-08-26,3,6,13,14,22,25,28,18
2024100,2024-08-28,2,6,9,13,17,21,25,26
2024101,2024-08-30,2,4,7,10,25,26,27,5
2024102,2024-09-02,1,3,9,12,21,22,25,18
2024103,2024-09-04,1,6,13,15,18,26,27,5
2024104,2024-09-06,4,5,13,23,24,28,30,20
2024105,2024-09-09,2,6,9,11,13,20,28,22
2024106,2024-09-11,1,11,14,23,27,29,30,18
2024107,2024-09-13,1,5,15,20,24,27,29,3
2024108,2024-09-16,4,6,8,13,21,25,28,16
2024109,2024-09-18,9,12,16,18,22,28,29,20
2024110,2024-09-20,2,3,10,13,20,21,23,11
2024111,2024-09-23,1,2,5,14,19,22,26,16
2024112,2024-09-25,6,10,16,20,23,27,29,11
2024113,2024-09-27,6,9,16,17,19,22,26,10
2024114,2024-09-30,4,8,14,17,24,26,30,5
2024115,2024-10-07,8,11,16,17,18,25,26,6
2024116,2024-10-09,5,7,14,16,19,21,27,3
2024117,2024-10-11,9,14,15,20,24,25,27,1
2024118,2024-10-14,4,5,6,13,15,25,27,12
2024119,2024-10-16,5,6,10,12,18,20,29,21
2024120,2024-10-18,6,9,11,18,21,25,28,19
2024121,2024-10-21,2,5,6,8,19,25,30,13
2024122,2024-10-23,1,7,9,12,17,26,30,11
2024123,2024-10-25,1,10,17,20,23,25,27,14
2024124,2024-10-28,6,14,15,19,21,24,25,22
2024125,2024-10-30,1,2,7,13,26,27,30,4
2024126,2024-11-01,1,2,15,16,20,21,30,14
2024127,2024-11-04,2,4,5,6,7,10,24,17
2024128,2024-11-06,3,8,11,15,18,27,29,17
2024129,2024-11-08,3,5,10,14,16,21,23,6
2024130,2024-11-11,1,2,6,8,18,26,27,29
2024131,2024-11-13,3,4,8,16,17,26,28,7
2024132,2024-11-15,2,5,6,13,14,18,23,30
2024133,2024-11-18,1,5,11,23,27,28,30,20
2024134,2024-11-20,2,8,10,14,18,25,27,15
2024135,2024-11-22,6,12,15,17,23,27,29,16
2024136,2024-11-25,2,7,8,13,15,25,29,19
2024137,2024-11-27,2,3,9,14,17,22,24,8
2024138,2024-11-29,5,7,13,15,17,21,22,1
2024139,2024-12-02,3,6,9,13,24,26,28,16
2024140,2024-12-04,12,16,19,25,26,27,29,22
2024141,2024-12-06,1,3,6,7,23,27,28,16
2024142,2024-12-09,7,8,11,13,15,16,29,2
2024143,2024-12-11,2,5,13,14,20,26,29,7
2024144,2024-12-13,1,6,12,17,19,20,25,15
2024145,2024-12-16,2,3,5,8,18,25,28,1
2024146,2024-12-18,1,3,5,11,16,18,24,29
2024147,2024-12-20,1,5,9,13,14,16,24,22
2024148,2024-12-23,3,10,14,15,19,23,25,26
2024149,2024-12-25,2,3,4,18,21,24,25,5
2024150,2024-12-27,4,5,8,10,16,27,28,9
2024151,2024-12-30,8,16,18,20,23,24,29,2
2025001,2025-01-01,7,8,9,13,21,26,28,6
2025002,2025-01-03,4,7,12,15,20,22,27,6
2025003,2025-01-06,2,3,6,7,18,24,26,4
2025004,2025-01-08,9,21,24,26,27,28,30,8
2025005,2025-01-10,2,6,9,13,15,21,23,18
2025006,2025-01-13,1,9,14,21,24,26,30,12
2025007,2025-01-15,7,10,12,20,22,25,29,14
2025008,2025-01-17,10,11,14,17,21,22,28,8
2025009,2025-01-20,1,7,10,12,18,26,29,4
2025010,2025-01-22,2,9,10,12,13,20,25,3
2025011,2025-01-24,3,11,12,19,22,27,29,1
2025012,2025-02-07,3,8,10,11,13,24,25,4
2025013,2025-02-10,2,3,18,20,25,26,29,22
2025014,2025-02-12,4,7,19,20,21,26,29,14
2025015,2025-02-14,1,6,8,22,25,27,29,15
2025016,2025-02-17,7,12,13,15,17,20,30,27
2025017,2025-02-19,5,6,18,20,21,23,30,14
2025018,2025-02-21,4,5,8,12,19,22,26,21
2025019,2025-02-24,5,11,14,16,21,23,26,9
2025020,2025-02-26,1,2,3,5,13,17,18,19
2025021,2025-02-28,2,3,5,6,11,13,24,26
2025022,2025-03-03,2,4,8,12,15,18,27,14
2025023,2025-03-05,6,8,16,20,21,26,30,11
2025024,2025-03-07,2,6,11,12,27,28,29,23
2025025,2025-03-10,1,7,11,15,17,19,22,23
2025026,2025-03-12,7,9,11,18,19,20,22,16
2025027,2025-03-14,6,9,15,22,23,26,30,11
2025028,2025-03-17,5,8,9,14,16,22,28,12
2025029,2025-03-19,2,5,9,13,14,17,29,15
2025030,2025-03-21,6,11,16,18,19,23,30,14
2025031,2025-03-24,5,11,13,17,19,20,23,25
2025032,2025-03-26,1,10,17,20,22,27,30,3
2025033,2025-03-28,3,9,12,15,17,20,24,13
2025034,2025-03-31,4,14,17,20,22,23,25,11
2025035,2025-04-02,1,8,12,13,21,28,30,15
2025036,2025-04-04,8,13,15,22,28,29,30,23
2025037,2025-04-07,1,3,7,21,22,23,26,13
2025038,2025-04-09,3,7,9,12,14,15,18,20
2025039,2025-04-11,2,6,14,16,22,23,24,10
2025040,2025-04-14,2,8,12,14,16,21,24,5
2025041,2025-04-16,4,13,14,15,16,18,26,1
2025042,2025-04-18,3,9,10,14,27,28,30,24
2025043,2025-04-21,4,10,13,19,23,27,28,16
2025044,2025-04-23,2,3,13,14,18,28,29,20
2025045,2025-04-25,1,8,19,21,23,26,27,17
2025046,2025-04-28,1,4,5,11,16,17,25,7
2025047,2025-04-30,8,15,19,23,25,26,27,4
2025048,2025-05-02,11,12,13,17,21,24,30,1
2025049,2025-05-05,2,9,12,13,15,16,20,8
2025050,2025-05-07,4,6,15,17,19,23,28,2
2025051,2025-05-09,10,18,19,20,21,22,24,3
2025052,2025-05-12,1,3,14,16,18,29,30,6
2025053,2025-05-14,5,6,9,10,12,19,26,18
2025054,2025-05-16,1,5,9,14,19,23,25,17
2025055,2025-05-19,3,4,7,16,20,22,27,19
2025056,2025-05-21,2,3,8,12,14,24,27,13
2025057,2025-05-23,3,7,10,11,16,22,25,2
2025058,2025-05-26,1,2,8,13,14,25,28,19
2025059,2025-05-28,1,3,5,6,11,20,21,19
2025060,2025-05-30,3,8,21,22,24,27,29,26
2025061,2025-06-02,4,6,10,16,17,23,30,22
2025062,2025-06-04,2,5,9,15,19,26,28,13
2025063,2025-06-06,1,3,8,14,19,24,26,17
2025064,2025-06-09,2,5,6,8,16,20,30,11
2025065,2025-06-11,3,5,7,11,13,22,26,21
2025066,2025-06-13,1,8,9,13,15,23,26,7
2025067,2025-06-16,2,3,4,18,26,28,30,1
2025068,2025-06-18,9,14,16,21,22,23,29,26
2025069,2025-06-20,2,4,7,8,10,12,16,29
2025070,2025-06-23,14,16,17,19,20,25,30,1
2025071,2025-06-25,11,15,18,21,22,27,28,20
2025072,2025-06-27,9,14,16,17,21,25,28,15
2025073,2025-06-30,5,12,15,17,20,22,27,29
2025074,2025-07-02,1,7,8,19,22,23,24,15
2025075,2025-07-04,2,3,10,11,13,16,22,9
2025076,2025-07-07,1,8,15,16,20,23,25,17
2025077,2025-07-09,1,5,12,17,26,27,28,16
2025078,2025-07-11,1,3,6,11,16,17,20,21
2025079,2025-07-14,4,7,10,11,12,28,29,15
2025080,2025-07-16,3,16,17,19,21,22,23,11
2025081,2025-07-18,5,8,18,20,22,27,29,10
2025082,2025-07-21,5,7,8,10,13,27,29,2
2025083,2025-07-23,1,3,9,12,20,23,27,7
2025084,2025-07-25,2,6,15,18,20,28,29,25
2025085,2025-07-28,3,5,14,17,20,23,25,6
2025086,2025-07-30,9,11,13,15,19,25,28,24
2025087,2025-08-01,2,5,8,11,26,29,30,23
2025088,2025-08-04,2,4,6,13,18,26,27,30
2025089,2025-08-06,1,6,7,16,20,24,26,28
2025090,2025-08-08,4,5,7,10,14,26,30,12
2025091,2025-08-11,4,9,10,19,21,28,30,6
2025092,2025-08-13,1,5,12,14,21,23,24,4
2025093,2025-08-15,4,11,14,24,25,26,27,8
2025094,2025-08-18,6,7,8,9,18,21,25,30
2025095,2025-08-20,3,5,9,13,24,28,29,6
2025096,2025-08-22,4,5,8,11,18,23,25,24
2025097,2025-08-25,1,6,8,9,19,20,21,5
2025098,2025-08-27,1,6,9,17,23,24,25,3
2025099,2025-08-29,3,9,10,11,15,20,24,29
2025100,2025-09-01,9,12,15,20,27,28,29,22
2025101,2025-09-03,2,3,7,8,14,26,27,9
2025102,2025-09-05,6,18,19,21,26,29,30,4
2025103,2025-09-08,1,8,9,12,18,22,23,21
2025104,2025-09-10,1,4,6,9,11,13,14,12
2025105,2025-09-12,1,2,10,16,18,23,26,30
2025106,2025-09-15,5,13,14,18,26,27,28,25
2025107,2025-09-17,6,13,22,23,24,28,29,4
2025108,2025-09-19,4,13,14,19,22,25,28,18
2025109,2025-09-22,4,5,6,13,18,25,27,14
2025110,2025-09-24,7,8,9,10,13,14,27,29
2025111,2025-09-26,1,5,6,9,11,19,28,20
2025112,2025-09-29,3,8,9,11,13,15,25,2
2025113,2025-10-06,1,6,8,14,17,20,26,18
2025114,2025-10-08,5,6,13,16,21,25,30,27
2025115,2025-10-10,1,5,6,8,9,10,29,20
2025116,2025-10-13,2,5,16,19,20,26,30,8
2025117,2025-10-15,1,3,9,22,25,29,30,6
2025118,2025-10-17,7,11,12,25,26,29,30,23
2025119,2025-10-20,4,10,11,22,23,25,30,28
2025120,2025-10-22,1,4,6,9,12,14,21,26
2025121,2025-10-24,3,5,11,15,22,26,28,29
2025122,2025-10-27,1,5,6,13,22,26,29,11
2025123,2025-10-29,1,3,8,10,16,21,29,15
2025124,2025-10-31,5,10,14,15,16,18,23,17
2025125,2025-11-03,4,9,23,25,26,29,30,16
2025126,2025-11-05,14,15,17,20,22,26,29,1
2025127,2025-11-07,4,12,19,20,22,24,29,1
2025128,2025-11-10,1,3,7,11,13,22,28,26
2025129,2025-11-12,1,3,7,20,22,26,29,6
2025130,2025-11-14,2,3,9,11,14,23,27,4
2025131,2025-11-17,3,7,9,13,15,19,25,28
2025132,2025-11-19,4,9,15,20,23,25,27,21
2025133,2025-11-21,2,5,10,11,12,22,24,6
2025134,2025-11-24,1,2,7,13,22,25,29,19
2025135,2025-11-26,5,6,12,22,26,27,29,8
2025136,2025-11-28,2,4,6,10,24,27,30,25
2025137,2025-12-01,2,5,10,12,15,20,25,13
2025138,2025-12-03,7,9,10,12,22,23,24,4
2025139,2025-12-05,1,2,19,20,26,27,28,23
2025140,2025-12-08,1,6,7,9,13,20,27,30
2025141,2025-12-10,1,3,5,14,24,25,28,10
2025142,2025-12-12,7,9,20,21,24,27,29,25
2025143,2025-12-15,5,11,18,21,27,28,30,1
2025144,2025-12-17,1,3,9,19,24,27,28,21
2025145,2025-12-19,2,8,10,20,26,27,28,11
2025146,2025-12-22,4,14,18,22,24,28,30,26
2025147,2025-12-24,1,4,8,12,13,25,27,9
2025148,2025-12-26,4,5,7,13,14,23,30,12
2025149,2025-12-29,1,3,4,5,7,11,12,29
2025150,2025-12-31,3,9,16,17,20,26,28,23
2026001,2026-01-02,5,7,13,15,20,22,29,11
2026002,2026-01-05,5,7,8,14,17,23,27,29
2026003,2026-01-07,1,15,18,19,28,29,30,22
2026004,2026-01-09,7,14,17,21,23,24,25,19
2026005,2026-01-12,9,11,18,19,22,25,26,8
2026006,2026-01-14,5,6,14,21,22,25,29,28
2026007,2026-01-16,4,6,14,19,20,25,27,29
2026008,2026-01-19,1,3,12,14,24,29,30,19
2026009,2026-01-21,1,4,7,17,20,29,30,19
2026010,2026-01-23,1,14,15,18,21,28,29,24
2026011,2026-01-26,5,8,9,13,18,25,26,20
2026012,2026-01-28,16,18,22,23,24,25,29,7
2026013,2026-01-30,9,12,14,20,26,28,30,27
2026014,2026-02-02,1,9,10,13,21,28,30,4
2026015,2026-02-04,1,5,9,17,23,27,28,30
2026016,2026-02-06,2,6,10,14,18,19,23,11
2026017,2026-02-09,4,13,15,16,19,26,27,18
2026018,2026-02-11,12,15,16,18,19,23,29,26
2026019,2026-02-13,2,7,9,17,24,27,30,8
2026020,2026-02-25,2,4,12,16,21,22,24,11
2026021,2026-02-27,2,8,13,14,15,18,23,24
2026022,2026-03-02,1,10,11,13,16,23,24,29
2026023,2026-03-04,3,6,7,8,14,23,26,13
2026024,2026-03-06,3,6,9,11,14,19,28,16
2026025,2026-03-09,4,11,14,15,19,25,26,21
2026026,2026-03-11,6,13,17,19,24,26,30,2
2026027,2026-03-13,7,11,13,17,21,24,28,25
2026028,2026-03-16,6,15,17,18,21,26,29,24
2026029,2026-03-18,9,12,16,18,21,23,24,26
2026030,2026-03-20,7,9,12,14,15,18,27,28
2026031,2026-03-23,4,8,13,24,28,29,30,9
2026032,2026-03-25,5,6,15,18,23,27,28,19
2026033,2026-03-27,11,18,21,22,23,26,27,2
2026034,2026-03-30,10,11,12,14,16,22,25,3
2026035,2026-04-01,2,3,9,24,26,27,29,14
2026036,2026-04-03,9,12,15,19,22,24,28,7
2026037,2026-04-06,5,7,12,15,20,25,26,24
2026038,2026-04-08,6,8,13,14,20,23,27,1
2026039,2026-04-10,2,3,10,11,12,24,25,7
2026040,2026-04-13,3,6,9,10,13,17,27,16
2026041,2026-04-15,2,6,11,16,17,29,30,12
2026042,2026-04-17,2,7,9,11,17,20,29,30
2026043,2026-04-20,7,9,11,13,22,23,30,6
2026044,2026-04-22,3,14,15,16,26,27,29,30
2026045,2026-04-24,3,15,17,18,21,22,24,8
2026046,2026-04-27,1,13,18,21,24,25,29,14
2026047,2026-04-29,2,10,15,17,21,22,24,13
2026048,2026-05-01,13,14,15,16,17,18,26,9
2026049,2026-05-04,16,19,20,23,25,28,30,6
2026050,2026-05-06,5,7,9,14,20,26,30,18
2026051,2026-05-08,13,16,18,22,23,28,30,24
2026052,2026-05-11,1,2,10,21,25,26,29,18
2026053,2026-05-13,4,11,12,14,19,25,27,7
2026054,2026-05-15,7,8,9,10,15,23,28,13
2026055,2026-05-18,5,6,11,14,17,19,20,18
2026056,2026-05-20,2,3,4,8,12,15,26,22
2026057,2026-05-22,5,8,14,15,18,22,27,11
2026058,2026-05-25,6,9,10,14,16,18,30,12
2026059,2026-05-27,7,8,9,17,26,28,30,11
2026060,2026-05-29,2,9,16,19,22,28,29,3
2026061,2026-06-01,10,16,18,19,20,25,27,26
2026062,2026-06-03,2,7,24,25,27,29,30,16
2026063,2026-06-05,3,7,8,11,14,21,30,19
2026064,2026-06-08,4,6,10,13,16,18,26,27
2026065,2026-06-10,4,9,17,18,24,27,29,5
2026066,2026-06-12,10,11,12,13,14,15,17,6
2026067,2026-06-15,2,5,15,17,23,25,30,16
2026068,2026-06-17,6,7,12,13,22,25,26,27
2026069,2026-06-19,3,4,12,14,15,27,30,28
2026070,2026-06-22,2,4,7,8,14,24,27,16
2026071,2026-06-24,10,12,14,20,25,26,30,21
2026072,2026-06-26,14,16,17,24,25,27,28,9
2026073,2026-06-29,1,3,6,16,25,27,29,9
2026074,2026-07-01,8,14,17,22,28,29,30,12
2026075,2026-07-03,4,6,7,10,12,15,19,30
2026076,2026-07-06,1,2,7,13,16,19,22,3
2026077,2026-07-08,2,7,10,13,14,17,26,27
2026078,2026-07-10,5,10,12,14,19,20,27,21
2026079,2026-07-13,3,7,12,23,24,28,30,10
2026080,2026-07-15,3,6,8,20,25,26,30,7
2026081,2026-07-17,1,6,8,12,18,21,24,23
2026082,2026-07-20,4,5,6,12,16,29,30,21
2026083,2026-07-22,1,3,21,22,25,26,28,14
2026084,2026-07-24,4,9,14,16,18,22,23,11
2026085,2026-07-27,10,14,15,24,27,29,30,19
2026086,2026-07-29,2,5,19,23,26,27,30,17
2026087,2026-07-31,5,8,12,19,21,29,30,2
2026088,2026-08-03,5,6,9,11,15,16,24,7
2026089,2026-08-05,1,3,6,15,20,21,22,9
2026090,2026-08-07,2,4,6,7,8,17,19,25
2026091,2026-08-10,1,6,7,8,15,26,30,10
2026092,2026-08-12,2,10,12,14,22,27,28,13
2026093,2026-08-14,6,7,8,12,21,27,29,15
2026094,2026-08-17,2,3,10,21,22,24,26,13
2026095,2026-08-19,13,15,17,18,20,22,25,7
2026096,2026-08-21,5,14,17,24,26,28,29,16
2026097,2026-08-24,1,12,19,21,23,25,29,22
2026098,2026-08-26,6,7,9,14,16,24,30,11
2026099,2026-08-28,3,6,7,8,12,22,23,13
2026100,2026-08-31,1,8,11,13,23,25,28,24
2026101,2026-09-02,2,6,12,13,18,25,27,9
2026102,2026-09-04,1,4,5,10,14,21,29,30
2026103,2026-09-07,1,8,20,21,23,26,30,29
2026104,2026-09-09,9,16,18,21,22,23,26,27
2026105,2026-09-11,8,19,20,21,23,27,30,16
2026106,2026-09-14,3,9,10,13,24,26,28,7
2026107,2026-09-16,1,4,6,18,19,21,22,2
2026108,2026-09-18,11,13,19,20,25,28,29,26
2026109,2026-09-21,5,7,13,16,17,24,29,19
2026110,2026-09-23,6,7,8,11,23,26,27,17
2026111,2026-09-25,2,4,5,14,16,17,22,20
